country,field,year,estimated_investment,complete
Greece,Agriculture,2021,2,True
United States,Agriculture,2017,73,True
France,Agriculture,2018,1,True
France,Agriculture,2019,2,True
France,Agriculture,2022,8,True
Italy,Agriculture,2017,2,True
Spain,Agriculture,2016,2,True
Peru,Agriculture,2021,1,True
Argentina,Agriculture,2023,0,True
Argentina,Agriculture,2026,0,False
Saudi Arabia,Agriculture,2020,4,True
France,All,2018,1262,True
Philippines,All,2022,69,True
Greece,All,2022,116,True
Oman,All,2019,0,True
Slovenia,All,2018,0,True
Argentina,All,2026,8,False
Kenya,All,2017,3,True
Ukraine,All,2024,285,True
Portugal,All,2018,155,True
Lithuania,All,2025,86,True
Nigeria,All,2018,6,True
Jordan,All,2026,7,False
Ethiopia,All,2023,0,True
Tajikistan,All,2026,7,False
Czechia,All,2026,76,False
Ghana,All,2024,33,True
Moldova,All,2025,0,True
Malaysia,All,2019,77,True
Spain,Biotechnology,2022,5,True
Turkey,Biotechnology,2016,1,True
Denmark,Biotechnology,2026,4,False
Belgium,Biotechnology,2025,2,True
Hungary,Biotechnology,2026,4,False
India,Biotechnology,2023,5,True
Brazil,Community and Lifestyle,2016,6,True
Hungary,Community and Lifestyle,2023,0,True
Czechia,Community and Lifestyle,2024,0,True
South Africa,Community and Lifestyle,2024,0,True
Bulgaria,Community and Lifestyle,2024,2,True
Ireland,Community and Lifestyle,2022,210,True
Singapore,Community and Lifestyle,2016,1,True
Germany,Community and Lifestyle,2022,187,True
New Zealand,Computer Vision,2022,5,True
missing,Computer Vision,2026,0,False
Greece,Computer Vision,2022,2,True
Switzerland,Computer Vision,2026,8,False
Austria,Computer Vision,2020,6,True
Bulgaria,Computer Vision,2023,0,True
United Kingdom,Computer Vision,2017,80,True
France,Consumer goods,2021,146,True
Italy,Consumer goods,2016,4,True
India,Consumer goods,2022,288,True
Ireland,Consumer goods,2023,59,True
Estonia,Cyber Security,2024,6,True
Lithuania,Cyber Security,2025,1,True
United Kingdom,Cyber Security,2019,16,True
United Kingdom,Cyber Security,2022,41,True
United Kingdom,Cyber Security,2025,116,True
Switzerland,Cyber Security,2019,150,True
Denmark,Cyber Security,2023,33,True
United States,Cyber Security,2019,2617,True
Kenya,Data and analytics,2018,3,True
United Arab Emirates,Data and analytics,2020,245,True
United Arab Emirates,Data and analytics,2026,756,False
Germany,Data and analytics,2021,2068,True
Turkey,Data and analytics,2024,93,True
Sweden,Data and analytics,2022,3586,True
Zambia,Data and analytics,2021,0,True
Denmark,Data and analytics,2017,55,True
Uruguay,Data and analytics,2024,3,True
Netherlands,Data and analytics,2024,1615,True
Russia,Data and analytics,2017,10,True
Croatia,Data and analytics,2023,196,True
Croatia,Data and analytics,2024,57,True
Georgia,Data and analytics,2022,2,True
missing,Data and analytics,2022,30,True
Colombia,Data and analytics,2018,0,True
Romania,Data and analytics,2020,2,True
Romania,Data and analytics,2025,27,True
France,Education,2021,68,True
Taiwan,Education,2025,12,True
South Korea,Education,2024,65,True
Portugal,Education,2023,2,True
Ghana,Education,2021,0,True
Ukraine,Education,2020,0,True
Japan,Education,2021,165,True
Finland,Education,2022,0,True
China,Education,2016,193,True
China,Education,2020,1283,True
Germany,Education,2021,131,True
Spain,Education,2022,1,True
Denmark,Energy and natural resources,2026,3,False
Japan,Energy and natural resources,2024,66,True
Finland,Energy and natural resources,2022,3,True
United Kingdom,Energy and natural resources,2016,15,True
China,Energy and natural resources,2016,17,True
China,Energy and natural resources,2020,19,True
Brazil,Energy and natural resources,2018,2,True
Australia,Energy and natural resources,2019,5,True
Poland,Energy and natural resources,2021,2,True
Netherlands,Energy and natural resources,2026,555,False
Switzerland,Energy and natural resources,2020,1,True
Malaysia,Energy and natural resources,2024,12,True
Romania,Energy and natural resources,2023,1,True
Cyprus,Finance,2018,1,True
Chile,Finance,2020,0,True
United Arab Emirates,Finance,2017,0,True
United Arab Emirates,Finance,2024,150,True
Denmark,Finance,2026,27,False
missing,Finance,2026,89,False
Poland,Finance,2021,24,True
Botswana,Finance,2021,0,True
Czechia,Gaming,2021,2,True
South Korea,Gaming,2022,11,True
Netherlands,Gaming,2018,372,True
China,Gaming,2019,2,True
China,Gaming,2023,1,True
Spain,Gaming,2025,2,True
Saudi Arabia,Gaming,2024,34,True
Philippines,General purpose,2026,7,False
Côte d'Ivoire,General purpose,2024,0,True
Sri Lanka,General purpose,2022,0,True
Georgia,General purpose,2026,3,False
India,General purpose,2016,106,True
Tajikistan,General purpose,2022,0,True
Romania,General purpose,2024,8,True
Qatar,General purpose,2019,0,True
Rwanda,General purpose,2023,0,True
Egypt,General purpose,2019,2,True
Kenya,Hardware,2025,0,True
New Zealand,Hardware,2016,10,True
Czechia,Hardware,2016,1,True
Vietnam,Hardware,2025,3,True
United Arab Emirates,Hardware,2017,5,True
United Arab Emirates,Hardware,2022,4,True
South Africa,Hardware,2018,1,True
Azerbaijan,Hardware,2026,0,False
Germany,Hardware,2019,166,True
Rwanda,Hardware,2026,0,False
Nigeria,Hardware,2023,1,True
Austria,Healthcare and Life Sciences,2025,198,True
Germany,Healthcare and Life Sciences,2017,35,True
India,Healthcare and Life Sciences,2016,4,True
Taiwan,Healthcare and Life Sciences,2023,45,True
Thailand,Healthcare and Life Sciences,2024,5,True
Kenya,Healthcare and Life Sciences,2025,1,True
South Korea,Healthcare and Life Sciences,2016,2,True
Chile,Healthcare and Life Sciences,2024,0,True
Israel,Healthcare and Life Sciences,2021,498,True
Spain,Healthcare and Life Sciences,2017,19,True
Saudi Arabia,Healthcare and Life Sciences,2024,2,True
Netherlands,Healthcare and Life Sciences,2020,18,True
Bahrain,Healthcare and Life Sciences,2024,0,True
Italy,Healthcare and Life Sciences,2021,14,True
Italy,Healthcare and Life Sciences,2022,5,True
missing,Healthcare and Life Sciences,2019,9,True
Albania,Information Technology,2019,7,True
Albania,Information Technology,2020,6,True
Seychelles,Information Technology,2023,25,True
Ukraine,Information Technology,2020,2,True
Ukraine,Information Technology,2023,3,True
Belgium,Information Technology,2019,25,True
Czechia,Information Technology,2022,53,True
United States,Information Technology,2019,34008,True
Iceland,Information Technology,2026,1602,False
Denmark,Information Technology,2017,2,True
Denmark,Information Technology,2021,92,True
New Zealand,Information Technology,2016,3,True
Egypt,Information Technology,2026,4,False
Estonia,Information Technology,2020,17,True
Argentina,Information Technology,2024,1,True
United Kingdom,Information Technology,2026,5176,False
Nigeria,Information Technology,2023,4,True
Germany,Lending and Investments,2026,7,False
United States,Lending and Investments,2019,3087,True
Australia,Lending and Investments,2016,0,True
Japan,Lending and Investments,2020,55,True
Nigeria,Lending and Investments,2023,1,True
Turkey,Lending and Investments,2025,3,True
Philippines,Lending and Investments,2023,6,True
Brazil,Lending and Investments,2018,2,True
South Korea,Lending and Investments,2018,1,True
Singapore,Manufacturing,2016,3,True
Denmark,Manufacturing,2020,3,True
South Korea,Manufacturing,2022,38,True
South Korea,Manufacturing,2025,62,True
Australia,Manufacturing,2019,4,True
Ireland,Manufacturing,2022,5,True
New Zealand,Manufacturing,2020,0,True
France,Manufacturing,2018,22,True
Ukraine,Media and Entertainment,2022,0,True
Netherlands,Media and Entertainment,2024,185,True
France,Media and Entertainment,2023,107,True
Kazakhstan,Media and Entertainment,2025,0,True
South Korea,Media and Entertainment,2024,78,True
South Africa,Media and Entertainment,2020,1,True
Russia,Media and Entertainment,2021,14,True
Panama,Media and Entertainment,2024,0,True
Czechia,Media and Entertainment,2019,1,True
Ireland,Media and Entertainment,2017,3,True
Cyprus,Media and Entertainment,2019,0,True
Lithuania,"Military, public safety and government",2024,0,True
Sweden,"Military, public safety and government",2023,2,True
Australia,"Military, public safety and government",2024,0,True
Turkey,"Military, public safety and government",2024,1,True
Taiwan,"Military, public safety and government",2016,8,True
India,"Military, public safety and government",2022,47,True
Germany,"Military, public safety and government",2025,357,True
Netherlands,"Military, public safety and government",2026,75,False
Czechia,"Mobile, platforms & Internet services",2016,0,True
Georgia,"Mobile, platforms & Internet services",2025,0,True
Russia,"Mobile, platforms & Internet services",2024,0,True
Belgium,"Mobile, platforms & Internet services",2021,241,True
Japan,"Mobile, platforms & Internet services",2019,281,True
India,"Mobile, platforms & Internet services",2022,801,True
Uruguay,"Mobile, platforms & Internet services",2017,0,True
Portugal,"Mobile, platforms & Internet services",2025,14,True
missing,"Mobile, platforms & Internet services",2023,17,True
missing,"Mobile, platforms & Internet services",2026,55344,False
Australia,"Mobile, platforms & Internet services",2024,103,True
United Kingdom,"Mobile, platforms & Internet services",2018,1428,True
Taiwan,"Mobile, platforms & Internet services",2024,31,True
Canada,"Mobile, platforms & Internet services",2018,2281,True
Saudi Arabia,"Mobile, platforms & Internet services",2022,80,True
Brazil,"Mobile, platforms & Internet services",2026,36,False
Iceland,NLP,2023,0,True
Singapore,NLP,2020,7,True
Ireland,NLP,2016,0,True
Ireland,NLP,2018,3,True
Philippines,NLP,2019,1,True
Spain,NLP,2022,5,True
Belgium,Navigation and mapping,2022,131,True
United Kingdom,Navigation and mapping,2019,8,True
United Kingdom,Navigation and mapping,2021,15,True
South Africa,Navigation and mapping,2023,1,True
Canada,Navigation and mapping,2023,5,True
missing,Navigation and mapping,2024,0,True
Israel,Navigation and mapping,2025,23,True
China,Navigation and mapping,2026,303,False
India,Other,2024,22,True
Portugal,Other,2020,6,True
Turkey,Other,2023,0,True
Germany,Other,2023,314,True
South Korea,Other,2024,87,True
New Zealand,Other,2023,0,True
Nigeria,Other,2017,0,True
Canada,Other,2022,2032,True
Belgium,Other,2026,7,False
Finland,Other,2025,3,True
Netherlands,Other,2023,49,True
Taiwan,Other,2018,18,True
Portugal,Privacy and Security,2020,4,True
Israel,Privacy and Security,2023,272,True
France,Privacy and Security,2026,545,False
United Arab Emirates,Privacy and Security,2022,30,True
United States,Privacy and Security,2020,4160,True
Brazil,Privacy and Security,2023,2,True
United Kingdom,Privacy and Security,2024,286,True
Italy,Professional services,2026,15,False
Bulgaria,Professional services,2025,33,True
South Korea,Professional services,2021,105,True
Turkey,Professional services,2021,13,True
Latvia,Professional services,2026,0,False
Czechia,Professional services,2017,39,True
Switzerland,Professional services,2018,2,True
Mexico,Professional services,2017,0,True
Canada,Real estate,2019,14,True
Canada,Real estate,2020,43,True
Taiwan,Real estate,2025,0,True
Saudi Arabia,Real estate,2021,1,True
Portugal,Real estate,2019,2,True
United Kingdom,Real estate,2021,44,True
Sweden,Real estate,2019,3,True
Chile,Real estate,2020,0,True
Netherlands,Real estate,2020,1,True
Sweden,Robotics,2020,2,True
Czechia,Robotics,2019,2,True
United Kingdom,Robotics,2019,81,True
Norway,Robotics,2022,5,True
Denmark,"Sales, retail, commerce, marketing",2017,2,True
United States,"Sales, retail, commerce, marketing",2016,2532,True
Sweden,"Sales, retail, commerce, marketing",2016,10,True
South Korea,"Sales, retail, commerce, marketing",2019,13,True
Uruguay,"Sales, retail, commerce, marketing",2020,2,True
Uruguay,"Sales, retail, commerce, marketing",2025,1,True
Sri Lanka,"Sales, retail, commerce, marketing",2025,0,True
Ireland,"Sales, retail, commerce, marketing",2020,22,True
Kenya,"Sales, retail, commerce, marketing",2019,0,True
Bulgaria,"Sales, retail, commerce, marketing",2019,1,True
Norway,"Sales, retail, commerce, marketing",2018,3,True
New Zealand,"Sales, retail, commerce, marketing",2023,3,True
Cyprus,"Sales, retail, commerce, marketing",2026,1,False
Pakistan,"Sales, retail, commerce, marketing",2019,0,True
China,Semiconductor,2024,473,True
China,Semiconductor,2026,418,False
Greece,Semiconductor,2019,0,True
Japan,Semiconductor,2017,1,True
United Kingdom,Simulation,2024,9,True
Poland,Simulation,2017,0,True
Kazakhstan,Software,2020,1,True
Saudi Arabia,Software,2024,1688,True
Vietnam,Software,2024,7,True
Zambia,Software,2023,0,True
Denmark,Software,2023,151,True
Denmark,Software,2026,146,False
South Africa,Software,2024,215,True
South Africa,Software,2025,89,True
Indonesia,Software,2021,123,True
Slovakia,Software,2023,23,True
South Korea,Software,2019,392,True
Lebanon,Software,2016,1,True
Uruguay,Software,2024,3,True
Colombia,Software,2020,8,True
Poland,Software,2018,21,True
El Salvador,Software,2021,0,True
Armenia,Software,2021,0,True
United Arab Emirates,Software,2018,189,True
Côte d'Ivoire,Software,2024,0,True
Panama,Software,2025,15,True
Jordan,Software,2018,0,True
Jordan,Software,2022,1,True
Ukraine,Software,2019,28,True
Qatar,Software,2026,1,False
Singapore,Speech Recognition,2019,1,True
India,Speech Recognition,2026,7,False
Spain,Speech Recognition,2024,21,True
United States,Speech Recognition,2022,310,True
Ukraine,Sports,2020,0,True
Australia,Sports,2018,1,True
Singapore,Sports,2020,1,True
United States,Sports,2022,597,True
Brazil,Sports,2019,1,True
Brazil,Sports,2023,0,True
Saudi Arabia,Sports,2016,1,True
Finland,Telecommunications,2016,1,True
China,Telecommunications,2024,1,True
United Kingdom,Telecommunications,2020,318,True
Germany,Telecommunications,2022,135,True
Singapore,Telecommunications,2023,855,True
Brazil,Telecommunications,2016,1,True
Lebanon,Transportation,2019,0,True
United Arab Emirates,Transportation,2021,23,True
Chile,Transportation,2016,1,True
Ukraine,Transportation,2023,4,True
Ireland,Transportation,2018,9,True
Ireland,Transportation,2021,357,True
Lithuania,Transportation,2019,2,True
United States,Transportation,2021,18595,True
China,Transportation,2018,954,True
Norway,Agriculture,2021,2,True
Germany,Agriculture,2018,14,True
Netherlands,Agriculture,2017,1,True
Nigeria,Agriculture,2020,0,True
United Kingdom,Agriculture,2022,66,True
Australia,Agriculture,2026,1,False
Chile,Agriculture,2021,1,True
Saudi Arabia,Agriculture,2021,6,True
Norway,All,2017,52,True
Tanzania,All,2023,0,True
Mexico,All,2023,229,True
Kazakhstan,All,2021,2,True
India,All,2018,2541,True
Romania,All,2016,1,True
Romania,All,2024,17,True
Romania,All,2025,77,True
Croatia,All,2019,2,True
Croatia,All,2021,175,True
Ireland,All,2024,613,True
Japan,All,2017,947,True
Pakistan,All,2018,0,True
Georgia,All,2022,2,True
Indonesia,All,2023,39,True
Switzerland,All,2019,805,True
Trinidad and Tobago,All,2026,45,False
Australia,Biotechnology,2026,7,False
Spain,Biotechnology,2024,8,True
Portugal,Biotechnology,2021,4,True
Romania,Biotechnology,2018,1,True
Saudi Arabia,Biotechnology,2017,1,True
Belgium,Biotechnology,2019,1,True
Austria,Biotechnology,2024,4,True
South Africa,Biotechnology,2022,8,True
Spain,Community and Lifestyle,2017,6,True
Portugal,Community and Lifestyle,2023,7,True
France,Community and Lifestyle,2026,270,False
New Zealand,Community and Lifestyle,2020,3,True
Australia,Community and Lifestyle,2022,11,True
Japan,Community and Lifestyle,2025,13,True
Malaysia,Computer Vision,2023,14,True
missing,Computer Vision,2019,9,True
Portugal,Computer Vision,2022,3,True
Italy,Computer Vision,2020,4,True
France,Computer Vision,2016,102,True
Switzerland,Computer Vision,2017,50,True
Belgium,Computer Vision,2023,0,True
India,Computer Vision,2020,13,True
Netherlands,Consumer goods,2023,5,True
Portugal,Consumer goods,2019,3,True
Lithuania,Consumer goods,2018,0,True
South Korea,Consumer goods,2016,1,True
Portugal,Cyber Security,2021,5,True
Brazil,Cyber Security,2022,17,True
Sri Lanka,Cyber Security,2017,7,True
Israel,Cyber Security,2018,10,True
Germany,Cyber Security,2018,9,True
Italy,Cyber Security,2023,4,True
Pakistan,Data and analytics,2022,3,True
Pakistan,Data and analytics,2025,1,True
Jordan,Data and analytics,2019,0,True
Portugal,Data and analytics,2024,45,True
United Arab Emirates,Data and analytics,2021,846,True
Armenia,Data and analytics,2024,0,True
France,Data and analytics,2019,1325,True
Slovenia,Data and analytics,2020,2,True
Côte d'Ivoire,Data and analytics,2022,0,True
Iceland,Data and analytics,2024,6,True
Japan,Data and analytics,2019,672,True
Singapore,Data and analytics,2023,1655,True
South Korea,Data and analytics,2017,71,True
South Korea,Data and analytics,2018,150,True
Israel,Data and analytics,2016,646,True
New Zealand,Data and analytics,2026,83,False
Egypt,Data and analytics,2020,4,True
Malta,Data and analytics,2022,2,True
India,Data and analytics,2019,594,True
India,Data and analytics,2021,1063,True
Lithuania,Data and analytics,2019,5,True
Czechia,Data and analytics,2016,3,True
United States,Data and analytics,2021,96490,True
Cyprus,Data and analytics,2023,2,True
Switzerland,Data and analytics,2020,870,True
Mexico,Data and analytics,2019,110,True
Romania,Data and analytics,2026,4,False
Argentina,Education,2023,2,True
Nigeria,Education,2020,1,True
Singapore,Education,2026,2,False
Portugal,Education,2025,0,True
Malaysia,Education,2016,0,True
Malaysia,Education,2022,0,True
Japan,Education,2020,16,True
Estonia,Education,2021,2,True
Hungary,Education,2016,0,True
Italy,Education,2025,2,True
Poland,Education,2024,29,True
Spain,Education,2016,0,True
Spain,Education,2017,3,True
Sweden,Energy and natural resources,2017,167,True
New Zealand,Energy and natural resources,2021,1050,True
Luxembourg,Energy and natural resources,2026,2,False
Vietnam,Energy and natural resources,2023,0,True
Australia,Energy and natural resources,2024,56,True
Norway,Energy and natural resources,2017,12,True
Netherlands,Facial Recognition,2019,0,True
Egypt,Finance,2021,6,True
Slovenia,Finance,2025,9,True
Germany,Finance,2018,379,True
Japan,Finance,2025,18,True
Denmark,Finance,2018,1,True
Romania,Finance,2019,0,True
Colombia,Finance,2020,2,True
Armenia,Finance,2024,0,True
Vietnam,Finance,2020,1,True
Thailand,Finance,2016,0,True
Bosnia and Herzegovina,Finance,2025,0,True
Indonesia,Finance,2019,1,True
Taiwan,Finance,2021,9,True
Belize,Finance,2022,20,True
South Africa,Finance,2026,1,False
Brazil,Gaming,2024,0,True
Spain,Gaming,2017,0,True
Chile,Gaming,2018,0,True
Japan,Gaming,2025,9,True
Australia,Gaming,2024,2,True
United States,Gaming,2019,194,True
Nigeria,General purpose,2017,0,True
Estonia,General purpose,2023,16,True
Australia,General purpose,2025,723,True
China,General purpose,2024,10614,True
Kyrgyzstan,General purpose,2025,1,True
Uzbekistan,General purpose,2026,0,False
Pakistan,General purpose,2025,1,True
Czechia,General purpose,2022,63,True
Belgium,General purpose,2016,3,True
Canada,General purpose,2020,1054,True
Ukraine,General purpose,2022,0,True
New Zealand,General purpose,2017,1,True
New Zealand,General purpose,2024,112,True
United Kingdom,General purpose,2022,3524,True
Netherlands,General purpose,2021,710,True
South Africa,General purpose,2021,7,True
Jordan,General purpose,2024,0,True
Sweden,General purpose,2025,3106,True
United Arab Emirates,General purpose,2023,278,True
Tanzania,General purpose,2025,1,True
Japan,General purpose,2021,508,True
Iceland,General purpose,2022,6,True
Thailand,General purpose,2018,1,True
Qatar,Hardware,2026,27,False
New Zealand,Hardware,2024,0,True
Switzerland,Hardware,2022,126,True
France,Hardware,2020,820,True
Hungary,Hardware,2024,2,True
South Africa,Hardware,2023,1,True
Turkey,Hardware,2023,12,True
India,Hardware,2023,2539,True
Brazil,Hardware,2017,5,True
Iceland,Hardware,2023,5,True
Malaysia,Hardware,2020,9,True
Ukraine,Hardware,2021,1,True
Norway,Healthcare and Life Sciences,2020,2,True
Egypt,Healthcare and Life Sciences,2026,2,False
India,Healthcare and Life Sciences,2022,155,True
Turkey,Healthcare and Life Sciences,2017,0,True
South Korea,Healthcare and Life Sciences,2025,126,True
Mexico,Healthcare and Life Sciences,2019,0,True
United Kingdom,Healthcare and Life Sciences,2019,2529,True
Tanzania,Healthcare and Life Sciences,2023,0,True
Czechia,Healthcare and Life Sciences,2018,2,True
Sweden,Healthcare and Life Sciences,2022,50,True
Morocco,Healthcare and Life Sciences,2026,0,False
Vietnam,Healthcare and Life Sciences,2021,0,True
Spain,Healthcare and Life Sciences,2023,47,True
Russia,Healthcare and Life Sciences,2016,3,True
Côte d'Ivoire,Healthcare and Life Sciences,2023,0,True
Italy,Healthcare and Life Sciences,2023,7,True
Kazakhstan,Information Technology,2021,2,True
Indonesia,Information Technology,2022,39,True
Portugal,Information Technology,2025,138,True
Iran,Information Technology,2020,0,True
Croatia,Information Technology,2023,0,True
Iceland,Information Technology,2024,4,True
Qatar,Information Technology,2023,0,True
Slovakia,Information Technology,2023,1,True
Sri Lanka,Information Technology,2019,1,True
Uganda,Information Technology,2019,0,True
Denmark,Information Technology,2018,982,True
missing,Information Technology,2019,4,True
Norway,Information Technology,2023,56,True
Slovenia,Information Technology,2018,0,True
Mexico,Lending and Investments,2021,3,True
Taiwan,Lending and Investments,2025,0,True
Netherlands,Lending and Investments,2026,1,False
Czechia,Lending and Investments,2021,7,True
Qatar,Lending and Investments,2022,2,True
Belgium,Lending and Investments,2018,2,True
Sweden,Manufacturing,2026,8,False
United Kingdom,Manufacturing,2024,155,True
Luxembourg,Manufacturing,2018,0,True
Canada,Manufacturing,2026,4907,False
United States,Manufacturing,2019,2002,True
Kenya,Manufacturing,2025,0,True
Italy,Manufacturing,2026,12,False
Estonia,Media and Entertainment,2025,0,True
United Kingdom,Media and Entertainment,2021,644,True
Portugal,Media and Entertainment,2016,2,True
Portugal,Media and Entertainment,2018,1,True
Canada,Media and Entertainment,2022,2866,True
Japan,Media and Entertainment,2020,92,True
Ireland,Media and Entertainment,2025,97,True
Spain,Media and Entertainment,2025,1,True
Germany,Media and Entertainment,2019,12,True
United Kingdom,"Military, public safety and government",2022,43,True
Netherlands,"Military, public safety and government",2022,2,True
Czechia,"Mobile, platforms & Internet services",2018,2,True
Chile,"Mobile, platforms & Internet services",2016,0,True
Belgium,"Mobile, platforms & Internet services",2026,207,False
Finland,"Mobile, platforms & Internet services",2021,546,True
South Korea,"Mobile, platforms & Internet services",2023,258,True
Ghana,"Mobile, platforms & Internet services",2022,0,True
Philippines,"Mobile, platforms & Internet services",2022,24,True
Philippines,"Mobile, platforms & Internet services",2026,12,False
India,"Mobile, platforms & Internet services",2018,357,True
India,"Mobile, platforms & Internet services",2026,573,False
Lithuania,"Mobile, platforms & Internet services",2020,0,True
Uganda,"Mobile, platforms & Internet services",2022,0,True
missing,"Mobile, platforms & Internet services",2025,663,True
Sweden,"Mobile, platforms & Internet services",2019,8,True
Kenya,"Mobile, platforms & Internet services",2016,1,True
Slovenia,"Mobile, platforms & Internet services",2020,1,True
France,NLP,2019,355,True
Israel,NLP,2019,2022,True
Japan,NLP,2020,4,True
Canada,NLP,2023,23,True
Ireland,NLP,2020,22,True
Netherlands,NLP,2016,1,True
Belarus,Navigation and mapping,2017,4,True
Slovakia,Navigation and mapping,2023,1,True
Romania,Navigation and mapping,2025,0,True
France,Navigation and mapping,2017,3,True
Norway,Other,2019,0,True
South Africa,Other,2026,5,False
Hungary,Other,2016,1,True
Singapore,Other,2025,10,True
United States,Other,2025,10250,True
Russia,Other,2023,1,True
Russia,Other,2024,0,True
Cyprus,Other,2023,2,True
Netherlands,Privacy and Security,2021,222,True
Poland,Privacy and Security,2022,21,True
Austria,Privacy and Security,2025,7,True
Germany,Privacy and Security,2019,106,True
Switzerland,Privacy and Security,2025,238,True
Iceland,Privacy and Security,2022,3,True
Singapore,Privacy and Security,2026,386,False
Norway,Professional services,2020,11,True
Belgium,Professional services,2018,34,True
Iran,Professional services,2018,0,True
United Arab Emirates,Professional services,2022,74,True
Nigeria,Professional services,2017,0,True
Nigeria,Professional services,2026,0,False
missing,Professional services,2025,287,True
Uruguay,Professional services,2023,1,True
Rwanda,Professional services,2023,0,True
Estonia,Real estate,2021,2,True
Vietnam,Real estate,2021,1,True
Vietnam,Real estate,2025,90,True
Singapore,Real estate,2019,1,True
Norway,Real estate,2023,2,True
Germany,Real estate,2018,259,True
Greece,Real estate,2024,0,True
Turkey,Real estate,2021,6,True
Ireland,Robotics,2020,0,True
Ireland,Robotics,2024,49,True
missing,Robotics,2025,102,True
United Kingdom,Robotics,2024,130,True
Slovenia,Robotics,2017,0,True
Romania,Robotics,2024,1,True
Finland,Robotics,2024,2,True
Australia,"Sales, retail, commerce, marketing",2019,8,True
Austria,"Sales, retail, commerce, marketing",2021,17,True
United States,"Sales, retail, commerce, marketing",2020,7778,True
Burkina Faso,"Sales, retail, commerce, marketing",2023,0,True
Romania,"Sales, retail, commerce, marketing",2023,1,True
Romania,"Sales, retail, commerce, marketing",2026,1,False
Norway,"Sales, retail, commerce, marketing",2022,2,True
missing,"Sales, retail, commerce, marketing",2021,2,True
Argentina,"Sales, retail, commerce, marketing",2024,0,True
Saint Kitts and Nevis,"Sales, retail, commerce, marketing",2021,0,True
Nigeria,"Sales, retail, commerce, marketing",2022,0,True
Iran,"Sales, retail, commerce, marketing",2018,0,True
Switzerland,Semiconductor,2020,5,True
Singapore,Semiconductor,2021,9,True
Egypt,Semiconductor,2025,35,True
United States,Semiconductor,2018,102,True
Japan,Semiconductor,2018,1,True
United Kingdom,Simulation,2022,1,True
Canada,Simulation,2024,2,True
Norway,Simulation,2021,9,True
Malta,Software,2020,37,True
Saudi Arabia,Software,2019,178,True
Vietnam,Software,2025,273,True
Norway,Software,2026,3173,False
Sweden,Software,2026,1860,False
Spain,Software,2021,582,True
Portugal,Software,2019,26,True
Slovakia,Software,2026,5,False
Luxembourg,Software,2023,3,True
missing,Software,2019,43,True
Cyprus,Software,2026,68,False
Latvia,Software,2020,3,True
Austria,Software,2025,411,True
Mauritius,Software,2022,12,True
Italy,Software,2019,190,True
Slovenia,Software,2018,0,True
Armenia,Software,2026,0,False
Tunisia,Software,2021,0,True
Uzbekistan,Software,2026,1,False
New Zealand,Software,2022,172,True
Brazil,Software,2021,412,True
Japan,Software,2024,879,True
United States,Speech Recognition,2017,73,True
Canada,Speech Recognition,2019,1,True
Japan,Speech Recognition,2022,0,True
Israel,Sports,2022,203,True
France,Sports,2023,0,True
Brazil,Sports,2022,2,True
India,Sports,2022,8,True
Saudi Arabia,Sports,2022,1,True
Netherlands,Sports,2025,0,True
Sri Lanka,Sports,2022,0,True
Japan,Telecommunications,2021,3,True
Canada,Telecommunications,2021,55,True
Israel,Telecommunications,2021,89,True
Netherlands,Telecommunications,2022,4,True
China,Telecommunications,2018,20,True
Mexico,Telecommunications,2021,1,True
United Kingdom,Telecommunications,2023,86,True
Germany,Telecommunications,2025,106,True
South Korea,Telecommunications,2016,23,True
Australia,Telecommunications,2022,150,True
Saudi Arabia,Transportation,2021,3,True
Saudi Arabia,Transportation,2022,23,True
Greece,Transportation,2016,0,True
Estonia,Transportation,2019,0,True
France,Transportation,2019,48,True
Belgium,Transportation,2020,6,True
Canada,Transportation,2019,25,True
Spain,Transportation,2021,3,True
Portugal,Transportation,2021,8,True
Finland,Transportation,2020,11,True
Lithuania,Transportation,2017,0,True
Germany,Agriculture,2021,238,True
New Zealand,Agriculture,2021,0,True
Tunisia,Agriculture,2021,0,True
United Kingdom,Agriculture,2025,10,True
Taiwan,Agriculture,2019,1,True
Belgium,Agriculture,2025,1,True
Mexico,Agriculture,2026,0,False
Zambia,Agriculture,2021,0,True
Egypt,Agriculture,2025,0,True
Saudi Arabia,Agriculture,2018,0,True
Panama,All,2025,15,True
South Africa,All,2025,218,True
Israel,All,2020,2758,True
Ukraine,All,2025,50,True
New Zealand,All,2026,161,False
Spain,All,2019,335,True
Turkey,All,2024,109,True
Finland,All,2017,73,True
Jordan,All,2023,3,True
Italy,All,2019,200,True
Vietnam,All,2024,16,True
Germany,All,2025,28389,True
Iceland,All,2018,6,True
Brazil,All,2023,1095,True
El Salvador,All,2020,0,True
Turkey,Biotechnology,2026,0,False
China,Biotechnology,2026,494,False
Italy,Biotechnology,2016,0,True
Italy,Biotechnology,2018,3,True
Colombia,Community and Lifestyle,2024,6,True
Vietnam,Community and Lifestyle,2022,4,True
Italy,Community and Lifestyle,2021,2,True
United Kingdom,Community and Lifestyle,2020,75,True
Switzerland,Community and Lifestyle,2018,39,True
Switzerland,Community and Lifestyle,2021,6,True
Switzerland,Community and Lifestyle,2024,39,True
France,Community and Lifestyle,2023,15,True
South Africa,Community and Lifestyle,2023,1,True
Australia,Community and Lifestyle,2023,35,True
Saudi Arabia,Community and Lifestyle,2023,2,True
Denmark,Community and Lifestyle,2023,0,True
Pakistan,Community and Lifestyle,2023,0,True
Netherlands,Community and Lifestyle,2026,50,False
Sri Lanka,Community and Lifestyle,2023,0,True
Cyprus,Computer Vision,2025,1,True
Mexico,Computer Vision,2022,0,True
Iceland,Computer Vision,2025,1,True
China,Computer Vision,2026,210,False
South Korea,Computer Vision,2016,0,True
Uruguay,Computer Vision,2026,1,False
Italy,Computer Vision,2021,1,True
Israel,Computer Vision,2021,473,True
Netherlands,Computer Vision,2019,3,True
Netherlands,Computer Vision,2025,3,True
Netherlands,Computer Vision,2026,17,False
Australia,Computer Vision,2017,1,True
Germany,Computer Vision,2018,388,True
Switzerland,Consumer goods,2021,15,True
Czechia,Consumer goods,2016,1,True
Sweden,Consumer goods,2021,6,True
Malaysia,Consumer goods,2017,0,True
Poland,Consumer goods,2018,2,True
Portugal,Consumer goods,2018,1,True
Israel,Cyber Security,2025,350,True
United Kingdom,Cyber Security,2017,7,True
Hungary,Cyber Security,2023,1,True
Switzerland,Cyber Security,2017,6,True
Czechia,Cyber Security,2025,23,True
Estonia,Data and analytics,2026,33,False
Slovakia,Data and analytics,2023,22,True
Norway,Data and analytics,2018,274,True
Panama,Data and analytics,2025,15,True
Serbia,Data and analytics,2018,0,True
Ukraine,Data and analytics,2025,42,True
Côte d'Ivoire,Data and analytics,2024,0,True
Taiwan,Data and analytics,2024,6720,True
Japan,Data and analytics,2021,513,True
South Korea,Data and analytics,2024,895,True
Kuwait,Data and analytics,2023,4,True
Egypt,Data and analytics,2023,1,True
Oman,Data and analytics,2026,15,False
Nigeria,Data and analytics,2024,8,True
Netherlands,Data and analytics,2016,648,True
Mongolia,Data and analytics,2021,0,True
Ghana,Data and analytics,2025,0,True
Lithuania,Data and analytics,2024,9,True
United States,Data and analytics,2022,56775,True
Poland,Data and analytics,2023,98,True
Egypt,Education,2023,1,True
Kenya,Education,2026,0,False
Netherlands,Education,2017,1,True
Estonia,Education,2016,8,True
Estonia,Education,2017,1,True
Germany,Education,2019,13,True
United States,Education,2025,3206,True
Thailand,Education,2023,7,True
Italy,Energy and natural resources,2024,115,True
Turkey,Energy and natural resources,2025,3,True
China,Energy and natural resources,2018,6,True
Chile,Energy and natural resources,2016,1,True
Netherlands,Energy and natural resources,2025,39,True
Iceland,Energy and natural resources,2022,2,True
Saudi Arabia,Facial Recognition,2024,2,True
China,Facial Recognition,2019,166,True
Israel,Finance,2023,123,True
Canada,Finance,2022,3023,True
China,Finance,2022,136,True
Japan,Finance,2022,4,True
Chile,Finance,2024,3,True
Uruguay,Finance,2021,100,True
El Salvador,Finance,2021,0,True
Ireland,Finance,2025,16,True
Switzerland,Finance,2016,0,True
Taiwan,Finance,2023,11,True
Belgium,Finance,2021,230,True
Belgium,Finance,2025,13,True
Cyprus,Gaming,2016,1,True
Taiwan,Gaming,2019,0,True
Estonia,Gaming,2024,0,True
Sweden,Gaming,2017,1,True
United States,Gaming,2017,33,True
Germany,Gaming,2023,3,True
Hungary,Gaming,2018,0,True
Hungary,Gaming,2019,0,True
Croatia,General purpose,2019,2,True
Lithuania,General purpose,2021,7,True
Ukraine,General purpose,2025,43,True
Ukraine,General purpose,2026,181,False
Seychelles,General purpose,2021,1,True
Spain,General purpose,2021,344,True
France,General purpose,2017,757,True
France,General purpose,2024,4985,True
Netherlands,General purpose,2017,301,True
North Macedonia,General purpose,2022,1,True
Uganda,General purpose,2023,0,True
Chile,General purpose,2022,13,True
Kenya,General purpose,2021,15,True
Qatar,General purpose,2023,1,True
Saint Kitts and Nevis,General purpose,2021,0,True
Iceland,General purpose,2019,2,True
Serbia,General purpose,2024,2,True
Serbia,General purpose,2026,55043,False
Chile,Hardware,2020,2,True
Spain,Hardware,2025,27,True
Indonesia,Hardware,2021,0,True
missing,Hardware,2019,13,True
New Zealand,Hardware,2020,6,True
Canada,Hardware,2023,266,True
Japan,Hardware,2026,5035,False
Switzerland,Hardware,2020,635,True
Slovenia,Hardware,2025,2,True
Philippines,Hardware,2026,6,False
Latvia,Hardware,2019,2,True
Ireland,Hardware,2017,1,True
Australia,Hardware,2022,269,True
India,Healthcare and Life Sciences,2021,155,True
New Zealand,Healthcare and Life Sciences,2021,4,True
New Zealand,Healthcare and Life Sciences,2024,2,True
Philippines,Healthcare and Life Sciences,2025,6,True
Singapore,Healthcare and Life Sciences,2020,23,True
Zimbabwe,Healthcare and Life Sciences,2020,0,True
Malta,Healthcare and Life Sciences,2020,37,True
Romania,Healthcare and Life Sciences,2026,0,False
Denmark,Healthcare and Life Sciences,2024,11,True
Brazil,Healthcare and Life Sciences,2020,40,True
Indonesia,Healthcare and Life Sciences,2021,2,True
Switzerland,Healthcare and Life Sciences,2021,97,True
Belgium,Healthcare and Life Sciences,2025,25,True
Netherlands,Healthcare and Life Sciences,2019,9,True
Italy,Healthcare and Life Sciences,2016,0,True
France,Information Technology,2021,840,True
Ghana,Information Technology,2018,0,True
Taiwan,Information Technology,2026,19,False
Singapore,Information Technology,2017,70,True
Greece,Information Technology,2024,60,True
Jordan,Information Technology,2016,0,True
Jordan,Information Technology,2021,0,True
Finland,Information Technology,2016,3,True
Sweden,Information Technology,2019,20,True
Sweden,Information Technology,2022,3504,True
Germany,Information Technology,2022,1519,True
United Kingdom,Information Technology,2019,3122,True
Australia,Information Technology,2025,557,True
Nigeria,Information Technology,2021,1,True
Burkina Faso,Lending and Investments,2023,0,True
Singapore,Lending and Investments,2022,28,True
Finland,Lending and Investments,2020,496,True
India,Lending and Investments,2021,51,True
India,Lending and Investments,2025,63,True
Nigeria,Lending and Investments,2017,0,True
Denmark,Lending and Investments,2020,12,True
Denmark,Lending and Investments,2023,5,True
Malaysia,Manufacturing,2021,15,True
Finland,Manufacturing,2018,1,True
United Arab Emirates,Manufacturing,2016,0,True
Israel,Manufacturing,2024,301,True
Turkey,Manufacturing,2021,0,True
missing,Manufacturing,2024,3,True
Austria,Media and Entertainment,2017,0,True
Thailand,Media and Entertainment,2018,8,True
Italy,Media and Entertainment,2020,5,True
India,Media and Entertainment,2023,24,True
Ireland,Media and Entertainment,2019,62,True
United Arab Emirates,Media and Entertainment,2024,0,True
China,Media and Entertainment,2017,2354,True
Spain,Media and Entertainment,2020,34,True
Estonia,"Military, public safety and government",2026,12,False
Canada,"Military, public safety and government",2023,79,True
Netherlands,"Military, public safety and government",2020,2,True
Cyprus,"Mobile, platforms & Internet services",2021,4,True
South Korea,"Mobile, platforms & Internet services",2022,404,True
Ireland,"Mobile, platforms & Internet services",2021,5,True
Ghana,"Mobile, platforms & Internet services",2025,0,True
South Africa,"Mobile, platforms & Internet services",2019,25,True
United States,"Mobile, platforms & Internet services",2018,17261,True
Norway,"Mobile, platforms & Internet services",2016,1,True
Germany,"Mobile, platforms & Internet services",2020,491,True
Thailand,"Mobile, platforms & Internet services",2025,2,True
New Zealand,"Mobile, platforms & Internet services",2020,2,True
Indonesia,"Mobile, platforms & Internet services",2016,2,True
Ukraine,"Mobile, platforms & Internet services",2019,0,True
Canada,"Mobile, platforms & Internet services",2020,252,True
Canada,"Mobile, platforms & Internet services",2022,1416,True
Pakistan,NLP,2025,0,True
South Africa,NLP,2024,151,True
France,NLP,2024,47,True
Saudi Arabia,NLP,2019,1,True
Vietnam,NLP,2025,2,True
Canada,NLP,2017,16,True
China,NLP,2023,15,True
Finland,NLP,2019,1,True
United Kingdom,NLP,2020,150,True
Malaysia,NLP,2023,0,True
Italy,NLP,2022,1,True
Sweden,Navigation and mapping,2016,2,True
Austria,Navigation and mapping,2024,1,True
France,Navigation and mapping,2022,11,True
Turkey,Other,2024,1,True
Egypt,Other,2019,0,True
Ghana,Other,2026,3,False
South Africa,Other,2023,4,True
United Kingdom,Other,2018,60,True
Iceland,Other,2021,1603,True
Canada,Other,2021,69,True
Belgium,Other,2017,23,True
Belgium,Other,2019,22,True
Taiwan,Other,2017,2,True
Spain,Privacy and Security,2017,18,True
Austria,Privacy and Security,2022,3,True
India,Privacy and Security,2016,1,True
Ireland,Privacy and Security,2023,17,True
Greece,Privacy and Security,2022,7,True
New Zealand,Privacy and Security,2024,6,True
Brazil,Privacy and Security,2020,69,True
Switzerland,Privacy and Security,2022,141,True
Sweden,Privacy and Security,2023,1,True
Italy,Professional services,2018,2,True
Israel,Professional services,2020,273,True
Israel,Professional services,2025,291,True
Colombia,Professional services,2024,1,True
United States,Professional services,2023,8917,True
Serbia,Professional services,2026,55000,False
Vietnam,Professional services,2019,5,True
Uruguay,Professional services,2026,1,False
Turkey,Professional services,2019,0,True
Denmark,Professional services,2018,505,True
South Africa,Professional services,2025,62,True
Croatia,Real estate,2022,359,True
Colombia,Real estate,2022,0,True
Canada,Real estate,2023,81,True
Italy,Real estate,2017,0,True
South Korea,Real estate,2022,40,True
Poland,Real estate,2023,0,True
India,Real estate,2023,12,True
Norway,Real estate,2021,35,True
Switzerland,Real estate,2024,7,True
Portugal,Real estate,2021,6,True
United Kingdom,Real estate,2024,29,True
Belgium,Robotics,2021,0,True
Spain,Robotics,2017,5,True
Italy,Robotics,2017,3,True
Turkey,Robotics,2020,0,True
Croatia,Robotics,2020,0,True
Singapore,Robotics,2022,51,True
Switzerland,"Sales, retail, commerce, marketing",2021,183,True
Latvia,"Sales, retail, commerce, marketing",2025,0,True
Kenya,"Sales, retail, commerce, marketing",2021,14,True
Greece,"Sales, retail, commerce, marketing",2022,2,True
United Kingdom,"Sales, retail, commerce, marketing",2021,1258,True
Argentina,"Sales, retail, commerce, marketing",2016,0,True
Serbia,"Sales, retail, commerce, marketing",2019,0,True
Qatar,"Sales, retail, commerce, marketing",2020,0,True
Nigeria,"Sales, retail, commerce, marketing",2019,0,True
Switzerland,Semiconductor,2023,82,True
Canada,Semiconductor,2017,6,True
Canada,Simulation,2017,0,True
Canada,Simulation,2023,2,True
Israel,Simulation,2019,0,True
Italy,Simulation,2020,1,True
Kazakhstan,Software,2026,0,False
Norway,Software,2016,15,True
Sweden,Software,2016,32,True
Sweden,Software,2025,3674,True
Swaziland,Software,2026,4,False
Indonesia,Software,2023,17,True
Lebanon,Software,2025,0,True
Argentina,Software,2018,1,True
Cyprus,Software,2019,3,True
Uganda,Software,2019,0,True
Finland,Software,2025,116,True
Kenya,Software,2023,5,True
Slovenia,Software,2026,0,False
Ghana,Software,2017,0,True
New Zealand,Software,2023,26,True
Australia,Software,2023,511,True
Mexico,Software,2023,188,True
Bulgaria,Software,2026,0,False
Trinidad and Tobago,Software,2026,18,False
Canada,Software,2018,3295,True
India,Speech Recognition,2024,1,True
China,Speech Recognition,2021,22,True
China,Speech Recognition,2025,9,True
Hungary,Sports,2018,0,True
Austria,Sports,2017,0,True
Singapore,Sports,2019,2,True
Poland,Sports,2019,0,True
Russia,Sports,2019,1,True
India,Sports,2018,0,True
Romania,Sports,2021,0,True
Israel,Telecommunications,2019,1064,True
Kenya,Telecommunications,2026,1,False
China,Telecommunications,2022,5,True
China,Telecommunications,2025,24,True
Romania,Telecommunications,2021,0,True
Saudi Arabia,Telecommunications,2024,5,True
Nigeria,Telecommunications,2026,0,False
Australia,Transportation,2019,13,True
Estonia,Transportation,2026,11,False
Malaysia,Transportation,2026,0,False
Singapore,Transportation,2019,9,True
Sweden,Transportation,2023,6,True
Cyprus,Transportation,2023,0,True
Canada,Transportation,2025,202,True
Mexico,Transportation,2026,9,False
Finland,Transportation,2016,1,True
Finland,Agriculture,2023,2,True
Iraq,Agriculture,2026,3,False
United Arab Emirates,Agriculture,2024,0,True
Argentina,Agriculture,2021,1,True
France,All,2022,5353,True
Austria,All,2026,211,False
Venezuela,All,2019,1,True
Greece,All,2019,12,True
United Arab Emirates,All,2021,999,True
Denmark,All,2023,418,True
Israel,All,2016,795,True
Ukraine,All,2026,211,False
Spain,All,2025,11486,True
Spain,All,2026,2076,False
Romania,All,2019,5,True
Russia,All,2025,1,True
Latvia,All,2024,4,True
missing,All,2020,1285,True
missing,All,2025,12735,True
Dominican Republic,All,2024,0,True
Thailand,All,2026,10,False
Australia,Biotechnology,2018,1,True
Finland,Biotechnology,2023,3,True
Iceland,Biotechnology,2024,1,True
Poland,Biotechnology,2023,5,True
missing,Biotechnology,2018,2,True
missing,Biotechnology,2020,3,True
South Korea,Biotechnology,2022,45,True
Israel,Biotechnology,2019,4,True
Singapore,Biotechnology,2024,2,True
Côte d'Ivoire,Community and Lifestyle,2025,0,True
United Kingdom,Community and Lifestyle,2016,20,True
Cyprus,Community and Lifestyle,2020,4,True
France,Community and Lifestyle,2021,6,True
Belgium,Community and Lifestyle,2019,1,True
Australia,Community and Lifestyle,2020,2,True
Japan,Community and Lifestyle,2016,26,True
Pakistan,Community and Lifestyle,2022,0,True
Germany,Community and Lifestyle,2018,273,True
Israel,Community and Lifestyle,2017,16,True
Netherlands,Community and Lifestyle,2025,23,True
Cyprus,Computer Vision,2026,1,False
South Korea,Computer Vision,2021,19,True
Portugal,Computer Vision,2026,2,False
Italy,Computer Vision,2017,0,True
Vietnam,Computer Vision,2024,1,True
Greece,Computer Vision,2019,2,True
United Arab Emirates,Computer Vision,2018,1,True
Israel,Computer Vision,2020,58,True
Switzerland,Consumer goods,2019,285,True
Italy,Consumer goods,2021,1,True
Australia,Consumer goods,2022,15,True
Germany,Consumer goods,2019,2,True
New Zealand,Consumer goods,2020,2,True
Israel,Consumer goods,2024,262,True
Estonia,Cyber Security,2018,2,True
Netherlands,Cyber Security,2017,16,True
Spain,Cyber Security,2018,2,True
India,Cyber Security,2023,3,True
India,Cyber Security,2026,481,False
China,Cyber Security,2018,44,True
China,Cyber Security,2019,15,True
United States,Cyber Security,2017,557,True
United States,Cyber Security,2020,1495,True
United States,Cyber Security,2023,3531,True
Sweden,Cyber Security,2026,1,False
Argentina,Data and analytics,2020,3,True
Slovakia,Data and analytics,2018,2,True
Turkey,Data and analytics,2017,2,True
Egypt,Data and analytics,2026,20,False
South Africa,Data and analytics,2024,215,True
Uruguay,Data and analytics,2022,3,True
Uruguay,Data and analytics,2026,2,False
India,Data and analytics,2025,2340,True
Ireland,Education,2016,1,True
Singapore,Education,2020,1,True
Lebanon,Education,2023,0,True
Australia,Education,2022,7,True
Japan,Education,2019,112,True
Japan,Education,2026,121,False
Brazil,Education,2022,107,True
Belgium,Education,2020,2,True
Portugal,Energy and natural resources,2021,4,True
Russia,Energy and natural resources,2017,2,True
Singapore,Energy and natural resources,2026,417,False
Poland,Energy and natural resources,2024,2,True
Switzerland,Energy and natural resources,2026,28,False
India,Energy and natural resources,2023,331,True
Saudi Arabia,Facial Recognition,2023,1,True
South Korea,Facial Recognition,2021,0,True
South Korea,Facial Recognition,2022,1,True
India,Facial Recognition,2021,0,True
Uzbekistan,Finance,2022,1,True
Côte d'Ivoire,Finance,2022,0,True
Saudi Arabia,Finance,2022,197,True
Mongolia,Finance,2022,0,True
United Kingdom,Finance,2017,210,True
missing,Finance,2017,3,True
Italy,Finance,2026,8,False
Tunisia,Finance,2023,0,True
India,Finance,2017,14,True
Sweden,Finance,2022,3438,True
India,Gaming,2018,0,True
Canada,Gaming,2016,55,True
France,Gaming,2017,1,True
China,Gaming,2024,5,True
China,Gaming,2025,49,True
Israel,Gaming,2021,86,True
United States,Gaming,2016,29,True
Bangladesh,General purpose,2025,0,True
Poland,General purpose,2018,19,True
Australia,General purpose,2023,544,True
Ethiopia,General purpose,2023,0,True
Panama,General purpose,2023,0,True
Pakistan,General purpose,2021,4,True
Vietnam,General purpose,2023,17,True
Greece,General purpose,2016,7,True
Indonesia,General purpose,2021,122,True
Austria,General purpose,2024,718,True
France,General purpose,2016,308,True
France,General purpose,2019,1027,True
Kazakhstan,General purpose,2025,1,True
Lebanon,General purpose,2016,1,True
Kenya,General purpose,2020,4,True
Luxembourg,General purpose,2023,3,True
Japan,General purpose,2025,650,True
Slovenia,General purpose,2017,1,True
Slovenia,General purpose,2022,3,True
Poland,Hardware,2017,2,True
Qatar,Hardware,2025,1,True
Croatia,Hardware,2020,0,True
United Kingdom,Hardware,2019,2690,True
Switzerland,Hardware,2017,91,True
Armenia,Hardware,2021,0,True
India,Hardware,2016,12,True
Poland,Healthcare and Life Sciences,2021,11,True
Thailand,Healthcare and Life Sciences,2019,3,True
South Korea,Healthcare and Life Sciences,2021,119,True
New Zealand,Healthcare and Life Sciences,2022,1,True
Mexico,Healthcare and Life Sciences,2020,0,True
Mexico,Healthcare and Life Sciences,2021,1,True
Malaysia,Healthcare and Life Sciences,2020,0,True
Denmark,Healthcare and Life Sciences,2026,90,False
Indonesia,Healthcare and Life Sciences,2023,0,True
Qatar,Healthcare and Life Sciences,2019,0,True
Italy,Healthcare and Life Sciences,2017,0,True
Turkey,Information Technology,2017,2,True
Albania,Information Technology,2016,2,True
Albania,Information Technology,2024,6,True
France,Information Technology,2022,1871,True
Colombia,Information Technology,2018,0,True
Trinidad and Tobago,Information Technology,2026,1,False
Taiwan,Information Technology,2022,55,True
Portugal,Information Technology,2020,10,True
Iran,Information Technology,2022,0,True
Croatia,Information Technology,2022,360,True
Croatia,Information Technology,2024,1,True
Romania,Information Technology,2019,3,True
Slovakia,Information Technology,2016,2,True
Lithuania,Information Technology,2022,0,True
Lithuania,Information Technology,2024,102,True
New Zealand,Information Technology,2023,5,True
Estonia,Information Technology,2024,15,True
United Kingdom,Information Technology,2023,2139,True
Germany,Lending and Investments,2017,128,True
Germany,Lending and Investments,2021,60,True
Poland,Lending and Investments,2025,18,True
Czechia,Lending and Investments,2025,23,True
Russia,Lending and Investments,2017,1,True
Kazakhstan,Lending and Investments,2022,0,True
Japan,Lending and Investments,2021,15,True
Lithuania,Lending and Investments,2024,100,True
Sweden,Lending and Investments,2021,0,True
Egypt,Manufacturing,2022,0,True
Egypt,Manufacturing,2025,0,True
Estonia,Manufacturing,2024,8,True
Saudi Arabia,Manufacturing,2020,14801,True
Netherlands,Manufacturing,2023,5,True
Australia,Manufacturing,2023,39,True
Switzerland,Manufacturing,2019,79,True
United States,Manufacturing,2022,2353,True
Italy,Manufacturing,2024,4,True
Poland,Manufacturing,2017,0,True
missing,Manufacturing,2025,28,True
Ukraine,Media and Entertainment,2026,174,False
Colombia,Media and Entertainment,2016,0,True
Estonia,Media and Entertainment,2024,2,True
Austria,Media and Entertainment,2021,16,True
Lebanon,Media and Entertainment,2017,0,True
Brazil,"Military, public safety and government",2019,0,True
United Kingdom,"Military, public safety and government",2019,7,True
Czechia,"Mobile, platforms & Internet services",2020,4,True
Spain,"Mobile, platforms & Internet services",2019,31,True
Turkey,"Mobile, platforms & Internet services",2023,23,True
Peru,"Mobile, platforms & Internet services",2017,0,True
Poland,"Mobile, platforms & Internet services",2022,12,True
Netherlands,"Mobile, platforms & Internet services",2023,356,True
Lithuania,"Mobile, platforms & Internet services",2026,130,False
Denmark,"Mobile, platforms & Internet services",2021,4,True
United Arab Emirates,"Mobile, platforms & Internet services",2019,15,True
Uruguay,"Mobile, platforms & Internet services",2025,0,True
Panama,"Mobile, platforms & Internet services",2024,0,True
Sweden,"Mobile, platforms & Internet services",2017,6,True
Kenya,"Mobile, platforms & Internet services",2026,1,False
Lebanon,"Mobile, platforms & Internet services",2016,0,True
Germany,NLP,2024,3,True
Ireland,NLP,2017,13,True
Finland,NLP,2021,2,True
Spain,NLP,2026,84,False
Finland,Navigation and mapping,2018,0,True
China,Navigation and mapping,2023,5,True
India,Navigation and mapping,2023,25,True
Germany,Navigation and mapping,2017,4,True
Poland,Navigation and mapping,2024,5,True
India,Other,2018,12,True
Lebanon,Other,2021,0,True
missing,Other,2025,133,True
Bulgaria,Other,2019,2,True
Austria,Other,2017,0,True
Germany,Other,2021,153,True
Poland,Other,2026,0,False
South Korea,Other,2017,4,True
Nigeria,Other,2024,0,True
United States,Other,2023,2471,True
Belgium,Other,2018,0,True
Belgium,Other,2020,30,True
Colombia,Other,2024,1,True
Czechia,Other,2018,0,True
Netherlands,Privacy and Security,2026,26,False
Poland,Privacy and Security,2024,1,True
India,Privacy and Security,2019,8,True
United States,Privacy and Security,2026,9893,False
missing,Privacy and Security,2018,2,True
Norway,Professional services,2023,7,True
Italy,Professional services,2020,5,True
Brazil,Professional services,2020,144,True
Hungary,Professional services,2020,1,True
Spain,Professional services,2020,24,True
Egypt,Professional services,2020,3,True
Egypt,Professional services,2024,1,True
Taiwan,Professional services,2024,11,True
Colombia,Professional services,2023,0,True
Ireland,Professional services,2016,1,True
China,Professional services,2020,120,True
Finland,Professional services,2020,4,True
Finland,Professional services,2023,10,True
India,Professional services,2023,133,True
Mexico,Professional services,2025,80,True
Austria,Real estate,2017,3,True
Australia,Real estate,2017,6,True
Hungary,Real estate,2021,0,True
Poland,Real estate,2026,1,False
France,Real estate,2025,192,True
Sweden,Real estate,2023,3,True
Israel,Real estate,2025,121,True
New Zealand,Real estate,2025,54,True
Israel,Robotics,2019,10,True
Taiwan,Robotics,2022,1,True
France,Robotics,2026,54,False
Turkey,Robotics,2021,1,True
Peru,Robotics,2020,0,True
Australia,"Sales, retail, commerce, marketing",2021,72,True
Canada,"Sales, retail, commerce, marketing",2026,254,False
Austria,"Sales, retail, commerce, marketing",2025,25,True
Poland,"Sales, retail, commerce, marketing",2021,54,True
Sweden,"Sales, retail, commerce, marketing",2023,9,True
Sweden,"Sales, retail, commerce, marketing",2025,555,True
Italy,"Sales, retail, commerce, marketing",2017,3,True
Bulgaria,"Sales, retail, commerce, marketing",2021,1,True
India,"Sales, retail, commerce, marketing",2019,105,True
Brazil,"Sales, retail, commerce, marketing",2020,80,True
Brazil,"Sales, retail, commerce, marketing",2024,50,True
Taiwan,"Sales, retail, commerce, marketing",2022,13,True
Japan,Semiconductor,2022,2,True
Japan,Semiconductor,2024,26,True
United Kingdom,Semiconductor,2023,14,True
Singapore,Simulation,2016,3,True
Israel,Simulation,2018,1,True
Greece,Software,2016,6,True
Zambia,Software,2019,1,True
Belize,Software,2019,10,True
Saint Kitts and Nevis,Software,2023,1,True
Spain,Software,2026,934,False
Denmark,Software,2020,238,True
Belgium,Software,2023,1053,True
Thailand,Software,2018,2,True
Thailand,Software,2023,31,True
Thailand,Software,2024,77,True
Morocco,Software,2024,3,True
Russia,Software,2023,117,True
Colombia,Software,2025,821,True
Dominican Republic,Software,2024,0,True
Turkey,Software,2023,46,True
Nigeria,Software,2016,50,True
Côte d'Ivoire,Software,2022,0,True
Panama,Software,2024,0,True
Iraq,Software,2020,2,True
Ireland,Software,2018,131,True
Ireland,Software,2026,221,False
Malaysia,Software,2023,84,True
Russia,Speech Recognition,2018,1,True
Saudi Arabia,Speech Recognition,2021,3,True
Netherlands,Speech Recognition,2019,1,True
Belgium,Sports,2021,0,True
United Kingdom,Sports,2021,1,True
South Korea,Sports,2022,4,True
Spain,Sports,2023,1,True
India,Sports,2025,2,True
Saudi Arabia,Sports,2020,2,True
Romania,Sports,2022,0,True
Sri Lanka,Sports,2024,1,True
Sri Lanka,Telecommunications,2023,0,True
Canada,Telecommunications,2018,2012,True
missing,Telecommunications,2026,56,False
Netherlands,Telecommunications,2021,6,True
United Kingdom,Telecommunications,2017,5,True
Germany,Telecommunications,2017,3,True
Switzerland,Telecommunications,2021,55,True
Norway,Telecommunications,2020,30,True
France,Telecommunications,2023,106,True
Venezuela,Transportation,2021,0,True
Slovakia,Transportation,2020,1,True
Netherlands,Transportation,2016,1,True
Hungary,Transportation,2018,4,True
Trinidad and Tobago,Transportation,2026,4,False
Russia,Transportation,2018,26,True
Canada,Transportation,2017,8,True
Mexico,Transportation,2023,2,True
Poland,Transportation,2025,453,True
India,Agriculture,2025,18,True
Norway,Agriculture,2020,10,True
Singapore,Agriculture,2017,3,True
Denmark,Agriculture,2026,1,False
Turkey,Agriculture,2022,1,True
Jamaica,All,2025,50,True
United Kingdom,All,2023,6363,True
Lebanon,All,2023,0,True
Colombia,All,2019,10,True
Saudi Arabia,All,2023,2553,True
Tunisia,All,2019,1,True
Taiwan,All,2018,30,True
Zimbabwe,All,2023,0,True
Seychelles,All,2024,2,True
Sweden,All,2022,4145,True
Rwanda,All,2023,0,True
Ireland,All,2017,139,True
Iceland,All,2025,49,True
Australia,All,2017,165,True
Australia,All,2019,499,True
Georgia,All,2023,0,True
China,All,2025,22018,True
Chile,All,2019,33,True
Chile,All,2025,122,True
France,Biotechnology,2024,46,True
Sweden,Biotechnology,2026,0,False
Turkey,Biotechnology,2018,0,True
Canada,Biotechnology,2018,18,True
Brazil,Biotechnology,2019,0,True
Brazil,Biotechnology,2021,2,True
South Korea,Biotechnology,2023,721,True
Thailand,Biotechnology,2021,1,True
United States,Biotechnology,2016,428,True
Austria,Biotechnology,2017,0,True
Malaysia,Biotechnology,2021,1,True
Malaysia,Biotechnology,2025,0,True
Bahrain,Biotechnology,2022,0,True
Brazil,Community and Lifestyle,2023,124,True
United Kingdom,Community and Lifestyle,2018,1141,True
New Zealand,Community and Lifestyle,2017,0,True
Belgium,Community and Lifestyle,2020,8,True
Estonia,Community and Lifestyle,2020,0,True
Ireland,Community and Lifestyle,2017,1,True
Hungary,Computer Vision,2025,0,True
New Zealand,Computer Vision,2021,1,True
South Korea,Computer Vision,2020,43,True
Lithuania,Computer Vision,2020,0,True
Sri Lanka,Computer Vision,2024,0,True
Japan,Computer Vision,2016,4,True
Belarus,Computer Vision,2017,3,True
Australia,Computer Vision,2022,14,True
Switzerland,Consumer goods,2018,58,True
United States,Consumer goods,2026,11270,False
Netherlands,Consumer goods,2016,2,True
Austria,Consumer goods,2018,1,True
Singapore,Consumer goods,2025,3,True
Luxembourg,Consumer goods,2025,2,True
Norway,Consumer goods,2022,7,True
Lithuania,Consumer goods,2019,2,True
Netherlands,Cyber Security,2024,4,True
Germany,Cyber Security,2021,9,True
Spain,Cyber Security,2025,15,True
United Arab Emirates,Cyber Security,2026,5,False
Sweden,Cyber Security,2023,1,True
Bangladesh,Data and analytics,2019,0,True
Ireland,Data and analytics,2025,470,True
Serbia,Data and analytics,2023,0,True
Brazil,Data and analytics,2016,14,True
Iceland,Data and analytics,2020,10,True
Iraq,Data and analytics,2026,3,False
New Zealand,Data and analytics,2019,221,True
Chile,Data and analytics,2022,13,True
Denmark,Data and analytics,2023,152,True
Latvia,Data and analytics,2018,0,True
India,Data and analytics,2026,2443,False
Canada,Data and analytics,2020,1211,True
Canada,Data and analytics,2024,2179,True
Mexico,Data and analytics,2026,414,False
France,Education,2017,1,True
France,Education,2020,16,True
Taiwan,Education,2020,6,True
South Africa,Education,2021,1,True
South Korea,Education,2019,25,True
Saudi Arabia,Education,2021,1,True
Kenya,Education,2022,0,True
Peru,Education,2018,0,True
Peru,Education,2019,1,True
Austria,Education,2019,2,True
Iceland,Education,2020,3,True
Hungary,Education,2023,1,True
Canada,Education,2022,31,True
Turkey,Energy and natural resources,2024,1,True
Chile,Energy and natural resources,2023,1,True
Estonia,Energy and natural resources,2019,0,True
Switzerland,Energy and natural resources,2024,11,True
Germany,Energy and natural resources,2022,59,True
Japan,Facial Recognition,2016,0,True
Japan,Facial Recognition,2021,1,True
Spain,Facial Recognition,2017,15,True
United Kingdom,Facial Recognition,2023,3,True
Netherlands,Facial Recognition,2018,0,True
Austria,Finance,2018,3,True
Cyprus,Finance,2022,1,True
Israel,Finance,2021,677,True
Australia,Finance,2021,792,True
Mauritius,Finance,2022,21,True
South Korea,Finance,2024,34,True
Mexico,Finance,2018,2,True
Denmark,Finance,2025,109,True
Kazakhstan,Finance,2025,0,True
missing,Finance,2022,0,True
Turkey,Finance,2019,1,True
Belgium,Finance,2019,33,True
Belgium,Finance,2023,166,True
India,Gaming,2017,0,True
India,Gaming,2024,10,True
Israel,Gaming,2025,8,True
Italy,Gaming,2025,0,True
South Korea,General purpose,2025,1034,True
Panama,General purpose,2021,1,True
Denmark,General purpose,2023,148,True
Vietnam,General purpose,2022,9,True
Tunisia,General purpose,2019,1,True
Senegal,General purpose,2021,0,True
Spain,General purpose,2020,224,True
missing,General purpose,2019,19,True
Germany,General purpose,2020,1957,True
Thailand,General purpose,2023,17,True
Thailand,General purpose,2024,48,True
Estonia,Hardware,2022,16,True
Pakistan,Hardware,2019,0,True
Austria,Hardware,2016,1,True
Austria,Hardware,2018,5,True
Vietnam,Hardware,2021,10,True
Netherlands,Hardware,2026,138,False
Germany,Hardware,2021,813,True
India,Healthcare and Life Sciences,2017,25,True
Portugal,Healthcare and Life Sciences,2023,6,True
Portugal,Healthcare and Life Sciences,2024,5,True
Australia,Healthcare and Life Sciences,2025,74,True
Cyprus,Healthcare and Life Sciences,2026,0,False
Israel,Healthcare and Life Sciences,2023,135,True
Brazil,Healthcare and Life Sciences,2026,5,False
United Arab Emirates,Healthcare and Life Sciences,2017,1,True
Russia,Healthcare and Life Sciences,2024,0,True
Netherlands,Healthcare and Life Sciences,2017,9,True
France,Information Technology,2020,907,True
France,Information Technology,2026,1803,False
Oman,Information Technology,2019,0,True
Czechia,Information Technology,2025,302,True
Ireland,Information Technology,2017,13,True
Slovakia,Information Technology,2024,6,True
Jordan,Information Technology,2024,0,True
Lithuania,Information Technology,2026,131,False
Egypt,Information Technology,2019,1,True
Singapore,Lending and Investments,2021,33,True
Singapore,Lending and Investments,2026,7,False
Taiwan,Lending and Investments,2026,1,False
Uruguay,Lending and Investments,2021,100,True
India,Lending and Investments,2023,50,True
Ireland,Lending and Investments,2021,55,True
Malaysia,Lending and Investments,2020,1,True
Mauritius,Lending and Investments,2019,2,True
Chile,Manufacturing,2019,0,True
Brazil,Manufacturing,2020,28,True
United Arab Emirates,Manufacturing,2018,2,True
South Korea,Manufacturing,2016,3,True
Mexico,Manufacturing,2024,0,True
Norway,Manufacturing,2025,62,True
Netherlands,Media and Entertainment,2018,10,True
Netherlands,Media and Entertainment,2020,47,True
Sweden,Media and Entertainment,2020,11,True
United Arab Emirates,Media and Entertainment,2026,5,False
Singapore,Media and Entertainment,2026,54,False
Germany,Media and Entertainment,2024,253,True
Switzerland,Media and Entertainment,2021,116,True
United States,Media and Entertainment,2021,5643,True
Colombia,"Military, public safety and government",2025,0,True
Nigeria,"Mobile, platforms & Internet services",2023,1,True
Belgium,"Mobile, platforms & Internet services",2018,10,True
Vietnam,"Mobile, platforms & Internet services",2022,5,True
Austria,"Mobile, platforms & Internet services",2019,3,True
Netherlands,"Mobile, platforms & Internet services",2019,12,True
Bulgaria,"Mobile, platforms & Internet services",2017,0,True
Guatemala,"Mobile, platforms & Internet services",2019,6,True
Portugal,"Mobile, platforms & Internet services",2020,4,True
United Kingdom,"Mobile, platforms & Internet services",2016,1125,True
Romania,"Mobile, platforms & Internet services",2020,1,True
Taiwan,"Mobile, platforms & Internet services",2021,48,True
Taiwan,"Mobile, platforms & Internet services",2025,18,True
Taiwan,NLP,2023,6,True
Germany,NLP,2020,243,True
Vietnam,NLP,2024,1,True
China,NLP,2021,64,True
Malaysia,NLP,2019,0,True
South Korea,Navigation and mapping,2019,2,True
Saudi Arabia,Other,2024,0,True
Switzerland,Other,2025,277,True
Turkey,Other,2018,0,True
Turkey,Other,2020,1,True
Bulgaria,Other,2024,0,True
Estonia,Other,2022,0,True
Egypt,Other,2021,6,True
Argentina,Other,2020,0,True
Argentina,Other,2021,0,True
Indonesia,Other,2017,1,True
Sweden,Other,2025,1148,True
Poland,Other,2023,3,True
Mexico,Other,2026,0,False
New Zealand,Other,2020,0,True
Romania,Other,2020,1,True
Colombia,Other,2022,1,True
Poland,Privacy and Security,2021,1,True
Israel,Privacy and Security,2019,61,True
Norway,Privacy and Security,2022,0,True
Tunisia,Professional services,2019,0,True
France,Professional services,2019,368,True
Israel,Professional services,2026,441,False
Indonesia,Professional services,2022,10,True
Lithuania,Professional services,2023,0,True
United Kingdom,Professional services,2018,4580,True
Canada,Professional services,2026,230,False
Lebanon,Professional services,2022,0,True
Finland,Professional services,2018,385,True
India,Professional services,2019,169,True
Switzerland,Professional services,2019,2,True
Austria,Real estate,2020,9,True
Estonia,Real estate,2023,3,True
Cyprus,Real estate,2024,1,True
Spain,Real estate,2017,1,True
New Zealand,Real estate,2016,136,True
New Zealand,Real estate,2019,0,True
Australia,Robotics,2017,2,True
Spain,Robotics,2022,0,True
Japan,Robotics,2021,25,True
Switzerland,Robotics,2025,53,True
Brazil,Robotics,2020,6,True
Canada,Robotics,2017,1,True
Switzerland,"Sales, retail, commerce, marketing",2023,31,True
Australia,"Sales, retail, commerce, marketing",2016,26,True
Canada,"Sales, retail, commerce, marketing",2024,445,True
Chile,"Sales, retail, commerce, marketing",2026,1,False
Germany,"Sales, retail, commerce, marketing",2016,374,True
Germany,"Sales, retail, commerce, marketing",2021,344,True
Latvia,"Sales, retail, commerce, marketing",2026,0,False
Ireland,"Sales, retail, commerce, marketing",2018,14,True
Norway,"Sales, retail, commerce, marketing",2020,10,True
missing,"Sales, retail, commerce, marketing",2026,185,False
Israel,"Sales, retail, commerce, marketing",2026,2182,False
Oman,"Sales, retail, commerce, marketing",2025,0,True
Hungary,"Sales, retail, commerce, marketing",2025,3,True
Netherlands,"Sales, retail, commerce, marketing",2017,41,True
Netherlands,"Sales, retail, commerce, marketing",2025,255,True
Spain,"Sales, retail, commerce, marketing",2019,35,True
missing,Semiconductor,2024,67,True
Israel,Semiconductor,2025,19,True
Italy,Semiconductor,2024,1,True
South Korea,Simulation,2024,2,True
Singapore,Simulation,2018,2,True
Belgium,Simulation,2022,1,True
Finland,Simulation,2019,0,True
Saudi Arabia,Software,2026,1325,False
Zambia,Software,2026,0,False
Belgium,Software,2020,265,True
South Africa,Software,2016,52,True
India,Software,2016,172,True
Rwanda,Software,2024,1,True
Singapore,Software,2021,1664,True
missing,Software,2025,3836,True
Bahrain,Software,2020,0,True
Cyprus,Software,2022,8,True
Czechia,Software,2021,55,True
Peru,Software,2021,1,True
Poland,Software,2020,114,True
Turkey,Software,2017,20,True
Slovenia,Software,2025,10,True
Ghana,Software,2019,0,True
Australia,Software,2022,769,True
Bosnia and Herzegovina,Software,2016,0,True
Iraq,Software,2022,2,True
Qatar,Software,2024,5,True
Bulgaria,Software,2021,15,True
Ireland,Speech Recognition,2016,0,True
Ireland,Speech Recognition,2020,2,True
Singapore,Speech Recognition,2023,5,True
United Kingdom,Speech Recognition,2026,3,False
Serbia,Speech Recognition,2022,0,True
Hungary,Sports,2021,1,True
South Korea,Sports,2026,2,False
Paraguay,Sports,2021,0,True
Vietnam,Sports,2023,0,True
India,Sports,2017,1,True
India,Sports,2026,36,False
New Zealand,Sports,2025,7,True
Ireland,Sports,2023,3,True
United Kingdom,Telecommunications,2016,204,True
Turkey,Transportation,2025,2,True
Jordan,Transportation,2026,0,False
Qatar,Transportation,2024,4,True
Qatar,Transportation,2026,1,False
Spain,Transportation,2023,60,True
Finland,Transportation,2017,12,True
Ireland,Transportation,2023,3,True
Germany,Transportation,2016,475,True
Greece,Agriculture,2023,220,True
South Africa,Agriculture,2023,0,True
United States,Agriculture,2021,993,True
Japan,Agriculture,2023,14,True
Brazil,Agriculture,2021,3,True
Denmark,Agriculture,2023,7,True
Israel,Agriculture,2020,23,True
Netherlands,All,2026,2238,False
United Kingdom,All,2016,3328,True
Lebanon,All,2017,3,True
Saudi Arabia,All,2018,791,True
Venezuela,All,2021,0,True
Slovenia,All,2016,1,True
Slovenia,All,2026,2,False
Kenya,All,2021,29,True
Bosnia and Herzegovina,All,2023,0,True
Ukraine,All,2022,0,True
New Zealand,All,2018,101,True
New Zealand,All,2019,228,True
Spain,All,2024,1016,True
Sweden,All,2018,130,True
Uganda,All,2023,0,True
Japan,All,2021,1320,True
Tajikistan,All,2025,3,True
Uruguay,All,2023,171,True
Ghana,All,2017,0,True
Algeria,All,2021,0,True
Dominican Republic,All,2021,0,True
Chile,All,2024,76,True
Chile,All,2026,12,False
Uruguay,Biotechnology,2021,2,True
Sweden,Biotechnology,2017,0,True
Japan,Biotechnology,2020,19,True
Netherlands,Biotechnology,2017,3,True
Poland,Biotechnology,2024,1,True
Brazil,Community and Lifestyle,2019,1,True
Uruguay,Community and Lifestyle,2026,1,False
Spain,Community and Lifestyle,2016,1,True
Portugal,Community and Lifestyle,2017,0,True
China,Community and Lifestyle,2025,435,True
Kenya,Community and Lifestyle,2022,0,True
India,Community and Lifestyle,2019,44,True
Saudi Arabia,Community and Lifestyle,2022,1025,True
Denmark,Community and Lifestyle,2019,0,True
Tunisia,Community and Lifestyle,2022,0,True
Canada,Computer Vision,2022,42,True
Malaysia,Computer Vision,2019,3,True
Lithuania,Computer Vision,2024,0,True
Japan,Computer Vision,2023,311,True
Kenya,Consumer goods,2024,0,True
Chile,Consumer goods,2020,2,True
Saudi Arabia,Consumer goods,2025,250,True
Australia,Consumer goods,2018,7,True
Poland,Consumer goods,2016,1,True
United States,Consumer goods,2023,1802,True
Hungary,Consumer goods,2019,2,True
Ukraine,Consumer goods,2026,0,False
Ireland,Consumer goods,2025,1,True
Hungary,Cyber Security,2021,0,True
Ireland,Cyber Security,2020,8,True
Canada,Cyber Security,2018,108,True
Argentina,Data and analytics,2025,82,True
Jordan,Data and analytics,2018,0,True
Azerbaijan,Data and analytics,2026,0,False
Portugal,Data and analytics,2025,238,True
Belgium,Data and analytics,2025,368,True
Ukraine,Data and analytics,2020,4,True
Taiwan,Data and analytics,2016,14,True
Japan,Data and analytics,2018,506,True
Israel,Data and analytics,2024,4862,True
Italy,Data and analytics,2019,190,True
Saudi Arabia,Data and analytics,2022,1350,True
Saudi Arabia,Data and analytics,2026,1325,False
Latvia,Data and analytics,2026,1,False
India,Data and analytics,2017,99,True
Malaysia,Data and analytics,2026,117,False
Georgia,Data and analytics,2024,0,True
missing,Data and analytics,2024,936,True
Mexico,Data and analytics,2016,6,True
United Arab Emirates,Education,2021,6,True
United Arab Emirates,Education,2022,8,True
Sweden,Education,2018,3,True
Egypt,Education,2021,0,True
Taiwan,Education,2016,1,True
Peru,Education,2020,3,True
Ukraine,Education,2022,0,True
Lithuania,Education,2021,0,True
Israel,Education,2022,5,True
Portugal,Energy and natural resources,2017,1,True
France,Energy and natural resources,2018,17,True
Thailand,Energy and natural resources,2018,0,True
Finland,Energy and natural resources,2019,2,True
United Kingdom,Energy and natural resources,2017,59,True
Tunisia,Energy and natural resources,2019,0,True
Norway,Energy and natural resources,2020,5,True
Saudi Arabia,Facial Recognition,2021,3,True
Croatia,Facial Recognition,2024,3,True
Canada,Facial Recognition,2017,0,True
Hungary,Finance,2022,0,True
France,Finance,2024,324,True
Ghana,Finance,2023,13,True
Finland,Finance,2017,1,True
Russia,Finance,2019,5,True
South Korea,Finance,2017,9,True
Pakistan,Finance,2025,0,True
missing,Finance,2021,17,True
Jordan,Finance,2026,5,False
Zambia,Finance,2025,0,True
Switzerland,Finance,2020,128,True
Taiwan,Finance,2016,1,True
Taiwan,Finance,2019,14,True
South Africa,Finance,2021,33,True
South Africa,Finance,2022,0,True
Turkey,Gaming,2021,1,True
United Arab Emirates,Gaming,2021,0,True
India,Gaming,2025,2,True
Canada,Gaming,2023,7,True
South Korea,Gaming,2024,4,True
China,Gaming,2018,5,True
Romania,Gaming,2019,1,True
Australia,Gaming,2020,0,True
Iceland,Gaming,2016,1,True
United States,General purpose,2016,8323,True
Argentina,General purpose,2017,4,True
Nigeria,General purpose,2018,5,True
Mauritius,General purpose,2021,24,True
Denmark,General purpose,2016,11,True
Vietnam,General purpose,2019,7,True
Ukraine,General purpose,2024,283,True
Dominican Republic,General purpose,2020,0,True
Austria,General purpose,2025,388,True
Costa Rica,General purpose,2025,1,True
Honduras,General purpose,2024,0,True
Chile,General purpose,2023,6,True
Cyprus,General purpose,2022,5,True
Kenya,General purpose,2019,6,True
Latvia,General purpose,2018,0,True
Mexico,General purpose,2017,13,True
Mexico,General purpose,2019,3,True
Italy,General purpose,2024,322,True
Egypt,Hardware,2019,0,True
Taiwan,Hardware,2016,8,True
Belgium,Hardware,2025,8,True
France,Hardware,2016,17,True
Philippines,Hardware,2022,0,True
United Arab Emirates,Hardware,2020,2,True
Norway,Hardware,2025,45,True
Argentina,Hardware,2020,0,True
Poland,Healthcare and Life Sciences,2020,7,True
Sri Lanka,Healthcare and Life Sciences,2019,0,True
Iceland,Healthcare and Life Sciences,2017,0,True
Japan,Healthcare and Life Sciences,2016,7,True
United Arab Emirates,Healthcare and Life Sciences,2024,7,True
Belgium,Healthcare and Life Sciences,2016,0,True
Belgium,Healthcare and Life Sciences,2018,1,True
Côte d'Ivoire,Healthcare and Life Sciences,2024,0,True
Hungary,Healthcare and Life Sciences,2022,3,True
Hungary,Healthcare and Life Sciences,2023,6,True
Italy,Healthcare and Life Sciences,2026,11,False
China,Information Technology,2020,2005,True
Kazakhstan,Information Technology,2020,1,True
Japan,Information Technology,2024,378,True
Singapore,Information Technology,2026,8141,False
Ireland,Information Technology,2019,38,True
Kenya,Information Technology,2025,0,True
Sweden,Information Technology,2018,15,True
Latvia,Information Technology,2019,2,True
Latvia,Information Technology,2026,0,False
Netherlands,Information Technology,2023,412,True
Morocco,Information Technology,2024,2,True
Mexico,Information Technology,2019,3,True
Norway,Information Technology,2022,144,True
United Kingdom,Information Technology,2020,1662,True
Italy,Information Technology,2024,358,True
Israel,Information Technology,2020,616,True
Germany,Lending and Investments,2019,17,True
Uruguay,Lending and Investments,2020,0,True
Iceland,Manufacturing,2021,2,True
Netherlands,Manufacturing,2019,12,True
Luxembourg,Manufacturing,2023,2,True
Thailand,Manufacturing,2018,0,True
Thailand,Manufacturing,2021,4,True
China,Manufacturing,2016,42,True
China,Manufacturing,2022,2360,True
China,Manufacturing,2026,2851,False
India,Manufacturing,2018,4,True
Indonesia,Media and Entertainment,2024,0,True
Austria,Media and Entertainment,2019,3,True
Romania,Media and Entertainment,2022,0,True
Slovakia,Media and Entertainment,2026,0,False
Panama,Media and Entertainment,2025,0,True
Greece,Media and Entertainment,2023,0,True
Czechia,Media and Entertainment,2022,39,True
Albania,Media and Entertainment,2020,6,True
Spain,Media and Entertainment,2019,60,True
United States,Media and Entertainment,2022,4030,True
Belgium,"Military, public safety and government",2017,2,True
United Kingdom,"Military, public safety and government",2025,89,True
United States,"Military, public safety and government",2022,2588,True
United States,"Military, public safety and government",2025,3653,True
Malaysia,"Mobile, platforms & Internet services",2017,1,True
Vietnam,"Mobile, platforms & Internet services",2020,1,True
Finland,"Mobile, platforms & Internet services",2016,1,True
Cyprus,"Mobile, platforms & Internet services",2024,3,True
Cyprus,"Mobile, platforms & Internet services",2025,19,True
Zambia,"Mobile, platforms & Internet services",2021,0,True
Austria,"Mobile, platforms & Internet services",2022,2,True
Japan,"Mobile, platforms & Internet services",2022,60,True
Netherlands,"Mobile, platforms & Internet services",2016,594,True
Estonia,"Mobile, platforms & Internet services",2026,3,False
Bulgaria,"Mobile, platforms & Internet services",2019,1,True
Slovakia,"Mobile, platforms & Internet services",2022,21,True
Sweden,"Mobile, platforms & Internet services",2021,20,True
Thailand,NLP,2021,3,True
Japan,NLP,2019,8,True
Spain,NLP,2018,2,True
Canada,Navigation and mapping,2021,28,True
India,Navigation and mapping,2021,2,True
Switzerland,Navigation and mapping,2022,45,True
Portugal,Other,2019,10,True
Portugal,Other,2022,0,True
Switzerland,Other,2022,2,True
Estonia,Other,2023,1,True
Austria,Other,2021,0,True
Italy,Other,2021,2495,True
Spain,Other,2016,0,True
New Zealand,Other,2018,3,True
Nigeria,Other,2018,0,True
Singapore,Other,2019,3,True
Canada,Other,2023,298,True
Netherlands,Other,2022,101,True
Rwanda,Other,2026,0,False
Slovakia,Other,2020,6,True
Slovenia,Other,2025,9,True
Netherlands,Privacy and Security,2016,11,True
Netherlands,Privacy and Security,2019,91,True
Canada,Privacy and Security,2016,53,True
Japan,Privacy and Security,2024,10,True
Czechia,Privacy and Security,2021,7,True
Turkey,Privacy and Security,2019,0,True
Brazil,Privacy and Security,2026,81,False
Hungary,Professional services,2021,0,True
Ukraine,Professional services,2018,0,True
Colombia,Professional services,2018,0,True
Ireland,Professional services,2023,7,True
Singapore,Professional services,2025,36,True
Chile,Professional services,2019,0,True
Nigeria,Professional services,2023,4,True
United Kingdom,Professional services,2024,884,True
Australia,Professional services,2026,41,False
Canada,Professional services,2022,4826,True
Czechia,Professional services,2016,0,True
Canada,Real estate,2018,12,True
Ireland,Real estate,2017,2,True
Spain,Real estate,2016,3,True
Norway,Real estate,2019,4,True
Germany,Real estate,2024,78,True
Romania,Real estate,2021,1,True
Israel,Real estate,2019,18,True
Israel,Real estate,2020,15,True
Chile,Real estate,2018,0,True
Denmark,Robotics,2024,8,True
Sweden,Robotics,2019,14,True
United States,Robotics,2021,3144,True
Canada,Robotics,2021,10,True
Czechia,"Sales, retail, commerce, marketing",2023,1,True
Armenia,"Sales, retail, commerce, marketing",2024,0,True
Canada,"Sales, retail, commerce, marketing",2025,1032,True
Mexico,"Sales, retail, commerce, marketing",2020,26,True
Poland,"Sales, retail, commerce, marketing",2023,28,True
Panama,"Sales, retail, commerce, marketing",2023,0,True
Singapore,"Sales, retail, commerce, marketing",2017,92,True
Tanzania,"Sales, retail, commerce, marketing",2023,0,True
Indonesia,"Sales, retail, commerce, marketing",2020,7,True
Latvia,"Sales, retail, commerce, marketing",2016,0,True
Russia,"Sales, retail, commerce, marketing",2021,16,True
Turkey,"Sales, retail, commerce, marketing",2016,10,True
Belgium,"Sales, retail, commerce, marketing",2017,19,True
France,"Sales, retail, commerce, marketing",2024,334,True
Lithuania,"Sales, retail, commerce, marketing",2025,8,True
Israel,"Sales, retail, commerce, marketing",2019,2104,True
Peru,"Sales, retail, commerce, marketing",2023,0,True
Brazil,"Sales, retail, commerce, marketing",2021,139,True
Israel,Semiconductor,2026,894,False
United States,Semiconductor,2019,899,True
Japan,Semiconductor,2021,5,True
Japan,Semiconductor,2026,2,False
France,Simulation,2021,5,True
China,Simulation,2024,14,True
United States,Simulation,2017,13,True
Germany,Simulation,2022,2,True
Spain,Simulation,2026,1,False
Slovakia,Simulation,2022,0,True
Israel,Software,2026,9725,False
Greece,Software,2023,333,True
Zambia,Software,2022,0,True
Philippines,Software,2020,9,True
Tajikistan,Software,2024,3,True
Portugal,Software,2020,13,True
Portugal,Software,2023,37,True
Rwanda,Software,2026,0,False
Bahrain,Software,2021,195,True
Dominican Republic,Software,2021,0,True
Czechia,Software,2016,3,True
Kenya,Software,2021,27,True
Iraq,Software,2025,15,True
Germany,Software,2025,20680,True
Mexico,Software,2017,19,True
Brazil,Software,2024,486,True
Pakistan,Software,2016,0,True
Ecuador,Software,2017,5,True
Ecuador,Software,2021,0,True
Malaysia,Software,2024,24,True
Taiwan,Software,2022,160,True
Taiwan,Software,2024,6720,True
India,Speech Recognition,2016,7,True
France,Speech Recognition,2023,1,True
Switzerland,Sports,2019,0,True
Australia,Sports,2021,29,True
Canada,Sports,2023,1,True
Lithuania,Sports,2025,2,True
United States,Sports,2019,220,True
Sweden,Sports,2021,2368,True
Germany,Sports,2021,3,True
India,Telecommunications,2017,13,True
Colombia,Telecommunications,2017,0,True
Brazil,Telecommunications,2025,666,True
France,Telecommunications,2022,101,True
Malaysia,Telecommunications,2020,2,True
Australia,Telecommunications,2021,10,True
South Korea,Transportation,2019,17,True
Austria,Transportation,2021,2,True
Czechia,Transportation,2026,9,False
Malaysia,Transportation,2016,3,True
Singapore,Transportation,2017,2,True
Sweden,Transportation,2024,5,True
Belgium,Transportation,2024,5,True
India,Transportation,2024,88,True
Spain,Transportation,2017,4,True
China,Transportation,2026,1488,False
Sweden,Agriculture,2024,8,True
South Korea,Agriculture,2022,50,True
Serbia,Agriculture,2022,0,True
Denmark,Agriculture,2025,1,True
Philippines,All,2023,9,True
Saint Kitts and Nevis,All,2022,4,True
Mexico,All,2018,8,True
Greece,All,2023,443,True
Kenya,All,2019,25,True
Kenya,All,2022,46,True
South Korea,All,2018,350,True
Bosnia and Herzegovina,All,2025,0,True
Luxembourg,All,2026,36,False
Spain,All,2022,906,True
Nigeria,All,2021,51,True
United States,All,2017,26733,True
Uruguay,All,2025,5,True
Bangladesh,All,2019,0,True
missing,All,2026,57221,False
Ghana,All,2018,1,True
Chile,All,2023,8,True
Uruguay,Biotechnology,2026,0,False
United Kingdom,Biotechnology,2018,61,True
Saudi Arabia,Biotechnology,2018,0,True
Chile,Biotechnology,2025,0,True
Hungary,Biotechnology,2018,0,True
Thailand,Biotechnology,2020,0,True
Hungary,Community and Lifestyle,2022,0,True
missing,Community and Lifestyle,2019,0,True
Portugal,Community and Lifestyle,2022,6,True
China,Community and Lifestyle,2018,102,True
Philippines,Community and Lifestyle,2025,6,True
New Zealand,Community and Lifestyle,2022,0,True
United Arab Emirates,Community and Lifestyle,2023,7,True
India,Community and Lifestyle,2024,31,True
Saudi Arabia,Community and Lifestyle,2018,1,True
Ireland,Community and Lifestyle,2018,10,True
Turkey,Community and Lifestyle,2024,0,True
Malaysia,Computer Vision,2021,22,True
China,Computer Vision,2025,269,True
Romania,Computer Vision,2019,0,True
Lithuania,Computer Vision,2021,0,True
Slovakia,Computer Vision,2016,1,True
Denmark,Computer Vision,2021,1,True
United Arab Emirates,Computer Vision,2025,1,True
Belgium,Computer Vision,2022,232,True
Austria,Computer Vision,2024,21,True
Indonesia,Computer Vision,2020,0,True
Italy,Consumer goods,2022,1,True
Germany,Consumer goods,2018,469,True
Hungary,Consumer goods,2016,0,True
Singapore,Consumer goods,2020,150,True
Brazil,Consumer goods,2017,3,True
Turkey,Consumer goods,2018,0,True
Ireland,Consumer goods,2024,0,True
Japan,Consumer goods,2024,12,True
Japan,Consumer goods,2025,7,True
Norway,Consumer goods,2024,4,True
Finland,Consumer goods,2021,2,True
Portugal,Cyber Security,2024,1,True
Spain,Cyber Security,2026,3,False
India,Cyber Security,2021,8,True
France,Cyber Security,2021,2,True
Bangladesh,Data and analytics,2024,1,True
Ireland,Data and analytics,2017,50,True
Ireland,Data and analytics,2021,647,True
Argentina,Data and analytics,2024,556,True
Hungary,Data and analytics,2017,3,True
Hungary,Data and analytics,2018,6,True
Uganda,Data and analytics,2019,0,True
Norway,Data and analytics,2016,1,True
Uzbekistan,Data and analytics,2026,0,False
Mauritius,Data and analytics,2019,50,True
South Korea,Data and analytics,2020,747,True
Sweden,Data and analytics,2018,67,True
Chile,Data and analytics,2021,36,True
Bulgaria,Data and analytics,2017,3,True
Italy,Data and analytics,2023,176,True
Saudi Arabia,Data and analytics,2021,2007,True
Latvia,Data and analytics,2022,0,True
Netherlands,Data and analytics,2019,257,True
Croatia,Data and analytics,2021,171,True
Georgia,Data and analytics,2023,0,True
Sri Lanka,Data and analytics,2019,1,True
United Kingdom,Data and analytics,2026,9029,False
Taiwan,Education,2021,2,True
Belgium,Education,2024,131,True
China,Education,2023,252,True
Canada,Education,2019,19,True
Spain,Education,2020,2,True
Mexico,Energy and natural resources,2019,0,True
Japan,Energy and natural resources,2020,4,True
Nigeria,Energy and natural resources,2022,0,True
Australia,Energy and natural resources,2018,2,True
Colombia,Energy and natural resources,2021,4,True
Israel,Energy and natural resources,2021,75,True
Switzerland,Energy and natural resources,2019,0,True
France,Facial Recognition,2017,1,True
Finland,Facial Recognition,2017,1,True
Australia,Facial Recognition,2022,5,True
Russia,Facial Recognition,2017,2,True
Austria,Finance,2024,151,True
Austria,Finance,2025,24,True
Israel,Finance,2022,132,True
Canada,Finance,2021,225,True
France,Finance,2019,217,True
United Arab Emirates,Finance,2025,725,True
United Kingdom,Finance,2022,882,True
Qatar,Finance,2021,4,True
Qatar,Finance,2023,1,True
Denmark,Finance,2024,4,True
missing,Finance,2024,121,True
Portugal,Finance,2018,1,True
Turkey,Finance,2018,0,True
Indonesia,Finance,2024,14,True
United Arab Emirates,Gaming,2025,9,True
Poland,Gaming,2020,5,True
Poland,Gaming,2021,2,True
Sri Lanka,Gaming,2017,2,True
Japan,Gaming,2023,1,True
Sweden,Gaming,2018,2,True
Germany,Gaming,2024,2,True
Poland,General purpose,2017,19,True
Nigeria,General purpose,2016,50,True
Pakistan,General purpose,2022,3,True
Norway,General purpose,2024,695,True
Indonesia,General purpose,2024,42,True
Spain,General purpose,2019,192,True
Hungary,General purpose,2017,2,True
Zimbabwe,General purpose,2023,0,True
Bahrain,General purpose,2025,3,True
Luxembourg,General purpose,2016,0,True
Luxembourg,General purpose,2020,4,True
Singapore,General purpose,2023,1633,True
Finland,General purpose,2023,1086,True
China,Hardware,2018,1241,True
Egypt,Hardware,2022,0,True
Taiwan,Hardware,2020,29,True
Croatia,Hardware,2026,3,False
missing,Hardware,2020,13,True
Pakistan,Hardware,2018,0,True
Israel,Hardware,2022,312,True
France,Hardware,2025,491,True
Denmark,Hardware,2026,93,False
Norway,Hardware,2022,14,True
Saudi Arabia,Hardware,2016,1002,True
Germany,Hardware,2024,1067,True
Russia,Hardware,2020,1,True
Canada,Healthcare and Life Sciences,2020,77,True
Lithuania,Healthcare and Life Sciences,2025,2,True
Mexico,Healthcare and Life Sciences,2022,7,True
Singapore,Healthcare and Life Sciences,2019,7,True
Bangladesh,Healthcare and Life Sciences,2023,0,True
Spain,Healthcare and Life Sciences,2026,60,False
Estonia,Healthcare and Life Sciences,2022,1,True
Indonesia,Healthcare and Life Sciences,2025,1,True
Argentina,Healthcare and Life Sciences,2022,5,True
missing,Healthcare and Life Sciences,2022,2,True
Russia,Information Technology,2025,1,True
Taiwan,Information Technology,2021,68,True
Portugal,Information Technology,2022,29,True
Iceland,Information Technology,2018,0,True
Bulgaria,Information Technology,2019,1,True
Mexico,Information Technology,2016,3,True
Argentina,Information Technology,2018,1,True
United Kingdom,Information Technology,2017,405,True
Switzerland,Information Technology,2021,445,True
Germany,Lending and Investments,2024,83,True
Poland,Lending and Investments,2020,0,True
Singapore,Lending and Investments,2018,13,True
South Africa,Lending and Investments,2023,1,True
Spain,Lending and Investments,2018,1,True
United Kingdom,Lending and Investments,2025,170,True
Austria,Lending and Investments,2019,0,True
United Kingdom,Manufacturing,2023,66,True
Netherlands,Manufacturing,2020,2,True
Ireland,Manufacturing,2021,7,True
New Zealand,Manufacturing,2023,0,True
United States,Manufacturing,2025,11669,True
Norway,Manufacturing,2019,2,True
France,Manufacturing,2017,14,True
Germany,Manufacturing,2023,461,True
Portugal,Manufacturing,2019,3,True
Poland,Manufacturing,2016,3,True
Poland,Manufacturing,2018,2,True
Armenia,Media and Entertainment,2025,0,True
Italy,Media and Entertainment,2016,5,True
Luxembourg,Media and Entertainment,2017,1,True
Saudi Arabia,Media and Entertainment,2020,4,True
Slovakia,"Military, public safety and government",2020,1,True
Romania,"Military, public safety and government",2023,1,True
Canada,"Military, public safety and government",2020,9,True
Taiwan,"Military, public safety and government",2020,2,True
France,"Military, public safety and government",2016,2,True
Portugal,"Military, public safety and government",2025,107,True
Nigeria,"Mobile, platforms & Internet services",2021,0,True
Poland,"Mobile, platforms & Internet services",2025,480,True
Ireland,"Mobile, platforms & Internet services",2020,11,True
Austria,"Mobile, platforms & Internet services",2023,6,True
Colombia,"Mobile, platforms & Internet services",2021,2,True
Latvia,"Mobile, platforms & Internet services",2024,0,True
Bangladesh,"Mobile, platforms & Internet services",2020,1,True
Denmark,"Mobile, platforms & Internet services",2020,87,True
United States,"Mobile, platforms & Internet services",2017,4570,True
Norway,"Mobile, platforms & Internet services",2018,1,True
missing,"Mobile, platforms & Internet services",2021,18,True
United Kingdom,"Mobile, platforms & Internet services",2020,851,True
Kenya,"Mobile, platforms & Internet services",2017,1,True
Kenya,"Mobile, platforms & Internet services",2018,22,True
Italy,"Mobile, platforms & Internet services",2017,2,True
Taiwan,"Mobile, platforms & Internet services",2019,53,True
Indonesia,"Mobile, platforms & Internet services",2021,108,True
Venezuela,"Mobile, platforms & Internet services",2019,1,True
Mongolia,NLP,2018,0,True
Mongolia,NLP,2021,0,True
Portugal,NLP,2023,3,True
Singapore,NLP,2017,3,True
Singapore,NLP,2022,107,True
United States,NLP,2023,13158,True
Brazil,NLP,2021,2,True
Poland,NLP,2023,18,True
South Africa,Navigation and mapping,2022,0,True
Bolivia,Navigation and mapping,2022,1,True
Switzerland,Navigation and mapping,2025,5,True
Germany,Navigation and mapping,2019,5,True
China,Other,2022,261,True
Switzerland,Other,2024,17,True
Turkey,Other,2022,1,True
Estonia,Other,2025,1,True
Italy,Other,2024,115,True
Italy,Other,2026,0,False
Sweden,Other,2022,3427,True
France,Other,2021,317,True
Poland,Other,2024,5,True
Nigeria,Other,2022,0,True
Australia,Other,2019,24,True
Chile,Other,2017,1,True
Chile,Other,2019,0,True
Netherlands,Other,2026,17,False
Malaysia,Other,2019,3,True
Poland,Privacy and Security,2025,27,True
France,Privacy and Security,2016,3,True
United States,Privacy and Security,2021,10504,True
Taiwan,Privacy and Security,2023,10,True
Singapore,Privacy and Security,2018,15,True
Singapore,Privacy and Security,2019,17,True
Romania,Professional services,2019,1,True
United Arab Emirates,Professional services,2020,2,True
Bulgaria,Professional services,2024,3,True
Spain,Professional services,2023,190,True
Egypt,Professional services,2018,0,True
Lithuania,Professional services,2021,0,True
Austria,Professional services,2018,3,True
Austria,Professional services,2019,68,True
Netherlands,Professional services,2016,4,True
Turkey,Professional services,2018,0,True
Denmark,Professional services,2025,197,True
Luxembourg,Professional services,2021,272,True
South Korea,Real estate,2026,17,False
Vietnam,Real estate,2023,2,True
Switzerland,Real estate,2022,13,True
Chile,Real estate,2016,0,True
United Arab Emirates,Real estate,2016,0,True
Belgium,Real estate,2026,0,False
Switzerland,Robotics,2016,3,True
Italy,Robotics,2019,1,True
Malaysia,Robotics,2024,0,True
India,Robotics,2025,33,True
Singapore,Robotics,2024,104,True
Norway,Robotics,2024,132,True
Portugal,"Sales, retail, commerce, marketing",2026,17,False
United States,"Sales, retail, commerce, marketing",2019,13562,True
China,"Sales, retail, commerce, marketing",2019,147,True
Albania,"Sales, retail, commerce, marketing",2019,7,True
Vietnam,"Sales, retail, commerce, marketing",2018,0,True
Panama,"Sales, retail, commerce, marketing",2024,0,True
Moldova,"Sales, retail, commerce, marketing",2025,0,True
Turkey,"Sales, retail, commerce, marketing",2020,4,True
Bulgaria,"Sales, retail, commerce, marketing",2024,3,True
France,"Sales, retail, commerce, marketing",2025,1365,True
Israel,"Sales, retail, commerce, marketing",2024,532,True
Colombia,"Sales, retail, commerce, marketing",2017,0,True
Ukraine,"Sales, retail, commerce, marketing",2020,2,True
Australia,Semiconductor,2022,5,True
Canada,Semiconductor,2026,111,False
France,Semiconductor,2021,109,True
Kenya,Semiconductor,2024,1,True
United Kingdom,Simulation,2023,11,True
Indonesia,Software,2020,268,True
South Korea,Software,2023,1269,True
Uruguay,Software,2021,100,True
Colombia,Software,2022,21,True
Belarus,Software,2020,1,True
Latvia,Software,2018,8,True
Poland,Software,2022,123,True
Lithuania,Software,2022,3,True
Lithuania,Software,2025,24,True
New Zealand,Software,2026,88,False
Ukraine,Software,2018,0,True
Qatar,Software,2020,0,True
Mexico,Software,2024,154,True
Bulgaria,Software,2017,3,True
Bangladesh,Software,2026,0,False
Spain,Speech Recognition,2022,0,True
Israel,Speech Recognition,2020,0,True
Denmark,Speech Recognition,2018,2,True
Belgium,Speech Recognition,2017,0,True
Estonia,Speech Recognition,2026,1,False
Hungary,Sports,2020,1,True
United States,Sports,2024,740,True
Poland,Sports,2017,1,True
Poland,Sports,2021,4,True
Netherlands,Sports,2023,2,True
Ireland,Sports,2017,3,True
China,Telecommunications,2021,15,True
Mexico,Telecommunications,2018,1,True
South Korea,Telecommunications,2021,163,True
South Korea,Telecommunications,2025,2,True
France,Telecommunications,2024,6,True
Nigeria,Telecommunications,2019,0,True
United States,Telecommunications,2018,693,True
South Korea,Transportation,2020,41,True
Australia,Transportation,2020,5,True
Greece,Transportation,2022,11,True
Estonia,Transportation,2020,10,True
Switzerland,Transportation,2017,70,True
Brazil,Transportation,2016,0,True
Egypt,Transportation,2018,0,True
Japan,Transportation,2025,84,True
Spain,Transportation,2020,11,True
Portugal,Transportation,2017,1,True
Ireland,Transportation,2019,3,True
Ireland,Transportation,2025,4,True
Germany,Transportation,2021,744,True
Sweden,Agriculture,2025,2,True
Estonia,Agriculture,2024,3,True
Netherlands,Agriculture,2021,2,True
New Zealand,Agriculture,2023,0,True
Canada,Agriculture,2023,42,True
Belgium,Agriculture,2026,9,False
Spain,Agriculture,2023,4,True
Turkey,Agriculture,2021,1,True
France,All,2016,837,True
Austria,All,2025,486,True
Iran,All,2018,0,True
Kazakhstan,All,2022,3,True
Ukraine,All,2019,31,True
Malta,All,2020,38,True
Uganda,All,2019,0,True
Finland,All,2018,448,True
Cyprus,All,2025,70,True
Czechia,All,2023,127,True
Australia,All,2026,13296,False
Sri Lanka,All,2023,5,True
Canada,All,2023,4052,True
Thailand,All,2022,75,True
Vietnam,Biotechnology,2026,2,False
Japan,Biotechnology,2021,4,True
Turkey,Biotechnology,2025,6,True
China,Biotechnology,2023,166,True
New Zealand,Biotechnology,2018,50,True
Canada,Biotechnology,2020,36,True
Canada,Biotechnology,2025,276,True
Brazil,Biotechnology,2020,1,True
United States,Biotechnology,2023,2800,True
Taiwan,Biotechnology,2018,0,True
Bahrain,Biotechnology,2021,0,True
Brazil,Community and Lifestyle,2020,39,True
Hungary,Community and Lifestyle,2024,0,True
United Kingdom,Community and Lifestyle,2022,230,True
United Kingdom,Community and Lifestyle,2023,263,True
Australia,Community and Lifestyle,2021,5,True
Saudi Arabia,Community and Lifestyle,2017,3,True
Tunisia,Community and Lifestyle,2024,0,True
Japan,Community and Lifestyle,2017,4,True
Singapore,Community and Lifestyle,2017,6,True
Singapore,Community and Lifestyle,2026,377,False
Germany,Community and Lifestyle,2021,167,True
Israel,Community and Lifestyle,2016,6,True
Netherlands,Community and Lifestyle,2018,5,True
Saudi Arabia,Computer Vision,2018,0,True
Spain,Computer Vision,2026,21,False
Italy,Computer Vision,2018,1,True
Slovakia,Computer Vision,2019,1,True
Chile,Computer Vision,2020,0,True
Japan,Computer Vision,2019,81,True
Trinidad and Tobago,Computer Vision,2026,4,False
Belgium,Computer Vision,2017,0,True
Switzerland,Consumer goods,2023,1,True
Switzerland,Consumer goods,2024,252,True
France,Consumer goods,2016,4,True
Austria,Consumer goods,2024,6,True
Denmark,Consumer goods,2021,7,True
Portugal,Consumer goods,2021,0,True
Ireland,Consumer goods,2021,4,True
Japan,Consumer goods,2021,5,True
Mexico,Consumer goods,2018,2,True
missing,Consumer goods,2019,9,True
Sri Lanka,Consumer goods,2023,0,True
Taiwan,Consumer goods,2023,21,True
Poland,Cyber Security,2021,1,True
Poland,Cyber Security,2025,25,True
Israel,Cyber Security,2016,7,True
Bangladesh,Data and analytics,2026,0,False
Qatar,Data and analytics,2023,1,True
Qatar,Data and analytics,2024,1,True
Estonia,Data and analytics,2016,8,True
Norway,Data and analytics,2023,74,True
Costa Rica,Data and analytics,2025,1,True
Brazil,Data and analytics,2023,503,True
Senegal,Data and analytics,2023,0,True
Slovenia,Data and analytics,2017,1,True
Côte d'Ivoire,Data and analytics,2023,0,True
Belize,Data and analytics,2022,20,True
Chile,Data and analytics,2018,78,True
Italy,Data and analytics,2024,381,True
Latvia,Data and analytics,2016,0,True
Ghana,Data and analytics,2016,3,True
India,Data and analytics,2020,4832,True
Cyprus,Data and analytics,2021,24,True
Switzerland,Data and analytics,2017,231,True
Denmark,Education,2021,2,True
Romania,Education,2019,0,True
Malaysia,Education,2020,4,True
Estonia,Education,2018,6,True
China,Education,2022,156,True
Italy,Energy and natural resources,2016,0,True
United States,Energy and natural resources,2017,375,True
United States,Energy and natural resources,2026,17940,False
New Zealand,Energy and natural resources,2020,0,True
Luxembourg,Energy and natural resources,2022,4,True
Austria,Energy and natural resources,2024,25,True
Turkey,Energy and natural resources,2023,14,True
Brazil,Energy and natural resources,2024,4,True
Norway,Energy and natural resources,2024,8,True
Israel,Energy and natural resources,2025,126,True
Israel,Energy and natural resources,2026,2,False
South Korea,Energy and natural resources,2016,0,True
Saudi Arabia,Facial Recognition,2026,1200,False
Cyprus,Facial Recognition,2020,1,True
Austria,Finance,2017,0,True
Austria,Finance,2022,2,True
Luxembourg,Finance,2024,0,True
Norway,Finance,2018,15,True
Argentina,Finance,2024,0,True
Seychelles,Finance,2016,0,True
South Korea,Finance,2019,8,True
Estonia,Finance,2018,0,True
Estonia,Finance,2023,2,True
Nigeria,Finance,2021,22,True
Nigeria,Finance,2025,10,True
Portugal,Finance,2024,1,True
Malaysia,Finance,2020,1,True
Indonesia,Finance,2018,3,True
India,Gaming,2023,3,True
Romania,Gaming,2020,0,True
Japan,Gaming,2022,8,True
United States,General purpose,2024,76901,True
Armenia,General purpose,2023,2,True
Pakistan,General purpose,2024,3,True
Czechia,General purpose,2023,56,True
Denmark,General purpose,2022,217,True
Botswana,General purpose,2024,1,True
Tunisia,General purpose,2020,1,True
Saudi Arabia,General purpose,2024,1588,True
Senegal,General purpose,2024,5,True
Russia,General purpose,2021,2,True
Netherlands,General purpose,2026,1196,False
Malta,General purpose,2025,2693,True
Romania,General purpose,2019,3,True
Kenya,General purpose,2018,2,True
Jordan,General purpose,2020,0,True
Singapore,General purpose,2020,710,True
Finland,General purpose,2020,1179,True
Chile,Hardware,2019,1,True
Indonesia,Hardware,2025,0,True
Egypt,Hardware,2024,2,True
Greece,Hardware,2016,2,True
Belgium,Hardware,2022,26,True
France,Hardware,2022,278,True
Bulgaria,Hardware,2021,14,True
Denmark,Hardware,2019,22,True
Norway,Hardware,2020,52,True
Slovakia,Hardware,2023,1,True
Romania,Hardware,2019,1,True
Singapore,Hardware,2022,2096,True
Malaysia,Hardware,2018,0,True
Russia,Hardware,2019,4,True
Poland,Healthcare and Life Sciences,2019,3,True
Turkey,Healthcare and Life Sciences,2026,0,False
South Korea,Healthcare and Life Sciences,2017,5,True
China,Healthcare and Life Sciences,2024,308,True
Lithuania,Healthcare and Life Sciences,2026,2,False
Australia,Healthcare and Life Sciences,2022,48,True
Malaysia,Healthcare and Life Sciences,2026,0,False
United States,Healthcare and Life Sciences,2021,11769,True
Morocco,Healthcare and Life Sciences,2022,0,True
Spain,Healthcare and Life Sciences,2024,30,True
Switzerland,Healthcare and Life Sciences,2025,507,True
Vietnam,Information Technology,2016,2,True
France,Information Technology,2017,294,True
Luxembourg,Information Technology,2019,1,True
South Korea,Information Technology,2023,405,True
Czechia,Information Technology,2023,44,True
Croatia,Information Technology,2020,1,True
Croatia,Information Technology,2025,1,True
India,Information Technology,2018,409,True
India,Information Technology,2019,403,True
India,Information Technology,2025,1519,True
Pakistan,Information Technology,2017,0,True
Slovakia,Information Technology,2019,4,True
Slovakia,Information Technology,2026,1,False
United Arab Emirates,Information Technology,2017,17,True
Sri Lanka,Information Technology,2020,0,True
Thailand,Information Technology,2016,0,True
Brazil,Information Technology,2026,99,False
Egypt,Information Technology,2021,0,True
Egypt,Information Technology,2025,36,True
missing,Information Technology,2023,98,True
Argentina,Information Technology,2025,80,True
Mongolia,Information Technology,2022,0,True
Australia,Information Technology,2016,18,True
Austria,Information Technology,2019,76,True
Israel,Information Technology,2016,105,True
Switzerland,Information Technology,2019,590,True
Nigeria,Information Technology,2026,6,False
Singapore,Lending and Investments,2020,24,True
Netherlands,Lending and Investments,2018,0,True
Netherlands,Lending and Investments,2021,2,True
missing,Lending and Investments,2023,3,True
Israel,Lending and Investments,2016,7,True
Australia,Lending and Investments,2020,35,True
Belgium,Lending and Investments,2025,3,True
Japan,Lending and Investments,2019,2,True
Canada,Lending and Investments,2021,39,True
Spain,Lending and Investments,2022,0,True
Denmark,Lending and Investments,2026,18,False
Spain,Manufacturing,2026,6,False
Taiwan,Manufacturing,2019,7,True
Israel,Manufacturing,2016,11,True
New Zealand,Manufacturing,2019,0,True
Switzerland,Manufacturing,2026,32,False
United States,Manufacturing,2016,407,True
United States,Manufacturing,2017,830,True
Norway,Manufacturing,2016,8,True
Norway,Manufacturing,2023,5,True
France,Manufacturing,2025,163,True
Poland,Manufacturing,2021,39,True
Poland,Manufacturing,2023,7,True
Brazil,Media and Entertainment,2018,0,True
Sweden,Media and Entertainment,2018,5,True
Czechia,Media and Entertainment,2025,19,True
Taiwan,Media and Entertainment,2016,10,True
Lithuania,Media and Entertainment,2016,0,True
China,Media and Entertainment,2018,633,True
Israel,"Military, public safety and government",2018,80,True
Belgium,"Military, public safety and government",2024,0,True
Sweden,"Military, public safety and government",2020,6,True
United Kingdom,"Military, public safety and government",2021,8,True
Germany,"Military, public safety and government",2019,2,True
Argentina,"Military, public safety and government",2023,0,True
Poland,"Military, public safety and government",2023,1,True
China,"Mobile, platforms & Internet services",2023,675,True
Vietnam,"Mobile, platforms & Internet services",2023,4,True
Netherlands,"Mobile, platforms & Internet services",2022,330,True
Bangladesh,"Mobile, platforms & Internet services",2023,0,True
Singapore,"Mobile, platforms & Internet services",2016,25,True
Singapore,"Mobile, platforms & Internet services",2018,187,True
Singapore,"Mobile, platforms & Internet services",2024,347,True
South Africa,"Mobile, platforms & Internet services",2020,20,True
South Africa,"Mobile, platforms & Internet services",2024,0,True
Slovakia,"Mobile, platforms & Internet services",2021,4,True
Canada,"Mobile, platforms & Internet services",2024,393,True
Brazil,"Mobile, platforms & Internet services",2017,71,True
Norway,NLP,2021,54,True
Indonesia,NLP,2017,10,True
Indonesia,NLP,2024,15,True
Brazil,NLP,2016,0,True
Mexico,NLP,2024,0,True
Luxembourg,NLP,2018,0,True
Chile,NLP,2018,1,True
Italy,NLP,2018,0,True
Canada,Navigation and mapping,2020,2,True
France,Navigation and mapping,2018,5,True
Brazil,Navigation and mapping,2021,0,True
France,Other,2022,218,True
Finland,Other,2018,386,True
Brazil,Other,2024,32,True
Colombia,Other,2016,0,True
Poland,Privacy and Security,2018,3,True
Côte d'Ivoire,Privacy and Security,2024,0,True
Austria,Privacy and Security,2019,0,True
South Korea,Privacy and Security,2026,112,False
Norway,Privacy and Security,2025,116,True
India,Privacy and Security,2018,33,True
Seychelles,Privacy and Security,2016,0,True
United Arab Emirates,Privacy and Security,2023,0,True
Germany,Professional services,2020,432,True
United Arab Emirates,Professional services,2021,7,True
Estonia,Professional services,2016,2,True
Estonia,Professional services,2017,1,True
France,Professional services,2026,735,False
Ukraine,Professional services,2022,0,True
Ukraine,Professional services,2024,0,True
Indonesia,Professional services,2026,1,False
United Kingdom,Professional services,2017,188,True
Australia,Professional services,2017,33,True
Australia,Professional services,2024,210,True
Finland,Professional services,2021,501,True
India,Professional services,2016,34,True
New Zealand,Professional services,2023,1,True
Mexico,Professional services,2020,4,True
Canada,Real estate,2016,3,True
Australia,Real estate,2021,27,True
Brazil,Real estate,2016,6,True
Brazil,Real estate,2020,6,True
Poland,Real estate,2021,21,True
India,Real estate,2026,11,False
United Arab Emirates,Real estate,2018,2,True
China,Robotics,2025,2551,True
Ireland,Robotics,2016,4,True
Ireland,Robotics,2021,53,True
Japan,Robotics,2016,12,True
Malaysia,Robotics,2022,0,True
Mexico,Robotics,2025,1,True
Netherlands,Robotics,2023,47,True
Turkey,Robotics,2019,0,True
Australia,"Sales, retail, commerce, marketing",2023,93,True
Chile,"Sales, retail, commerce, marketing",2017,1,True
China,"Sales, retail, commerce, marketing",2026,288,False
Germany,"Sales, retail, commerce, marketing",2022,520,True
United Kingdom,"Sales, retail, commerce, marketing",2024,436,True
India,"Sales, retail, commerce, marketing",2023,2605,True
South Africa,"Sales, retail, commerce, marketing",2025,62,True
Saudi Arabia,"Sales, retail, commerce, marketing",2022,103,True
Netherlands,"Sales, retail, commerce, marketing",2016,619,True
Pakistan,"Sales, retail, commerce, marketing",2022,0,True
Ukraine,"Sales, retail, commerce, marketing",2022,0,True
Malaysia,"Sales, retail, commerce, marketing",2023,58,True
United Arab Emirates,"Sales, retail, commerce, marketing",2021,11,True
United Arab Emirates,"Sales, retail, commerce, marketing",2022,16,True
Spain,"Sales, retail, commerce, marketing",2018,18,True
Canada,Semiconductor,2019,23,True
South Korea,Semiconductor,2023,44,True
United Kingdom,Simulation,2020,0,True
Mongolia,Software,2019,0,True
Philippines,Software,2023,9,True
India,Software,2023,3429,True
Luxembourg,Software,2026,6,False
United States,Software,2019,75125,True
Dominican Republic,Software,2020,0,True
Czechia,Software,2024,216,True
Latvia,Software,2025,1,True
Poland,Software,2016,14,True
Italy,Software,2022,57,True
Ukraine,Software,2020,4,True
Costa Rica,Software,2022,0,True
Ireland,Software,2025,430,True
Bangladesh,Software,2022,6,True
Canada,Software,2020,1297,True
Spain,Speech Recognition,2021,21,True
United States,Speech Recognition,2024,1053,True
Colombia,Speech Recognition,2022,1,True
Denmark,Sports,2022,16,True
Germany,Sports,2023,1,True
Russia,Telecommunications,2019,5,True
Israel,Telecommunications,2016,33,True
Poland,Telecommunications,2016,3,True
Poland,Telecommunications,2023,1,True
Germany,Telecommunications,2018,230,True
Sweden,Telecommunications,2023,3,True
South Korea,Telecommunications,2018,17,True
Singapore,Telecommunications,2021,24,True
Australia,Telecommunications,2023,35,True
Spain,Telecommunications,2021,31,True
United Arab Emirates,Transportation,2022,76,True
Estonia,Transportation,2016,8,True
Singapore,Transportation,2021,104,True
Israel,Transportation,2018,69,True
Brazil,Transportation,2022,229,True
Nigeria,Transportation,2019,5,True
Nigeria,Transportation,2024,23,True
Colombia,Transportation,2026,7,False
Finland,Transportation,2021,1,True
Poland,Agriculture,2025,5,True
Netherlands,Agriculture,2025,6,True
Romania,Agriculture,2025,0,True
United Kingdom,Agriculture,2019,16,True
Singapore,Agriculture,2025,0,True
China,Agriculture,2025,396,True
Israel,Agriculture,2025,26,True
Zambia,Agriculture,2019,1,True
Belize,Agriculture,2022,20,True
Norway,All,2019,573,True
Mexico,All,2022,351,True
Zimbabwe,All,2020,0,True
Zimbabwe,All,2025,0,True
United Arab Emirates,All,2019,66,True
Denmark,All,2019,108,True
Sweden,All,2025,7124,True
Paraguay,All,2021,0,True
Ireland,All,2020,188,True
Vietnam,All,2023,40,True
Singapore,All,2022,4114,True
Japan,All,2018,999,True
Bangladesh,All,2025,0,True
Brazil,All,2022,2036,True
Georgia,All,2024,0,True
Georgia,All,2025,4,True
Belgium,All,2023,1092,True
Peru,All,2025,0,True
Canada,All,2018,3776,True
Thailand,All,2017,3,True
Finland,Biotechnology,2020,1,True
Sweden,Biotechnology,2022,3,True
Netherlands,Biotechnology,2024,27,True
New Zealand,Biotechnology,2023,2,True
Estonia,Biotechnology,2020,1,True
Estonia,Biotechnology,2024,6,True
Denmark,Biotechnology,2022,6,True
Brazil,Biotechnology,2022,1,True
Norway,Biotechnology,2024,1,True
Singapore,Biotechnology,2016,18,True
Taiwan,Biotechnology,2020,15,True
South Korea,Community and Lifestyle,2021,1844,True
United States,Community and Lifestyle,2024,1731,True
Portugal,Community and Lifestyle,2019,1,True
France,Community and Lifestyle,2016,2,True
Kenya,Community and Lifestyle,2023,0,True
Cyprus,Computer Vision,2020,2,True
Saudi Arabia,Computer Vision,2016,1,True
Lithuania,Computer Vision,2018,3,True
Turkey,Computer Vision,2023,9,True
Austria,Computer Vision,2021,4,True
India,Computer Vision,2026,4,False
Croatia,Consumer goods,2021,3,True
Spain,Consumer goods,2019,1,True
Spain,Consumer goods,2022,1,True
Chile,Consumer goods,2017,0,True
Czechia,Consumer goods,2019,1,True
India,Consumer goods,2018,326,True
Ireland,Consumer goods,2017,3,True
Mexico,Consumer goods,2017,1,True
Poland,Cyber Security,2018,3,True
Bangladesh,Cyber Security,2023,0,True
Ireland,Cyber Security,2016,3,True
Canada,Cyber Security,2024,74,True
France,Cyber Security,2023,33,True
Bangladesh,Data and analytics,2022,6,True
Ecuador,Data and analytics,2017,5,True
Indonesia,Data and analytics,2023,11,True
Qatar,Data and analytics,2025,0,True
Slovakia,Data and analytics,2020,9,True
Azerbaijan,Data and analytics,2023,0,True
Portugal,Data and analytics,2016,5,True
Vietnam,Data and analytics,2023,21,True
Serbia,Data and analytics,2019,0,True
Israel,Data and analytics,2019,11488,True
South Africa,Data and analytics,2016,52,True
Denmark,Data and analytics,2016,13,True
Lithuania,Data and analytics,2016,0,True
Honduras,Data and analytics,2024,0,True
Czechia,Data and analytics,2020,48,True
United States,Data and analytics,2025,247189,True
Sri Lanka,Data and analytics,2018,2,True
United Kingdom,Data and analytics,2021,4084,True
Romania,Data and analytics,2018,1,True
Sweden,Education,2024,0,True
missing,Education,2025,131,True
Ireland,Education,2022,15,True
Netherlands,Education,2020,108,True
India,Education,2022,295,True
Finland,Education,2016,1,True
United Kingdom,Education,2016,9,True
Italy,Education,2020,84,True
Portugal,Energy and natural resources,2023,2,True
Egypt,Energy and natural resources,2024,0,True
China,Energy and natural resources,2023,113,True
Estonia,Energy and natural resources,2020,10,True
Poland,Energy and natural resources,2018,1,True
Norway,Energy and natural resources,2023,1,True
Israel,Energy and natural resources,2018,89,True
Malaysia,Energy and natural resources,2025,3,True
Romania,Energy and natural resources,2025,0,True
France,Facial Recognition,2016,3,True
Japan,Facial Recognition,2022,3,True
Israel,Finance,2020,123,True
Lithuania,Finance,2024,100,True
Argentina,Finance,2023,1,True
Seychelles,Finance,2021,1,True
United Kingdom,Finance,2019,2725,True
Romania,Finance,2020,0,True
Morocco,Finance,2024,1,True
Singapore,Finance,2016,17,True
Canada,Gaming,2024,4,True
Ukraine,Gaming,2019,0,True
China,Gaming,2016,6,True
Sweden,Gaming,2021,32,True
Taiwan,General purpose,2023,87,True
Ghana,General purpose,2025,0,True
Australia,General purpose,2019,257,True
Pakistan,General purpose,2018,0,True
Czechia,General purpose,2024,195,True
Denmark,General purpose,2020,151,True
Belgium,General purpose,2020,125,True
Turkey,General purpose,2025,42,True
Saudi Arabia,General purpose,2019,13,True
Ukraine,General purpose,2019,25,True
Bolivia,General purpose,2022,1,True
missing,General purpose,2018,24,True
Germany,General purpose,2018,1627,True
India,General purpose,2018,652,True
Uganda,General purpose,2020,0,True
Israel,General purpose,2021,3111,True
Bulgaria,General purpose,2018,13,True
Malaysia,General purpose,2020,13,True
United Arab Emirates,General purpose,2017,10,True
Uruguay,General purpose,2026,2,False
Latvia,General purpose,2023,0,True
Italy,General purpose,2016,13,True
Italy,General purpose,2025,766,True
Japan,General purpose,2018,420,True
Slovenia,General purpose,2019,0,True
Spain,Hardware,2023,20,True
Taiwan,Hardware,2021,41,True
New Zealand,Hardware,2019,218,True
Canada,Hardware,2017,81,True
Kuwait,Hardware,2023,4,True
United States,Hardware,2022,9818,True
Switzerland,Hardware,2026,103,False
Hungary,Hardware,2016,2,True
Latvia,Hardware,2022,1,True
Italy,Hardware,2020,84,True
Germany,Hardware,2020,671,True
Portugal,Hardware,2020,2,True
Singapore,Hardware,2016,49,True
Lithuania,Hardware,2017,0,True
Austria,Healthcare and Life Sciences,2016,1,True
India,Healthcare and Life Sciences,2026,209,False
New Zealand,Healthcare and Life Sciences,2018,50,True
France,Healthcare and Life Sciences,2020,50,True
Malaysia,Healthcare and Life Sciences,2019,0,True
Chile,Healthcare and Life Sciences,2020,0,True
South Africa,Healthcare and Life Sciences,2026,1,False
Singapore,Healthcare and Life Sciences,2022,116,True
Ireland,Healthcare and Life Sciences,2017,0,True
Ukraine,Information Technology,2022,0,True
Luxembourg,Information Technology,2020,7,True
Ecuador,Information Technology,2026,3,False
Mauritius,Information Technology,2019,50,True
Indonesia,Information Technology,2020,259,True
Chile,Information Technology,2020,2,True
Bangladesh,Information Technology,2026,0,False
Ireland,Information Technology,2020,34,True
Qatar,Information Technology,2022,0,True
Slovakia,Information Technology,2018,2,True
Bahrain,Information Technology,2022,0,True
Malaysia,Information Technology,2025,41,True
Germany,Information Technology,2016,556,True
Spain,Information Technology,2022,266,True
missing,Information Technology,2020,23,True
missing,Information Technology,2025,1223,True
Hungary,Information Technology,2021,0,True
Slovenia,Information Technology,2016,0,True
South Africa,Information Technology,2019,26,True
Israel,Lending and Investments,2019,1,True
Ireland,Lending and Investments,2019,34,True
United Kingdom,Lending and Investments,2018,118,True
South Korea,Lending and Investments,2021,3,True
Singapore,Manufacturing,2020,24,True
Malaysia,Manufacturing,2025,0,True
United States,Manufacturing,2023,2129,True
Italy,Manufacturing,2022,6,True
Germany,Manufacturing,2020,196,True
Slovakia,Manufacturing,2019,3,True
New Zealand,Media and Entertainment,2016,10,True
Brazil,Media and Entertainment,2020,3,True
Vietnam,Media and Entertainment,2023,0,True
missing,Media and Entertainment,2017,2,True
Singapore,Media and Entertainment,2017,32,True
Nigeria,Media and Entertainment,2023,1,True
Switzerland,"Military, public safety and government",2018,8,True
Brazil,"Military, public safety and government",2024,3,True
United Kingdom,"Military, public safety and government",2026,50,False
Portugal,"Military, public safety and government",2024,12,True
Poland,"Military, public safety and government",2022,4,True
Turkey,"Mobile, platforms & Internet services",2017,19,True
France,"Mobile, platforms & Internet services",2017,167,True
France,"Mobile, platforms & Internet services",2019,414,True
Estonia,"Mobile, platforms & Internet services",2022,1,True
United States,"Mobile, platforms & Internet services",2016,4548,True
Portugal,"Mobile, platforms & Internet services",2021,15,True
Thailand,"Mobile, platforms & Internet services",2016,0,True
Sweden,"Mobile, platforms & Internet services",2026,67,False
Kenya,"Mobile, platforms & Internet services",2023,0,True
Canada,"Mobile, platforms & Internet services",2023,238,True
United Arab Emirates,NLP,2017,1,True
United Arab Emirates,NLP,2020,1,True
Norway,NLP,2018,0,True
Switzerland,NLP,2023,0,True
Ireland,NLP,2019,4,True
Malaysia,NLP,2024,3,True
Chile,NLP,2023,0,True
Spain,NLP,2025,2157,True
Denmark,NLP,2020,82,True
Italy,NLP,2016,2,True
Ireland,Navigation and mapping,2025,42,True
Australia,Navigation and mapping,2024,7,True
Japan,Navigation and mapping,2026,27,False
Estonia,Navigation and mapping,2018,0,True
India,Navigation and mapping,2026,0,False
Netherlands,Navigation and mapping,2023,13,True
Switzerland,Navigation and mapping,2018,12,True
Switzerland,Navigation and mapping,2020,1,True
United States,Navigation and mapping,2022,1028,True
Germany,Navigation and mapping,2016,5,True
Singapore,Navigation and mapping,2022,13,True
Kazakhstan,Other,2023,0,True
Mauritius,Other,2019,50,True
Portugal,Other,2016,3,True
China,Other,2017,92,True
Bulgaria,Other,2023,3,True
Italy,Other,2025,3,True
Ghana,Other,2022,0,True
Lithuania,Other,2025,1,True
Chile,Other,2020,1,True
Brazil,Other,2021,11,True
Colombia,Other,2019,0,True
Cyprus,Other,2022,1,True
Slovenia,Other,2018,0,True
Estonia,Privacy and Security,2019,4,True
Portugal,Privacy and Security,2018,1,True
Belgium,Privacy and Security,2022,0,True
Belgium,Privacy and Security,2025,5,True
Germany,Privacy and Security,2024,33,True
Lithuania,Privacy and Security,2021,0,True
Czechia,Privacy and Security,2025,24,True
Turkey,Privacy and Security,2021,0,True
Brazil,Privacy and Security,2016,0,True
Cyprus,Privacy and Security,2017,1,True
Singapore,Privacy and Security,2020,36,True
Sweden,Privacy and Security,2018,1,True
Sweden,Privacy and Security,2020,4,True
Norway,Professional services,2021,31,True
Germany,Professional services,2019,241,True
Ecuador,Professional services,2021,0,True
Russia,Professional services,2018,1,True
South Korea,Professional services,2025,434,True
Vietnam,Professional services,2025,1,True
Croatia,Professional services,2020,0,True
Canada,Professional services,2021,260,True
Lebanon,Professional services,2018,2,True
South Korea,Real estate,2021,31,True
Lithuania,Real estate,2019,2,True
Lithuania,Real estate,2024,0,True
United States,Real estate,2017,321,True
United States,Real estate,2022,1722,True
Egypt,Real estate,2024,3,True
Sweden,Real estate,2026,296,False
Belgium,Real estate,2017,2,True
New Zealand,Real estate,2024,2,True
Japan,Robotics,2025,103,True
Norway,Robotics,2019,3,True
Russia,Robotics,2017,3,True
Canada,Robotics,2022,1007,True
Finland,"Sales, retail, commerce, marketing",2025,338,True
Canada,"Sales, retail, commerce, marketing",2019,213,True
Canada,"Sales, retail, commerce, marketing",2021,578,True
Tunisia,"Sales, retail, commerce, marketing",2023,0,True
Sweden,"Sales, retail, commerce, marketing",2017,8,True
Italy,"Sales, retail, commerce, marketing",2020,179,True
Latvia,"Sales, retail, commerce, marketing",2022,0,True
Romania,"Sales, retail, commerce, marketing",2020,0,True
Turkey,"Sales, retail, commerce, marketing",2019,2,True
Lithuania,"Sales, retail, commerce, marketing",2019,2,True
Estonia,"Sales, retail, commerce, marketing",2024,2,True
Israel,"Sales, retail, commerce, marketing",2018,77,True
Colombia,"Sales, retail, commerce, marketing",2018,0,True
Colombia,"Sales, retail, commerce, marketing",2024,3,True
North Macedonia,"Sales, retail, commerce, marketing",2024,0,True
Spain,"Sales, retail, commerce, marketing",2016,12,True
Spain,"Sales, retail, commerce, marketing",2025,2227,True
India,Semiconductor,2021,1,True
Kenya,Semiconductor,2026,0,False
Germany,Semiconductor,2017,6,True
United Kingdom,Semiconductor,2021,10,True
United States,Simulation,2021,249,True
Japan,Simulation,2023,0,True
Chile,Software,2018,78,True
Slovakia,Software,2016,1,True
Rwanda,Software,2023,0,True
United States,Software,2024,83938,True
Netherlands,Software,2023,1016,True
Netherlands,Software,2026,1352,False
Austria,Software,2017,9,True
Poland,Software,2026,61,False
Italy,Software,2018,225,True
Lithuania,Software,2024,11,True
Nigeria,Software,2022,5,True
New Zealand,Software,2016,149,True
Côte d'Ivoire,Software,2023,0,True
Hungary,Software,2020,11,True
United Kingdom,Software,2019,4004,True
Ireland,Software,2016,184,True
Ireland,Software,2024,426,True
Pakistan,Software,2024,3,True
Estonia,Software,2026,35,False
Japan,Software,2026,11036,False
Romania,Speech Recognition,2021,0,True
Spain,Speech Recognition,2023,2,True
United States,Speech Recognition,2021,290,True
Saudi Arabia,Speech Recognition,2022,0,True
France,Speech Recognition,2025,1,True
South Korea,Sports,2025,21,True
France,Sports,2025,316,True
United States,Sports,2021,1250,True
United States,Sports,2023,388,True
United States,Sports,2025,5818,True
Turkey,Sports,2021,1,True
Saudi Arabia,Sports,2025,2,True
Mexico,Sports,2022,0,True
Canada,Telecommunications,2025,0,True
United Arab Emirates,Telecommunications,2019,11,True
France,Telecommunications,2026,1,False
Australia,Telecommunications,2017,26,True
Switzerland,Transportation,2024,263,True
Cyprus,Transportation,2017,1,True
Russia,Transportation,2020,3,True
Slovenia,Transportation,2018,0,True
Norway,Transportation,2022,2,True
United Kingdom,Transportation,2022,308,True
China,Transportation,2024,5818,True
Sweden,Agriculture,2020,1,True
Taiwan,Agriculture,2025,12,True
Italy,Agriculture,2025,1,True
Australia,Agriculture,2020,6,True
Switzerland,Agriculture,2016,2,True
Switzerland,Agriculture,2018,4,True
Kenya,Agriculture,2016,1,True
Hungary,All,2020,14,True
Austria,All,2021,623,True
Kazakhstan,All,2024,4,True
Luxembourg,All,2016,0,True
Luxembourg,All,2020,14,True
Spain,All,2020,384,True
Albania,All,2019,7,True
Czechia,All,2016,4,True
Qatar,All,2018,0,True
Kyrgyzstan,All,2025,1,True
Uzbekistan,All,2025,0,True
Switzerland,All,2026,2021,False
New Zealand,Biotechnology,2016,1,True
Ireland,Biotechnology,2021,6,True
Canada,Biotechnology,2026,121,False
Armenia,Biotechnology,2025,0,True
Brazil,Community and Lifestyle,2022,155,True
Rwanda,Community and Lifestyle,2026,0,False
Colombia,Community and Lifestyle,2023,1,True
Italy,Community and Lifestyle,2018,2,True
Poland,Community and Lifestyle,2024,0,True
Poland,Community and Lifestyle,2025,1,True
United Kingdom,Community and Lifestyle,2017,48,True
Estonia,Community and Lifestyle,2019,1,True
Sweden,Community and Lifestyle,2019,0,True
Ireland,Community and Lifestyle,2021,106,True
Ireland,Community and Lifestyle,2023,57,True
Denmark,Community and Lifestyle,2018,2,True
Japan,Community and Lifestyle,2021,14,True
France,Computer Vision,2025,97,True
Turkey,Computer Vision,2025,3,True
Czechia,Computer Vision,2025,18,True
Russia,Computer Vision,2019,1,True
Australia,Computer Vision,2023,12,True
Croatia,Consumer goods,2024,2,True
Italy,Consumer goods,2025,1,True
Slovenia,Consumer goods,2016,0,True
Netherlands,Consumer goods,2022,12,True
Portugal,Consumer goods,2017,3,True
Singapore,Consumer goods,2024,3,True
Estonia,Consumer goods,2021,2,True
Canada,Consumer goods,2025,280,True
Lithuania,Consumer goods,2023,0,True
Sri Lanka,Consumer goods,2024,1,True
Estonia,Cyber Security,2017,0,True
Portugal,Cyber Security,2018,1,True
Sri Lanka,Cyber Security,2023,0,True
Israel,Cyber Security,2021,184,True
Germany,Cyber Security,2025,840,True
United Kingdom,Cyber Security,2016,12,True
Turkey,Cyber Security,2024,15,True
Italy,Cyber Security,2025,644,True
Kenya,Data and analytics,2024,6,True
United Arab Emirates,Data and analytics,2019,38,True
Serbia,Data and analytics,2020,0,True
Seychelles,Data and analytics,2022,10,True
Mauritius,Data and analytics,2021,24,True
Mauritius,Data and analytics,2025,0,True
Tanzania,Data and analytics,2025,1,True
Nigeria,Data and analytics,2020,2,True
Latvia,Data and analytics,2025,1,True
Mongolia,Data and analytics,2019,0,True
Luxembourg,Data and analytics,2021,281,True
Finland,Data and analytics,2019,1258,True
United States,Data and analytics,2016,10805,True
United States,Data and analytics,2026,244569,False
Denmark,Education,2023,10,True
France,Education,2022,332,True
Mongolia,Education,2021,0,True
Egypt,Education,2026,1,False
Iraq,Education,2022,2,True
Switzerland,Education,2026,4,False
Netherlands,Education,2019,2,True
Turkey,Education,2017,0,True
Turkey,Education,2019,0,True
United Kingdom,Education,2025,144,True
Israel,Education,2018,2,True
Israel,Education,2020,2,True
Hungary,Education,2022,0,True
Spain,Education,2026,39,False
Denmark,Energy and natural resources,2020,2,True
Sweden,Energy and natural resources,2022,3454,True
Luxembourg,Energy and natural resources,2023,2,True
Turkey,Energy and natural resources,2018,0,True
China,Energy and natural resources,2024,32,True
China,Energy and natural resources,2025,222,True
Brazil,Energy and natural resources,2021,3,True
Belgium,Energy and natural resources,2018,22,True
Belgium,Energy and natural resources,2023,5,True
Saudi Arabia,Energy and natural resources,2021,0,True
India,Energy and natural resources,2020,15,True
Germany,Energy and natural resources,2021,177,True
Austria,Finance,2016,0,True
Cyprus,Finance,2021,23,True
Luxembourg,Finance,2018,1,True
Luxembourg,Finance,2020,2,True
Mauritius,Finance,2016,1,True
Hungary,Finance,2025,11,True
Netherlands,Finance,2018,23,True
Netherlands,Finance,2026,19,False
Norway,Finance,2024,273,True
Finland,Finance,2025,8,True
Mexico,Finance,2022,33,True
Brazil,Finance,2020,13,True
India,Finance,2019,24,True
Czechia,Finance,2022,21,True
Czechia,Gaming,2025,3,True
Poland,Gaming,2018,0,True
Chile,Gaming,2021,0,True
Italy,Gaming,2022,6,True
Sweden,Gaming,2024,1,True
Malta,Gaming,2017,1,True
Malta,Gaming,2025,0,True
Nigeria,Gaming,2023,2,True
South Korea,General purpose,2017,75,True
Poland,General purpose,2019,93,True
Czechia,General purpose,2018,5,True
Belgium,General purpose,2019,188,True
Belgium,General purpose,2023,791,True
Ukraine,General purpose,2021,21,True
Dominican Republic,General purpose,2024,0,True
Russia,General purpose,2017,8,True
Romania,General purpose,2020,2,True
Ecuador,General purpose,2026,3,False
Cyprus,General purpose,2023,2,True
Malaysia,General purpose,2026,131,False
United Arab Emirates,General purpose,2025,1197,True
Morocco,General purpose,2020,1,True
Latvia,General purpose,2025,1,True
Singapore,General purpose,2021,1598,True
Switzerland,General purpose,2023,287,True
Italy,General purpose,2023,178,True
China,Hardware,2026,4793,False
missing,Hardware,2022,0,True
Greece,Hardware,2018,1,True
Canada,Hardware,2016,352,True
Canada,Hardware,2022,2990,True
Israel,Hardware,2023,205,True
Czechia,Hardware,2021,20,True
United States,Hardware,2018,7927,True
France,Hardware,2026,1378,False
Ireland,Hardware,2018,65,True
Brazil,Hardware,2021,76,True
Brazil,Hardware,2025,98,True
Poland,Healthcare and Life Sciences,2023,34,True
Austria,Healthcare and Life Sciences,2021,65,True
Austria,Healthcare and Life Sciences,2022,3,True
Kenya,Healthcare and Life Sciences,2021,1,True
China,Healthcare and Life Sciences,2019,322,True
New Zealand,Healthcare and Life Sciences,2017,0,True
France,Healthcare and Life Sciences,2022,96,True
South Africa,Healthcare and Life Sciences,2024,1,True
Israel,Healthcare and Life Sciences,2019,2103,True
Ireland,Healthcare and Life Sciences,2023,36,True
Romania,Healthcare and Life Sciences,2024,1,True
Japan,Healthcare and Life Sciences,2020,66,True
Belgium,Healthcare and Life Sciences,2023,4,True
Belgium,Healthcare and Life Sciences,2024,134,True
Vietnam,Information Technology,2020,1,True
Kazakhstan,Information Technology,2022,2,True
Luxembourg,Information Technology,2017,1,True
Russia,Information Technology,2022,1,True
Chile,Information Technology,2025,94,True
Portugal,Information Technology,2019,7,True
Iceland,Information Technology,2023,3,True
Greece,Information Technology,2018,1,True
Romania,Information Technology,2018,1,True
Rwanda,Information Technology,2026,0,False
Sweden,Information Technology,2025,2333,True
Poland,Information Technology,2023,104,True
Morocco,Information Technology,2022,0,True
Morocco,Information Technology,2026,0,False
New Zealand,Information Technology,2022,86,True
Uruguay,Information Technology,2020,0,True
Argentina,Information Technology,2021,3,True
Italy,Information Technology,2025,712,True
Nigeria,Information Technology,2022,1,True
Poland,Lending and Investments,2021,18,True
Bulgaria,Lending and Investments,2023,0,True
Canada,Lending and Investments,2024,3,True
Brazil,Lending and Investments,2024,77,True
China,Lending and Investments,2021,112,True
Mauritius,Lending and Investments,2020,3,True
South Africa,Manufacturing,2018,2,True
Chile,Manufacturing,2024,0,True
Singapore,Manufacturing,2019,2,True
Taiwan,Manufacturing,2021,1,True
Austria,Manufacturing,2022,3,True
Sweden,Manufacturing,2017,4,True
Japan,Manufacturing,2022,11,True
Israel,Manufacturing,2021,57,True
United Kingdom,Media and Entertainment,2017,88,True
Australia,Media and Entertainment,2016,5,True
Australia,Media and Entertainment,2017,2,True
Canada,Media and Entertainment,2024,330,True
Norway,Media and Entertainment,2025,2,True
Denmark,Media and Entertainment,2016,1,True
Poland,Media and Entertainment,2019,0,True
Mexico,"Military, public safety and government",2025,0,True
Turkey,"Military, public safety and government",2019,0,True
Ireland,"Military, public safety and government",2023,13,True
Netherlands,"Military, public safety and government",2023,0,True
Chile,"Mobile, platforms & Internet services",2020,1,True
Chile,"Mobile, platforms & Internet services",2026,5,False
Malaysia,"Mobile, platforms & Internet services",2026,40,False
Mongolia,"Mobile, platforms & Internet services",2018,0,True
Argentina,"Mobile, platforms & Internet services",2020,0,True
Ireland,"Mobile, platforms & Internet services",2025,178,True
Denmark,"Mobile, platforms & Internet services",2019,0,True
Norway,"Mobile, platforms & Internet services",2023,31,True
Egypt,"Mobile, platforms & Internet services",2024,2,True
Romania,"Mobile, platforms & Internet services",2025,4,True
Lebanon,"Mobile, platforms & Internet services",2020,0,True
Saudi Arabia,"Mobile, platforms & Internet services",2019,5,True
Saudi Arabia,"Mobile, platforms & Internet services",2024,68,True
Turkey,NLP,2025,0,True
Czechia,NLP,2021,1,True
United Kingdom,NLP,2022,275,True
United Kingdom,NLP,2024,132,True
Qatar,NLP,2024,0,True
South Korea,NLP,2023,12,True
Italy,NLP,2020,0,True
United Kingdom,Navigation and mapping,2017,16,True
Ireland,Navigation and mapping,2019,2,True
Ireland,Navigation and mapping,2021,1,True
Australia,Navigation and mapping,2021,10,True
Australia,Navigation and mapping,2023,10,True
New Zealand,Navigation and mapping,2021,1050,True
Norway,Navigation and mapping,2024,0,True
India,Navigation and mapping,2016,2,True
Saudi Arabia,Other,2020,10,True
Saudi Arabia,Other,2021,23,True
Egypt,Other,2016,0,True
Indonesia,Other,2026,0,False
Ireland,Other,2025,1,True
United States,Other,2022,7918,True
Iran,Other,2020,0,True
Finland,Other,2023,2,True
Netherlands,Other,2025,4,True
Spain,Privacy and Security,2024,132,True
Ireland,Privacy and Security,2024,11,True
Croatia,Privacy and Security,2022,1,True
Iceland,Privacy and Security,2023,2,True
China,Privacy and Security,2020,52,True
United Kingdom,Privacy and Security,2022,238,True
Philippines,Professional services,2023,0,True
Germany,Professional services,2022,338,True
Estonia,Professional services,2019,3,True
Malaysia,Professional services,2025,2,True
Egypt,Professional services,2016,0,True
Taiwan,Professional services,2026,616,False
Ireland,Professional services,2018,0,True
Saudi Arabia,Professional services,2019,1,True
Austria,Professional services,2023,5,True
Netherlands,Professional services,2021,194,True
Czechia,Professional services,2022,36,True
Denmark,Professional services,2019,7,True
Finland,Professional services,2026,13,False
Switzerland,Professional services,2017,1,True
missing,Real estate,2024,2,True
Australia,Real estate,2019,21,True
Lithuania,Real estate,2017,0,True
Poland,Real estate,2025,45,True
Spain,Real estate,2025,4,True
Saudi Arabia,Real estate,2019,1,True
Germany,Real estate,2016,2,True
United Kingdom,Real estate,2018,28,True
Sri Lanka,Real estate,2024,1,True
Turkey,Real estate,2018,1,True
Turkey,Real estate,2026,1,False
Denmark,Robotics,2023,4,True
Australia,Robotics,2026,14,False
Israel,Robotics,2017,18,True
Israel,Robotics,2018,77,True
Thailand,Robotics,2026,6,False
Ireland,Robotics,2022,1,True
Brazil,Robotics,2021,2,True
Netherlands,Robotics,2025,0,True
Hungary,Robotics,2026,3,False
Poland,Robotics,2016,0,True
Poland,Robotics,2021,4,True
Poland,Robotics,2026,3,False
Finland,Robotics,2022,1,True
South Korea,Robotics,2022,34,True
Finland,"Sales, retail, commerce, marketing",2018,386,True
Portugal,"Sales, retail, commerce, marketing",2023,11,True
Tunisia,"Sales, retail, commerce, marketing",2024,2,True
Albania,"Sales, retail, commerce, marketing",2024,6,True
Sri Lanka,"Sales, retail, commerce, marketing",2024,1,True
United Arab Emirates,"Sales, retail, commerce, marketing",2023,14,True
South Korea,Semiconductor,2019,2,True
Germany,Semiconductor,2021,1,True
Singapore,Simulation,2026,1,False
Turkey,Simulation,2024,0,True
Malta,Software,2023,0,True
Mongolia,Software,2021,0,True
Saudi Arabia,Software,2018,771,True
Ethiopia,Software,2023,0,True
Luxembourg,Software,2024,21,True
missing,Software,2020,884,True
Cyprus,Software,2020,27,True
Ghana,Software,2023,12,True
Ghana,Software,2026,1,False
United Kingdom,Software,2023,3482,True
Qatar,Software,2021,4,True
Mexico,Software,2018,4,True
Pakistan,Software,2017,0,True
North Macedonia,Software,2024,0,True
Taiwan,Software,2023,88,True
Canada,Software,2019,1091,True
United States,Speech Recognition,2019,389,True
Lithuania,Speech Recognition,2021,0,True
China,Speech Recognition,2022,92,True
Australia,Sports,2022,18,True
Croatia,Sports,2021,0,True
United Kingdom,Sports,2017,2,True
Poland,Sports,2022,0,True
India,Sports,2019,0,True
South Africa,Telecommunications,2018,1,True
China,Telecommunications,2016,12,True
Czechia,Telecommunications,2024,18,True
Qatar,Telecommunications,2023,0,True
Nigeria,Telecommunications,2021,0,True
Slovakia,Transportation,2023,1,True
Hungary,Transportation,2020,1,True
Uzbekistan,Transportation,2024,0,True
Israel,Transportation,2023,250,True
United Kingdom,Transportation,2019,156,True
Germany,Transportation,2020,446,True
Nigeria,Agriculture,2021,0,True
Ukraine,Agriculture,2016,0,True
France,All,2025,9712,True
Slovakia,All,2018,4,True
Mexico,All,2020,59,True
Taiwan,All,2020,160,True
Kazakhstan,All,2019,0,True
Estonia,All,2020,79,True
Armenia,All,2025,1,True
Armenia,All,2026,0,False
Bosnia and Herzegovina,All,2016,0,True
Serbia,All,2024,50,True
Egypt,All,2025,54,True
Finland,All,2016,514,True
Cyprus,All,2023,3,True
Japan,All,2019,1255,True
Bangladesh,All,2021,3,True
Bolivia,All,2026,0,False
Poland,All,2026,91,False
Brazil,All,2024,976,True
Belgium,All,2025,788,True
Sri Lanka,All,2017,9,True
Sri Lanka,All,2025,5,True
Switzerland,All,2018,908,True
Malaysia,All,2016,5,True
Switzerland,Biotechnology,2026,123,False
France,Biotechnology,2016,6,True
Finland,Biotechnology,2021,15,True
Indonesia,Biotechnology,2018,0,True
Mexico,Biotechnology,2021,0,True
Chile,Biotechnology,2019,0,True
Ghana,Biotechnology,2021,1,True
Brazil,Community and Lifestyle,2018,1,True
Brazil,Community and Lifestyle,2024,26,True
Italy,Community and Lifestyle,2025,4,True
Czechia,Community and Lifestyle,2019,1,True
United Kingdom,Community and Lifestyle,2019,53,True
Estonia,Community and Lifestyle,2021,1,True
Malaysia,Community and Lifestyle,2021,2,True
Italy,Computer Vision,2016,5,True
Greece,Computer Vision,2016,2,True
Japan,Computer Vision,2018,28,True
United States,Computer Vision,2024,2445,True
Kenya,Computer Vision,2018,0,True
Poland,Computer Vision,2018,2,True
Poland,Computer Vision,2019,1,True
France,Consumer goods,2026,618,False
Czechia,Consumer goods,2021,18,True
United States,Consumer goods,2019,4844,True
Brazil,Consumer goods,2026,0,False
Turkey,Consumer goods,2021,1,True
Israel,Consumer goods,2018,98,True
Israel,Consumer goods,2025,137,True
Singapore,Cyber Security,2025,7,True
Bangladesh,Cyber Security,2025,0,True
Sweden,Cyber Security,2021,2,True
missing,Cyber Security,2026,55000,False
Bangladesh,Data and analytics,2018,0,True
Pakistan,Data and analytics,2019,0,True
Belgium,Data and analytics,2023,787,True
Kazakhstan,Data and analytics,2021,2,True
Kazakhstan,Data and analytics,2022,1,True
Kazakhstan,Data and analytics,2025,5,True
Slovenia,Data and analytics,2018,0,True
Turkey,Data and analytics,2026,353,False
Chile,Data and analytics,2020,17,True
Bulgaria,Data and analytics,2026,0,False
Nigeria,Data and analytics,2016,50,True
Saudi Arabia,Data and analytics,2018,772,True
Uruguay,Data and analytics,2025,1,True
Russia,Data and analytics,2019,23,True
Malaysia,Data and analytics,2021,149,True
Finland,Data and analytics,2026,620,False
Mexico,Data and analytics,2021,71,True
Poland,Data and analytics,2020,111,True
France,Education,2018,5,True
Chile,Education,2021,1,True
Kenya,Education,2020,1,True
Japan,Education,2023,298,True
Brazil,Education,2021,6,True
Italy,Education,2019,2,True
Canada,Education,2025,54,True
Mexico,Education,2024,1,True
Spain,Education,2018,1,True
France,Energy and natural resources,2019,62,True
Denmark,Energy and natural resources,2024,94,True
Lebanon,Energy and natural resources,2021,2,True
Japan,Energy and natural resources,2022,2,True
Spain,Energy and natural resources,2016,18,True
Brazil,Energy and natural resources,2017,0,True
Netherlands,Energy and natural resources,2020,2,True
Brazil,Facial Recognition,2024,0,True
Taiwan,Facial Recognition,2018,1,True
Burkina Faso,Finance,2023,0,True
Luxembourg,Finance,2021,8,True
Canada,Finance,2019,66,True
Norway,Finance,2020,5,True
South Korea,Finance,2020,27,True
Spain,Finance,2022,8,True
Colombia,Finance,2017,0,True
Ireland,Finance,2024,115,True
Italy,Finance,2021,14,True
Turkey,Finance,2022,10,True
United States,Finance,2019,7924,True
Botswana,Finance,2024,1,True
Turkey,Gaming,2018,1,True
Brazil,Gaming,2023,0,True
Panama,Gaming,2025,0,True
France,Gaming,2022,8,True
Spain,Gaming,2021,5,True
Cyprus,Gaming,2020,0,True
Estonia,General purpose,2018,22,True
Ireland,General purpose,2020,86,True
Slovakia,General purpose,2020,9,True
Philippines,General purpose,2018,7,True
Czechia,General purpose,2019,14,True
Saudi Arabia,General purpose,2022,262,True
Canada,General purpose,2025,3160,True
Indonesia,General purpose,2017,19,True
Seychelles,General purpose,2023,25,True
Spain,General purpose,2022,600,True
India,General purpose,2024,850,True
Netherlands,General purpose,2016,646,True
Lebanon,General purpose,2022,0,True
Bulgaria,General purpose,2026,0,False
Sweden,General purpose,2021,10168,True
Singapore,General purpose,2025,8588,True
Egypt,General purpose,2021,2,True
Egypt,General purpose,2022,4,True
Poland,Hardware,2025,461,True
Estonia,Hardware,2020,14,True
Cyprus,Hardware,2023,0,True
Greece,Hardware,2026,58,False
Japan,Hardware,2018,137,True
Sweden,Hardware,2020,28,True
Switzerland,Hardware,2021,122,True
Austria,Hardware,2025,61,True
Netherlands,Hardware,2023,239,True
Hungary,Hardware,2019,2,True
South Korea,Hardware,2026,384,False
South Africa,Hardware,2024,2,True
Denmark,Hardware,2016,3,True
Brazil,Hardware,2026,1,False
Australia,Hardware,2024,74,True
Canada,Healthcare and Life Sciences,2023,392,True
China,Healthcare and Life Sciences,2018,500,True
Lithuania,Healthcare and Life Sciences,2019,1,True
France,Healthcare and Life Sciences,2024,251,True
Chile,Healthcare and Life Sciences,2022,0,True
United Kingdom,Healthcare and Life Sciences,2020,331,True
South Africa,Healthcare and Life Sciences,2025,6,True
Bangladesh,Healthcare and Life Sciences,2024,0,True
Czechia,Healthcare and Life Sciences,2020,1,True
Israel,Healthcare and Life Sciences,2018,180,True
Zimbabwe,Healthcare and Life Sciences,2019,0,True
Japan,Healthcare and Life Sciences,2024,197,True
Switzerland,Healthcare and Life Sciences,2017,13,True
Argentina,Healthcare and Life Sciences,2025,2,True
France,Information Technology,2023,880,True
Belgium,Information Technology,2023,746,True
Czechia,Information Technology,2017,44,True
Singapore,Information Technology,2018,299,True
Singapore,Information Technology,2024,1254,True
Lithuania,Information Technology,2025,9,True
Sweden,Information Technology,2020,3451,True
Latvia,Information Technology,2023,0,True
Netherlands,Information Technology,2017,142,True
Senegal,Information Technology,2023,0,True
Canada,Information Technology,2024,870,True
Israel,Information Technology,2019,8323,True
Israel,Information Technology,2026,6625,False
missing,Lending and Investments,2024,1,True
Israel,Lending and Investments,2021,408,True
Saudi Arabia,Lending and Investments,2024,31,True
Belgium,Lending and Investments,2022,2,True
India,Lending and Investments,2022,42,True
Costa Rica,Lending and Investments,2026,0,False
South Africa,Lending and Investments,2020,23,True
Canada,Lending and Investments,2019,11,True
Canada,Lending and Investments,2023,2,True
Turkey,Lending and Investments,2020,1,True
South Korea,Lending and Investments,2016,0,True
South Korea,Lending and Investments,2020,1,True
South Korea,Lending and Investments,2025,35,True
Lithuania,Manufacturing,2023,0,True
Ukraine,Manufacturing,2023,2,True
Ukraine,Manufacturing,2026,10,False
United Arab Emirates,Manufacturing,2021,8,True
Denmark,Manufacturing,2026,3,False
South Korea,Manufacturing,2023,150,True
Japan,Manufacturing,2024,160,True
Israel,Manufacturing,2017,15,True
Czechia,Manufacturing,2025,4,True
Switzerland,Manufacturing,2025,310,True
Ukraine,Media and Entertainment,2020,2,True
France,Media and Entertainment,2019,30,True
South Africa,Media and Entertainment,2021,0,True
Russia,Media and Entertainment,2019,1,True
Romania,Media and Entertainment,2021,0,True
Norway,Media and Entertainment,2021,1,True
Japan,Media and Entertainment,2026,47,False
Finland,Media and Entertainment,2022,0,True
Hungary,Media and Entertainment,2019,1,True
Israel,"Military, public safety and government",2025,32,True
China,"Military, public safety and government",2024,14,True
Italy,"Military, public safety and government",2017,2,True
Mexico,"Military, public safety and government",2022,4,True
Canada,"Military, public safety and government",2021,2,True
Singapore,"Military, public safety and government",2022,2,True
Netherlands,"Military, public safety and government",2025,6,True
Spain,"Mobile, platforms & Internet services",2023,202,True
Hungary,"Mobile, platforms & Internet services",2025,3,True
Japan,"Mobile, platforms & Internet services",2025,167,True
United States,"Mobile, platforms & Internet services",2021,24733,True
Germany,"Mobile, platforms & Internet services",2018,1028,True
Italy,"Mobile, platforms & Internet services",2021,16,True
Switzerland,"Mobile, platforms & Internet services",2019,237,True
Switzerland,"Mobile, platforms & Internet services",2025,402,True
United States,NLP,2025,6113,True
Czechia,NLP,2018,1,True
Brazil,NLP,2023,12,True
Iran,NLP,2018,0,True
Egypt,NLP,2025,0,True
Netherlands,NLP,2024,3,True
Finland,Navigation and mapping,2017,2,True
Finland,Navigation and mapping,2025,1,True
United States,Navigation and mapping,2021,1063,True
Germany,Navigation and mapping,2020,232,True
Egypt,Other,2022,0,True
France,Other,2019,106,True
Poland,Other,2019,1,True
Iceland,Other,2023,0,True
New Zealand,Other,2025,1,True
Ireland,Other,2020,5,True
Canada,Other,2024,192,True
Netherlands,Privacy and Security,2024,104,True
Portugal,Privacy and Security,2023,0,True
Italy,Privacy and Security,2024,65,True
Ireland,Privacy and Security,2016,3,True
Bulgaria,Privacy and Security,2021,0,True
Kazakhstan,Privacy and Security,2023,1,True
Australia,Privacy and Security,2021,50,True
Egypt,Professional services,2019,0,True
Colombia,Professional services,2016,0,True
Saudi Arabia,Professional services,2018,16,True
Singapore,Professional services,2016,24,True
United States,Professional services,2021,16314,True
Japan,Professional services,2018,243,True
Netherlands,Professional services,2017,108,True
Lebanon,Professional services,2020,0,True
Lebanon,Professional services,2021,0,True
New Zealand,Professional services,2025,7,True
Australia,Real estate,2020,15,True
Saudi Arabia,Real estate,2025,0,True
Germany,Real estate,2020,12,True
Turkey,Real estate,2017,0,True
Thailand,Real estate,2024,0,True
China,Robotics,2016,218,True
Greece,Robotics,2023,0,True
Greece,Robotics,2025,1,True
Ireland,Robotics,2018,3,True
Japan,Robotics,2018,89,True
Sweden,Robotics,2025,2,True
Portugal,Robotics,2017,0,True
France,Robotics,2018,196,True
Vietnam,Robotics,2025,3,True
Peru,Robotics,2022,0,True
Norway,Robotics,2023,11,True
Finland,"Sales, retail, commerce, marketing",2026,8,False
Switzerland,"Sales, retail, commerce, marketing",2017,6,True
Australia,"Sales, retail, commerce, marketing",2022,87,True
Chile,"Sales, retail, commerce, marketing",2016,1,True
United States,"Sales, retail, commerce, marketing",2023,5208,True
Ecuador,"Sales, retail, commerce, marketing",2017,5,True
Philippines,"Sales, retail, commerce, marketing",2025,6,True
Kazakhstan,"Sales, retail, commerce, marketing",2025,0,True
Ireland,"Sales, retail, commerce, marketing",2026,124,False
Belgium,"Sales, retail, commerce, marketing",2018,11,True
India,"Sales, retail, commerce, marketing",2018,349,True
Colombia,"Sales, retail, commerce, marketing",2022,3,True
Netherlands,"Sales, retail, commerce, marketing",2018,392,True
Australia,Semiconductor,2024,2,True
Germany,Semiconductor,2023,3,True
United Kingdom,Semiconductor,2016,4,True
Germany,Simulation,2024,3,True
United Kingdom,Simulation,2025,41,True
India,Simulation,2022,165,True
Greece,Software,2026,58,False
Saudi Arabia,Software,2025,1375,True
Philippines,Software,2026,18,False
Serbia,Software,2019,0,True
Belgium,Software,2018,97,True
Indonesia,Software,2025,11,True
South Korea,Software,2020,806,True
Uruguay,Software,2023,170,True
Netherlands,Software,2018,1189,True
Peru,Software,2017,0,True
Mauritius,Software,2021,24,True
Hungary,Software,2022,20,True
Denmark,Speech Recognition,2024,89,True
Kenya,Sports,2018,20,True
Portugal,Sports,2024,0,True
South Korea,Sports,2020,0,True
Switzerland,Telecommunications,2024,2,True
Hungary,Telecommunications,2017,0,True
Saudi Arabia,Telecommunications,2019,1,True
Nigeria,Telecommunications,2023,0,True
Saudi Arabia,Transportation,2017,2,True
Italy,Transportation,2018,1,True
Italy,Transportation,2021,1,True
Estonia,Transportation,2023,38,True
Malaysia,Transportation,2020,6,True
Oman,Transportation,2024,3,True
Canada,Transportation,2023,180,True
Denmark,Transportation,2024,92,True
Poland,Transportation,2018,2,True
Finland,Transportation,2023,2,True
Ireland,Transportation,2024,6,True
United States,Transportation,2025,32153,True
China,Transportation,2022,1087,True
India,Agriculture,2020,3,True
missing,Agriculture,2018,1,True
China,Agriculture,2026,221,False
Chile,Agriculture,2025,0,True
Panama,All,2026,1,False
United Kingdom,All,2021,7941,True
Philippines,All,2025,151,True
Slovakia,All,2019,15,True
Slovakia,All,2021,9,True
Greece,All,2018,2,True
Tunisia,All,2025,1,True
Slovenia,All,2020,5,True
Estonia,All,2026,105,False
Bulgaria,All,2022,4,True
Serbia,All,2023,44,True
Serbia,All,2026,55043,False
Luxembourg,All,2023,5,True
Portugal,All,2021,299,True
Grenada,All,2025,6,True
Romania,All,2018,1,True
Croatia,All,2022,367,True
Latvia,All,2020,4,True
Germany,All,2017,1147,True
Australia,All,2020,539,True
Indonesia,All,2016,2,True
China,All,2017,7061,True
Thailand,All,2018,10,True
Malaysia,All,2023,85,True
Switzerland,Biotechnology,2021,18,True
Ireland,Biotechnology,2022,1,True
Canada,Biotechnology,2016,7,True
Canada,Biotechnology,2021,36,True
Denmark,Biotechnology,2024,7,True
Chile,Biotechnology,2020,0,True
France,Community and Lifestyle,2017,1,True
Denmark,Community and Lifestyle,2020,4,True
Singapore,Community and Lifestyle,2024,9,True
Canada,Computer Vision,2016,5,True
Lithuania,Computer Vision,2019,1,True
Finland,Computer Vision,2023,0,True
Estonia,Computer Vision,2024,1,True
Greece,Computer Vision,2023,220,True
Japan,Computer Vision,2020,9,True
Japan,Computer Vision,2025,43,True
Taiwan,Computer Vision,2021,0,True
Israel,Computer Vision,2019,1049,True
Austria,Computer Vision,2019,1,True
Germany,Computer Vision,2019,14,True
Kenya,Consumer goods,2020,0,True
Italy,Consumer goods,2023,9,True
China,Consumer goods,2016,110,True
missing,Consumer goods,2026,1,False
Sri Lanka,Consumer goods,2025,0,True
Turkey,Cyber Security,2020,0,True
Denmark,Cyber Security,2019,0,True
France,Cyber Security,2018,7,True
Kenya,Data and analytics,2021,26,True
Uganda,Data and analytics,2023,0,True
Philippines,Data and analytics,2016,0,True
El Salvador,Data and analytics,2020,0,True
Belgium,Data and analytics,2022,739,True
Germany,Data and analytics,2018,1050,True
Germany,Data and analytics,2019,663,True
Senegal,Data and analytics,2021,0,True
Singapore,Data and analytics,2018,588,True
South Korea,Data and analytics,2026,1687,False
New Zealand,Data and analytics,2023,26,True
Egypt,Data and analytics,2016,0,True
Egypt,Data and analytics,2017,0,True
Egypt,Data and analytics,2024,18,True
Netherlands,Data and analytics,2017,389,True
Spain,Data and analytics,2022,629,True
missing,Data and analytics,2018,24,True
Czechia,Data and analytics,2024,197,True
Cyprus,Data and analytics,2017,1,True
Australia,Data and analytics,2021,2508,True
United Kingdom,Data and analytics,2017,632,True
United Kingdom,Data and analytics,2020,2263,True
Romania,Data and analytics,2022,16,True
Lebanon,Education,2017,1,True
Norway,Education,2017,3,True
Peru,Education,2023,0,True
Azerbaijan,Education,2022,0,True
China,Education,2017,193,True
China,Education,2026,197,False
United States,Energy and natural resources,2025,4342,True
Spain,Energy and natural resources,2026,21,False
United Arab Emirates,Energy and natural resources,2024,85,True
United Arab Emirates,Energy and natural resources,2026,53,False
Canada,Energy and natural resources,2017,10,True
Netherlands,Energy and natural resources,2022,30,True
Norway,Energy and natural resources,2022,7,True
France,Facial Recognition,2024,0,True
Australia,Finance,2017,14,True
Saudi Arabia,Finance,2018,766,True
Lebanon,Finance,2017,0,True
Philippines,Finance,2021,1,True
United Arab Emirates,Finance,2016,0,True
United Kingdom,Finance,2021,981,True
Mexico,Finance,2025,122,True
Colombia,Finance,2023,0,True
Thailand,Finance,2021,5,True
Brazil,Finance,2018,32,True
United States,Finance,2023,6026,True
Kenya,Finance,2018,2,True
Belgium,Finance,2026,1035,False
Ireland,Gaming,2024,0,True
missing,Gaming,2023,3,True
United Kingdom,Gaming,2016,1,True
United Kingdom,Gaming,2018,5,True
United Kingdom,Gaming,2024,53,True
Germany,Gaming,2018,3,True
Germany,Gaming,2025,6,True
Malaysia,Gaming,2016,3,True
Poland,General purpose,2024,67,True
Estonia,General purpose,2017,1,True
Peru,General purpose,2021,1,True
China,General purpose,2016,4152,True
Panama,General purpose,2024,0,True
Panama,General purpose,2026,1,False
Portugal,General purpose,2022,103,True
Lithuania,General purpose,2025,21,True
Belgium,General purpose,2026,384,False
Saudi Arabia,General purpose,2025,1191,True
Saudi Arabia,General purpose,2026,1325,False
New Zealand,General purpose,2019,211,True
Hungary,General purpose,2023,16,True
Netherlands,General purpose,2023,999,True
Kazakhstan,General purpose,2019,0,True
South Africa,General purpose,2023,23,True
Oman,General purpose,2026,15,False
Chile,General purpose,2018,77,True
Qatar,General purpose,2024,1,True
Singapore,General purpose,2026,3552,False
Mexico,General purpose,2016,3,True
Mexico,General purpose,2024,152,True
Egypt,General purpose,2024,18,True
Thailand,General purpose,2020,3,True
Chile,Hardware,2024,2,True
China,Hardware,2025,5218,True
Canada,Hardware,2018,119,True
Switzerland,Hardware,2025,247,True
South Korea,Hardware,2024,213,True
United Arab Emirates,Hardware,2019,3,True
Denmark,Hardware,2022,172,True
Denmark,Hardware,2023,7,True
Norway,Hardware,2024,164,True
Saudi Arabia,Hardware,2024,12,True
Malaysia,Hardware,2024,0,True
Canada,Healthcare and Life Sciences,2018,2194,True
Turkey,Healthcare and Life Sciences,2022,2,True
South Korea,Healthcare and Life Sciences,2019,42,True
China,Healthcare and Life Sciences,2020,446,True
Ukraine,Healthcare and Life Sciences,2025,0,True
Singapore,Healthcare and Life Sciences,2017,16,True
Uganda,Healthcare and Life Sciences,2023,0,True
Czechia,Healthcare and Life Sciences,2026,0,False
Brazil,Healthcare and Life Sciences,2023,3,True
Switzerland,Healthcare and Life Sciences,2022,61,True
Turkey,Information Technology,2022,31,True
Turkey,Information Technology,2025,12,True
Colombia,Information Technology,2021,1,True
Philippines,Information Technology,2018,7,True
South Korea,Information Technology,2025,612,True
Portugal,Information Technology,2026,3,False
Singapore,Information Technology,2023,1308,True
Cyprus,Information Technology,2025,1,True
New Zealand,Information Technology,2025,58,True
Saudi Arabia,Information Technology,2022,138,True
Uruguay,Information Technology,2023,168,True
Venezuela,Information Technology,2021,0,True
Taiwan,Lending and Investments,2016,0,True
Czechia,Lending and Investments,2016,1,True
Czechia,Lending and Investments,2022,2,True
India,Lending and Investments,2019,7,True
Malaysia,Lending and Investments,2021,49,True
Philippines,Lending and Investments,2022,3,True
Singapore,Manufacturing,2024,1509,True
Brazil,Manufacturing,2021,0,True
Belgium,Manufacturing,2021,185,True
Japan,Manufacturing,2018,37,True
Japan,Manufacturing,2023,368,True
Czechia,Manufacturing,2021,1,True
India,Manufacturing,2017,4,True
Morocco,Manufacturing,2022,0,True
Sri Lanka,Media and Entertainment,2024,0,True
Chile,Media and Entertainment,2022,0,True
Israel,Media and Entertainment,2024,35,True
Italy,Media and Entertainment,2024,8,True
Ireland,Media and Entertainment,2020,5,True
Albania,Media and Entertainment,2016,2,True
China,Media and Entertainment,2026,486,False
Lebanon,Media and Entertainment,2018,0,True
Iceland,"Military, public safety and government",2021,1,True
Brazil,"Military, public safety and government",2023,0,True
Slovakia,"Military, public safety and government",2026,1,False
Nigeria,"Mobile, platforms & Internet services",2020,0,True
Sri Lanka,"Mobile, platforms & Internet services",2022,0,True
Turkey,"Mobile, platforms & Internet services",2020,3,True
South Korea,"Mobile, platforms & Internet services",2026,578,False
Poland,"Mobile, platforms & Internet services",2020,8,True
Ireland,"Mobile, platforms & Internet services",2017,3,True
Netherlands,"Mobile, platforms & Internet services",2026,705,False
Singapore,"Mobile, platforms & Internet services",2026,991,False
Denmark,"Mobile, platforms & Internet services",2023,8,True
United States,"Mobile, platforms & Internet services",2026,44011,False
Norway,"Mobile, platforms & Internet services",2020,35,True
Norway,"Mobile, platforms & Internet services",2026,9,False
Israel,"Mobile, platforms & Internet services",2021,1030,True
Israel,"Mobile, platforms & Internet services",2022,706,True
Israel,"Mobile, platforms & Internet services",2023,519,True
Thailand,"Mobile, platforms & Internet services",2022,0,True
New Zealand,"Mobile, platforms & Internet services",2026,1,False
Luxembourg,"Mobile, platforms & Internet services",2016,0,True
Romania,"Mobile, platforms & Internet services",2021,4,True
Indonesia,"Mobile, platforms & Internet services",2019,3,True
Brazil,"Mobile, platforms & Internet services",2021,134,True
India,NLP,2023,33,True
India,NLP,2025,32,True
Saudi Arabia,NLP,2021,2,True
Belgium,NLP,2024,138,True
Switzerland,NLP,2026,1,False
China,NLP,2019,28,True
United Kingdom,NLP,2016,17,True
South Korea,NLP,2026,108,False
Australia,Navigation and mapping,2017,2,True
Japan,Navigation and mapping,2023,0,True
Tunisia,Navigation and mapping,2024,0,True
China,Navigation and mapping,2021,26,True
Singapore,Navigation and mapping,2024,3,True
Lebanon,Other,2017,1,True
Saudi Arabia,Other,2022,17,True
China,Other,2024,188,True
Sri Lanka,Other,2024,0,True
Indonesia,Other,2019,2,True
Mexico,Other,2022,8,True
Canada,Other,2019,7,True
Chile,Other,2026,3,False
Belgium,Other,2022,27,True
Romania,Other,2026,1,False
Uzbekistan,Other,2024,0,True
Spain,Privacy and Security,2022,0,True
Denmark,Privacy and Security,2023,33,True
Denmark,Privacy and Security,2024,78,True
South Korea,Privacy and Security,2020,26,True
Hungary,Privacy and Security,2021,0,True
Hungary,Privacy and Security,2025,3,True
Bangladesh,Privacy and Security,2023,0,True
Turkey,Privacy and Security,2023,0,True
China,Privacy and Security,2024,97,True
United Kingdom,Privacy and Security,2019,57,True
Belgium,Professional services,2019,32,True
Estonia,Professional services,2022,4,True
France,Professional services,2017,249,True
Colombia,Professional services,2019,3,True
El Salvador,Professional services,2020,0,True
Saudi Arabia,Professional services,2020,3,True
Singapore,Professional services,2021,305,True
Malta,Professional services,2025,0,True
Thailand,Professional services,2023,3,True
United States,Professional services,2019,11169,True
Rwanda,Professional services,2026,0,False
China,Professional services,2017,58,True
China,Professional services,2019,111,True
Denmark,Professional services,2020,14,True
New Zealand,Professional services,2020,63,True
South Africa,Professional services,2024,3,True
South Africa,Real estate,2023,1,True
South Korea,Real estate,2025,11,True
Australia,Real estate,2018,119,True
Spain,Real estate,2020,1,True
Romania,Real estate,2022,0,True
Israel,Real estate,2021,68,True
Finland,Real estate,2021,15,True
Czechia,Real estate,2021,0,True
Indonesia,Real estate,2025,2,True
Australia,Robotics,2024,2,True
India,Robotics,2024,29,True
Lebanon,Robotics,2016,0,True
Norway,Robotics,2026,38,False
Australia,"Sales, retail, commerce, marketing",2025,90,True
Egypt,"Sales, retail, commerce, marketing",2024,0,True
Sri Lanka,"Sales, retail, commerce, marketing",2021,0,True
Kazakhstan,"Sales, retail, commerce, marketing",2022,0,True
Latvia,"Sales, retail, commerce, marketing",2019,0,True
Latvia,"Sales, retail, commerce, marketing",2024,0,True
Slovakia,"Sales, retail, commerce, marketing",2016,0,True
Belgium,"Sales, retail, commerce, marketing",2016,1,True
France,"Sales, retail, commerce, marketing",2018,208,True
Norway,"Sales, retail, commerce, marketing",2019,1,True
New Zealand,"Sales, retail, commerce, marketing",2018,1,True
Netherlands,"Sales, retail, commerce, marketing",2022,413,True
Pakistan,"Sales, retail, commerce, marketing",2020,0,True
Malaysia,"Sales, retail, commerce, marketing",2020,4,True
Singapore,Semiconductor,2022,25,True
China,Semiconductor,2022,333,True
France,Semiconductor,2018,8,True
United Kingdom,Semiconductor,2022,14,True
France,Simulation,2023,71,True
China,Simulation,2023,3,True
Germany,Simulation,2021,53,True
Italy,Simulation,2026,1,False
Israel,Software,2025,3284,True
Malta,Software,2021,5,True
Sweden,Software,2019,147,True
Serbia,Software,2024,45,True
Portugal,Software,2022,105,True
Bahrain,Software,2022,0,True
Mauritius,Software,2025,0,True
Turkey,Software,2021,91,True
Iran,Software,2022,0,True
Panama,Software,2021,1,True
Estonia,Software,2016,8,True
Estonia,Software,2024,56,True
Ireland,Speech Recognition,2017,1,True
United Kingdom,Speech Recognition,2021,2,True
Saudi Arabia,Speech Recognition,2026,1200,False
Belgium,Speech Recognition,2019,1,True
Israel,Sports,2018,33,True
United Kingdom,Sports,2020,68,True
Spain,Sports,2022,0,True
Italy,Sports,2023,0,True
Austria,Telecommunications,2024,6,True
Ireland,Telecommunications,2020,9,True
Netherlands,Telecommunications,2017,92,True
United Arab Emirates,Telecommunications,2024,6,True
Singapore,Telecommunications,2026,392,False
Taiwan,Telecommunications,2024,0,True
Qatar,Telecommunications,2025,0,True
Slovakia,Telecommunications,2021,4,True
Pakistan,Transportation,2022,0,True
Netherlands,Transportation,2017,91,True
Netherlands,Transportation,2026,6,False
Italy,Transportation,2020,7,True
Brazil,Transportation,2020,3,True
Canada,Transportation,2022,1013,True
Chile,Transportation,2020,2,True
Greece,Agriculture,2018,1,True
Sweden,Agriculture,2023,3,True
Japan,Agriculture,2026,10,False
United Kingdom,Agriculture,2017,8,True
France,Agriculture,2020,4,True
Brazil,Agriculture,2017,2,True
Brazil,Agriculture,2022,11,True
Italy,Agriculture,2016,2,True
Italy,Agriculture,2021,2,True
Switzerland,Agriculture,2020,0,True
Kenya,Agriculture,2025,0,True
Israel,Agriculture,2021,501,True
Norway,All,2018,299,True
Austria,All,2024,1032,True
Iraq,All,2020,2,True
Estonia,All,2016,27,True
South Africa,All,2026,100,False
Israel,All,2022,5829,True
Bulgaria,All,2019,3,True
Serbia,All,2020,0,True
New Zealand,All,2020,150,True
Turkey,All,2018,511,True
Malta,All,2025,2693,True
Latvia,All,2026,1,False
Iceland,All,2026,1603,False
Uruguay,All,2022,6,True
Peru,All,2021,2,True
Algeria,All,2022,0,True
United Arab Emirates,Biotechnology,2026,3,False
Australia,Biotechnology,2017,0,True
Sweden,Biotechnology,2021,3,True
Canada,Biotechnology,2023,78,True
India,Biotechnology,2018,0,True
Kazakhstan,Community and Lifestyle,2026,0,False
Portugal,Community and Lifestyle,2016,0,True
China,Community and Lifestyle,2017,79,True
South Africa,Community and Lifestyle,2020,0,True
Kenya,Community and Lifestyle,2026,0,False
Romania,Community and Lifestyle,2020,0,True
Canada,Community and Lifestyle,2016,67,True
Tunisia,Community and Lifestyle,2019,0,True
Malaysia,Community and Lifestyle,2017,0,True
Pakistan,Community and Lifestyle,2016,0,True
Paraguay,Community and Lifestyle,2021,0,True
Singapore,Community and Lifestyle,2020,3,True
Israel,Community and Lifestyle,2023,106,True
Brazil,Computer Vision,2019,4,True
Brazil,Computer Vision,2022,16,True
Argentina,Computer Vision,2018,0,True
Singapore,Computer Vision,2026,375,False
Greece,Computer Vision,2017,0,True
Japan,Computer Vision,2026,0,False
Norway,Computer Vision,2026,4,False
Netherlands,Computer Vision,2021,170,True
Netherlands,Computer Vision,2022,171,True
Peru,Computer Vision,2022,0,True
Portugal,Consumer goods,2016,0,True
Brazil,Consumer goods,2024,0,True
United Kingdom,Consumer goods,2018,1162,True
missing,Consumer goods,2021,10,True
Germany,Cyber Security,2026,282,False
Lithuania,Cyber Security,2024,1,True
Chile,Cyber Security,2022,0,True
China,Cyber Security,2025,7,True
Norway,Data and analytics,2025,753,True
United Arab Emirates,Data and analytics,2023,276,True
Thailand,Data and analytics,2020,3,True
Ukraine,Data and analytics,2022,0,True
Taiwan,Data and analytics,2020,89,True
Singapore,Data and analytics,2025,9594,True
Iran,Data and analytics,2018,0,True
Austria,Data and analytics,2016,5,True
Austria,Data and analytics,2023,328,True
New Zealand,Data and analytics,2020,135,True
Sweden,Data and analytics,2023,122,True
Bulgaria,Data and analytics,2023,10,True
Netherlands,Data and analytics,2025,886,True
Lithuania,Data and analytics,2020,4,True
Lithuania,Data and analytics,2025,21,True
missing,Data and analytics,2025,4142,True
Cyprus,Education,2020,0,True
United Arab Emirates,Education,2025,10,True
Taiwan,Education,2023,3,True
Chile,Education,2018,5,True
South Korea,Education,2025,77,True
Switzerland,Education,2016,0,True
Saudi Arabia,Education,2022,0,True
Estonia,Education,2020,1,True
Portugal,Energy and natural resources,2020,1,True
Zimbabwe,Energy and natural resources,2021,0,True
United Kingdom,Energy and natural resources,2018,47,True
United Kingdom,Energy and natural resources,2022,247,True
Tunisia,Energy and natural resources,2021,0,True
Australia,Energy and natural resources,2016,1,True
Belgium,Facial Recognition,2018,2,True
United States,Facial Recognition,2017,6,True
Spain,Facial Recognition,2016,0,True
India,Facial Recognition,2020,2,True
Netherlands,Facial Recognition,2017,4,True
Saudi Arabia,Finance,2025,678,True
China,Finance,2023,101,True
Seychelles,Finance,2022,10,True
Germany,Finance,2016,132,True
Japan,Finance,2021,101,True
Spain,Finance,2024,346,True
Malaysia,Finance,2025,0,True
Malaysia,Finance,2026,2,False
Tunisia,Finance,2022,0,True
Brazil,Finance,2022,525,True
Indonesia,Finance,2023,3,True
Switzerland,Finance,2023,4,True
Greece,Finance,2021,53,True
Sweden,Finance,2016,1,True
Sweden,Finance,2020,3430,True
Sweden,Finance,2021,2393,True
Belgium,Finance,2017,25,True
Canada,Gaming,2022,1882,True
Canada,Gaming,2025,3,True
Ireland,Gaming,2017,1,True
Ireland,Gaming,2021,0,True
Denmark,Gaming,2022,2,True
Italy,Gaming,2017,0,True
Philippines,General purpose,2019,1,True
Czechia,General purpose,2017,45,True
Greece,General purpose,2023,331,True
Tunisia,General purpose,2025,0,True
Indonesia,General purpose,2022,37,True
missing,General purpose,2017,18,True
Russia,General purpose,2020,13,True
Germany,General purpose,2024,3949,True
Israel,General purpose,2019,9455,True
Bahrain,General purpose,2024,0,True
Egypt,General purpose,2025,40,True
Zambia,Hardware,2023,0,True
Cyprus,Hardware,2026,1,False
Finland,Hardware,2018,1,True
Israel,Hardware,2018,283,True
Netherlands,Hardware,2018,756,True
Netherlands,Hardware,2021,114,True
Bulgaria,Hardware,2025,65,True
Brazil,Hardware,2016,0,True
Romania,Hardware,2023,2,True
Romania,Hardware,2024,5,True
Australia,Hardware,2025,232,True
Lithuania,Hardware,2021,0,True
Poland,Healthcare and Life Sciences,2024,2,True
Bulgaria,Healthcare and Life Sciences,2021,0,True
Bulgaria,Healthcare and Life Sciences,2022,1,True
Israel,Healthcare and Life Sciences,2016,49,True
Israel,Healthcare and Life Sciences,2025,296,True
Israel,Healthcare and Life Sciences,2026,25,False
Romania,Healthcare and Life Sciences,2022,1,True
Peru,Healthcare and Life Sciences,2017,0,True
Switzerland,Healthcare and Life Sciences,2016,3,True
Argentina,Healthcare and Life Sciences,2026,0,False
missing,Healthcare and Life Sciences,2016,15,True
missing,Healthcare and Life Sciences,2024,63,True
missing,Healthcare and Life Sciences,2025,169,True
Seychelles,Information Technology,2017,1,True
China,Information Technology,2026,2001,False
Colombia,Information Technology,2019,0,True
Algeria,Information Technology,2021,0,True
Romania,Information Technology,2020,1,True
United Arab Emirates,Information Technology,2016,0,True
United Arab Emirates,Information Technology,2022,228,True
Kenya,Information Technology,2016,1,True
Bulgaria,Information Technology,2017,0,True
Bulgaria,Information Technology,2022,0,True
Netherlands,Information Technology,2026,910,False
Poland,Information Technology,2025,485,True
Spain,Information Technology,2025,2414,True
New Zealand,Information Technology,2021,1056,True
Georgia,Information Technology,2025,0,True
Italy,Information Technology,2022,6,True
Hungary,Information Technology,2019,1,True
China,Lending and Investments,2020,53,True
Lithuania,Manufacturing,2024,0,True
Sweden,Manufacturing,2023,9,True
Finland,Manufacturing,2021,5,True
United Arab Emirates,Manufacturing,2025,1,True
Denmark,Manufacturing,2019,15,True
Japan,Manufacturing,2016,17,True
Israel,Manufacturing,2026,1774,False
Cyprus,Manufacturing,2025,1,True
United States,Manufacturing,2020,1796,True
missing,Manufacturing,2018,15,True
Serbia,Media and Entertainment,2019,0,True
Serbia,Media and Entertainment,2022,4,True
Mexico,Media and Entertainment,2020,0,True
South Korea,Media and Entertainment,2022,362,True
Saint Kitts and Nevis,Media and Entertainment,2021,0,True
United Kingdom,Media and Entertainment,2016,381,True
United Kingdom,Media and Entertainment,2019,149,True
Portugal,Media and Entertainment,2023,7,True
Ireland,Media and Entertainment,2016,2,True
Ireland,Media and Entertainment,2022,3,True
Hungary,Media and Entertainment,2024,5,True
Singapore,Media and Entertainment,2025,34,True
Spain,Media and Entertainment,2016,2,True
Switzerland,Media and Entertainment,2024,4,True
Israel,"Military, public safety and government",2022,4,True
United Kingdom,"Military, public safety and government",2020,30,True
Spain,"Military, public safety and government",2020,0,True
Zambia,"Military, public safety and government",2025,0,True
Germany,"Military, public safety and government",2021,146,True
Vietnam,"Mobile, platforms & Internet services",2025,11,True
Finland,"Mobile, platforms & Internet services",2023,9,True
Iceland,"Mobile, platforms & Internet services",2024,0,True
Jordan,"Mobile, platforms & Internet services",2016,0,True
Ghana,"Mobile, platforms & Internet services",2016,3,True
Tunisia,"Mobile, platforms & Internet services",2018,1,True
India,"Mobile, platforms & Internet services",2020,12019,True
United Arab Emirates,"Mobile, platforms & Internet services",2022,143,True
Greece,"Mobile, platforms & Internet services",2022,0,True
Serbia,"Mobile, platforms & Internet services",2023,43,True
Kenya,"Mobile, platforms & Internet services",2021,15,True
Kenya,"Mobile, platforms & Internet services",2024,0,True
Luxembourg,"Mobile, platforms & Internet services",2017,0,True
Taiwan,"Mobile, platforms & Internet services",2026,5,False
Ukraine,"Mobile, platforms & Internet services",2018,0,True
Switzerland,"Mobile, platforms & Internet services",2017,141,True
Belgium,NLP,2020,0,True
Japan,NLP,2023,1,True
Slovakia,NLP,2025,1,True
Switzerland,NLP,2018,3,True
Hungary,NLP,2024,0,True
Australia,Navigation and mapping,2018,3,True
Italy,Navigation and mapping,2019,90,True
Canada,Navigation and mapping,2022,5,True
United States,Navigation and mapping,2018,222,True
Germany,Other,2024,507,True
Sweden,Other,2018,4,True
Sweden,Other,2024,15,True
Ireland,Other,2023,151,True
Spain,Privacy and Security,2020,7,True
Israel,Privacy and Security,2016,70,True
Lithuania,Privacy and Security,2025,1,True
India,Privacy and Security,2024,32,True
Peru,Professional services,2023,0,True
Bulgaria,Professional services,2023,1,True
Colombia,Professional services,2017,0,True
Ireland,Professional services,2020,41,True
Austria,Professional services,2020,2,True
Argentina,Professional services,2024,1,True
Chile,Professional services,2021,0,True
Chile,Professional services,2026,0,False
Vietnam,Professional services,2021,3,True
Vietnam,Professional services,2022,1,True
Uruguay,Professional services,2022,0,True
Armenia,Professional services,2024,0,True
Estonia,Real estate,2018,1,True
missing,Real estate,2025,21,True
Ireland,Real estate,2020,3,True
United States,Real estate,2020,1651,True
Saudi Arabia,Real estate,2016,1,True
Saudi Arabia,Real estate,2023,0,True
Denmark,Real estate,2019,3,True
Netherlands,Real estate,2016,5,True
Belgium,Real estate,2023,216,True
Sri Lanka,Robotics,2017,2,True
Japan,Robotics,2023,66,True
Germany,Robotics,2021,213,True
Italy,Robotics,2025,18,True
Estonia,Robotics,2020,0,True
Malaysia,Robotics,2017,1,True
Netherlands,Robotics,2024,6,True
Norway,Robotics,2018,8,True
Canada,Robotics,2018,10,True
Lebanon,"Sales, retail, commerce, marketing",2017,0,True
Singapore,"Sales, retail, commerce, marketing",2020,110,True
Romania,"Sales, retail, commerce, marketing",2016,1,True
Slovakia,"Sales, retail, commerce, marketing",2026,3,False
Bulgaria,"Sales, retail, commerce, marketing",2016,0,True
Saudi Arabia,"Sales, retail, commerce, marketing",2026,0,False
Malaysia,"Sales, retail, commerce, marketing",2019,0,True
Malaysia,"Sales, retail, commerce, marketing",2022,1,True
Spain,"Sales, retail, commerce, marketing",2020,26,True
China,Semiconductor,2023,532,True
Israel,Semiconductor,2018,32,True
France,Semiconductor,2019,64,True
Germany,Semiconductor,2022,3,True
missing,Simulation,2025,3,True
South Korea,Simulation,2025,1,True
Japan,Simulation,2025,1,True
Israel,Software,2017,274,True
Kazakhstan,Software,2024,2,True
Spain,Software,2023,393,True
Thailand,Software,2021,13,True
Indonesia,Software,2016,2,True
Lebanon,Software,2021,2,True
Lebanon,Software,2022,0,True
Lebanon,Software,2023,0,True
Russia,Software,2024,130,True
Sri Lanka,Software,2024,7,True
Uruguay,Software,2020,2,True
United States,Software,2026,274628,False
Zimbabwe,Software,2020,0,True
Turkey,Software,2025,50,True
Nigeria,Software,2020,2,True
Iran,Software,2020,0,True
Malaysia,Software,2019,36,True
Canada,Speech Recognition,2016,2,True
Thailand,Speech Recognition,2018,0,True
United Kingdom,Speech Recognition,2025,1,True
France,Speech Recognition,2026,57,False
Israel,Sports,2025,95,True
missing,Sports,2023,2,True
Singapore,Sports,2023,1,True
Italy,Sports,2022,0,True
Turkey,Sports,2023,0,True
Austria,Telecommunications,2021,2,True
Ireland,Telecommunications,2026,55,False
Mexico,Telecommunications,2026,9,False
Switzerland,Telecommunications,2018,0,True
France,Telecommunications,2016,103,True
France,Telecommunications,2021,0,True
Malaysia,Telecommunications,2026,40,False
Australia,Telecommunications,2020,0,True
Indonesia,Transportation,2025,0,True
India,Transportation,2022,208,True
Denmark,Transportation,2025,94,True
Mexico,Transportation,2024,4,True
Spain,Transportation,2022,23,True
United Kingdom,Transportation,2020,95,True
Bangladesh,Agriculture,2019,0,True
Finland,Agriculture,2019,1,True
Germany,Agriculture,2025,19,True
Netherlands,Agriculture,2020,2,True
Bosnia and Herzegovina,Agriculture,2023,0,True
Canada,Agriculture,2017,4,True
Australia,Agriculture,2025,58,True
Spain,Agriculture,2019,0,True
Israel,Agriculture,2017,5,True
Sri Lanka,Agriculture,2018,0,True
Norway,All,2024,872,True
Hungary,All,2019,12,True
Austria,All,2016,9,True
South Africa,All,2018,70,True
Israel,All,2024,6698,True
Israel,All,2025,6082,True
Bulgaria,All,2016,0,True
Serbia,All,2018,1,True
Romania,All,2022,35,True
Sweden,All,2024,5469,True
Jordan,All,2019,0,True
Ireland,All,2018,205,True
Italy,All,2021,2830,True
Italy,All,2026,782,False
Pakistan,All,2024,3,True
Poland,All,2017,59,True
missing,All,2022,50,True
Ghana,All,2023,20,True
Belgium,All,2021,1275,True
Chile,All,2022,81,True
Germany,Biotechnology,2024,23,True
Poland,Biotechnology,2022,1,True
Hungary,Biotechnology,2016,1,True
Hungary,Biotechnology,2022,3,True
Israel,Biotechnology,2022,63,True
Singapore,Biotechnology,2018,132,True
Taiwan,Biotechnology,2022,8,True
South Korea,Community and Lifestyle,2019,7,True
Spain,Community and Lifestyle,2022,23,True
Switzerland,Community and Lifestyle,2026,38,False
China,Community and Lifestyle,2020,487,True
South Africa,Community and Lifestyle,2016,52,True
Sweden,Community and Lifestyle,2018,10,True
Egypt,Community and Lifestyle,2024,1,True
Japan,Community and Lifestyle,2020,17,True
Mexico,Computer Vision,2026,2,False
New Zealand,Computer Vision,2017,0,True
Sweden,Computer Vision,2023,2,True
South Korea,Computer Vision,2019,3,True
France,Computer Vision,2020,119,True
United States,Computer Vision,2018,1844,True
Serbia,Computer Vision,2017,0,True
Czechia,Computer Vision,2022,18,True
Kenya,Consumer goods,2025,0,True
Switzerland,Consumer goods,2022,5,True
France,Consumer goods,2017,7,True
Australia,Consumer goods,2021,3,True
Austria,Consumer goods,2021,2,True
Taiwan,Consumer goods,2016,4,True
Estonia,Cyber Security,2022,27,True
Argentina,Cyber Security,2026,0,False
Belgium,Cyber Security,2017,3,True
Sweden,Cyber Security,2022,0,True
Argentina,Data and analytics,2022,12,True
Slovakia,Data and analytics,2022,6,True
Philippines,Data and analytics,2018,7,True
Panama,Data and analytics,2024,0,True
Azerbaijan,Data and analytics,2022,0,True
United Arab Emirates,Data and analytics,2016,7,True
Vietnam,Data and analytics,2019,9,True
Vietnam,Data and analytics,2026,2,False
Seychelles,Data and analytics,2023,25,True
Peru,Data and analytics,2020,3,True
Japan,Data and analytics,2023,1756,True
Japan,Data and analytics,2025,604,True
Turkey,Data and analytics,2019,8,True
Turkey,Data and analytics,2020,5,True
New Zealand,Data and analytics,2025,129,True
Swaziland,Data and analytics,2026,4,False
Chile,Data and analytics,2026,12,False
Egypt,Data and analytics,2025,40,True
Zimbabwe,Data and analytics,2023,0,True
Nigeria,Data and analytics,2025,32,True
Saudi Arabia,Data and analytics,2017,17,True
Uruguay,Data and analytics,2020,2,True
Spain,Data and analytics,2020,238,True
Malaysia,Data and analytics,2018,15,True
United States,Data and analytics,2018,35742,True
China,Data and analytics,2021,6205,True
Australia,Data and analytics,2017,59,True
Lebanon,Education,2021,0,True
Turkey,Education,2022,0,True
Austria,Education,2016,0,True
Estonia,Education,2023,0,True
China,Education,2019,92,True
Mexico,Education,2023,18,True
Spain,Energy and natural resources,2024,40,True
Canada,Energy and natural resources,2023,77,True
Israel,Energy and natural resources,2020,25,True
Kenya,Energy and natural resources,2025,0,True
Germany,Energy and natural resources,2019,20,True
Israel,Facial Recognition,2022,4,True
China,Finance,2020,163,True
Norway,Finance,2019,8,True
Ghana,Finance,2018,1,True
Ghana,Finance,2021,0,True
Germany,Finance,2022,216,True
Chile,Finance,2021,1,True
Poland,Finance,2017,25,True
Poland,Finance,2024,5,True
Italy,Finance,2024,10,True
Vietnam,Finance,2025,81,True
United States,Finance,2024,9463,True
United Arab Emirates,Gaming,2023,4,True
South Korea,Gaming,2018,1,True
South Korea,Gaming,2021,3,True
Brazil,Gaming,2021,0,True
China,Gaming,2022,30,True
Spain,Gaming,2020,4,True
Bangladesh,General purpose,2024,1,True
Poland,General purpose,2021,72,True
Nigeria,General purpose,2019,8,True
Panama,General purpose,2025,15,True
Mauritius,General purpose,2019,50,True
Grenada,General purpose,2025,6,True
Norway,General purpose,2019,272,True
Trinidad and Tobago,General purpose,2026,18,False
Brazil,General purpose,2021,282,True
United Kingdom,General purpose,2025,6013,True
Austria,General purpose,2016,5,True
India,General purpose,2022,1911,True
Malta,General purpose,2018,0,True
Oman,General purpose,2025,0,True
Bulgaria,General purpose,2021,15,True
Zimbabwe,General purpose,2020,0,True
United Arab Emirates,General purpose,2024,1957,True
Tanzania,General purpose,2024,0,True
Japan,General purpose,2017,528,True
Poland,Hardware,2018,4,True
Chile,Hardware,2017,0,True
China,Hardware,2016,470,True
Kazakhstan,Hardware,2020,0,True
United Kingdom,Hardware,2026,2422,False
United States,Hardware,2017,4090,True
South Korea,Hardware,2019,383,True
Ireland,Hardware,2022,23,True
Australia,Hardware,2018,12,True
Sri Lanka,Hardware,2019,1,True
Singapore,Hardware,2026,7731,False
Lithuania,Hardware,2023,0,True
Nigeria,Hardware,2024,2,True
Ukraine,Hardware,2024,2,True
Norway,Healthcare and Life Sciences,2017,2,True
Sri Lanka,Healthcare and Life Sciences,2022,0,True
India,Healthcare and Life Sciences,2018,513,True
Lithuania,Healthcare and Life Sciences,2017,0,True
Pakistan,Healthcare and Life Sciences,2026,0,False
Zambia,Healthcare and Life Sciences,2026,0,False
Czechia,Healthcare and Life Sciences,2022,21,True
Sweden,Healthcare and Life Sciences,2016,2,True
Sweden,Healthcare and Life Sciences,2019,10,True
Ireland,Healthcare and Life Sciences,2018,0,True
Tunisia,Healthcare and Life Sciences,2022,0,True
Switzerland,Healthcare and Life Sciences,2020,37,True
Argentina,Healthcare and Life Sciences,2020,0,True
Colombia,Information Technology,2025,0,True
Belgium,Information Technology,2020,235,True
Belgium,Information Technology,2024,450,True
Japan,Information Technology,2025,322,True
Cyprus,Information Technology,2024,3,True
Slovakia,Information Technology,2020,13,True
United Arab Emirates,Information Technology,2021,815,True
Malaysia,Information Technology,2016,5,True
Latvia,Information Technology,2025,0,True
Mexico,Information Technology,2018,1,True
Egypt,Information Technology,2024,14,True
Estonia,Information Technology,2018,10,True
missing,Information Technology,2017,9,True
Austria,Information Technology,2017,5,True
South Africa,Information Technology,2021,4,True
Netherlands,Lending and Investments,2022,128,True
Iceland,Lending and Investments,2021,0,True
United Arab Emirates,Lending and Investments,2018,1,True
Canada,Lending and Investments,2017,24,True
Nigeria,Lending and Investments,2022,0,True
Spain,Lending and Investments,2024,2,True
South Africa,Manufacturing,2023,1,True
Brazil,Manufacturing,2022,8,True
Iceland,Manufacturing,2023,5,True
South Korea,Manufacturing,2020,11,True
Ireland,Manufacturing,2024,50,True
United States,Manufacturing,2021,4079,True
India,Manufacturing,2022,61,True
Italy,Manufacturing,2017,2,True
Germany,Manufacturing,2026,633,False
Portugal,Manufacturing,2018,0,True
Austria,Media and Entertainment,2016,2,True
Belgium,Media and Entertainment,2016,1,True
Israel,Media and Entertainment,2026,2457,False
Norway,Media and Entertainment,2018,7,True
Japan,Media and Entertainment,2018,35,True
Taiwan,Media and Entertainment,2018,3,True
China,Media and Entertainment,2023,378,True
Germany,Media and Entertainment,2018,487,True
Saudi Arabia,Media and Entertainment,2025,4,True
Switzerland,"Military, public safety and government",2019,8,True
Italy,"Military, public safety and government",2024,2,True
Ireland,"Military, public safety and government",2017,0,True
Trinidad and Tobago,"Military, public safety and government",2026,13,False
China,"Mobile, platforms & Internet services",2021,1275,True
Nigeria,"Mobile, platforms & Internet services",2025,3,True
Mongolia,"Mobile, platforms & Internet services",2019,0,True
Spain,"Mobile, platforms & Internet services",2025,1495,True
Finland,"Mobile, platforms & Internet services",2020,11,True
Colombia,"Mobile, platforms & Internet services",2020,2,True
Netherlands,"Mobile, platforms & Internet services",2021,289,True
Bangladesh,"Mobile, platforms & Internet services",2024,1,True
France,"Mobile, platforms & Internet services",2023,556,True
Armenia,"Mobile, platforms & Internet services",2025,0,True
United Arab Emirates,"Mobile, platforms & Internet services",2024,1616,True
Thailand,"Mobile, platforms & Internet services",2023,7,True
Sweden,"Mobile, platforms & Internet services",2024,11,True
Venezuela,"Mobile, platforms & Internet services",2021,0,True
Slovenia,"Mobile, platforms & Internet services",2016,0,True
India,NLP,2016,8,True
Israel,NLP,2024,314,True
Slovakia,NLP,2016,1,True
United Kingdom,NLP,2025,113,True
Australia,NLP,2016,1,True
Australia,NLP,2018,7,True
Sweden,NLP,2021,3,True
Saudi Arabia,Navigation and mapping,2021,0,True
Saudi Arabia,Navigation and mapping,2023,2,True
United Arab Emirates,Navigation and mapping,2021,1,True
United Arab Emirates,Other,2018,0,True
Spain,Other,2024,121,True
Iceland,Other,2024,2,True
Japan,Other,2018,6,True
Netherlands,Privacy and Security,2022,4,True
Indonesia,Privacy and Security,2024,0,True
Malaysia,Privacy and Security,2017,1,True
Nigeria,Privacy and Security,2025,2,True
missing,Privacy and Security,2024,0,True
Turkey,Privacy and Security,2020,0,True
United Kingdom,Privacy and Security,2018,37,True
Germany,Professional services,2016,250,True
Germany,Professional services,2018,938,True
Brazil,Professional services,2023,72,True
Bangladesh,Professional services,2025,0,True
Austria,Professional services,2022,3,True
Nigeria,Professional services,2019,0,True
Switzerland,Professional services,2023,10,True
Austria,Real estate,2016,0,True
Austria,Real estate,2019,0,True
Canada,Real estate,2026,12,False
Italy,Real estate,2016,2,True
Poland,Real estate,2022,3,True
Portugal,Real estate,2025,3,True
Indonesia,Real estate,2026,0,False
Netherlands,Real estate,2025,20,True
Venezuela,Real estate,2019,1,True
Israel,Robotics,2016,10,True
Germany,Robotics,2018,237,True
Estonia,Robotics,2026,16,False
New Zealand,Robotics,2021,1,True
Mexico,"Sales, retail, commerce, marketing",2022,36,True
Singapore,"Sales, retail, commerce, marketing",2026,1071,False
Ireland,"Sales, retail, commerce, marketing",2016,171,True
Lithuania,"Sales, retail, commerce, marketing",2022,0,True
Ghana,"Sales, retail, commerce, marketing",2023,0,True
India,"Sales, retail, commerce, marketing",2026,551,False
Israel,Semiconductor,2022,65,True
France,Semiconductor,2024,4,True
Germany,Semiconductor,2025,46,True
India,Simulation,2026,0,False
Canada,Simulation,2022,938,True
China,Software,2022,5999,True
Sweden,Software,2018,88,True
Belize,Software,2022,20,True
Grenada,Software,2025,6,True
Belgium,Software,2026,1490,False
Bolivia,Software,2022,1,True
South Korea,Software,2017,75,True
Singapore,Software,2018,610,True
Argentina,Software,2026,5,False
Cyprus,Software,2016,1,True
Belarus,Software,2022,0,True
Czechia,Software,2023,98,True
Italy,Software,2016,16,True
Kenya,Software,2022,7,True
Lithuania,Software,2017,1,True
Oman,Software,2024,3,True
Tunisia,Software,2023,0,True
Tunisia,Software,2025,0,True
Nigeria,Software,2018,6,True
United Arab Emirates,Software,2019,39,True
Hungary,Software,2016,5,True
Hungary,Software,2019,8,True
Romania,Software,2025,27,True
Jordan,Software,2021,0,True
Ukraine,Software,2016,0,True
Estonia,Software,2022,55,True
India,Speech Recognition,2018,9,True
China,Speech Recognition,2016,51,True
China,Speech Recognition,2019,15,True
Denmark,Speech Recognition,2020,2,True
France,Speech Recognition,2016,3,True
Australia,Sports,2025,0,True
Canada,Sports,2020,37,True
Luxembourg,Sports,2021,0,True
China,Sports,2016,10,True
Italy,Sports,2017,0,True
Italy,Sports,2018,1,True
Japan,Sports,2022,0,True
Ireland,Sports,2022,3,True
Cyprus,Sports,2020,4,True
Ireland,Telecommunications,2023,3,True
Singapore,Telecommunications,2018,19,True
Saudi Arabia,Telecommunications,2017,2,True
United States,Telecommunications,2016,455,True
Turkey,Transportation,2018,1,True
Philippines,Transportation,2026,6,False
Italy,Transportation,2024,4,True
Israel,Transportation,2017,49,True
Mexico,Transportation,2020,2,True
United States,Transportation,2016,2417,True
United Kingdom,Transportation,2024,762,True
Norway,Agriculture,2024,27,True
Finland,Agriculture,2022,1,True
United States,Agriculture,2024,683,True
United States,Agriculture,2025,981,True
United Kingdom,Agriculture,2018,16,True
Hungary,Agriculture,2021,4,True
Vietnam,Agriculture,2016,2,True
Turkey,Agriculture,2017,0,True
Chile,Agriculture,2022,1,True
Chile,Agriculture,2023,2,True
Lebanon,All,2020,2,True
Kuwait,All,2025,9,True
Botswana,All,2016,0,True
Seychelles,All,2021,1,True
Portugal,All,2019,123,True
Portugal,All,2026,92,False
Lithuania,All,2023,10,True
Zambia,All,2019,1,True
Cyprus,All,2020,30,True
Latvia,All,2019,2,True
Vietnam,All,2020,11,True
Bangladesh,All,2020,2,True
Czechia,All,2017,49,True
Brazil,All,2020,667,True
Uzbekistan,All,2026,1,False
United Kingdom,Biotechnology,2024,141,True
Turkey,Biotechnology,2022,12,True
China,Biotechnology,2025,131,True
Canada,Biotechnology,2022,1936,True
Chile,Biotechnology,2023,2,True
Spain,Community and Lifestyle,2021,4,True
United States,Community and Lifestyle,2019,2130,True
Vietnam,Community and Lifestyle,2021,0,True
New Zealand,Community and Lifestyle,2019,1,True
Sweden,Community and Lifestyle,2017,9,True
Turkey,Community and Lifestyle,2020,0,True
Brazil,Computer Vision,2021,13,True
Hungary,Computer Vision,2022,11,True
Hungary,Computer Vision,2024,4,True
China,Computer Vision,2023,90,True
missing,Computer Vision,2020,1,True
Chile,Computer Vision,2021,0,True
Switzerland,Computer Vision,2023,38,True
Switzerland,Computer Vision,2024,256,True
United States,Computer Vision,2019,3941,True
Czechia,Computer Vision,2019,1,True
Russia,Computer Vision,2017,0,True
Australia,Computer Vision,2019,1,True
Australia,Computer Vision,2021,35,True
Germany,Computer Vision,2025,954,True
Spain,Consumer goods,2024,34,True
Italy,Consumer goods,2017,1,True
Poland,Consumer goods,2025,4,True
Denmark,Consumer goods,2022,106,True
Ukraine,Consumer goods,2021,0,True
South Africa,Consumer goods,2021,0,True
Canada,Consumer goods,2018,86,True
Canada,Consumer goods,2022,75,True
Israel,Consumer goods,2017,50,True
United Arab Emirates,Consumer goods,2025,255,True
Singapore,Cyber Security,2022,108,True
United Kingdom,Cyber Security,2024,162,True
Pakistan,Data and analytics,2018,0,True
Hungary,Data and analytics,2016,5,True
Indonesia,Data and analytics,2024,48,True
Lebanon,Data and analytics,2018,4,True
Kenya,Data and analytics,2022,7,True
Philippines,Data and analytics,2026,18,False
Vietnam,Data and analytics,2017,0,True
Paraguay,Data and analytics,2021,0,True
Thailand,Data and analytics,2016,0,True
Kazakhstan,Data and analytics,2020,1,True
Austria,Data and analytics,2019,133,True
Chile,Data and analytics,2024,59,True
Malaysia,Data and analytics,2024,33,True
China,Data and analytics,2024,9809,True
China,Data and analytics,2026,11353,False
Colombia,Data and analytics,2017,0,True
Bangladesh,Education,2020,0,True
Denmark,Education,2016,3,True
Denmark,Education,2017,1,True
Pakistan,Education,2022,1,True
Pakistan,Education,2026,0,False
Romania,Education,2020,0,True
Indonesia,Education,2019,2,True
Nigeria,Education,2023,2,True
Singapore,Education,2025,1016,True
Ghana,Education,2022,0,True
Malaysia,Education,2023,1,True
Malta,Education,2017,1,True
Malta,Education,2020,1,True
Poland,Education,2019,3,True
United Arab Emirates,Energy and natural resources,2022,3,True
Austria,Energy and natural resources,2019,1,True
missing,Energy and natural resources,2023,15,True
Netherlands,Energy and natural resources,2016,3,True
Israel,Energy and natural resources,2024,35,True
Switzerland,Facial Recognition,2017,7,True
Cyprus,Facial Recognition,2019,1,True
Mauritius,Finance,2026,2,False
China,Finance,2017,158,True
China,Finance,2019,193,True
China,Finance,2024,755,True
Norway,Finance,2025,21,True
South Korea,Finance,2023,47,True
Bahrain,Finance,2025,3,True
Nigeria,Finance,2019,13,True
Nigeria,Finance,2026,25,False
missing,Finance,2023,5,True
Ukraine,Finance,2022,0,True
Malaysia,Finance,2023,0,True
Kenya,Finance,2016,1,True
Belgium,Finance,2022,354,True
Norway,Gaming,2017,3,True
Ireland,Gaming,2020,0,True
China,Gaming,2017,11,True
Spain,Gaming,2026,0,False
Sri Lanka,Gaming,2019,1,True
Australia,Gaming,2021,32,True
Australia,General purpose,2024,1436,True
Zambia,General purpose,2021,0,True
Zambia,General purpose,2026,0,False
Denmark,General purpose,2024,706,True
Botswana,General purpose,2021,0,True
Tajikistan,General purpose,2026,5,False
Bulgaria,General purpose,2022,1,True
Luxembourg,General purpose,2022,5,True
Luxembourg,General purpose,2025,4,True
Sweden,General purpose,2024,110,True
Latvia,General purpose,2021,1,True
Singapore,General purpose,2019,1726,True
China,Hardware,2021,3008,True
Kenya,Hardware,2023,0,True
Belgium,Hardware,2024,3,True
Sweden,Hardware,2024,7,True
Denmark,Hardware,2018,157,True
Uruguay,Hardware,2023,167,True
Ireland,Hardware,2026,1,False
Romania,Hardware,2021,1,True
Iceland,Hardware,2021,1600,True
Iceland,Hardware,2026,1602,False
Sri Lanka,Hardware,2025,0,True
Malaysia,Hardware,2026,23,False
Ukraine,Hardware,2019,2,True
Norway,Healthcare and Life Sciences,2016,0,True
Egypt,Healthcare and Life Sciences,2022,2,True
Austria,Healthcare and Life Sciences,2020,8,True
Lithuania,Healthcare and Life Sciences,2021,4,True
Australia,Healthcare and Life Sciences,2023,32,True
United States,Healthcare and Life Sciences,2017,1831,True
United States,Healthcare and Life Sciences,2025,52450,True
Sweden,Healthcare and Life Sciences,2020,30,True
Sweden,Healthcare and Life Sciences,2021,2375,True
Spain,Healthcare and Life Sciences,2020,158,True
Argentina,Healthcare and Life Sciences,2019,1,True
Russia,Healthcare and Life Sciences,2020,5,True
Kazakhstan,Information Technology,2023,3,True
Kazakhstan,Information Technology,2024,2,True
Philippines,Information Technology,2025,6,True
Philippines,Information Technology,2026,18,False
Chile,Information Technology,2017,1,True
United Arab Emirates,Information Technology,2023,100,True
Denmark,Information Technology,2019,5,True
Denmark,Information Technology,2023,82,True
Poland,Information Technology,2020,13,True
Saudi Arabia,Information Technology,2024,906,True
Mexico,Information Technology,2021,18,True
Austria,Information Technology,2026,19,False
Hungary,Information Technology,2022,8,True
Egypt,Lending and Investments,2022,0,True
Germany,Lending and Investments,2018,3,True
Singapore,Lending and Investments,2017,3,True
Singapore,Lending and Investments,2024,116,True
Czechia,Lending and Investments,2020,1,True
Iceland,Lending and Investments,2016,1,True
United States,Lending and Investments,2025,4967,True
United Kingdom,Lending and Investments,2022,198,True
Switzerland,Lending and Investments,2020,35,True
South Africa,Manufacturing,2021,0,True
Sweden,Manufacturing,2020,4,True
Canada,Manufacturing,2021,156,True
Canada,Manufacturing,2024,640,True
China,Manufacturing,2019,699,True
Ukraine,Media and Entertainment,2021,0,True
Turkey,Media and Entertainment,2020,0,True
Canada,Media and Entertainment,2019,73,True
missing,Media and Entertainment,2023,21,True
Uruguay,Media and Entertainment,2025,0,True
Norway,Media and Entertainment,2026,4,False
Japan,Media and Entertainment,2024,34,True
Taiwan,Media and Entertainment,2017,0,True
Finland,Media and Entertainment,2017,1,True
Slovenia,Media and Entertainment,2017,1,True
Israel,"Military, public safety and government",2017,1,True
Israel,"Military, public safety and government",2021,10,True
Norway,"Military, public safety and government",2021,0,True
France,"Military, public safety and government",2026,565,False
Ireland,"Military, public safety and government",2018,2,True
China,"Mobile, platforms & Internet services",2016,3335,True
Chile,"Mobile, platforms & Internet services",2023,0,True
Chile,"Mobile, platforms & Internet services",2025,1,True
Malaysia,"Mobile, platforms & Internet services",2025,36,True
Russia,"Mobile, platforms & Internet services",2018,4,True
Spain,"Mobile, platforms & Internet services",2017,35,True
Finland,"Mobile, platforms & Internet services",2026,6,False
Bangladesh,"Mobile, platforms & Internet services",2025,0,True
France,"Mobile, platforms & Internet services",2024,1807,True
Denmark,"Mobile, platforms & Internet services",2025,15,True
United Kingdom,"Mobile, platforms & Internet services",2022,922,True
Luxembourg,"Mobile, platforms & Internet services",2021,280,True
Canada,"Mobile, platforms & Internet services",2016,992,True
Brazil,"Mobile, platforms & Internet services",2025,699,True
South Africa,NLP,2021,0,True
Finland,NLP,2024,35,True
Cyprus,NLP,2022,1,True
Brazil,NLP,2025,77,True
Malaysia,NLP,2025,2,True
Australia,NLP,2023,0,True
Poland,NLP,2026,0,False
Netherlands,NLP,2017,0,True
Netherlands,NLP,2021,6,True
Netherlands,NLP,2022,13,True
South Korea,NLP,2017,1,True
United Kingdom,Navigation and mapping,2023,46,True
Saudi Arabia,Navigation and mapping,2019,0,True
Sweden,Navigation and mapping,2021,3,True
Israel,Navigation and mapping,2024,17,True
France,Navigation and mapping,2026,67,False
India,Navigation and mapping,2018,1,True
United States,Navigation and mapping,2026,2270,False
Germany,Navigation and mapping,2022,31,True
Kazakhstan,Other,2025,0,True
Croatia,Other,2021,1,True
Italy,Other,2020,2,True
United Arab Emirates,Other,2021,2,True
United Arab Emirates,Other,2023,8,True
Germany,Other,2018,243,True
United Kingdom,Other,2016,40,True
Poland,Other,2016,3,True
Singapore,Other,2022,73,True
Russia,Other,2017,0,True
Belgium,Other,2016,63,True
Brazil,Other,2025,48,True
Japan,Other,2022,18,True
Malaysia,Other,2023,14,True
Czechia,Other,2016,2,True
Estonia,Privacy and Security,2020,7,True
Portugal,Privacy and Security,2017,18,True
Denmark,Privacy and Security,2022,1,True
Italy,Privacy and Security,2025,648,True
France,Privacy and Security,2019,109,True
Iceland,Privacy and Security,2024,0,True
Singapore,Privacy and Security,2023,123,True
Sweden,Privacy and Security,2017,1,True
Sweden,Privacy and Security,2026,8,False
Kenya,Professional services,2022,0,True
United Arab Emirates,Professional services,2023,16,True
Israel,Professional services,2021,617,True
Slovenia,Professional services,2017,0,True
Taiwan,Professional services,2021,30,True
Ireland,Professional services,2026,24,False
Thailand,Professional services,2026,6,False
Japan,Professional services,2016,24,True
Japan,Professional services,2025,157,True
Australia,Professional services,2018,148,True
Rwanda,Professional services,2024,1,True
Turkey,Professional services,2024,3,True
United States,Real estate,2019,4088,True
China,Real estate,2021,293,True
France,Real estate,2026,272,False
New Zealand,Real estate,2020,0,True
Denmark,Robotics,2021,1,True
Kuwait,Robotics,2023,4,True
Italy,Robotics,2016,0,True
Estonia,Robotics,2021,0,True
Czechia,"Sales, retail, commerce, marketing",2026,1,False
Finland,"Sales, retail, commerce, marketing",2016,2,True
Denmark,"Sales, retail, commerce, marketing",2023,0,True
Switzerland,"Sales, retail, commerce, marketing",2022,317,True
Australia,"Sales, retail, commerce, marketing",2017,7,True
Australia,"Sales, retail, commerce, marketing",2018,8,True
Chile,"Sales, retail, commerce, marketing",2019,1,True
United States,"Sales, retail, commerce, marketing",2022,16633,True
Sweden,"Sales, retail, commerce, marketing",2021,604,True
Indonesia,"Sales, retail, commerce, marketing",2024,2,True
Bangladesh,"Sales, retail, commerce, marketing",2020,0,True
Greece,"Sales, retail, commerce, marketing",2016,5,True
Greece,"Sales, retail, commerce, marketing",2018,0,True
Belgium,"Sales, retail, commerce, marketing",2022,163,True
Croatia,"Sales, retail, commerce, marketing",2023,1,True
Peru,"Sales, retail, commerce, marketing",2021,0,True
Saudi Arabia,"Sales, retail, commerce, marketing",2017,3,True
Netherlands,"Sales, retail, commerce, marketing",2019,9,True
Malaysia,"Sales, retail, commerce, marketing",2026,31,False
South Korea,Semiconductor,2024,52,True
United States,Semiconductor,2022,640,True
Austria,Simulation,2025,4,True
Czechia,Simulation,2024,1,True
Israel,Software,2022,2937,True
Iceland,Software,2023,8,True
Denmark,Software,2022,304,True
Serbia,Software,2021,0,True
Belgium,Software,2024,714,True
Indonesia,Software,2017,19,True
Indonesia,Software,2018,19,True
Russia,Software,2016,2,True
Argentina,Software,2025,82,True
Austria,Software,2020,63,True
Uganda,Software,2020,0,True
Uzbekistan,Software,2021,0,True
Bosnia and Herzegovina,Software,2021,0,True
Bosnia and Herzegovina,Software,2025,0,True
Egypt,Software,2021,8,True
United Kingdom,Software,2024,4426,True
Germany,Software,2022,2896,True
Pakistan,Software,2018,0,True
Taiwan,Software,2018,25,True
Taiwan,Software,2020,89,True
Taiwan,Software,2025,78,True
Saudi Arabia,Speech Recognition,2025,254,True
Singapore,Sports,2024,4,True
Bulgaria,Sports,2023,0,True
Italy,Sports,2024,6,True
Sweden,Sports,2019,5,True
United Arab Emirates,Sports,2021,1,True
Netherlands,Sports,2022,91,True
Netherlands,Sports,2024,183,True
Japan,Telecommunications,2019,8,True
United Arab Emirates,Telecommunications,2022,68,True
United Arab Emirates,Telecommunications,2026,20,False
United Kingdom,Telecommunications,2021,383,True
South Korea,Telecommunications,2023,5,True
Slovakia,Telecommunications,2016,1,True
Spain,Telecommunications,2026,3,False
Saudi Arabia,Transportation,2025,49,True
Greece,Transportation,2021,1,True
Estonia,Transportation,2022,19,True
Czechia,Transportation,2022,17,True
Switzerland,Transportation,2021,132,True
Belgium,Transportation,2025,10,True
Colombia,Transportation,2021,3,True
Kenya,Transportation,2026,0,False
Finland,Agriculture,2021,3,True
Netherlands,Agriculture,2023,14,True
New Zealand,Agriculture,2022,0,True
United States,Agriculture,2016,39,True
South Korea,Agriculture,2026,5,False
Italy,Agriculture,2023,2,True
Hungary,Agriculture,2018,0,True
Switzerland,Agriculture,2023,7,True
France,All,2024,7944,True
Colombia,All,2025,823,True
Mexico,All,2021,224,True
Greece,All,2025,108,True
Taiwan,All,2016,31,True
Denmark,All,2017,83,True
Côte d'Ivoire,All,2024,1,True
New Zealand,All,2016,153,True
New Zealand,All,2023,47,True
Madagascar,All,2019,6,True
Morocco,All,2026,0,False
India,All,2025,5677,True
Malta,All,2017,1,True
Lithuania,All,2024,330,True
Nigeria,All,2024,129,True
Egypt,All,2022,16,True
Cyprus,All,2019,8,True
Iceland,All,2020,27,True
Japan,All,2025,1765,True
Uruguay,All,2020,2,True
Czechia,All,2018,7,True
Pakistan,All,2020,0,True
Australia,All,2023,1070,True
Belgium,All,2017,293,True
Canada,All,2017,763,True
Switzerland,All,2017,310,True
Switzerland,Biotechnology,2023,6,True
France,Biotechnology,2018,2,True
missing,Biotechnology,2025,122,True
Cyprus,Biotechnology,2025,2,True
Portugal,Biotechnology,2025,8,True
Brazil,Biotechnology,2018,2,True
Austria,Biotechnology,2026,1,False
India,Biotechnology,2024,15,True
Singapore,Biotechnology,2022,4,True
Sri Lanka,Biotechnology,2024,0,True
Brazil,Community and Lifestyle,2021,7,True
Spain,Community and Lifestyle,2019,3,True
Spain,Community and Lifestyle,2026,1,False
United States,Community and Lifestyle,2021,2370,True
Czechia,Community and Lifestyle,2023,0,True
Switzerland,Community and Lifestyle,2016,0,True
China,Community and Lifestyle,2016,28,True
South Africa,Community and Lifestyle,2026,0,False
Belgium,Community and Lifestyle,2017,24,True
Belgium,Community and Lifestyle,2022,21,True
Australia,Community and Lifestyle,2024,2,True
Saudi Arabia,Community and Lifestyle,2019,81,True
Germany,Community and Lifestyle,2020,25,True
Netherlands,Community and Lifestyle,2017,81,True
Canada,Computer Vision,2026,78,False
Finland,Computer Vision,2020,47,True
Belgium,Computer Vision,2026,1000,False
United Kingdom,Computer Vision,2021,214,True
South Africa,Computer Vision,2022,8,True
United States,Consumer goods,2021,5642,True
Brazil,Consumer goods,2016,0,True
China,Consumer goods,2025,254,True
South Korea,Consumer goods,2024,50,True
South Korea,Consumer goods,2026,15,False
Uruguay,Consumer goods,2017,0,True
Estonia,Cyber Security,2021,14,True
Singapore,Cyber Security,2021,21,True
Belgium,Cyber Security,2024,6,True
India,Cyber Security,2024,2,True
United Kingdom,Cyber Security,2020,95,True
Czechia,Cyber Security,2016,1,True
Czechia,Cyber Security,2017,2,True
Czechia,Cyber Security,2020,1,True
Pakistan,Data and analytics,2026,4,False
Indonesia,Data and analytics,2016,2,True
Indonesia,Data and analytics,2021,123,True
Lebanon,Data and analytics,2017,1,True
Lebanon,Data and analytics,2020,0,True
Lebanon,Data and analytics,2021,2,True
Portugal,Data and analytics,2019,26,True
France,Data and analytics,2017,836,True
Germany,Data and analytics,2026,6812,False
Peru,Data and analytics,2019,1,True
Bulgaria,Data and analytics,2024,4,True
Spain,Data and analytics,2016,111,True
India,Data and analytics,2022,2287,True
Canada,Data and analytics,2021,1616,True
missing,Data and analytics,2019,43,True
Switzerland,Data and analytics,2026,1581,False
Mexico,Data and analytics,2024,152,True
Sweden,Education,2021,2403,True
South Africa,Education,2019,0,True
Japan,Education,2022,13,True
New Zealand,Education,2019,0,True
Slovakia,Education,2016,1,True
Belgium,Education,2021,2,True
Israel,Education,2023,2,True
United States,Energy and natural resources,2023,1266,True
Nigeria,Facial Recognition,2025,2,True
Luxembourg,Finance,2026,0,False
Hungary,Finance,2021,0,True
Côte d'Ivoire,Finance,2024,0,True
France,Finance,2022,380,True
Argentina,Finance,2021,0,True
Spain,Finance,2017,57,True
Poland,Finance,2016,1,True
Malaysia,Finance,2016,4,True
New Zealand,Finance,2023,1,True
New Zealand,Finance,2024,3,True
Kenya,Finance,2023,3,True
Norway,Gaming,2018,2,True
Ireland,Gaming,2022,3,True
Cyprus,Gaming,2019,1,True
Denmark,Gaming,2019,0,True
Taiwan,Gaming,2018,1,True
South Korea,General purpose,2024,935,True
Croatia,General purpose,2023,196,True
United States,General purpose,2020,39007,True
Ireland,General purpose,2023,407,True
Slovakia,General purpose,2018,1,True
Zambia,General purpose,2023,0,True
Vietnam,General purpose,2016,2,True
Belgium,General purpose,2018,94,True
Greece,General purpose,2017,0,True
Greece,General purpose,2026,58,False
Turkey,General purpose,2026,18,False
Jamaica,General purpose,2025,50,True
Mongolia,General purpose,2025,4,True
missing,General purpose,2016,21,True
Brazil,General purpose,2018,69,True
South Africa,General purpose,2018,6,True
Oman,General purpose,2019,0,True
Jordan,General purpose,2025,0,True
Uruguay,General purpose,2025,1,True
Mexico,Hardware,2025,1,True
missing,Hardware,2018,1,True
United States,Hardware,2019,16982,True
Austria,Hardware,2021,72,True
Georgia,Hardware,2026,3,False
Turkey,Hardware,2024,15,True
Saudi Arabia,Hardware,2023,22,True
Saudi Arabia,Hardware,2025,267,True
Portugal,Hardware,2022,21,True
Norway,Healthcare and Life Sciences,2024,7,True
Malaysia,Healthcare and Life Sciences,2022,4,True
Chile,Healthcare and Life Sciences,2017,3,True
Israel,Healthcare and Life Sciences,2020,175,True
Ireland,Healthcare and Life Sciences,2026,62,False
Tunisia,Healthcare and Life Sciences,2021,0,True
Argentina,Healthcare and Life Sciences,2021,0,True
Belgium,Healthcare and Life Sciences,2017,0,True
China,Information Technology,2022,2156,True
Colombia,Information Technology,2022,6,True
Luxembourg,Information Technology,2024,20,True
Belgium,Information Technology,2016,65,True
Russia,Information Technology,2021,2,True
Chile,Information Technology,2016,0,True
Iceland,Information Technology,2020,3,True
Ireland,Information Technology,2026,59,False
Pakistan,Information Technology,2019,0,True
Qatar,Information Technology,2026,27,False
Slovakia,Information Technology,2025,9,True
Finland,Information Technology,2020,102,True
Thailand,Information Technology,2022,37,True
Latvia,Information Technology,2021,1,True
Brazil,Information Technology,2024,355,True
Saudi Arabia,Information Technology,2026,1243,False
Egypt,Information Technology,2017,0,True
Senegal,Information Technology,2021,0,True
Italy,Information Technology,2020,194,True
Austria,Information Technology,2024,525,True
Austria,Information Technology,2025,119,True
South Africa,Information Technology,2018,3,True
South Africa,Information Technology,2026,10,False
Germany,Lending and Investments,2025,963,True
South Africa,Lending and Investments,2018,18,True
Croatia,Lending and Investments,2021,0,True
South Korea,Lending and Investments,2026,10,False
Spain,Manufacturing,2023,4,True
Canada,Manufacturing,2019,22,True
Canada,Manufacturing,2020,87,True
Norway,Manufacturing,2020,75,True
Italy,Manufacturing,2018,0,True
Poland,Manufacturing,2020,2,True
Austria,Media and Entertainment,2022,2,True
Argentina,Media and Entertainment,2024,0,True
Brazil,Media and Entertainment,2016,3,True
Japan,Media and Entertainment,2016,61,True
Denmark,Media and Entertainment,2019,3,True
Denmark,Media and Entertainment,2025,1,True
Albania,Media and Entertainment,2024,6,True
United States,"Military, public safety and government",2018,334,True
Czechia,"Mobile, platforms & Internet services",2019,1,True
Czechia,"Mobile, platforms & Internet services",2024,18,True
Belgium,"Mobile, platforms & Internet services",2016,1,True
Sri Lanka,"Mobile, platforms & Internet services",2020,0,True
Turkey,"Mobile, platforms & Internet services",2024,59,True
Cyprus,"Mobile, platforms & Internet services",2023,1,True
Hungary,"Mobile, platforms & Internet services",2021,2,True
France,"Mobile, platforms & Internet services",2018,395,True
Greece,"Mobile, platforms & Internet services",2025,1,True
Austria,NLP,2024,1,True
Portugal,NLP,2016,1,True
Israel,NLP,2017,5,True
Israel,NLP,2018,44,True
Singapore,NLP,2025,15,True
Germany,NLP,2017,3,True
Netherlands,NLP,2020,2,True
Dominican Republic,NLP,2024,0,True
Saudi Arabia,Navigation and mapping,2018,0,True
Luxembourg,Navigation and mapping,2021,1,True
Argentina,Navigation and mapping,2016,0,True
South Korea,Navigation and mapping,2025,26,True
United States,Navigation and mapping,2025,1068,True
India,Other,2022,153,True
Saudi Arabia,Other,2025,44,True
Austria,Other,2018,0,True
Italy,Other,2023,46,True
United Arab Emirates,Other,2022,3,True
Mexico,Other,2019,0,True
Mexico,Other,2024,0,True
Israel,Other,2024,523,True
Australia,Other,2026,41,False
Finland,Other,2017,0,True
Latvia,Other,2024,2,True
Germany,Privacy and Security,2021,18,True
Israel,Privacy and Security,2024,956,True
Argentina,Privacy and Security,2016,0,True
Russia,Privacy and Security,2019,0,True
China,Privacy and Security,2017,70,True
United Kingdom,Privacy and Security,2023,228,True
Romania,Professional services,2022,0,True
Belgium,Professional services,2025,142,True
United Arab Emirates,Professional services,2016,0,True
Hungary,Professional services,2023,4,True
Portugal,Professional services,2020,7,True
Russia,Professional services,2021,3,True
Saudi Arabia,Professional services,2016,1,True
Saudi Arabia,Professional services,2026,10,False
Serbia,Professional services,2023,0,True
Iceland,Professional services,2025,42,True
New Zealand,Professional services,2019,2,True
Kenya,Real estate,2025,1,True
Estonia,Real estate,2022,3,True
United States,Real estate,2025,4427,True
Spain,Real estate,2024,49,True
China,Real estate,2024,30,True
India,Real estate,2025,22,True
Israel,Real estate,2024,324,True
Mexico,Real estate,2020,25,True
United Arab Emirates,Real estate,2022,6,True
Netherlands,Real estate,2022,131,True
Denmark,Robotics,2016,1,True
Sri Lanka,Robotics,2021,0,True
Argentina,Robotics,2023,0,True
China,Robotics,2018,441,True
Pakistan,Robotics,2026,3,False
Greece,Robotics,2024,0,True
Sweden,Robotics,2026,5,False
Singapore,Robotics,2026,8,False
New Zealand,Robotics,2022,0,True
Ukraine,Robotics,2024,1,True
Australia,"Sales, retail, commerce, marketing",2020,115,True
Chile,"Sales, retail, commerce, marketing",2023,0,True
China,"Sales, retail, commerce, marketing",2025,325,True
Thailand,"Sales, retail, commerce, marketing",2022,8,True
Ireland,"Sales, retail, commerce, marketing",2021,116,True
Kenya,"Sales, retail, commerce, marketing",2024,0,True
Russia,"Sales, retail, commerce, marketing",2018,2,True
Belgium,"Sales, retail, commerce, marketing",2021,246,True
United Kingdom,"Sales, retail, commerce, marketing",2020,442,True
United Kingdom,"Sales, retail, commerce, marketing",2023,416,True
Bulgaria,"Sales, retail, commerce, marketing",2022,0,True
New Zealand,"Sales, retail, commerce, marketing",2021,3,True
Japan,"Sales, retail, commerce, marketing",2022,52,True
Nigeria,"Sales, retail, commerce, marketing",2023,4,True
Finland,Semiconductor,2024,3,True
Canada,Semiconductor,2020,4,True
Netherlands,Semiconductor,2026,25,False
Canada,Simulation,2020,2,True
Iceland,Software,2019,9,True
Portugal,Software,2016,5,True
Russia,Software,2025,1,True
missing,Software,2021,68,True
Argentina,Software,2023,350,True
Netherlands,Software,2016,647,True
Croatia,Software,2020,1,True
Turkey,Software,2024,94,True
Kenya,Software,2025,1,True
Oman,Software,2025,0,True
United Arab Emirates,Software,2016,7,True
Australia,Software,2020,354,True
Egypt,Software,2023,2,True
Hungary,Software,2018,7,True
Germany,Software,2018,1929,True
Germany,Software,2026,7591,False
Mexico,Software,2021,87,True
Brazil,Software,2016,20,True
Malaysia,Software,2021,165,True
Canada,Speech Recognition,2018,1,True
Israel,Sports,2020,38,True
Switzerland,Sports,2022,2,True
Denmark,Sports,2025,0,True
Portugal,Sports,2025,6,True
France,Sports,2019,99,True
Poland,Sports,2020,2,True
Germany,Sports,2026,1,False
Canada,Telecommunications,2020,43,True
Canada,Telecommunications,2022,3,True
Israel,Telecommunications,2025,4,True
United Arab Emirates,Telecommunications,2025,24,True
Pakistan,Transportation,2024,3,True
Hungary,Transportation,2022,11,True
Egypt,Transportation,2024,1,True
Ecuador,Transportation,2021,0,True
India,Transportation,2020,21,True
Ireland,Transportation,2020,7,True
United States,Transportation,2024,11478,True
Germany,Transportation,2025,6060,True
Germany,Agriculture,2022,11,True
Canada,Agriculture,2022,10,True
Singapore,Agriculture,2019,0,True
Taiwan,Agriculture,2023,2,True
Australia,Agriculture,2022,16,True
Uganda,Agriculture,2022,0,True
Pakistan,Agriculture,2022,0,True
Jamaica,All,2018,0,True
Norway,All,2023,186,True
Slovenia,All,2022,10,True
Kazakhstan,All,2023,5,True
Bulgaria,All,2024,13,True
Seychelles,All,2023,50,True
Morocco,All,2024,4,True
Lithuania,All,2017,1,True
Russia,All,2017,14,True
Croatia,All,2025,8,True
Ireland,All,2021,845,True
Cyprus,All,2016,1,True
Cyprus,All,2017,3,True
Italy,All,2023,260,True
Singapore,All,2020,1232,True
Tajikistan,All,2023,1,True
Uruguay,All,2021,109,True
Pakistan,All,2016,0,True
Brazil,All,2017,149,True
Swaziland,All,2026,4,False
Germany,Biotechnology,2021,90,True
Argentina,Biotechnology,2022,1,True
Finland,Biotechnology,2019,2,True
Spain,Biotechnology,2026,49,False
Poland,Biotechnology,2019,1,True
South Korea,Biotechnology,2021,60,True
Slovenia,Biotechnology,2017,0,True
Austria,Biotechnology,2022,0,True
Uruguay,Community and Lifestyle,2023,0,True
Norway,Community and Lifestyle,2022,1,True
China,Community and Lifestyle,2022,62,True
New Zealand,Community and Lifestyle,2025,1,True
Belgium,Community and Lifestyle,2021,8,True
Bangladesh,Community and Lifestyle,2023,0,True
Cyprus,Computer Vision,2017,1,True
Slovenia,Computer Vision,2020,1,True
South Korea,Computer Vision,2018,2,True
Colombia,Computer Vision,2016,0,True
Colombia,Computer Vision,2022,0,True
Romania,Computer Vision,2021,0,True
Saudi Arabia,Computer Vision,2022,1,True
Vietnam,Computer Vision,2017,250,True
Netherlands,Computer Vision,2023,53,True
United Kingdom,Computer Vision,2020,146,True
Germany,Consumer goods,2016,179,True
Turkey,Consumer goods,2025,1,True
South Korea,Consumer goods,2022,11,True
Colombia,Consumer goods,2024,3,True
United Arab Emirates,Consumer goods,2017,1,True
Taiwan,Consumer goods,2024,4,True
Taiwan,Cyber Security,2023,10,True
Belgium,Cyber Security,2020,79,True
Ireland,Cyber Security,2019,10,True
China,Cyber Security,2017,36,True
France,Cyber Security,2022,45,True
Sweden,Cyber Security,2020,0,True
Pakistan,Data and analytics,2021,4,True
Portugal,Data and analytics,2021,79,True
Armenia,Data and analytics,2026,0,False
Vietnam,Data and analytics,2022,9,True
Thailand,Data and analytics,2026,6,False
Slovenia,Data and analytics,2023,20,True
Turkey,Data and analytics,2023,42,True
Sweden,Data and analytics,2021,10226,True
Chile,Data and analytics,2016,1,True
Malta,Data and analytics,2020,37,True
Bulgaria,Data and analytics,2018,13,True
Denmark,Data and analytics,2020,236,True
Italy,Data and analytics,2025,766,True
Luxembourg,Data and analytics,2016,0,True
Tajikistan,Data and analytics,2024,3,True
missing,Data and analytics,2026,56704,False
Poland,Data and analytics,2017,55,True
Denmark,Education,2020,83,True
France,Education,2019,297,True
missing,Education,2016,0,True
Chile,Education,2022,0,True
Lebanon,Education,2020,0,True
Netherlands,Education,2018,3,True
Turkey,Education,2026,2,False
Hungary,Education,2018,1,True
Portugal,Energy and natural resources,2019,1,True
Canada,Energy and natural resources,2018,19,True
Nigeria,Energy and natural resources,2026,2,False
China,Energy and natural resources,2019,20,True
Chile,Energy and natural resources,2024,48,True
Argentina,Energy and natural resources,2026,1,False
Switzerland,Energy and natural resources,2018,0,True
Saudi Arabia,Facial Recognition,2025,250,True
United States,Facial Recognition,2021,1203,True
Cyprus,Finance,2023,0,True
Australia,Finance,2018,14,True
Ecuador,Finance,2017,5,True
Egypt,Finance,2026,1,False
Thailand,Finance,2017,1,True
Brazil,Finance,2024,104,True
United States,Finance,2017,1242,True
Switzerland,Finance,2019,3,True
India,Finance,2024,244,True
Turkey,Gaming,2024,2,True
Vietnam,Gaming,2025,0,True
China,Gaming,2021,60,True
Taiwan,General purpose,2024,6722,True
Croatia,General purpose,2021,171,True
Estonia,General purpose,2022,53,True
Slovakia,General purpose,2022,4,True
China,General purpose,2022,5722,True
Denmark,General purpose,2017,40,True
Canada,General purpose,2017,300,True
Azerbaijan,General purpose,2023,0,True
Brazil,General purpose,2026,277,False
Russia,General purpose,2022,1,True
Chile,General purpose,2024,19,True
Kenya,General purpose,2025,1,True
Sweden,General purpose,2019,49,True
Morocco,General purpose,2022,0,True
Latvia,General purpose,2016,0,True
Egypt,General purpose,2016,0,True
Slovenia,General purpose,2018,0,True
Poland,Hardware,2016,1,True
Poland,Hardware,2026,4,False
Estonia,Hardware,2025,5,True
Spain,Hardware,2018,10,True
New Zealand,Hardware,2026,1,False
Greece,Hardware,2024,59,True
Belgium,Hardware,2019,133,True
Israel,Hardware,2021,820,True
Bosnia and Herzegovina,Hardware,2023,0,True
Austria,Hardware,2017,3,True
France,Hardware,2023,524,True
Hungary,Hardware,2017,0,True
Turkey,Hardware,2018,1,True
Argentina,Hardware,2016,0,True
Germany,Healthcare and Life Sciences,2023,75,True
Luxembourg,Healthcare and Life Sciences,2024,0,True
Philippines,Healthcare and Life Sciences,2018,0,True
Slovenia,Healthcare and Life Sciences,2021,0,True
France,Healthcare and Life Sciences,2025,915,True
Chile,Healthcare and Life Sciences,2018,3,True
United Kingdom,Healthcare and Life Sciences,2016,36,True
South Africa,Healthcare and Life Sciences,2023,6,True
Mongolia,Healthcare and Life Sciences,2022,0,True
Ireland,Healthcare and Life Sciences,2022,6,True
Ireland,Healthcare and Life Sciences,2024,13,True
Brazil,Healthcare and Life Sciences,2021,11,True
Estonia,Healthcare and Life Sciences,2023,6,True
Hungary,Healthcare and Life Sciences,2019,2,True
Italy,Healthcare and Life Sciences,2018,6,True
Dominican Republic,Information Technology,2021,0,True
France,Information Technology,2025,2281,True
Japan,Information Technology,2017,264,True
Taiwan,Information Technology,2019,52,True
United States,Information Technology,2016,5840,True
India,Information Technology,2023,2980,True
India,Information Technology,2024,293,True
Belarus,Information Technology,2017,2,True
Sweden,Information Technology,2026,46,False
Denmark,Information Technology,2016,3,True
Denmark,Information Technology,2026,7,False
Latvia,Information Technology,2016,0,True
Germany,Information Technology,2018,1820,True
Germany,Information Technology,2019,446,True
Lebanon,Information Technology,2017,0,True
Saudi Arabia,Information Technology,2019,92,True
Saudi Arabia,Information Technology,2020,14833,True
Australia,Information Technology,2020,181,True
Hungary,Information Technology,2016,2,True
Switzerland,Information Technology,2018,138,True
South Africa,Information Technology,2022,170,True
United States,Lending and Investments,2021,4040,True
India,Lending and Investments,2018,16,True
Canada,Lending and Investments,2016,5,True
France,Lending and Investments,2025,11,True
Spain,Lending and Investments,2019,4,True
China,Lending and Investments,2022,30,True
Malaysia,Manufacturing,2026,14,False
Brazil,Manufacturing,2017,1,True
Sweden,Manufacturing,2024,14,True
Russia,Manufacturing,2018,25,True
Switzerland,Manufacturing,2021,15,True
Norway,Manufacturing,2017,3,True
Germany,Manufacturing,2022,269,True
Germany,Manufacturing,2025,2603,True
missing,Manufacturing,2020,0,True
Netherlands,Media and Entertainment,2022,7,True
Armenia,Media and Entertainment,2021,0,True
Australia,Media and Entertainment,2021,100,True
Russia,Media and Entertainment,2017,0,True
Sri Lanka,Media and Entertainment,2025,0,True
Sweden,Media and Entertainment,2025,3,True
Vietnam,Media and Entertainment,2022,0,True
Denmark,Media and Entertainment,2018,470,True
Denmark,Media and Entertainment,2022,20,True
Hungary,Media and Entertainment,2016,0,True
Bulgaria,Media and Entertainment,2024,1,True
Saudi Arabia,"Military, public safety and government",2025,1,True
Australia,"Military, public safety and government",2020,0,True
France,"Military, public safety and government",2025,295,True
India,"Military, public safety and government",2023,1,True
Netherlands,"Military, public safety and government",2024,2,True
China,"Mobile, platforms & Internet services",2025,1087,True
Nigeria,"Mobile, platforms & Internet services",2024,1,True
Chile,"Mobile, platforms & Internet services",2022,1,True
Malta,"Mobile, platforms & Internet services",2018,0,True
Turkey,"Mobile, platforms & Internet services",2026,5,False
Iceland,"Mobile, platforms & Internet services",2017,0,True
Austria,"Mobile, platforms & Internet services",2024,505,True
Japan,"Mobile, platforms & Internet services",2023,435,True
Philippines,"Mobile, platforms & Internet services",2024,18,True
Greece,"Mobile, platforms & Internet services",2018,1,True
Germany,"Mobile, platforms & Internet services",2024,776,True
Switzerland,"Mobile, platforms & Internet services",2022,512,True
Canada,"Mobile, platforms & Internet services",2021,442,True
Saudi Arabia,"Mobile, platforms & Internet services",2023,91,True
Taiwan,NLP,2024,1,True
Germany,NLP,2025,7,True
Switzerland,NLP,2022,0,True
Canada,NLP,2016,4,True
China,NLP,2018,172,True
Slovenia,NLP,2017,0,True
Chile,NLP,2022,1,True
South Korea,NLP,2018,5,True
Spain,NLP,2016,8,True
Sweden,Navigation and mapping,2018,1,True
Argentina,Navigation and mapping,2018,0,True
United States,Navigation and mapping,2017,138,True
Kazakhstan,Other,2026,0,False
missing,Other,2024,1,True
Portugal,Other,2023,10,True
Austria,Other,2024,149,True
Germany,Other,2017,39,True
Germany,Other,2022,186,True
Sri Lanka,Other,2025,0,True
Norway,Other,2023,4,True
Spain,Other,2026,93,False
Australia,Other,2022,185,True
Taiwan,Other,2026,1,False
Vietnam,Privacy and Security,2020,1,True
Belgium,Privacy and Security,2017,3,True
Germany,Privacy and Security,2026,508,False
Israel,Privacy and Security,2022,191,True
Hungary,Privacy and Security,2023,1,True
Lithuania,Privacy and Security,2024,1,True
Ireland,Privacy and Security,2026,3,False
United States,Privacy and Security,2024,9514,True
Australia,Privacy and Security,2024,3,True
Philippines,Professional services,2026,18,False
Belgium,Professional services,2020,83,True
Belgium,Professional services,2021,411,True
Brazil,Professional services,2024,88,True
Estonia,Professional services,2023,2,True
Malaysia,Professional services,2023,58,True
Ireland,Professional services,2021,359,True
Argentina,Professional services,2018,0,True
China,Professional services,2021,221,True
Iceland,Professional services,2016,1,True
Poland,Professional services,2022,23,True
Denmark,Professional services,2017,1,True
Finland,Professional services,2019,2,True
Finland,Professional services,2024,4,True
Canada,Real estate,2025,152,True
South Africa,Real estate,2019,124,True
missing,Real estate,2019,10,True
missing,Real estate,2021,2,True
Brazil,Real estate,2025,653,True
India,Real estate,2022,56,True
Finland,Real estate,2019,11,True
Japan,Robotics,2022,23,True
Germany,Robotics,2022,248,True
Italy,Robotics,2018,1,True
India,Robotics,2023,6,True
Singapore,Robotics,2017,0,True
United States,Robotics,2022,1448,True
South Africa,Robotics,2020,52,True
Czechia,"Sales, retail, commerce, marketing",2018,1,True
Finland,"Sales, retail, commerce, marketing",2022,574,True
Portugal,"Sales, retail, commerce, marketing",2019,12,True
United States,"Sales, retail, commerce, marketing",2018,6910,True
China,"Sales, retail, commerce, marketing",2023,140,True
South Korea,"Sales, retail, commerce, marketing",2017,17,True
Singapore,"Sales, retail, commerce, marketing",2023,203,True
Kenya,"Sales, retail, commerce, marketing",2025,0,True
Bulgaria,"Sales, retail, commerce, marketing",2023,0,True
Serbia,"Sales, retail, commerce, marketing",2017,0,True
Qatar,"Sales, retail, commerce, marketing",2021,4,True
Qatar,"Sales, retail, commerce, marketing",2022,1,True
Brazil,"Sales, retail, commerce, marketing",2018,100,True
Brazil,"Sales, retail, commerce, marketing",2022,537,True
Slovenia,"Sales, retail, commerce, marketing",2016,0,True
Spain,"Sales, retail, commerce, marketing",2024,39,True
Switzerland,Semiconductor,2019,8,True
Switzerland,Semiconductor,2024,254,True
India,Semiconductor,2026,26,False
Germany,Semiconductor,2020,6,True
United States,Simulation,2024,207,True
Zambia,Software,2021,0,True
Botswana,Software,2024,1,True
Norway,Software,2020,409,True
Philippines,Software,2018,7,True
Slovakia,Software,2025,11,True
missing,Software,2023,156,True
Croatia,Software,2021,173,True
Croatia,Software,2026,7,False
Turkey,Software,2018,508,True
Kenya,Software,2018,3,True
Uzbekistan,Software,2024,0,True
Tanzania,Software,2024,0,True
New Zealand,Software,2017,1,True
Romania,Software,2019,4,True
Qatar,Software,2019,0,True
Brazil,Software,2022,1712,True
Senegal,Software,2023,0,True
Malaysia,Software,2017,1,True
Japan,Software,2023,1828,True
Spain,Speech Recognition,2025,1000,True
China,Speech Recognition,2017,19,True
Germany,Speech Recognition,2019,0,True
Serbia,Speech Recognition,2020,0,True
Canada,Sports,2016,1,True
Canada,Sports,2021,3,True
Japan,Sports,2018,3,True
Netherlands,Sports,2021,1,True
Canada,Telecommunications,2024,2,True
Denmark,Telecommunications,2025,89,True
India,Telecommunications,2026,17,False
Georgia,Telecommunications,2025,0,True
Singapore,Telecommunications,2024,1,True
Saudi Arabia,Telecommunications,2018,4,True
Italy,Telecommunications,2021,0,True
Saudi Arabia,Transportation,2016,59,True
Colombia,Transportation,2020,0,True
China,Transportation,2021,1207,True
India,Agriculture,2019,12,True
Finland,Agriculture,2018,0,True
Sweden,Agriculture,2018,2,True
Estonia,Agriculture,2023,2,True
United States,Agriculture,2018,2348,True
Singapore,Agriculture,2018,13,True
Brazil,Agriculture,2019,3,True
Israel,Agriculture,2016,17,True
Lebanon,All,2018,4,True
Mexico,All,2019,140,True
Greece,All,2020,227,True
Zimbabwe,All,2021,0,True
South Africa,All,2022,200,True
United Arab Emirates,All,2018,204,True
Denmark,All,2016,30,True
Denmark,All,2026,240,False
Bosnia and Herzegovina,All,2024,0,True
Luxembourg,All,2017,2,True
Spain,All,2017,237,True
Sweden,All,2021,18369,True
Finland,All,2021,1849,True
Croatia,All,2023,197,True
United States,All,2026,636732,False
Pakistan,All,2022,3,True
Qatar,All,2022,4,True
Dominican Republic,All,2020,0,True
Dominican Republic,All,2022,0,True
Thailand,All,2024,194,True
Germany,Biotechnology,2022,36,True
Spain,Biotechnology,2025,1011,True
Japan,Biotechnology,2025,7,True
Portugal,Biotechnology,2022,10,True
Denmark,Biotechnology,2023,40,True
Slovenia,Biotechnology,2016,0,True
Slovenia,Biotechnology,2018,0,True
United States,Biotechnology,2025,21958,True
Italy,Biotechnology,2023,3,True
Singapore,Biotechnology,2023,19,True
Czechia,Biotechnology,2024,0,True
missing,Community and Lifestyle,2024,0,True
Norway,Community and Lifestyle,2020,0,True
Austria,Community and Lifestyle,2017,0,True
India,Community and Lifestyle,2025,11,True
Finland,Community and Lifestyle,2017,0,True
Mexico,Community and Lifestyle,2023,0,True
Malaysia,Community and Lifestyle,2020,2,True
Singapore,Community and Lifestyle,2025,20,True
Israel,Community and Lifestyle,2020,31,True
Sweden,Computer Vision,2024,2,True
Portugal,Computer Vision,2018,1,True
Portugal,Computer Vision,2021,3,True
Denmark,Computer Vision,2026,3,False
Belgium,Computer Vision,2021,0,True
Israel,Computer Vision,2026,590,False
Poland,Computer Vision,2025,3,True
Russia,Computer Vision,2018,1,True
France,Consumer goods,2020,208,True
France,Consumer goods,2024,396,True
Sweden,Consumer goods,2020,6,True
Sweden,Consumer goods,2025,0,True
Sweden,Consumer goods,2026,7,False
Germany,Consumer goods,2017,0,True
Argentina,Consumer goods,2026,0,False
Canada,Consumer goods,2019,116,True
Finland,Consumer goods,2023,496,True
South Korea,Consumer goods,2020,29,True
Israel,Consumer goods,2019,1023,True
Belgium,Cyber Security,2023,348,True
Norway,Cyber Security,2025,115,True
Turkey,Cyber Security,2021,0,True
missing,Cyber Security,2023,6,True
Bangladesh,Data and analytics,2020,1,True
Dominican Republic,Data and analytics,2024,0,True
Indonesia,Data and analytics,2020,46,True
Jordan,Data and analytics,2022,1,True
Thailand,Data and analytics,2025,2,True
Botswana,Data and analytics,2024,1,True
Brazil,Data and analytics,2025,1163,True
Brazil,Data and analytics,2026,340,False
Austria,Data and analytics,2021,239,True
Israel,Data and analytics,2022,2636,True
Sweden,Data and analytics,2020,3511,True
Denmark,Data and analytics,2026,143,False
Nigeria,Data and analytics,2021,1,True
Luxembourg,Data and analytics,2020,5,True
Cyprus,Data and analytics,2020,27,True
Australia,Data and analytics,2025,785,True
Rwanda,Data and analytics,2023,0,True
Poland,Data and analytics,2022,121,True
Bangladesh,Education,2024,0,True
Rwanda,Education,2026,0,False
France,Education,2026,137,False
Switzerland,Education,2023,2,True
Saudi Arabia,Education,2016,1,True
Ghana,Education,2025,0,True
New Zealand,Education,2020,1,True
United Kingdom,Education,2023,75,True
Italy,Education,2024,0,True
Portugal,Energy and natural resources,2024,7,True
Portugal,Energy and natural resources,2025,5,True
Lithuania,Energy and natural resources,2023,0,True
Australia,Energy and natural resources,2021,66,True
Colombia,Energy and natural resources,2026,7,False
Norway,Energy and natural resources,2025,74,True
Taiwan,Energy and natural resources,2023,3,True
Russia,Facial Recognition,2020,8,True
United Kingdom,Facial Recognition,2018,1,True
Israel,Finance,2024,305,True
Canada,Finance,2018,2163,True
Norway,Finance,2021,64,True
Norway,Finance,2022,3,True
Germany,Finance,2026,1155,False
South Korea,Finance,2022,282,True
Croatia,Finance,2020,0,True
Estonia,Finance,2021,6,True
Cambodia,Finance,2018,0,True
Romania,Finance,2023,3,True
Ireland,Finance,2021,415,True
Nigeria,Finance,2024,25,True
Poland,Finance,2018,5,True
Italy,Finance,2020,1,True
Vietnam,Finance,2019,2,True
Turkey,Finance,2017,0,True
Kenya,Finance,2020,8,True
Singapore,Finance,2018,56,True
Czechia,Finance,2020,2,True
China,Gaming,2020,34,True
Spain,Gaming,2022,0,True
Singapore,Gaming,2019,1,True
Taiwan,General purpose,2026,610,False
Australia,General purpose,2020,197,True
China,General purpose,2019,3002,True
Czechia,General purpose,2020,28,True
Czechia,General purpose,2025,473,True
Greece,General purpose,2024,2,True
Tunisia,General purpose,2022,2,True
Tunisia,General purpose,2023,0,True
Indonesia,General purpose,2025,6,True
Spain,General purpose,2018,51,True
Israel,General purpose,2025,2385,True
Kazakhstan,General purpose,2022,2,True
Bahrain,General purpose,2021,195,True
Malaysia,General purpose,2021,148,True
Egypt,General purpose,2017,0,True
Japan,General purpose,2016,117,True
Finland,General purpose,2021,1686,True
Thailand,General purpose,2026,6,False
Slovenia,General purpose,2020,2,True
Kenya,Hardware,2024,1,True
Cyprus,Hardware,2025,1,True
Spain,Hardware,2017,13,True
Indonesia,Hardware,2022,9,True
Saint Kitts and Nevis,Hardware,2021,0,True
Vietnam,Hardware,2024,1,True
Belarus,Hardware,2017,2,True
Norway,Hardware,2019,15,True
Ireland,Hardware,2019,66,True
Australia,Hardware,2023,211,True
Singapore,Hardware,2017,88,True
Lithuania,Hardware,2020,0,True
Norway,Healthcare and Life Sciences,2026,3101,False
Poland,Healthcare and Life Sciences,2026,22,False
Turkey,Healthcare and Life Sciences,2019,0,True
Luxembourg,Healthcare and Life Sciences,2022,0,True
China,Healthcare and Life Sciences,2026,1591,False
Portugal,Healthcare and Life Sciences,2020,2,True
Estonia,Healthcare and Life Sciences,2025,1,True
Belgium,Healthcare and Life Sciences,2019,2,True
Hungary,Healthcare and Life Sciences,2021,1,True
Hungary,Healthcare and Life Sciences,2026,4,False
Indonesia,Information Technology,2018,11,True
Czechia,Information Technology,2018,3,True
Czechia,Information Technology,2024,30,True
Chile,Information Technology,2026,6,False
Qatar,Information Technology,2025,1,True
Finland,Information Technology,2017,13,True
Kenya,Information Technology,2019,14,True
Malaysia,Information Technology,2026,100,False
New Zealand,Information Technology,2024,46,True
Mexico,Information Technology,2026,168,False
missing,Information Technology,2018,34,True
United Kingdom,Information Technology,2021,2299,True
Italy,Information Technology,2019,4,True
South Africa,Information Technology,2023,6,True
Belgium,Lending and Investments,2021,0,True
Vietnam,Lending and Investments,2022,3,True
Portugal,Lending and Investments,2022,1,True
Nigeria,Lending and Investments,2019,8,True
United Kingdom,Lending and Investments,2016,26,True
China,Lending and Investments,2024,21,True
Malaysia,Manufacturing,2019,10,True
Argentina,Manufacturing,2020,0,True
Hungary,Manufacturing,2021,0,True
Denmark,Manufacturing,2022,58,True
Japan,Manufacturing,2017,21,True
Japan,Manufacturing,2021,23,True
Bosnia and Herzegovina,Manufacturing,2024,0,True
Ireland,Manufacturing,2026,59,False
Switzerland,Manufacturing,2018,20,True
United States,Manufacturing,2018,3888,True
China,Manufacturing,2023,2227,True
Latvia,Manufacturing,2023,0,True
Italy,Manufacturing,2023,3,True
Germany,Manufacturing,2016,242,True
South Korea,Media and Entertainment,2016,25,True
Belgium,Media and Entertainment,2022,1,True
Ireland,Media and Entertainment,2018,64,True
United Arab Emirates,Media and Entertainment,2021,5,True
Switzerland,Media and Entertainment,2022,141,True
China,"Military, public safety and government",2018,17,True
Poland,"Military, public safety and government",2017,0,True
China,"Mobile, platforms & Internet services",2019,813,True
Belgium,"Mobile, platforms & Internet services",2024,229,True
Cyprus,"Mobile, platforms & Internet services",2022,1,True
Argentina,"Mobile, platforms & Internet services",2016,0,True
Uganda,"Mobile, platforms & Internet services",2020,0,True
missing,"Mobile, platforms & Internet services",2016,15,True
Australia,"Mobile, platforms & Internet services",2025,350,True
Luxembourg,"Mobile, platforms & Internet services",2018,1,True
Tunisia,NLP,2023,0,True
Norway,NLP,2017,8,True
Colombia,NLP,2023,0,True
United States,NLP,2026,9234,False
Poland,NLP,2017,2,True
United Kingdom,Navigation and mapping,2025,10,True
Estonia,Navigation and mapping,2021,1,True
Germany,Navigation and mapping,2021,137,True
Singapore,Navigation and mapping,2020,8,True
China,Other,2020,269,True
Egypt,Other,2020,0,True
Germany,Other,2025,1925,True
Norway,Other,2022,3,True
France,Other,2026,92,False
Israel,Other,2019,38,True
Iceland,Other,2025,2,True
Zambia,Other,2022,0,True
Finland,Other,2022,11,True
Romania,Other,2019,0,True
Romania,Other,2024,0,True
Japan,Other,2017,13,True
Canada,Privacy and Security,2017,142,True
Canada,Privacy and Security,2018,191,True
Denmark,Privacy and Security,2019,0,True
Slovenia,Privacy and Security,2017,0,True
Seychelles,Privacy and Security,2017,1,True
United States,Privacy and Security,2025,32039,True
Colombia,Privacy and Security,2026,1,False
Turkey,Privacy and Security,2026,3,False
Philippines,Professional services,2022,2,True
Romania,Professional services,2020,0,True
Brazil,Professional services,2016,4,True
Bulgaria,Professional services,2022,0,True
Israel,Professional services,2024,848,True
United States,Professional services,2022,9354,True
Lithuania,Professional services,2020,0,True
United Kingdom,Professional services,2025,1542,True
China,Professional services,2026,697,False
Poland,Professional services,2020,5,True
Finland,Professional services,2025,8,True
Vietnam,Real estate,2024,0,True
India,Real estate,2018,0,True
Portugal,Real estate,2018,1,True
Slovakia,Real estate,2023,1,True
Japan,Real estate,2022,19,True
Venezuela,Real estate,2021,0,True
Israel,Robotics,2021,39,True
Spain,Robotics,2021,2,True
Czechia,Robotics,2021,1,True
United Kingdom,Robotics,2022,80,True
United States,Robotics,2020,3661,True
Finland,"Sales, retail, commerce, marketing",2023,5,True
Chile,"Sales, retail, commerce, marketing",2024,1,True
South Korea,"Sales, retail, commerce, marketing",2023,104,True
Lithuania,"Sales, retail, commerce, marketing",2024,4,True
Israel,"Sales, retail, commerce, marketing",2023,65,True
India,"Sales, retail, commerce, marketing",2025,198,True
South Africa,"Sales, retail, commerce, marketing",2023,2,True
Singapore,Semiconductor,2023,2,True
France,Semiconductor,2023,160,True
United Kingdom,Semiconductor,2026,1605,False
Germany,Simulation,2017,1,True
United Kingdom,Simulation,2019,29,True
Slovenia,Simulation,2016,0,True
Norway,Simulation,2017,3,True
Greece,Software,2024,60,True
Seychelles,Software,2016,0,True
Indonesia,Software,2022,46,True
Portugal,Software,2021,82,True
Slovakia,Software,2021,5,True
Turkey,Software,2016,11,True
Finland,Software,2026,627,False
Uzbekistan,Software,2022,1,True
United Arab Emirates,Software,2026,797,False
Australia,Software,2016,71,True
Australia,Software,2026,5943,False
Hungary,Software,2021,7,True
Jordan,Software,2023,3,True
Ireland,Software,2021,345,True
Bangladesh,Software,2023,2,True
United States,Speech Recognition,2020,721,True
Portugal,Speech Recognition,2024,2,True
Switzerland,Sports,2020,0,True
Nigeria,Sports,2026,0,False
United Kingdom,Sports,2026,110,False
Norway,Sports,2018,7,True
Norway,Sports,2024,1,True
Spain,Sports,2024,2,True
China,Sports,2021,48,True
China,Sports,2022,8,True
Ireland,Sports,2019,3,True
Poland,Telecommunications,2022,0,True
Mexico,Telecommunications,2022,1,True
United States,Telecommunications,2021,3394,True
Spain,Telecommunications,2018,1,True
Spain,Telecommunications,2023,0,True
Turkey,Transportation,2024,0,True
Ghana,Transportation,2022,0,True
Hungary,Transportation,2025,0,True
Vietnam,Transportation,2019,1,True
Nigeria,Transportation,2020,0,True
Norway,Transportation,2023,0,True
Germany,Transportation,2022,434,True
India,Agriculture,2021,16,True
Bangladesh,Agriculture,2023,0,True
Poland,Agriculture,2023,0,True
Nigeria,Agriculture,2019,0,True
Russia,Agriculture,2019,0,True
Italy,Agriculture,2024,2,True
Australia,Agriculture,2023,39,True
Peru,Agriculture,2022,0,True
Mexico,Agriculture,2022,0,True
Israel,Agriculture,2026,430,False
Iceland,Agriculture,2023,0,True
Netherlands,All,2020,663,True
Norway,All,2025,847,True
Mexico,All,2024,205,True
Azerbaijan,All,2026,0,False
Estonia,All,2019,20,True
Estonia,All,2022,209,True
South Africa,All,2017,80,True
Denmark,All,2025,702,True
Lithuania,All,2018,5,True
Egypt,All,2026,24,False
Ireland,All,2019,184,True
Ireland,All,2022,692,True
Czechia,All,2025,648,True
Brazil,All,2018,289,True
Qatar,All,2023,3,True
Canada,All,2020,2066,True
Honduras,All,2024,1,True
Chile,All,2018,82,True
Switzerland,Biotechnology,2024,13,True
France,Biotechnology,2020,15,True
Cyprus,Biotechnology,2023,0,True
Mexico,Biotechnology,2019,0,True
South Korea,Biotechnology,2026,114,False
Taiwan,Biotechnology,2019,13,True
Sri Lanka,Biotechnology,2025,0,True
Brazil,Community and Lifestyle,2026,159,False
South Korea,Community and Lifestyle,2017,6,True
United States,Community and Lifestyle,2017,404,True
Taiwan,Community and Lifestyle,2018,1,True
France,Community and Lifestyle,2020,11,True
Canada,Community and Lifestyle,2025,351,True
Singapore,Community and Lifestyle,2019,88,True
Brazil,Computer Vision,2020,86,True
South Korea,Computer Vision,2024,7,True
Ireland,Computer Vision,2025,22,True
Lithuania,Computer Vision,2026,2,False
Finland,Computer Vision,2024,39,True
Singapore,Computer Vision,2025,3,True
Switzerland,Computer Vision,2016,7,True
Israel,Computer Vision,2018,64,True
India,Computer Vision,2018,4,True
Sweden,Consumer goods,2024,0,True
Saudi Arabia,Consumer goods,2021,1700,True
Australia,Consumer goods,2024,40,True
Netherlands,Consumer goods,2018,8,True
Hungary,Consumer goods,2020,1,True
India,Consumer goods,2023,2458,True
South Africa,Cyber Security,2022,8,True
Greece,Cyber Security,2025,3,True
Japan,Cyber Security,2019,1,True
Nigeria,Cyber Security,2026,3,False
Spain,Cyber Security,2022,0,True
Ireland,Data and analytics,2022,427,True
Hungary,Data and analytics,2026,30,False
Slovakia,Data and analytics,2026,5,False
Philippines,Data and analytics,2019,1,True
Brazil,Data and analytics,2022,1299,True
Slovenia,Data and analytics,2026,0,False
Venezuela,Data and analytics,2021,0,True
Israel,Data and analytics,2021,3463,True
Israel,Data and analytics,2025,2299,True
Bulgaria,Data and analytics,2020,1,True
Netherlands,Data and analytics,2020,398,True
Croatia,Data and analytics,2026,4,False
Canada,Data and analytics,2022,17545,True
missing,Data and analytics,2020,484,True
Poland,Data and analytics,2018,20,True
Bangladesh,Education,2025,0,True
Denmark,Education,2024,1,True
Algeria,Education,2024,0,True
Romania,Education,2021,1,True
France,Education,2024,321,True
missing,Education,2023,0,True
Saudi Arabia,Education,2025,1,True
India,Education,2020,61,True
United Kingdom,Education,2018,2251,True
Mexico,Education,2022,1,True
Sri Lanka,Education,2023,0,True
Mexico,Energy and natural resources,2022,1,True
Japan,Energy and natural resources,2021,1,True
United States,Energy and natural resources,2016,508,True
Austria,Energy and natural resources,2016,1,True
United Kingdom,Energy and natural resources,2026,644,False
Nigeria,Energy and natural resources,2024,1,True
Uruguay,Energy and natural resources,2021,2,True
Ireland,Energy and natural resources,2022,58,True
Hungary,Energy and natural resources,2018,0,True
Croatia,Facial Recognition,2021,1,True
Malta,Finance,2020,1,True
Bulgaria,Finance,2021,1,True
Grenada,Finance,2025,6,True
United Kingdom,Finance,2018,1393,True
Spain,Finance,2020,3,True
Uganda,Finance,2020,0,True
Estonia,Finance,2022,3,True
Rwanda,Finance,2024,1,True
missing,Finance,2025,455,True
Italy,Finance,2018,3,True
Indonesia,Finance,2020,1,True
New Zealand,Finance,2026,7,False
South Africa,Finance,2020,76,True
South Korea,Gaming,2020,2,True
Australia,Gaming,2017,1,True
Australia,Gaming,2018,1,True
United States,Gaming,2020,105,True
Poland,General purpose,2026,60,False
Czechia,General purpose,2021,50,True
Belgium,General purpose,2022,374,True
Greece,General purpose,2025,5,True
Ukraine,General purpose,2018,0,True
New Zealand,General purpose,2021,1215,True
India,General purpose,2019,530,True
India,General purpose,2026,1966,False
Lebanon,General purpose,2021,1,True
Ecuador,General purpose,2024,0,True
Kenya,General purpose,2024,1,True
Zimbabwe,General purpose,2019,0,True
Sweden,General purpose,2026,1836,False
Uruguay,General purpose,2020,2,True
Saint Kitts and Nevis,General purpose,2023,1,True
Singapore,General purpose,2017,508,True
Singapore,General purpose,2022,1058,True
Finland,General purpose,2025,111,True
Iceland,General purpose,2026,0,False
Thailand,General purpose,2019,8,True
Chile,Hardware,2023,1,True
Estonia,Hardware,2024,10,True
New Zealand,Hardware,2025,1,True
United States,Hardware,2020,10983,True
United States,Hardware,2021,24172,True
Netherlands,Hardware,2017,116,True
South Korea,Hardware,2020,129,True
Denmark,Hardware,2025,17,True
Lithuania,Hardware,2025,2,True
Egypt,Healthcare and Life Sciences,2019,0,True
Poland,Healthcare and Life Sciences,2025,14,True
Germany,Healthcare and Life Sciences,2020,30,True
India,Healthcare and Life Sciences,2023,26,True
Colombia,Healthcare and Life Sciences,2024,0,True
Portugal,Healthcare and Life Sciences,2016,0,True
France,Healthcare and Life Sciences,2019,221,True
Tunisia,Healthcare and Life Sciences,2023,0,True
Vietnam,Information Technology,2024,3,True
Zambia,Information Technology,2025,0,True
Ukraine,Information Technology,2024,280,True
South Korea,Information Technology,2021,2296,True
Greece,Information Technology,2021,54,True
Pakistan,Information Technology,2020,0,True
Lithuania,Information Technology,2019,2,True
Finland,Information Technology,2018,389,True
Thailand,Information Technology,2020,2,True
Egypt,Information Technology,2022,2,True
missing,Information Technology,2021,20,True
Argentina,Information Technology,2023,350,True
Canada,Information Technology,2023,1561,True
Norway,Information Technology,2026,6214,False
Italy,Information Technology,2017,5,True
Austria,Information Technology,2020,46,True
Israel,Information Technology,2018,365,True
Taiwan,Lending and Investments,2019,3,True
Vietnam,Lending and Investments,2019,2,True
France,Lending and Investments,2019,1,True
Brazil,Lending and Investments,2021,13,True
Ghana,Lending and Investments,2024,10,True
South Korea,Lending and Investments,2024,16,True
Switzerland,Lending and Investments,2017,35,True
Sweden,Manufacturing,2016,0,True
Sweden,Manufacturing,2025,3,True
Finland,Manufacturing,2024,36,True
Denmark,Manufacturing,2023,1,True
South Korea,Manufacturing,2026,267,False
Australia,Manufacturing,2017,2,True
Luxembourg,Manufacturing,2021,110,True
France,Manufacturing,2022,132,True
missing,Manufacturing,2026,51,False
Netherlands,Media and Entertainment,2016,10,True
France,Media and Entertainment,2021,207,True
Australia,Media and Entertainment,2020,11,True
Portugal,Media and Entertainment,2020,7,True
Chile,Media and Entertainment,2020,1,True
Israel,Media and Entertainment,2017,22,True
Norway,Media and Entertainment,2023,0,True
India,Media and Entertainment,2017,10,True
China,Media and Entertainment,2019,365,True
Switzerland,"Military, public safety and government",2020,3,True
Norway,"Military, public safety and government",2025,0,True
Estonia,"Military, public safety and government",2021,0,True
Australia,"Military, public safety and government",2018,3,True
Australia,"Military, public safety and government",2021,50,True
Germany,"Military, public safety and government",2024,110,True
China,"Mobile, platforms & Internet services",2022,1356,True
Nigeria,"Mobile, platforms & Internet services",2018,5,True
Malaysia,"Mobile, platforms & Internet services",2022,3,True
Poland,"Mobile, platforms & Internet services",2018,5,True
Colombia,"Mobile, platforms & Internet services",2018,0,True
Japan,"Mobile, platforms & Internet services",2017,327,True
France,"Mobile, platforms & Internet services",2026,896,False
Norway,"Mobile, platforms & Internet services",2024,240,True
Norway,"Mobile, platforms & Internet services",2025,38,True
Greece,"Mobile, platforms & Internet services",2019,0,True
Portugal,"Mobile, platforms & Internet services",2022,5,True
Thailand,"Mobile, platforms & Internet services",2024,30,True
Sweden,"Mobile, platforms & Internet services",2022,53,True
Saudi Arabia,"Mobile, platforms & Internet services",2021,33,True
United Kingdom,NLP,2023,157,True
Luxembourg,NLP,2022,0,True
United Kingdom,Navigation and mapping,2020,63,True
China,Other,2018,135,True
Germany,Other,2016,11,True
Germany,Other,2019,156,True
Denmark,Other,2016,0,True
France,Other,2023,409,True
Mexico,Other,2018,1,True
South Korea,Other,2025,27,True
Spain,Other,2025,139,True
Singapore,Other,2016,6,True
Netherlands,Other,2016,7,True
Romania,Other,2025,1,True
Taiwan,Other,2021,35,True
Taiwan,Other,2022,11,True
Cyprus,Other,2024,0,True
Spain,Privacy and Security,2026,75,False
Vietnam,Privacy and Security,2021,1,True
Austria,Privacy and Security,2023,89,True
Canada,Privacy and Security,2020,98,True
Germany,Privacy and Security,2023,30,True
South Korea,Privacy and Security,2019,12,True
South Korea,Privacy and Security,2022,20,True
South Korea,Privacy and Security,2025,29,True
Ireland,Privacy and Security,2018,57,True
Australia,Privacy and Security,2023,5,True
Spain,Professional services,2022,147,True
Spain,Professional services,2026,119,False
Malaysia,Professional services,2026,69,False
Thailand,Professional services,2016,0,True
Argentina,Professional services,2019,0,True
Chile,Professional services,2023,0,True
Iceland,Professional services,2019,2,True
Finland,Professional services,2017,0,True
India,Professional services,2026,1011,False
Luxembourg,Professional services,2019,1,True
Australia,Real estate,2016,16,True
Spain,Real estate,2021,99,True
Denmark,Real estate,2021,89,True
Netherlands,Real estate,2019,21,True
Belgium,Real estate,2020,4,True
France,Robotics,2021,4,True
Germany,Robotics,2026,465,False
Malaysia,Robotics,2021,1,True
Netherlands,Robotics,2021,96,True
Norway,Robotics,2016,8,True
Georgia,"Sales, retail, commerce, marketing",2024,0,True
Lithuania,"Sales, retail, commerce, marketing",2020,4,True
Colombia,"Sales, retail, commerce, marketing",2020,4,True
Colombia,"Sales, retail, commerce, marketing",2023,2,True
Malta,"Sales, retail, commerce, marketing",2020,1,True
United Arab Emirates,"Sales, retail, commerce, marketing",2016,4,True
Spain,"Sales, retail, commerce, marketing",2017,89,True
Switzerland,Semiconductor,2016,15,True
United Kingdom,Semiconductor,2025,250,True
United States,Simulation,2019,36,True
Kazakhstan,Software,2019,0,True
Greece,Software,2019,8,True
Norway,Software,2021,407,True
Saint Kitts and Nevis,Software,2022,4,True
Belgium,Software,2017,164,True
France,Software,2023,3313,True
Luxembourg,Software,2016,0,True
Russia,Software,2020,16,True
Sri Lanka,Software,2022,0,True
Uruguay,Software,2017,0,True
Poland,Software,2019,98,True
Slovenia,Software,2021,0,True
New Zealand,Software,2019,223,True
Switzerland,Software,2018,585,True
Egypt,Software,2016,0,True
Egypt,Software,2026,20,False
United Kingdom,Software,2026,9510,False
Bulgaria,Software,2018,13,True
Georgia,Software,2022,2,True
Japan,Software,2018,516,True
Romania,Speech Recognition,2019,0,True
Colombia,Speech Recognition,2020,0,True
Germany,Speech Recognition,2018,0,True
South Africa,Speech Recognition,2022,1,True
Israel,Sports,2021,13,True
South Korea,Sports,2021,12,True
United States,Sports,2016,35,True
Saudi Arabia,Sports,2023,0,True
Netherlands,Sports,2018,2,True
Japan,Telecommunications,2026,43,False
India,Telecommunications,2016,23,True
China,Telecommunications,2026,10,False
United Kingdom,Telecommunications,2022,69,True
Colombia,Telecommunications,2022,1,True
Italy,Telecommunications,2026,1,False
Australia,Telecommunications,2016,5,True
Australia,Transportation,2018,6,True
Slovakia,Transportation,2017,6,True
Lebanon,Transportation,2021,2,True
South Africa,Transportation,2018,0,True
United Arab Emirates,Transportation,2017,2,True
Brazil,Transportation,2023,23,True
Qatar,Transportation,2021,4,True
Spain,Transportation,2018,1,True
Croatia,Transportation,2024,54,True
United Kingdom,Transportation,2017,72,True
India,Agriculture,2017,2,True
Thailand,Agriculture,2019,0,True
Greece,Agriculture,2019,1,True
Canada,Agriculture,2020,11,True
Italy,Agriculture,2026,5,False
Netherlands,All,2025,1896,True
Panama,All,2023,0,True
Hungary,All,2021,16,True
Philippines,All,2026,18,False
Colombia,All,2021,23,True
North Macedonia,All,2024,0,True
Kenya,All,2023,14,True
United Arab Emirates,All,2016,12,True
United Arab Emirates,All,2023,533,True
New Zealand,All,2017,2,True
Sweden,All,2016,65,True
Uruguay,All,2026,3,False
Brazil,All,2019,433,True
Peru,All,2026,0,False
China,All,2019,7338,True
China,All,2021,17750,True
Uzbekistan,All,2021,1,True
Switzerland,All,2025,3947,True
Malaysia,All,2021,171,True
Netherlands,Biotechnology,2023,13,True
Saudi Arabia,Biotechnology,2019,2,True
South Korea,Biotechnology,2018,3,True
Israel,Biotechnology,2017,3,True
Italy,Biotechnology,2021,1,True
Norway,Biotechnology,2019,240,True
missing,Community and Lifestyle,2023,0,True
South Africa,Community and Lifestyle,2022,0,True
Argentina,Community and Lifestyle,2024,2,True
Saudi Arabia,Community and Lifestyle,2016,59,True
Denmark,Community and Lifestyle,2025,2,True
Canada,Community and Lifestyle,2022,1119,True
Malaysia,Community and Lifestyle,2025,4,True
Japan,Community and Lifestyle,2019,18,True
Germany,Community and Lifestyle,2024,131,True
Cyprus,Computer Vision,2022,1,True
Canada,Computer Vision,2018,154,True
Hungary,Computer Vision,2016,4,True
South Korea,Computer Vision,2025,7,True
Finland,Computer Vision,2018,43,True
Finland,Computer Vision,2019,2,True
Japan,Computer Vision,2024,13,True
Norway,Computer Vision,2016,14,True
Norway,Computer Vision,2022,6,True
United States,Computer Vision,2021,3913,True
Israel,Computer Vision,2022,57,True
United Kingdom,Computer Vision,2019,196,True
Australia,Computer Vision,2018,3,True
Switzerland,Consumer goods,2016,2,True
Hungary,Consumer goods,2024,1,True
Portugal,Consumer goods,2024,1,True
Singapore,Consumer goods,2022,2,True
Ukraine,Consumer goods,2016,0,True
Japan,Consumer goods,2016,6,True
New Zealand,Consumer goods,2019,207,True
Israel,Consumer goods,2023,10,True
Taiwan,Consumer goods,2021,2,True
Japan,Cyber Security,2021,3,True
Singapore,Cyber Security,2018,15,True
Austria,Cyber Security,2023,0,True
Ireland,Cyber Security,2024,11,True
Switzerland,Cyber Security,2018,3,True
China,Cyber Security,2020,25,True
China,Cyber Security,2023,7,True
Bangladesh,Data and analytics,2021,2,True
Indonesia,Data and analytics,2026,4,False
Qatar,Data and analytics,2022,0,True
Estonia,Data and analytics,2023,18,True
Uganda,Data and analytics,2022,0,True
Uzbekistan,Data and analytics,2024,0,True
Portugal,Data and analytics,2026,20,False
Vietnam,Data and analytics,2021,26,True
Brazil,Data and analytics,2018,114,True
Sweden,Data and analytics,2016,27,True
Malta,Data and analytics,2025,2693,True
Zimbabwe,Data and analytics,2021,0,True
Spain,Data and analytics,2025,9846,True
Canada,Data and analytics,2026,1699,False
Malaysia,Data and analytics,2022,46,True
Egypt,Education,2022,2,True
South Korea,Education,2021,248,True
Saudi Arabia,Education,2024,2,True
Norway,Education,2018,2,True
Brazil,Education,2019,9,True
Sri Lanka,Education,2021,0,True
Portugal,Energy and natural resources,2018,1,True
United States,Energy and natural resources,2019,4136,True
New Zealand,Energy and natural resources,2023,0,True
Spain,Energy and natural resources,2022,63,True
Estonia,Energy and natural resources,2025,11,True
Slovakia,Energy and natural resources,2023,17,True
Hungary,Energy and natural resources,2020,0,True
Germany,Energy and natural resources,2023,460,True
United States,Facial Recognition,2016,77,True
United States,Facial Recognition,2026,30,False
Taiwan,Facial Recognition,2020,2,True
Israel,Facial Recognition,2018,3,True
Israel,Facial Recognition,2020,7,True
Cyprus,Finance,2024,32,True
China,Finance,2021,421,True
Egypt,Finance,2022,1,True
Egypt,Finance,2024,7,True
France,Finance,2016,20,True
Finland,Finance,2020,498,True
Japan,Finance,2019,14,True
Japan,Finance,2020,96,True
United Arab Emirates,Finance,2026,459,False
Spain,Finance,2016,1,True
Denmark,Finance,2016,3,True
Rwanda,Finance,2026,0,False
Thailand,Finance,2020,3,True
Brazil,Finance,2025,125,True
India,Gaming,2021,3,True
Netherlands,Gaming,2016,2,True
Estonia,Gaming,2020,0,True
Sweden,Gaming,2026,2,False
Malta,Gaming,2018,0,True
Germany,Gaming,2021,1,True
Taiwan,General purpose,2021,165,True
Croatia,General purpose,2025,4,True
Argentina,General purpose,2026,4,False
Peru,General purpose,2020,3,True
Pakistan,General purpose,2020,0,True
Portugal,General purpose,2020,12,True
Portugal,General purpose,2023,29,True
Mauritius,General purpose,2022,12,True
Zambia,General purpose,2019,1,True
Lithuania,General purpose,2017,1,True
Turkey,General purpose,2016,1,True
Canada,General purpose,2016,219,True
Canada,General purpose,2019,809,True
missing,General purpose,2026,56654,False
Germany,General purpose,2019,609,True
South Africa,General purpose,2020,70,True
Chile,General purpose,2020,16,True
Luxembourg,General purpose,2026,6,False
Uruguay,General purpose,2023,168,True
Switzerland,General purpose,2024,1588,True
Iceland,General purpose,2017,1,True
Serbia,General purpose,2021,0,True
Poland,Hardware,2023,12,True
China,Hardware,2019,1280,True
Egypt,Hardware,2025,35,True
Mexico,Hardware,2017,1,True
Malta,Hardware,2018,0,True
Japan,Hardware,2016,46,True
Switzerland,Hardware,2019,426,True
Austria,Hardware,2020,22,True
South Africa,Hardware,2020,68,True
Denmark,Hardware,2017,3,True
Latvia,Hardware,2018,8,True
Peru,Hardware,2022,0,True
Italy,Hardware,2022,8,True
India,Hardware,2017,23,True
Portugal,Hardware,2023,3,True
Singapore,Hardware,2018,134,True
Singapore,Hardware,2021,247,True
Taiwan,Healthcare and Life Sciences,2020,58,True
Turkey,Healthcare and Life Sciences,2023,3,True
Kenya,Healthcare and Life Sciences,2020,2,True
Australia,Healthcare and Life Sciences,2018,7,True
Slovakia,Healthcare and Life Sciences,2020,0,True
Dominican Republic,Information Technology,2024,0,True
Zambia,Information Technology,2021,0,True
Armenia,Information Technology,2023,4,True
Philippines,Information Technology,2016,1,True
Philippines,Information Technology,2021,0,True
Taiwan,Information Technology,2018,4,True
India,Information Technology,2017,55,True
Sri Lanka,Information Technology,2024,4,True
Malaysia,Information Technology,2017,1,True
Sweden,Information Technology,2023,55,True
Denmark,Information Technology,2024,255,True
Germany,Information Technology,2020,1345,True
Netherlands,Information Technology,2025,364,True
Poland,Information Technology,2019,11,True
Estonia,Information Technology,2026,13,False
Mongolia,Information Technology,2025,4,True
Jamaica,Information Technology,2024,1,True
United States,Lending and Investments,2016,348,True
Norway,Lending and Investments,2017,2,True
Austria,Lending and Investments,2024,3,True
Spain,Manufacturing,2021,1,True
Taiwan,Manufacturing,2022,4,True
Austria,Manufacturing,2025,117,True
Sweden,Manufacturing,2018,6,True
Sweden,Manufacturing,2022,43,True
Belgium,Manufacturing,2024,15,True
missing,Manufacturing,2021,4,True
Estonia,Media and Entertainment,2026,0,False
United Kingdom,Media and Entertainment,2020,280,True
Australia,Media and Entertainment,2025,36,True
Russia,Media and Entertainment,2025,1,True
Brazil,Media and Entertainment,2024,6,True
missing,Media and Entertainment,2025,510,True
Israel,Media and Entertainment,2025,201,True
United Arab Emirates,Media and Entertainment,2023,5,True
Denmark,Media and Entertainment,2026,6,False
Finland,Media and Entertainment,2025,3,True
Lebanon,Media and Entertainment,2016,0,True
Singapore,Media and Entertainment,2018,168,True
Spain,Media and Entertainment,2023,6,True
Poland,Media and Entertainment,2025,0,True
Switzerland,Media and Entertainment,2017,7,True
Australia,"Military, public safety and government",2022,3,True
Argentina,"Military, public safety and government",2026,0,False
China,"Mobile, platforms & Internet services",2020,1515,True
Finland,"Mobile, platforms & Internet services",2022,528,True
Argentina,"Mobile, platforms & Internet services",2023,346,True
Japan,"Mobile, platforms & Internet services",2016,47,True
United Arab Emirates,"Mobile, platforms & Internet services",2025,593,True
Portugal,"Mobile, platforms & Internet services",2017,2,True
Israel,"Mobile, platforms & Internet services",2020,297,True
United Kingdom,"Mobile, platforms & Internet services",2021,1319,True
United Kingdom,"Mobile, platforms & Internet services",2025,2364,True
Taiwan,"Mobile, platforms & Internet services",2020,9,True
Brazil,"Mobile, platforms & Internet services",2018,29,True
Portugal,NLP,2018,3,True
France,NLP,2021,5,True
Saudi Arabia,NLP,2024,12,True
New Zealand,NLP,2018,1,True
Ireland,NLP,2023,124,True
United States,NLP,2021,3899,True
Finland,NLP,2018,2,True
South Africa,Navigation and mapping,2024,0,True
Italy,Navigation and mapping,2026,3,False
Slovakia,Navigation and mapping,2018,1,True
Luxembourg,Navigation and mapping,2018,1,True
Israel,Navigation and mapping,2021,148,True
India,Navigation and mapping,2019,3,True
Netherlands,Navigation and mapping,2022,2,True
Switzerland,Navigation and mapping,2017,0,True
United States,Navigation and mapping,2020,175,True
Singapore,Navigation and mapping,2026,0,False
Switzerland,Other,2017,1,True
Vietnam,Other,2021,7,True
Indonesia,Other,2020,1,True
Sweden,Other,2016,5,True
South Korea,Other,2020,10,True
Qatar,Other,2021,0,True
Panama,Other,2025,0,True
Finland,Other,2020,540,True
Netherlands,Other,2019,3,True
Netherlands,Privacy and Security,2023,35,True
Estonia,Privacy and Security,2026,14,False
Israel,Privacy and Security,2020,147,True
Sri Lanka,Privacy and Security,2024,0,True
United States,Privacy and Security,2016,597,True
Iceland,Privacy and Security,2019,3,True
Peru,Professional services,2017,0,True
Portugal,Professional services,2026,16,False
Colombia,Professional services,2025,1,True
Indonesia,Professional services,2020,227,True
South Korea,Professional services,2019,27,True
South Korea,Professional services,2020,22,True
Australia,Professional services,2021,1294,True
China,Professional services,2018,93,True
Poland,Professional services,2025,18,True
Denmark,Professional services,2021,32,True
South Africa,Real estate,2020,0,True
Italy,Real estate,2020,4,True
Brazil,Real estate,2017,2,True
United States,Real estate,2021,5241,True
Spain,Real estate,2023,3,True
Singapore,Real estate,2016,3,True
Germany,Real estate,2022,177,True
Sweden,Real estate,2022,31,True
Israel,Real estate,2018,3,True
Netherlands,Real estate,2023,3,True
Denmark,Robotics,2018,6,True
Australia,Robotics,2021,2,True
Germany,Robotics,2017,17,True
Italy,Robotics,2023,0,True
Italy,Robotics,2026,3,False
Finland,"Sales, retail, commerce, marketing",2024,718,True
Denmark,"Sales, retail, commerce, marketing",2022,93,True
Switzerland,"Sales, retail, commerce, marketing",2024,41,True
Poland,"Sales, retail, commerce, marketing",2024,4,True
Tanzania,"Sales, retail, commerce, marketing",2025,0,True
Ireland,"Sales, retail, commerce, marketing",2023,63,True
Kenya,"Sales, retail, commerce, marketing",2018,1,True
Slovakia,"Sales, retail, commerce, marketing",2020,3,True
Croatia,"Sales, retail, commerce, marketing",2019,2,True
Japan,"Sales, retail, commerce, marketing",2018,149,True
Saudi Arabia,"Sales, retail, commerce, marketing",2016,1059,True
Netherlands,"Sales, retail, commerce, marketing",2023,95,True
Pakistan,"Sales, retail, commerce, marketing",2017,0,True
Malaysia,"Sales, retail, commerce, marketing",2021,62,True
Germany,Semiconductor,2019,0,True
France,Simulation,2025,21,True
Canada,Simulation,2018,2,True
China,Software,2018,3781,True
Portugal,Software,2026,22,False
Bolivia,Software,2026,0,False
Luxembourg,Software,2022,5,True
Singapore,Software,2023,1744,True
Austria,Software,2019,133,True
Uganda,Software,2022,0,True
Finland,Software,2021,1690,True
Finland,Software,2023,1095,True
Lithuania,Software,2021,7,True
Australia,Software,2024,1543,True
Hungary,Software,2023,16,True
Hungary,Software,2024,27,True
Romania,Software,2020,3,True
Jordan,Software,2026,6,False
Bulgaria,Software,2024,11,True
Ecuador,Software,2024,0,True
Malaysia,Software,2026,117,False
Romania,Speech Recognition,2023,0,True
Canada,Speech Recognition,2017,24,True
Canada,Speech Recognition,2020,1,True
Malaysia,Speech Recognition,2025,0,True
Hungary,Sports,2019,1,True
Austria,Sports,2026,2,False
Portugal,Sports,2022,4,True
South Korea,Sports,2023,53,True
Bulgaria,Sports,2021,0,True
Spain,Sports,2025,3,True
China,Sports,2026,67,False
Israel,Telecommunications,2024,22,True
Ireland,Telecommunications,2018,3,True
Mexico,Telecommunications,2025,8,True
Australia,Telecommunications,2018,23,True
Estonia,Transportation,2025,5,True
Cyprus,Transportation,2026,0,False
Denmark,Transportation,2017,0,True
Denmark,Transportation,2023,91,True
Colombia,Transportation,2022,1,True
Spain,Transportation,2019,26,True
Norway,Transportation,2019,4,True
South Africa,Agriculture,2019,2,True
Japan,Agriculture,2022,0,True
United Kingdom,Agriculture,2026,10,False
Singapore,Agriculture,2024,2,True
Taiwan,Agriculture,2022,2,True
China,Agriculture,2024,159,True
Pakistan,Agriculture,2023,0,True
Saudi Arabia,Agriculture,2022,7,True
United Kingdom,All,2022,8712,True
United Kingdom,All,2026,26384,False
Hungary,All,2017,4,True
Slovakia,All,2023,23,True
Colombia,All,2017,3,True
Estonia,All,2023,163,True
Senegal,All,2021,0,True
Portugal,All,2024,153,True
India,All,2016,233,True
Cyprus,All,2021,64,True
Italy,All,2018,229,True
Germany,All,2019,1507,True
Japan,All,2023,2856,True
Czechia,All,2022,216,True
Poland,All,2025,667,True
Ghana,All,2025,1,True
China,All,2018,11141,True
Switzerland,All,2023,673,True
France,Biotechnology,2021,28,True
Germany,Biotechnology,2019,20,True
Spain,Biotechnology,2016,1,True
Turkey,Biotechnology,2024,0,True
China,Biotechnology,2016,248,True
New Zealand,Biotechnology,2022,0,True
Ireland,Biotechnology,2018,34,True
United States,Biotechnology,2026,6623,False
India,Biotechnology,2020,3,True
Singapore,Biotechnology,2020,9,True
Spain,Community and Lifestyle,2025,1167,True
Switzerland,Community and Lifestyle,2025,1,True
Cyprus,Community and Lifestyle,2025,18,True
Sweden,Community and Lifestyle,2024,1,True
United Arab Emirates,Community and Lifestyle,2020,8,True
Netherlands,Community and Lifestyle,2021,9,True
Sweden,Computer Vision,2018,5,True
Sweden,Computer Vision,2020,24,True
China,Computer Vision,2022,186,True
Portugal,Computer Vision,2020,0,True
Saudi Arabia,Computer Vision,2021,15,True
Saudi Arabia,Computer Vision,2025,250,True
Italy,Computer Vision,2024,1,True
Slovakia,Computer Vision,2020,6,True
United Arab Emirates,Computer Vision,2020,1,True
Bulgaria,Computer Vision,2021,0,True
India,Computer Vision,2019,13,True
Czechia,Consumer goods,2022,0,True
Saudi Arabia,Consumer goods,2018,0,True
Singapore,Consumer goods,2019,5,True
Indonesia,Consumer goods,2021,0,True
Belgium,Consumer goods,2022,1,True
Mexico,Consumer goods,2019,0,True
Mexico,Consumer goods,2023,4,True
Netherlands,Cyber Security,2016,5,True
Japan,Cyber Security,2020,1,True
Singapore,Cyber Security,2023,8,True
Israel,Cyber Security,2017,9,True
Germany,Cyber Security,2024,5,True
Saudi Arabia,Cyber Security,2022,42,True
Norway,Cyber Security,2022,0,True
South Korea,Cyber Security,2023,4,True
Kenya,Data and analytics,2020,8,True
Vietnam,Data and analytics,2024,7,True
France,Data and analytics,2023,2849,True
Peru,Data and analytics,2017,0,True
Taiwan,Data and analytics,2018,23,True
South Korea,Data and analytics,2016,62,True
Austria,Data and analytics,2017,7,True
Zambia,Data and analytics,2023,0,True
Zambia,Data and analytics,2026,0,False
Kyrgyzstan,Data and analytics,2025,1,True
Bulgaria,Data and analytics,2022,2,True
Italy,Data and analytics,2018,223,True
Saudi Arabia,Data and analytics,2020,29660,True
Russia,Data and analytics,2020,13,True
Ethiopia,Data and analytics,2023,0,True
Tajikistan,Data and analytics,2022,0,True
Malaysia,Data and analytics,2016,5,True
Finland,Data and analytics,2025,116,True
Cyprus,Data and analytics,2025,50,True
Mexico,Data and analytics,2020,40,True
missing,Education,2024,4,True
Iraq,Education,2020,2,True
Singapore,Education,2019,2,True
Estonia,Education,2026,2,False
Brazil,Education,2017,2,True
Israel,Education,2021,12,True
Hungary,Education,2019,1,True
Germany,Education,2022,114,True
Sweden,Energy and natural resources,2020,3427,True
Singapore,Energy and natural resources,2021,176,True
Ireland,Energy and natural resources,2020,0,True
Brazil,Energy and natural resources,2025,0,True
Netherlands,Energy and natural resources,2019,7,True
Philippines,Energy and natural resources,2024,0,True
South Africa,Energy and natural resources,2025,1,True
Cyprus,Finance,2019,2,True
Netherlands,Finance,2019,7,True
China,Finance,2018,297,True
Seychelles,Finance,2023,25,True
Russia,Finance,2016,3,True
Russia,Finance,2017,4,True
United Kingdom,Finance,2025,1382,True
Estonia,Finance,2024,10,True
Rwanda,Finance,2023,0,True
Colombia,Finance,2022,3,True
Ireland,Finance,2023,2,True
Nigeria,Finance,2022,95,True
Zambia,Finance,2022,0,True
Brazil,Finance,2021,51,True
Czechia,Finance,2021,10,True
Finland,Gaming,2022,1,True
Switzerland,Gaming,2019,0,True
Chile,Gaming,2016,0,True
United States,Gaming,2024,745,True
Bangladesh,General purpose,2022,6,True
South Korea,General purpose,2023,1778,True
Ireland,General purpose,2016,181,True
Slovakia,General purpose,2016,1,True
Denmark,General purpose,2021,271,True
Lithuania,General purpose,2020,1,True
Turkey,General purpose,2022,39,True
Seychelles,General purpose,2022,10,True
United Kingdom,General purpose,2018,10798,True
France,General purpose,2026,4840,False
India,General purpose,2020,316,True
South Africa,General purpose,2017,6,True
Kenya,General purpose,2026,2,False
Malaysia,General purpose,2019,18,True
Malaysia,General purpose,2024,33,True
United Arab Emirates,General purpose,2018,189,True
United Arab Emirates,General purpose,2021,840,True
Mexico,General purpose,2022,60,True
Czechia,Hardware,2022,19,True
Japan,Hardware,2019,269,True
Switzerland,Hardware,2016,24,True
Netherlands,Hardware,2022,129,True
United Arab Emirates,Hardware,2023,43,True
Ireland,Hardware,2025,1,True
Romania,Hardware,2022,3,True
Austria,Healthcare and Life Sciences,2018,3,True
Nigeria,Healthcare and Life Sciences,2024,3,True
China,Healthcare and Life Sciences,2023,529,True
Lithuania,Healthcare and Life Sciences,2022,0,True
Portugal,Healthcare and Life Sciences,2022,61,True
Ethiopia,Healthcare and Life Sciences,2023,0,True
United Kingdom,Healthcare and Life Sciences,2023,236,True
Czechia,Healthcare and Life Sciences,2021,4,True
Vietnam,Healthcare and Life Sciences,2022,0,True
Brazil,Healthcare and Life Sciences,2018,4,True
Saudi Arabia,Healthcare and Life Sciences,2018,0,True
Belgium,Healthcare and Life Sciences,2021,2,True
Netherlands,Healthcare and Life Sciences,2023,29,True
Indonesia,Information Technology,2023,7,True
Japan,Information Technology,2021,153,True
Cyprus,Information Technology,2017,1,True
Romania,Information Technology,2016,1,True
United Arab Emirates,Information Technology,2024,1836,True
Lithuania,Information Technology,2017,0,True
Bahrain,Information Technology,2021,0,True
Brazil,Information Technology,2025,813,True
Uruguay,Information Technology,2017,0,True
Norway,Information Technology,2016,0,True
South Africa,Information Technology,2020,61,True
Iceland,Lending and Investments,2017,0,True
Uruguay,Lending and Investments,2025,0,True
India,Lending and Investments,2016,1,True
Japan,Lending and Investments,2026,1,False
Lebanon,Lending and Investments,2019,0,True
Philippines,Lending and Investments,2021,1,True
Denmark,Lending and Investments,2016,2,True
Mauritius,Lending and Investments,2021,22,True
Singapore,Manufacturing,2026,71,False
Netherlands,Manufacturing,2026,22,False
Cyprus,Manufacturing,2024,3,True
Canada,Manufacturing,2016,658,True
Portugal,Manufacturing,2017,5,True
South Korea,Media and Entertainment,2021,1791,True
Australia,Media and Entertainment,2022,27,True
Portugal,Media and Entertainment,2026,14,False
Canada,Media and Entertainment,2021,109,True
Brazil,Media and Entertainment,2017,2,True
India,Media and Entertainment,2025,153,True
United Arab Emirates,Media and Entertainment,2020,2,True
United Arab Emirates,Media and Entertainment,2022,5,True
Spain,Media and Entertainment,2018,12,True
Poland,Media and Entertainment,2020,1,True
Poland,Media and Entertainment,2021,0,True
Germany,Media and Entertainment,2017,247,True
Bulgaria,Media and Entertainment,2023,0,True
United States,Media and Entertainment,2025,12356,True
Norway,"Military, public safety and government",2023,0,True
Estonia,"Military, public safety and government",2022,3,True
United Arab Emirates,"Military, public safety and government",2024,0,True
China,"Military, public safety and government",2017,3,True
United Kingdom,"Military, public safety and government",2018,7,True
Italy,"Military, public safety and government",2018,1,True
United States,"Military, public safety and government",2019,618,True
Croatia,"Mobile, platforms & Internet services",2019,0,True
Czechia,"Mobile, platforms & Internet services",2022,39,True
Nigeria,"Mobile, platforms & Internet services",2017,0,True
Ireland,"Mobile, platforms & Internet services",2024,142,True
Mexico,"Mobile, platforms & Internet services",2019,3,True
Ghana,"Mobile, platforms & Internet services",2021,0,True
Singapore,"Mobile, platforms & Internet services",2017,60,True
Estonia,"Mobile, platforms & Internet services",2020,2,True
Uganda,"Mobile, platforms & Internet services",2019,0,True
United States,"Mobile, platforms & Internet services",2025,49679,True
United Arab Emirates,"Mobile, platforms & Internet services",2016,3,True
Greece,"Mobile, platforms & Internet services",2024,58,True
Germany,"Mobile, platforms & Internet services",2022,483,True
Germany,"Mobile, platforms & Internet services",2026,2498,False
Australia,"Mobile, platforms & Internet services",2019,12,True
Sweden,"Mobile, platforms & Internet services",2023,34,True
Egypt,"Mobile, platforms & Internet services",2021,0,True
Kenya,"Mobile, platforms & Internet services",2020,0,True
Canada,"Mobile, platforms & Internet services",2026,992,False
Israel,NLP,2022,16,True
China,NLP,2022,123,True
China,NLP,2024,42,True
missing,NLP,2020,1,True
Netherlands,NLP,2023,3,True
Italy,NLP,2021,32,True
Italy,Navigation and mapping,2018,0,True
Italy,Navigation and mapping,2024,6,True
China,Other,2021,666,True
Turkey,Other,2025,0,True
Croatia,Other,2025,0,True
United Kingdom,Other,2024,267,True
United Kingdom,Other,2025,935,True
Hungary,Other,2019,1,True
Australia,Other,2017,6,True
Canada,Other,2026,72,False
Romania,Other,2021,3,True
Taiwan,Other,2023,6,True
Slovenia,Other,2026,0,False
missing,Privacy and Security,2025,2,True
Czechia,Privacy and Security,2016,2,True
Brazil,Privacy and Security,2019,5,True
Brazil,Privacy and Security,2025,11,True
Switzerland,Privacy and Security,2016,27,True
China,Privacy and Security,2016,167,True
Philippines,Professional services,2021,0,True
Belgium,Professional services,2023,167,True
United States,Professional services,2025,38922,True
United Kingdom,Professional services,2020,477,True
Bahrain,Professional services,2025,3,True
Singapore,Real estate,2017,1,True
Singapore,Real estate,2025,8,True
India,Real estate,2021,84,True
Mexico,Real estate,2019,1,True
United Arab Emirates,Real estate,2024,7,True
China,Robotics,2026,2641,False
Panama,Robotics,2026,1,False
Singapore,Robotics,2018,24,True
Canada,Robotics,2020,18,True
Czechia,"Sales, retail, commerce, marketing",2020,4,True
Denmark,"Sales, retail, commerce, marketing",2020,31,True
Egypt,"Sales, retail, commerce, marketing",2019,0,True
Poland,"Sales, retail, commerce, marketing",2026,37,False
Uzbekistan,"Sales, retail, commerce, marketing",2024,0,True
South Korea,"Sales, retail, commerce, marketing",2016,1,True
Bangladesh,"Sales, retail, commerce, marketing",2024,0,True
Belgium,"Sales, retail, commerce, marketing",2024,76,True
Bahrain,"Sales, retail, commerce, marketing",2020,0,True
Estonia,"Sales, retail, commerce, marketing",2018,0,True
Brazil,"Sales, retail, commerce, marketing",2025,133,True
Nigeria,"Sales, retail, commerce, marketing",2020,1,True
Netherlands,"Sales, retail, commerce, marketing",2026,176,False
Malaysia,"Sales, retail, commerce, marketing",2018,11,True
Taiwan,"Sales, retail, commerce, marketing",2025,2,True
Switzerland,Semiconductor,2022,4,True
Taiwan,Semiconductor,2017,2,True
United States,Simulation,2025,5069,True
Switzerland,Simulation,2021,2,True
Malta,Software,2022,2,True
Chile,Software,2016,1,True
Chile,Software,2020,17,True
Vietnam,Software,2023,21,True
Botswana,Software,2021,0,True
France,Software,2019,1358,True
Portugal,Software,2024,48,True
Singapore,Software,2019,1734,True
Latvia,Software,2024,4,True
Peru,Software,2019,1,True
Italy,Software,2024,383,True
Kenya,Software,2020,9,True
Cambodia,Software,2018,0,True
United Arab Emirates,Software,2025,1233,True
Switzerland,Software,2016,223,True
Ukraine,Software,2024,283,True
Bulgaria,Software,2016,0,True
Estonia,Software,2019,7,True
India,Speech Recognition,2017,6,True
United States,Speech Recognition,2016,205,True
Germany,Speech Recognition,2020,1,True
Switzerland,Sports,2023,4,True
Poland,Sports,2023,0,True
Italy,Sports,2019,0,True
Finland,Telecommunications,2021,1,True
New Zealand,Telecommunications,2022,1,True
Poland,Telecommunications,2019,0,True
Sweden,Telecommunications,2024,0,True
Norway,Telecommunications,2021,30,True
Colombia,Telecommunications,2021,1,True
Turkey,Telecommunications,2016,1,True
Turkey,Telecommunications,2023,1,True
Bulgaria,Transportation,2019,2,True
United Arab Emirates,Transportation,2025,44,True
Sweden,Transportation,2018,0,True
Canada,Transportation,2026,154,False
Colombia,Transportation,2025,0,True
New Zealand,Transportation,2023,0,True
United States,Transportation,2022,7947,True
United Kingdom,Transportation,2026,623,False
Armenia,Agriculture,2023,0,True
Finland,Agriculture,2020,2,True
Malaysia,Agriculture,2019,0,True
Sweden,Agriculture,2021,6,True
Kenya,Agriculture,2019,11,True
Israel,Agriculture,2024,65,True
Zambia,Agriculture,2023,0,True
Chile,Agriculture,2024,0,True
Norway,All,2022,277,True
Hungary,All,2025,24,True
Saint Kitts and Nevis,All,2021,3,True
Slovakia,All,2017,25,True
Taiwan,All,2024,6787,True
Taiwan,All,2026,658,False
Slovenia,All,2017,1,True
Azerbaijan,All,2022,0,True
United Arab Emirates,All,2017,34,True
Armenia,All,2024,0,True
Serbia,All,2021,0,True
Luxembourg,All,2022,7,True
Turkey,All,2021,104,True
Albania,All,2020,6,True
Lithuania,All,2022,4,True
Nigeria,All,2016,50,True
Sweden,All,2026,5248,False
Italy,All,2017,14,True
Vietnam,All,2019,17,True
Singapore,All,2016,174,True
United States,All,2025,455141,True
Mauritius,All,2022,60,True
Mauritius,All,2025,0,True
Indonesia,All,2019,23,True
Uzbekistan,All,2024,0,True
Chile,All,2017,8,True
Switzerland,Biotechnology,2022,12,True
France,Biotechnology,2019,10,True
Japan,Biotechnology,2017,100,True
Belgium,Biotechnology,2024,134,True
South Korea,Community and Lifestyle,2020,6,True
United States,Community and Lifestyle,2022,1390,True
Colombia,Community and Lifestyle,2021,0,True
New Zealand,Community and Lifestyle,2023,13,True
United Arab Emirates,Community and Lifestyle,2019,1,True
Ireland,Community and Lifestyle,2026,1,False
Brazil,Computer Vision,2018,4,True
Mexico,Computer Vision,2025,55,True
China,Computer Vision,2017,253,True
Spain,Computer Vision,2018,5,True
Singapore,Computer Vision,2021,75,True
Turkey,Computer Vision,2019,5,True
Serbia,Computer Vision,2018,0,True
Austria,Computer Vision,2023,9,True
Australia,Consumer goods,2023,66,True
Germany,Consumer goods,2023,285,True
United States,Consumer goods,2017,1676,True
United States,Consumer goods,2018,5154,True
Senegal,Consumer goods,2024,5,True
Ireland,Consumer goods,2016,3,True
China,Consumer goods,2019,133,True
China,Consumer goods,2024,176,True
Ghana,Consumer goods,2017,0,True
missing,Consumer goods,2024,0,True
Finland,Consumer goods,2019,1,True
Netherlands,Cyber Security,2019,90,True
Netherlands,Cyber Security,2020,4,True
Japan,Cyber Security,2024,1,True
Portugal,Cyber Security,2023,0,True
South Korea,Cyber Security,2018,1,True
Dominican Republic,Data and analytics,2022,0,True
Norway,Data and analytics,2017,49,True
Ukraine,Data and analytics,2026,181,False
Singapore,Data and analytics,2016,111,True
Singapore,Data and analytics,2021,1687,True
Greece,Data and analytics,2023,333,True
Turkey,Data and analytics,2016,1,True
Sweden,Data and analytics,2026,1842,False
Nigeria,Data and analytics,2017,0,True
Belarus,Data and analytics,2022,0,True
Finland,Data and analytics,2018,440,True
Finland,Data and analytics,2023,1092,True
China,Data and analytics,2017,3835,True
Romania,Education,2024,0,True
United Arab Emirates,Education,2019,3,True
Vietnam,Education,2024,2,True
Netherlands,Education,2023,2,True
India,Education,2018,29,True
Swaziland,Education,2026,4,False
United Kingdom,Education,2017,13,True
Germany,Education,2017,21,True
Lebanon,Energy and natural resources,2019,0,True
Italy,Energy and natural resources,2020,1,True
Japan,Energy and natural resources,2026,26,False
Finland,Energy and natural resources,2025,2,True
United Arab Emirates,Energy and natural resources,2021,7,True
Singapore,Energy and natural resources,2023,118,True
Ireland,Energy and natural resources,2019,1,True
Belgium,Energy and natural resources,2025,2,True
Netherlands,Energy and natural resources,2023,22,True
India,Energy and natural resources,2026,771,False
France,Facial Recognition,2018,0,True
Luxembourg,Facial Recognition,2016,0,True
Spain,Facial Recognition,2024,1,True
Netherlands,Finance,2022,490,True
Iceland,Finance,2017,0,True
Germany,Finance,2023,109,True
Germany,Finance,2024,332,True
South Korea,Finance,2025,73,True
Ukraine,Finance,2025,1,True
Turkey,Finance,2023,1,True
Indonesia,Finance,2021,0,True
India,Finance,2022,180,True
Singapore,Finance,2020,207,True
Singapore,Finance,2022,297,True
Sweden,Finance,2025,1176,True
South Africa,Finance,2017,23,True
Czechia,Finance,2023,20,True
Finland,Gaming,2023,2,True
Canada,Gaming,2020,76,True
United States,Gaming,2021,470,True
South Korea,General purpose,2021,2630,True
United States,General purpose,2022,51081,True
Argentina,General purpose,2021,6,True
Nigeria,General purpose,2024,8,True
Estonia,General purpose,2025,68,True
Australia,General purpose,2018,179,True
China,General purpose,2026,12446,False
Philippines,General purpose,2025,120,True
Turkey,General purpose,2017,1,True
Saudi Arabia,General purpose,2021,1982,True
Azerbaijan,General purpose,2022,0,True
Tajikistan,General purpose,2025,1,True
Israel,General purpose,2022,2263,True
Israel,General purpose,2023,1238,True
Cyprus,General purpose,2024,37,True
Qatar,General purpose,2025,0,True
Qatar,General purpose,2026,1,False
Morocco,General purpose,2024,3,True
Switzerland,General purpose,2025,2682,True
Italy,General purpose,2021,2709,True
Finland,General purpose,2019,1240,True
Iceland,General purpose,2023,5,True
Kenya,Hardware,2022,3,True
Sweden,Hardware,2018,19,True
Switzerland,Hardware,2023,178,True
Colombia,Hardware,2023,0,True
South Africa,Hardware,2022,6,True
Norway,Hardware,2017,12,True
Ireland,Hardware,2020,12,True
Iceland,Hardware,2018,2,True
Singapore,Hardware,2025,762,True
Malaysia,Hardware,2017,1,True
Russia,Hardware,2016,1,True
Taiwan,Healthcare and Life Sciences,2019,18,True
Taiwan,Healthcare and Life Sciences,2021,56,True
Colombia,Healthcare and Life Sciences,2020,0,True
Australia,Healthcare and Life Sciences,2017,4,True
Australia,Healthcare and Life Sciences,2024,43,True
Tanzania,Healthcare and Life Sciences,2025,0,True
Czechia,Healthcare and Life Sciences,2017,1,True
Switzerland,Healthcare and Life Sciences,2026,48,False
missing,Healthcare and Life Sciences,2026,89,False
Philippines,Information Technology,2024,0,True
Ireland,Information Technology,2024,169,True
Sri Lanka,Information Technology,2023,3,True
Uganda,Information Technology,2023,0,True
Poland,Information Technology,2026,9,False
Mexico,Information Technology,2022,13,True
Estonia,Information Technology,2022,51,True
missing,Information Technology,2024,374,True
Romania,Lending and Investments,2021,1,True
Vietnam,Lending and Investments,2025,1,True
Canada,Lending and Investments,2020,8,True
Canada,Lending and Investments,2026,37,False
France,Lending and Investments,2016,1,True
Brazil,Lending and Investments,2025,2,True
Seychelles,Lending and Investments,2021,1,True
Malaysia,Manufacturing,2020,8,True
Bulgaria,Manufacturing,2020,1,True
South Korea,Manufacturing,2018,3,True
Netherlands,Manufacturing,2017,2,True
Norway,Manufacturing,2021,172,True
Portugal,Media and Entertainment,2025,3,True
Israel,Media and Entertainment,2016,339,True
Côte d'Ivoire,Media and Entertainment,2025,0,True
Japan,Media and Entertainment,2021,52,True
India,Media and Entertainment,2024,142,True
Ireland,Media and Entertainment,2023,70,True
Hungary,Media and Entertainment,2017,0,True
Switzerland,Media and Entertainment,2023,36,True
Mexico,"Military, public safety and government",2017,0,True
Canada,"Military, public safety and government",2025,41,True
South Korea,"Military, public safety and government",2026,100,False
Singapore,"Military, public safety and government",2020,1,True
Turkey,"Mobile, platforms & Internet services",2019,1,True
Colombia,"Mobile, platforms & Internet services",2026,1,False
Philippines,"Mobile, platforms & Internet services",2016,1,True
Netherlands,"Mobile, platforms & Internet services",2024,27,True
Lithuania,"Mobile, platforms & Internet services",2016,0,True
Israel,"Mobile, platforms & Internet services",2026,1056,False
Kenya,"Mobile, platforms & Internet services",2025,0,True
Taiwan,"Mobile, platforms & Internet services",2018,3,True
Lebanon,"Mobile, platforms & Internet services",2017,1,True
Saudi Arabia,"Mobile, platforms & Internet services",2025,68,True
Seychelles,"Mobile, platforms & Internet services",2023,25,True
India,NLP,2021,56,True
Taiwan,NLP,2025,0,True
Austria,NLP,2020,0,True
Lebanon,NLP,2017,0,True
Israel,NLP,2020,64,True
United States,NLP,2020,2412,True
Finland,NLP,2023,2,True
Indonesia,NLP,2016,1,True
Brazil,NLP,2018,1,True
Australia,Navigation and mapping,2025,14,True
Spain,Navigation and mapping,2019,1,True
South Korea,Navigation and mapping,2020,17,True
South Korea,Navigation and mapping,2021,1739,True
India,Navigation and mapping,2017,2,True
Netherlands,Navigation and mapping,2016,2,True
Germany,Navigation and mapping,2026,147,False
China,Other,2023,284,True
Argentina,Other,2025,1,True
Denmark,Other,2019,0,True
South Africa,Other,2019,2,True
Spain,Other,2023,8,True
United States,Other,2016,655,True
Russia,Other,2019,1,True
Japan,Other,2025,14,True
Slovakia,Other,2019,1,True
Spain,Privacy and Security,2025,1035,True
Japan,Privacy and Security,2025,114,True
Ireland,Privacy and Security,2020,8,True
United States,Privacy and Security,2019,4258,True
Brazil,Privacy and Security,2018,3,True
China,Privacy and Security,2023,144,True
Bosnia and Herzegovina,Professional services,2024,0,True
Norway,Professional services,2025,57,True
Germany,Professional services,2021,232,True
United Arab Emirates,Professional services,2018,156,True
Brazil,Professional services,2021,150,True
Portugal,Professional services,2016,6,True
Israel,Professional services,2019,85,True
Singapore,Professional services,2024,37,True
Lebanon,Professional services,2017,0,True
Mexico,Professional services,2026,0,False
Canada,Real estate,2017,11,True
Mauritius,Real estate,2022,12,True
Italy,Real estate,2021,3,True
Brazil,Real estate,2022,165,True
China,Real estate,2018,127,True
Singapore,Real estate,2024,101,True
United Kingdom,Real estate,2020,228,True
Israel,Real estate,2016,6,True
Turkey,Real estate,2016,0,True
Finland,Real estate,2022,26,True
Mexico,Real estate,2024,0,True
Japan,Real estate,2019,9,True
Japan,Robotics,2019,98,True
France,Robotics,2017,8,True
Switzerland,Robotics,2017,12,True
Netherlands,Robotics,2016,6,True
India,Robotics,2019,5,True
United Kingdom,Robotics,2021,17,True
United States,Robotics,2023,1893,True
Czechia,"Sales, retail, commerce, marketing",2019,1,True
Czechia,"Sales, retail, commerce, marketing",2022,57,True
Switzerland,"Sales, retail, commerce, marketing",2018,58,True
Egypt,"Sales, retail, commerce, marketing",2020,1,True
United States,"Sales, retail, commerce, marketing",2021,25732,True
United States,"Sales, retail, commerce, marketing",2025,23016,True
Germany,"Sales, retail, commerce, marketing",2017,314,True
Italy,"Sales, retail, commerce, marketing",2018,7,True
Russia,"Sales, retail, commerce, marketing",2024,0,True
Israel,"Sales, retail, commerce, marketing",2016,99,True
Serbia,"Sales, retail, commerce, marketing",2018,0,True
Hungary,"Sales, retail, commerce, marketing",2022,0,True
Cyprus,"Sales, retail, commerce, marketing",2025,31,True
Spain,"Sales, retail, commerce, marketing",2023,26,True
Finland,Semiconductor,2020,8,True
China,Semiconductor,2016,10,True
United States,Semiconductor,2016,405,True
Netherlands,Semiconductor,2025,87,True
Kenya,Semiconductor,2025,0,True
United Kingdom,Simulation,2026,39,False
Slovenia,Simulation,2017,0,True
Sweden,Simulation,2026,0,False
Chile,Software,2017,3,True
Chile,Software,2023,6,True
Saudi Arabia,Software,2016,1062,True
India,Software,2021,1127,True
Venezuela,Software,2021,0,True
Netherlands,Software,2022,1662,True
Czechia,Software,2020,32,True
Peru,Software,2018,0,True
Italy,Software,2020,284,True
Paraguay,Software,2024,0,True
Switzerland,Software,2021,645,True
Egypt,Software,2020,4,True
Germany,Software,2024,4501,True
Mexico,Software,2022,103,True
Bulgaria,Software,2022,2,True
Bulgaria,Software,2023,13,True
Pakistan,Software,2025,1,True
Japan,Software,2019,693,True
Canada,Speech Recognition,2022,0,True
Thailand,Speech Recognition,2024,0,True
Saudi Arabia,Speech Recognition,2023,1,True
Poland,Speech Recognition,2023,0,True
South Korea,Sports,2019,1,True
Taiwan,Sports,2019,1,True
France,Sports,2022,5,True
China,Sports,2018,5,True
China,Sports,2020,23,True
Italy,Sports,2025,0,True
Finland,Telecommunications,2024,1,True
Israel,Telecommunications,2017,4,True
Israel,Telecommunications,2020,166,True
India,Telecommunications,2024,1,True
United Kingdom,Telecommunications,2025,506,True
Germany,Telecommunications,2023,1,True
Colombia,Telecommunications,2020,0,True
Saudi Arabia,Telecommunications,2023,2,True
Pakistan,Telecommunications,2022,0,True
Italy,Telecommunications,2025,15,True
South Korea,Transportation,2016,1,True
Netherlands,Transportation,2025,28,True
South Africa,Transportation,2026,0,False
Czechia,Transportation,2024,7,True
Hungary,Transportation,2024,1,True
Israel,Transportation,2021,350,True
Indonesia,Transportation,2022,0,True
Canada,Transportation,2018,19,True
Japan,Transportation,2024,148,True
Mexico,Transportation,2019,1,True
Mexico,Transportation,2021,16,True
New Zealand,Transportation,2024,0,True
Portugal,Transportation,2024,6,True
Finland,Agriculture,2017,0,True
Malaysia,Agriculture,2020,0,True
South Africa,Agriculture,2020,8,True
New Zealand,Agriculture,2019,0,True
Canada,Agriculture,2024,22,True
Kenya,Agriculture,2023,3,True
Spain,Agriculture,2021,22,True
Spain,Agriculture,2025,1002,True
Spain,Agriculture,2026,1,False
Argentina,Agriculture,2019,1,True
China,Agriculture,2021,165,True
Turkey,Agriculture,2019,0,True
Hungary,All,2016,14,True
Philippines,All,2019,1,True
Belarus,All,2022,0,True
Austria,All,2023,524,True
Saudi Arabia,All,2026,1339,False
Oman,All,2024,3,True
Tunisia,All,2018,1,True
Israel,All,2019,13311,True
Luxembourg,All,2018,8,True
Ukraine,All,2018,0,True
Seychelles,All,2022,10,True
Malta,All,2023,0,True
Lithuania,All,2021,9,True
Sweden,All,2023,289,True
Egypt,All,2020,4,True
Jordan,All,2021,0,True
Italy,All,2020,304,True
United States,All,2018,57431,True
Burkina Faso,All,2023,0,True
missing,All,2018,60,True
Sri Lanka,All,2024,11,True
Peru,All,2024,0,True
Uzbekistan,All,2022,1,True
Thailand,All,2019,16,True
Thailand,All,2020,14,True
Bahrain,All,2022,0,True
Vietnam,Biotechnology,2023,1,True
Sweden,Biotechnology,2018,1,True
Japan,Biotechnology,2019,8,True
China,Biotechnology,2019,62,True
Netherlands,Biotechnology,2016,6,True
missing,Biotechnology,2026,55000,False
Estonia,Biotechnology,2026,1,False
Canada,Biotechnology,2024,54,True
United States,Biotechnology,2017,442,True
United States,Biotechnology,2019,2675,True
Israel,Biotechnology,2016,14,True
Chile,Community and Lifestyle,2023,0,True
Austria,Community and Lifestyle,2023,0,True
Malaysia,Community and Lifestyle,2018,0,True
Japan,Community and Lifestyle,2026,100,False
New Zealand,Computer Vision,2023,0,True
Sweden,Computer Vision,2022,1,True
China,Computer Vision,2024,109,True
Italy,Computer Vision,2022,1,True
Italy,Computer Vision,2026,1,False
Norway,Computer Vision,2024,31,True
Switzerland,Computer Vision,2018,13,True
Poland,Computer Vision,2020,1,True
Australia,Computer Vision,2024,39,True
South Africa,Computer Vision,2026,3,False
France,Consumer goods,2022,13,True
Sweden,Consumer goods,2022,4,True
Australia,Consumer goods,2020,7,True
Belgium,Consumer goods,2019,131,True
Canada,Consumer goods,2016,65,True
Japan,Cyber Security,2023,0,True
Singapore,Cyber Security,2024,5,True
Lithuania,Cyber Security,2026,1,False
Belgium,Cyber Security,2018,9,True
India,Cyber Security,2022,38,True
Switzerland,Cyber Security,2026,8,False
Kenya,Cyber Security,2025,0,True
Italy,Cyber Security,2018,3,True
United States,Cyber Security,2022,2364,True
Hungary,Data and analytics,2020,10,True
Estonia,Data and analytics,2021,35,True
Kenya,Data and analytics,2026,4,False
Jordan,Data and analytics,2026,5,False
Saint Kitts and Nevis,Data and analytics,2023,1,True
Panama,Data and analytics,2021,1,True
Belgium,Data and analytics,2018,94,True
Germany,Data and analytics,2016,803,True
Japan,Data and analytics,2022,252,True
Greece,Data and analytics,2019,8,True
Turkey,Data and analytics,2025,47,True
Austria,Data and analytics,2020,31,True
Kuwait,Data and analytics,2025,8,True
Israel,Data and analytics,2017,252,True
Saudi Arabia,Data and analytics,2023,1570,True
Netherlands,Data and analytics,2018,1552,True
India,Data and analytics,2024,743,True
Luxembourg,Data and analytics,2024,21,True
Croatia,Data and analytics,2020,1,True
China,Data and analytics,2022,5680,True
Australia,Data and analytics,2026,5934,False
Romania,Education,2026,1,False
Egypt,Education,2017,0,True
South Korea,Education,2016,2,True
Switzerland,Education,2024,29,True
Netherlands,Education,2016,2,True
Australia,Education,2019,1,True
New Zealand,Education,2017,0,True
New Zealand,Education,2021,0,True
Italy,Education,2017,0,True
Germany,Education,2023,40,True
France,Energy and natural resources,2022,25,True
Mexico,Energy and natural resources,2024,0,True
Japan,Energy and natural resources,2025,24,True
Luxembourg,Energy and natural resources,2021,110,True
United Kingdom,Energy and natural resources,2024,273,True
Turkey,Energy and natural resources,2017,0,True
Turkey,Energy and natural resources,2019,0,True
Chile,Energy and natural resources,2020,4,True
Estonia,Energy and natural resources,2023,41,True
Belgium,Energy and natural resources,2022,119,True
Taiwan,Energy and natural resources,2022,8,True
Switzerland,Facial Recognition,2018,35,True
Brazil,Facial Recognition,2019,0,True
China,Facial Recognition,2024,8,True
Netherlands,Finance,2024,260,True
China,Finance,2016,143,True
Russia,Finance,2018,4,True
Mexico,Finance,2020,3,True
Qatar,Finance,2020,0,True
Indonesia,Finance,2025,1,True
India,Finance,2026,259,False
Singapore,Finance,2019,52,True
Czechia,Finance,2026,6,False
Finland,Gaming,2017,0,True
Canada,Gaming,2019,4,True
China,Gaming,2026,84,False
Sweden,Gaming,2016,0,True
South Korea,General purpose,2018,144,True
Taiwan,General purpose,2025,76,True
Slovakia,General purpose,2025,11,True
Pakistan,General purpose,2016,0,True
Portugal,General purpose,2016,6,True
Vietnam,General purpose,2026,2,False
Belgium,General purpose,2017,121,True
Turkey,General purpose,2023,39,True
Indonesia,General purpose,2019,13,True
missing,General purpose,2020,484,True
missing,General purpose,2023,153,True
United Kingdom,General purpose,2017,464,True
Hungary,General purpose,2018,6,True
Hungary,General purpose,2026,30,False
Singapore,General purpose,2024,2556,True
Colombia,General purpose,2019,2,True
Italy,General purpose,2026,281,False
Slovenia,General purpose,2023,20,True
Spain,Hardware,2019,30,True
Mexico,Hardware,2026,1,False
Finland,Hardware,2019,203,True
Czechia,Hardware,2026,8,False
United Kingdom,Hardware,2021,457,True
Slovakia,Hardware,2018,1,True
Australia,Hardware,2020,55,True
Sri Lanka,Hardware,2021,0,True
Ukraine,Hardware,2020,0,True
South Korea,Healthcare and Life Sciences,2026,112,False
Lithuania,Healthcare and Life Sciences,2020,3,True
Malaysia,Healthcare and Life Sciences,2018,0,True
Finland,Healthcare and Life Sciences,2024,4,True
Saudi Arabia,Healthcare and Life Sciences,2023,280,True
Netherlands,Healthcare and Life Sciences,2022,184,True
Turkey,Information Technology,2024,74,True
Vietnam,Information Technology,2023,2,True
France,Information Technology,2019,700,True
China,Information Technology,2017,3162,True
Colombia,Information Technology,2024,1,True
Russia,Information Technology,2024,127,True
Czechia,Information Technology,2021,25,True
Japan,Information Technology,2016,91,True
Portugal,Information Technology,2017,21,True
Kenya,Information Technology,2020,9,True
Uganda,Information Technology,2020,0,True
Saudi Arabia,Information Technology,2018,770,True
missing,Information Technology,2016,0,True
Canada,Information Technology,2018,2595,True
Switzerland,Information Technology,2025,1434,True
United Kingdom,Lending and Investments,2020,155,True
China,Lending and Investments,2026,49,False
Austria,Lending and Investments,2021,2,True
Switzerland,Lending and Investments,2024,37,True
Denmark,Manufacturing,2024,169,True
Australia,Manufacturing,2022,34,True
Australia,Manufacturing,2024,5,True
Turkey,Manufacturing,2023,10,True
United States,Manufacturing,2024,6709,True
China,Manufacturing,2021,1128,True
Poland,Manufacturing,2026,2,False
Austria,Media and Entertainment,2025,0,True
United Kingdom,Media and Entertainment,2025,1744,True
Sweden,Media and Entertainment,2016,3,True
Croatia,Media and Entertainment,2021,167,True
Czechia,Media and Entertainment,2018,0,True
Japan,Media and Entertainment,2017,212,True
Spain,Media and Entertainment,2021,5,True
Poland,Media and Entertainment,2023,1,True
Germany,Media and Entertainment,2016,13,True
Switzerland,Media and Entertainment,2025,11,True
United States,Media and Entertainment,2023,2162,True
United Kingdom,"Military, public safety and government",2024,32,True
United States,"Military, public safety and government",2021,2238,True
South Korea,"Military, public safety and government",2020,31,True
Ireland,"Military, public safety and government",2025,16,True
Croatia,"Mobile, platforms & Internet services",2024,0,True
China,"Mobile, platforms & Internet services",2017,2784,True
Sri Lanka,"Mobile, platforms & Internet services",2018,0,True
Finland,"Mobile, platforms & Internet services",2025,3,True
Poland,"Mobile, platforms & Internet services",2024,3,True
Hungary,"Mobile, platforms & Internet services",2018,6,True
Philippines,"Mobile, platforms & Internet services",2025,102,True
Singapore,"Mobile, platforms & Internet services",2025,3206,True
Estonia,"Mobile, platforms & Internet services",2018,0,True
United Arab Emirates,"Mobile, platforms & Internet services",2020,230,True
Uruguay,"Mobile, platforms & Internet services",2021,100,True
Portugal,"Mobile, platforms & Internet services",2018,120,True
Indonesia,"Mobile, platforms & Internet services",2018,6,True
Brazil,"Mobile, platforms & Internet services",2024,71,True
Japan,NLP,2017,4,True
Japan,NLP,2022,27,True
Germany,NLP,2018,233,True
Vietnam,NLP,2022,3,True
China,NLP,2026,437,False
Poland,NLP,2020,9,True
Italy,NLP,2026,2,False
Sweden,Navigation and mapping,2020,7,True
New Zealand,Navigation and mapping,2018,30,True
Austria,Navigation and mapping,2017,1,True
India,Navigation and mapping,2024,25,True
Switzerland,Navigation and mapping,2023,0,True
India,Other,2019,154,True
India,Other,2026,589,False
China,Other,2026,324,False
Argentina,Other,2026,0,False
United Kingdom,Other,2020,214,True
Israel,Other,2022,189,True
Singapore,Other,2020,104,True
Brazil,Other,2026,0,False
Japan,Other,2024,30,True
Slovakia,Other,2016,1,True
Slovenia,Other,2017,0,True
Portugal,Privacy and Security,2016,3,True
South Korea,Privacy and Security,2021,15,True
Argentina,Privacy and Security,2021,2,True
Chile,Privacy and Security,2023,0,True
China,Privacy and Security,2026,143,False
Germany,Professional services,2017,10,True
Germany,Professional services,2025,4601,True
United Arab Emirates,Professional services,2017,1,True
United Arab Emirates,Professional services,2025,47,True
Portugal,Professional services,2017,18,True
Sweden,Professional services,2016,1,True
Sweden,Professional services,2026,1724,False
Ukraine,Professional services,2023,0,True
Singapore,Professional services,2020,464,True
Malta,Professional services,2021,5,True
Argentina,Professional services,2026,0,False
Chile,Professional services,2022,2,True
Nigeria,Professional services,2025,5,True
Australia,Professional services,2020,28,True
Cyprus,Professional services,2023,0,True
Switzerland,Professional services,2022,51,True
Austria,Real estate,2022,1,True
Ireland,Real estate,2018,1,True
South Korea,Real estate,2019,2,True
Poland,Real estate,2020,1,True
Saudi Arabia,Real estate,2017,1,True
Switzerland,Real estate,2017,2,True
France,Real estate,2024,213,True
Turkey,Real estate,2023,1,True
Finland,Real estate,2020,120,True
Malaysia,Real estate,2024,6,True
Japan,Real estate,2017,1,True
Moldova,Real estate,2025,0,True
United Arab Emirates,Real estate,2026,24,False
Denmark,Robotics,2026,90,False
Sri Lanka,Robotics,2019,1,True
Indonesia,Robotics,2020,220,True
Sweden,Robotics,2017,1,True
Switzerland,Robotics,2021,11,True
Netherlands,Robotics,2019,8,True
United Kingdom,Robotics,2018,2273,True
United Kingdom,Robotics,2026,464,False
Poland,Robotics,2019,1,True
South Korea,Robotics,2021,27,True
Portugal,"Sales, retail, commerce, marketing",2020,7,True
Switzerland,"Sales, retail, commerce, marketing",2025,444,True
Austria,"Sales, retail, commerce, marketing",2024,12,True
Poland,"Sales, retail, commerce, marketing",2016,6,True
Germany,"Sales, retail, commerce, marketing",2023,453,True
Kazakhstan,"Sales, retail, commerce, marketing",2020,0,True
Turkey,"Sales, retail, commerce, marketing",2025,10,True
Norway,"Sales, retail, commerce, marketing",2017,3,True
missing,"Sales, retail, commerce, marketing",2017,12,True
New Zealand,"Sales, retail, commerce, marketing",2025,55,True
Hungary,"Sales, retail, commerce, marketing",2023,9,True
Malaysia,"Sales, retail, commerce, marketing",2016,1,True
United Arab Emirates,"Sales, retail, commerce, marketing",2026,25,False
Azerbaijan,Simulation,2022,0,True
Poland,Simulation,2020,0,True
Italy,Simulation,2025,2,True
Israel,Software,2021,3696,True
Chile,Software,2024,58,True
Mongolia,Software,2018,0,True
Tajikistan,Software,2026,5,False
France,Software,2024,6049,True
Azerbaijan,Software,2022,0,True
Uruguay,Software,2025,2,True
United States,Software,2020,49495,True
Lithuania,Software,2016,0,True
Lithuania,Software,2018,4,True
Lithuania,Software,2026,136,False
Switzerland,Software,2025,3144,True
Australia,Software,2021,2755,True
Egypt,Software,2022,5,True
Pakistan,Software,2020,0,True
Georgia,Software,2024,0,True
Spain,Speech Recognition,2026,0,False
France,Speech Recognition,2018,0,True
Australia,Sports,2019,0,True
United Kingdom,Sports,2025,44,True
India,Sports,2024,3,True
Turkey,Sports,2017,0,True
Japan,Sports,2019,2,True
Netherlands,Sports,2026,0,False
Finland,Telecommunications,2022,7,True
Netherlands,Telecommunications,2019,51,True
United Kingdom,Telecommunications,2026,949,False
Czechia,Telecommunications,2025,18,True
Norway,Telecommunications,2023,2,True
South Korea,Telecommunications,2019,25,True
Brazil,Telecommunications,2020,52,True
Turkey,Telecommunications,2024,0,True
United States,Telecommunications,2026,3687,False
South Korea,Transportation,2026,24,False
United Arab Emirates,Transportation,2024,54,True
Italy,Transportation,2025,7,True
France,Transportation,2020,23,True
Sweden,Transportation,2020,13,True
Belgium,Transportation,2018,0,True
Vietnam,Transportation,2025,15,True
Tunisia,Transportation,2024,0,True
Canada,Transportation,2021,36,True
Egypt,Transportation,2016,0,True
Egypt,Transportation,2022,0,True
Japan,Transportation,2021,46,True
Norway,Agriculture,2022,9,True
Nigeria,Agriculture,2024,0,True
United States,Agriculture,2019,327,True
Tunisia,Agriculture,2022,0,True
France,Agriculture,2017,2,True
France,Agriculture,2021,4,True
Brazil,Agriculture,2018,4,True
Portugal,Agriculture,2020,0,True
Kenya,Agriculture,2024,7,True
Kenya,Agriculture,2026,2,False
Uganda,Agriculture,2023,0,True
Mexico,Agriculture,2016,0,True
Belarus,All,2020,2,True
Taiwan,All,2022,427,True
Estonia,All,2024,92,True
Kuwait,All,2023,7,True
South Korea,All,2025,2641,True
United Arab Emirates,All,2025,1413,True
Botswana,All,2024,1,True
Ukraine,All,2017,0,True
Spain,All,2021,859,True
Romania,All,2020,6,True
Russia,All,2018,48,True
Finland,All,2023,1145,True
Iceland,All,2022,1632,True
Poland,All,2024,120,True
missing,All,2019,56,True
Indonesia,All,2020,310,True
Germany,Biotechnology,2018,2,True
Netherlands,Biotechnology,2022,3,True
Italy,Biotechnology,2026,6,False
Singapore,Biotechnology,2025,48,True
Greece,Community and Lifestyle,2019,0,True
South Korea,Community and Lifestyle,2022,26,True
Portugal,Community and Lifestyle,2021,0,True
Portugal,Community and Lifestyle,2024,5,True
Cyprus,Community and Lifestyle,2023,0,True
Estonia,Community and Lifestyle,2022,0,True
Lebanon,Community and Lifestyle,2021,1,True
Australia,Community and Lifestyle,2026,39,False
United Arab Emirates,Community and Lifestyle,2025,0,True
Bulgaria,Community and Lifestyle,2016,0,True
Austria,Community and Lifestyle,2016,1,True
Canada,Community and Lifestyle,2020,59,True
Canada,Community and Lifestyle,2021,102,True
Slovakia,Community and Lifestyle,2020,0,True
Germany,Community and Lifestyle,2016,20,True
Israel,Community and Lifestyle,2026,300,False
Sweden,Computer Vision,2016,2,True
Greece,Computer Vision,2018,1,True
Greece,Computer Vision,2020,203,True
Turkey,Computer Vision,2022,1,True
Taiwan,Computer Vision,2023,5,True
Netherlands,Computer Vision,2018,7,True
Germany,Computer Vision,2023,295,True
Spain,Consumer goods,2023,3,True
Malaysia,Consumer goods,2020,2,True
Senegal,Consumer goods,2021,0,True
Japan,Consumer goods,2019,20,True
Netherlands,Cyber Security,2025,7,True
Israel,Cyber Security,2020,126,True
India,Cyber Security,2017,2,True
China,Cyber Security,2024,30,True
United States,Cyber Security,2021,4240,True
Argentina,Data and analytics,2023,349,True
Kenya,Data and analytics,2019,13,True
Slovakia,Data and analytics,2021,1,True
Philippines,Data and analytics,2021,1,True
Jordan,Data and analytics,2024,0,True
France,Data and analytics,2016,533,True
Grenada,Data and analytics,2025,6,True
Brazil,Data and analytics,2017,124,True
Jamaica,Data and analytics,2025,50,True
Japan,Data and analytics,2020,506,True
Iraq,Data and analytics,2025,15,True
Oman,Data and analytics,2025,0,True
Nigeria,Data and analytics,2019,8,True
Nigeria,Data and analytics,2023,7,True
Spain,Data and analytics,2017,151,True
Czechia,Data and analytics,2021,52,True
China,Data and analytics,2019,2991,True
United Kingdom,Data and analytics,2023,3483,True
Colombia,Data and analytics,2024,40,True
Romania,Education,2017,0,True
Nigeria,Education,2025,1,True
Chile,Education,2020,1,True
Chile,Education,2023,0,True
Singapore,Education,2023,8,True
Saudi Arabia,Education,2020,1,True
Netherlands,Education,2025,4,True
Bulgaria,Education,2021,0,True
Turkey,Education,2024,1,True
Australia,Education,2020,0,True
Austria,Education,2022,50,True
New Zealand,Education,2022,9,True
United Kingdom,Education,2022,123,True
China,Education,2025,324,True
United States,Education,2021,5098,True
Lebanon,Energy and natural resources,2017,0,True
Italy,Energy and natural resources,2025,4,True
Finland,Energy and natural resources,2017,4,True
United Kingdom,Energy and natural resources,2019,75,True
Estonia,Energy and natural resources,2016,8,True
South Africa,Energy and natural resources,2026,5,False
Malaysia,Facial Recognition,2024,3,True
Israel,Finance,2019,55,True
Ghana,Finance,2025,0,True
Japan,Finance,2016,4,True
Chile,Finance,2022,0,True
Kazakhstan,Finance,2023,1,True
Nigeria,Finance,2017,0,True
missing,Finance,2019,4,True
Ukraine,Finance,2019,3,True
Turkey,Finance,2021,3,True
Turkey,Finance,2025,8,True
United States,Finance,2018,2084,True
Thailand,Gaming,2022,0,True
Israel,Gaming,2023,70,True
Singapore,Gaming,2016,7,True
United States,Gaming,2022,293,True
Hungary,Gaming,2016,0,True
Albania,General purpose,2025,0,True
Slovakia,General purpose,2024,1,True
Australia,General purpose,2017,80,True
China,General purpose,2017,3721,True
Belgium,General purpose,2025,347,True
Indonesia,General purpose,2018,16,True
Brazil,General purpose,2023,472,True
Sri Lanka,General purpose,2025,3,True
Hungary,General purpose,2025,16,True
Germany,General purpose,2023,2220,True
India,General purpose,2023,869,True
Romania,General purpose,2021,24,True
Iran,General purpose,2018,0,True
Bulgaria,General purpose,2016,0,True
Bulgaria,General purpose,2023,10,True
Jordan,General purpose,2016,0,True
Mexico,General purpose,2026,414,False
Iceland,General purpose,2024,2,True
Serbia,General purpose,2019,0,True
China,Hardware,2017,572,True
Qatar,Hardware,2023,0,True
Spain,Hardware,2022,28,True
Indonesia,Hardware,2026,2,False
New Zealand,Hardware,2017,0,True
Belgium,Hardware,2016,2,True
Israel,Hardware,2019,5175,True
United Kingdom,Hardware,2022,484,True
Netherlands,Hardware,2024,238,True
Colombia,Hardware,2024,1,True
Hungary,Hardware,2022,5,True
Georgia,Hardware,2024,0,True
South Africa,Hardware,2019,2,True
Latvia,Hardware,2020,3,True
Turkey,Hardware,2021,16,True
Lithuania,Hardware,2018,0,True
Germany,Healthcare and Life Sciences,2022,230,True
Germany,Healthcare and Life Sciences,2024,363,True
Taiwan,Healthcare and Life Sciences,2017,3,True
Turkey,Healthcare and Life Sciences,2021,1,True
Kyrgyzstan,Healthcare and Life Sciences,2025,1,True
France,Healthcare and Life Sciences,2021,292,True
Sweden,Healthcare and Life Sciences,2025,69,True
Romania,Healthcare and Life Sciences,2020,0,True
Spain,Healthcare and Life Sciences,2019,1,True
Netherlands,Healthcare and Life Sciences,2025,28,True
France,Information Technology,2024,2164,True
Belgium,Information Technology,2026,1208,False
Bosnia and Herzegovina,Information Technology,2020,0,True
Singapore,Information Technology,2022,2593,True
Cyprus,Information Technology,2022,0,True
Greece,Information Technology,2019,1,True
Romania,Information Technology,2025,10,True
Sri Lanka,Information Technology,2025,4,True
Malaysia,Information Technology,2022,5,True
Germany,Information Technology,2017,338,True
Netherlands,Information Technology,2016,622,True
Peru,Information Technology,2021,0,True
Brazil,Information Technology,2021,262,True
Senegal,Information Technology,2024,5,True
Canada,Information Technology,2021,747,True
Norway,Information Technology,2017,27,True
Italy,Information Technology,2021,2561,True
Switzerland,Information Technology,2024,865,True
Germany,Lending and Investments,2023,48,True
missing,Lending and Investments,2025,20,True
Saudi Arabia,Lending and Investments,2021,3,True
Saudi Arabia,Lending and Investments,2022,1,True
Saudi Arabia,Lending and Investments,2025,60,True
Denmark,Lending and Investments,2019,11,True
Saudi Arabia,Manufacturing,2021,2,True
Finland,Manufacturing,2025,326,True
United Arab Emirates,Manufacturing,2020,1,True
United Arab Emirates,Manufacturing,2024,2,True
Canada,Manufacturing,2022,2028,True
India,Manufacturing,2024,87,True
Italy,Manufacturing,2019,2,True
Germany,Manufacturing,2024,1049,True
Croatia,Manufacturing,2024,0,True
Estonia,Media and Entertainment,2022,2,True
United Kingdom,Media and Entertainment,2022,845,True
Argentina,Media and Entertainment,2016,0,True
Pakistan,Media and Entertainment,2021,3,True
Thailand,Media and Entertainment,2021,1,True
missing,Media and Entertainment,2022,3,True
Greece,Media and Entertainment,2019,0,True
Norway,Media and Entertainment,2024,3,True
China,Media and Entertainment,2020,981,True
Singapore,Media and Entertainment,2020,17,True
Nigeria,Media and Entertainment,2018,5,True
Nigeria,Media and Entertainment,2019,0,True
Germany,Media and Entertainment,2022,218,True
Sweden,"Military, public safety and government",2025,1,True
South Korea,"Military, public safety and government",2022,6,True
Czechia,"Mobile, platforms & Internet services",2017,41,True
Chile,"Mobile, platforms & Internet services",2024,2,True
Russia,"Mobile, platforms & Internet services",2023,1,True
Azerbaijan,"Mobile, platforms & Internet services",2023,0,True
Iceland,"Mobile, platforms & Internet services",2023,2,True
Norway,"Mobile, platforms & Internet services",2021,73,True
Israel,"Mobile, platforms & Internet services",2019,5167,True
New Zealand,"Mobile, platforms & Internet services",2019,1,True
Serbia,"Mobile, platforms & Internet services",2017,0,True
Slovakia,"Mobile, platforms & Internet services",2024,5,True
Australia,"Mobile, platforms & Internet services",2023,155,True
United Kingdom,"Mobile, platforms & Internet services",2024,744,True
Romania,"Mobile, platforms & Internet services",2018,0,True
Taiwan,"Mobile, platforms & Internet services",2016,5,True
Indonesia,"Mobile, platforms & Internet services",2022,14,True
Indonesia,"Mobile, platforms & Internet services",2023,0,True
Mongolia,NLP,2019,0,True
Pakistan,NLP,2026,1,False
China,NLP,2017,39,True
Poland,NLP,2016,3,True
Estonia,Navigation and mapping,2019,0,True
China,Navigation and mapping,2020,21,True
Singapore,Navigation and mapping,2018,1,True
Singapore,Navigation and mapping,2025,1004,True
India,Other,2016,24,True
Ghana,Other,2021,0,True
Denmark,Other,2017,0,True
United Kingdom,Other,2019,2494,True
France,Other,2018,186,True
Ireland,Other,2022,77,True
Singapore,Other,2024,37,True
Singapore,Other,2026,439,False
Canada,Other,2018,45,True
Russia,Other,2016,1,True
Netherlands,Other,2017,5,True
Netherlands,Privacy and Security,2020,54,True
Estonia,Privacy and Security,2023,1,True
Israel,Privacy and Security,2017,12,True
Italy,Privacy and Security,2022,0,True
Bahrain,Privacy and Security,2021,0,True
Slovenia,Privacy and Security,2018,0,True
United Arab Emirates,Privacy and Security,2025,5,True
Switzerland,Privacy and Security,2018,3,True
Australia,Privacy and Security,2022,17,True
Portugal,Professional services,2022,7,True
Israel,Professional services,2017,13,True
Malaysia,Professional services,2021,61,True
Colombia,Professional services,2026,1,False
Indonesia,Professional services,2023,6,True
South Korea,Professional services,2023,116,True
Argentina,Professional services,2023,346,True
Vietnam,Professional services,2018,0,True
Canada,Professional services,2020,288,True
Oman,Professional services,2026,15,False
Netherlands,Professional services,2022,32,True
Czechia,Professional services,2023,60,True
Mexico,Professional services,2024,114,True
Italy,Real estate,2024,2,True
South Korea,Real estate,2023,35,True
Switzerland,Real estate,2020,1,True
United Kingdom,Real estate,2019,96,True
Sweden,Real estate,2021,11,True
Israel,Real estate,2017,3,True
Chile,Real estate,2021,0,True
Japan,Real estate,2016,16,True
Thailand,Real estate,2025,0,True
New Zealand,Real estate,2021,0,True
Thailand,Robotics,2021,1,True
missing,Robotics,2026,9,False
Netherlands,Robotics,2022,0,True
Croatia,Robotics,2019,0,True
South Korea,Robotics,2020,8,True
South Korea,Robotics,2023,83,True
Czechia,"Sales, retail, commerce, marketing",2017,1,True
Finland,"Sales, retail, commerce, marketing",2017,15,True
Denmark,"Sales, retail, commerce, marketing",2026,1,False
Canada,"Sales, retail, commerce, marketing",2023,157,True
Mexico,"Sales, retail, commerce, marketing",2018,3,True
Vietnam,"Sales, retail, commerce, marketing",2019,1,True
Thailand,"Sales, retail, commerce, marketing",2025,0,True
Singapore,"Sales, retail, commerce, marketing",2019,144,True
Tanzania,"Sales, retail, commerce, marketing",2024,0,True
Indonesia,"Sales, retail, commerce, marketing",2023,5,True
Ireland,"Sales, retail, commerce, marketing",2017,25,True
Turkey,"Sales, retail, commerce, marketing",2024,4,True
Lithuania,"Sales, retail, commerce, marketing",2023,0,True
Israel,"Sales, retail, commerce, marketing",2025,302,True
Nigeria,"Sales, retail, commerce, marketing",2025,23,True
Hungary,"Sales, retail, commerce, marketing",2017,1,True
Pakistan,"Sales, retail, commerce, marketing",2024,3,True
Cambodia,"Sales, retail, commerce, marketing",2018,0,True
Taiwan,"Sales, retail, commerce, marketing",2016,3,True
China,Semiconductor,2017,38,True
Estonia,Semiconductor,2026,0,False
Greece,Semiconductor,2026,58,False
Germany,Semiconductor,2018,5,True
France,Simulation,2024,2,True
Switzerland,Simulation,2019,1,True
Israel,Software,2018,790,True
China,Software,2023,4736,True
China,Software,2026,11349,False
Iceland,Software,2017,2,True
Spain,Software,2022,653,True
Belgium,Software,2022,764,True
Russia,Software,2022,1,True
Cyprus,Software,2021,27,True
United States,Software,2018,38205,True
Netherlands,Software,2020,561,True
Peru,Software,2023,1,True
Austria,Software,2016,6,True
Paraguay,Software,2021,0,True
Finland,Software,2016,8,True
Finland,Software,2020,1235,True
Ghana,Software,2024,2,True
Nigeria,Software,2026,11,False
Switzerland,Software,2023,292,True
Egypt,Software,2025,41,True
Brazil,Software,2017,129,True
Brazil,Software,2026,520,False
Ireland,Software,2020,117,True
Singapore,Speech Recognition,2020,2,True
China,Speech Recognition,2018,54,True
China,Speech Recognition,2024,3,True
United Kingdom,Speech Recognition,2019,4,True
United Kingdom,Speech Recognition,2020,3,True
Denmark,Speech Recognition,2021,10,True
Switzerland,Sports,2021,12,True
Kenya,Sports,2019,2,True
Denmark,Sports,2024,0,True
India,Sports,2021,51,True
Saudi Arabia,Sports,2024,34,True
Sri Lanka,Sports,2025,0,True
Jordan,Telecommunications,2016,0,True
France,Telecommunications,2018,101,True
Italy,Telecommunications,2022,1,True
Australia,Telecommunications,2026,0,False
Spain,Telecommunications,2017,15,True
Vietnam,Transportation,2020,2,True
Japan,Transportation,2022,36,True
Colombia,Transportation,2024,3,True
Portugal,Transportation,2018,3,True
India,Agriculture,2018,6,True
India,Agriculture,2022,97,True
Nigeria,Agriculture,2023,0,True
United States,Agriculture,2023,722,True
United Kingdom,Agriculture,2021,21,True
France,Agriculture,2024,4,True
South Korea,Agriculture,2019,1,True
Spain,Agriculture,2022,2,True
Egypt,Agriculture,2022,0,True
Panama,All,2024,0,True
Norway,All,2020,420,True
Slovakia,All,2025,14,True
Austria,All,2017,16,True
South Africa,All,2020,150,True
Sweden,All,2019,181,True
Paraguay,All,2024,0,True
Egypt,All,2018,0,True
Thailand,All,2016,1,True
Germany,Biotechnology,2025,1655,True
United Kingdom,Biotechnology,2023,109,True
Argentina,Biotechnology,2017,4,True
Australia,Biotechnology,2023,26,True
Sweden,Biotechnology,2023,2,True
Indonesia,Biotechnology,2023,1,True
Poland,Biotechnology,2026,4,False
Hungary,Biotechnology,2017,0,True
Brazil,Biotechnology,2025,0,True
Italy,Biotechnology,2017,0,True
Italy,Biotechnology,2025,6,True
South Korea,Community and Lifestyle,2023,72,True
Vietnam,Community and Lifestyle,2024,1,True
Romania,Community and Lifestyle,2019,1,True
Tunisia,Community and Lifestyle,2021,0,True
missing,Computer Vision,2018,5,True
Spain,Computer Vision,2023,18,True
France,Computer Vision,2017,113,True
France,Computer Vision,2022,353,True
United States,Computer Vision,2022,2757,True
Netherlands,Computer Vision,2016,7,True
Kenya,Computer Vision,2020,0,True
Poland,Computer Vision,2022,2,True
Switzerland,Consumer goods,2025,250,True
Brazil,Consumer goods,2021,27,True
India,Consumer goods,2026,1,False
United Kingdom,Consumer goods,2021,342,True
United Kingdom,Consumer goods,2023,123,True
Sri Lanka,Consumer goods,2021,0,True
Germany,Cyber Security,2019,6,True
India,Cyber Security,2020,1,True
Canada,Cyber Security,2021,28,True
France,Cyber Security,2025,190,True
Indonesia,Data and analytics,2018,19,True
Qatar,Data and analytics,2021,4,True
Bosnia and Herzegovina,Data and analytics,2020,0,True
Norway,Data and analytics,2026,3168,False
El Salvador,Data and analytics,2025,1,True
Azerbaijan,Data and analytics,2025,0,True
Portugal,Data and analytics,2023,25,True
Armenia,Data and analytics,2025,0,True
Bahrain,Data and analytics,2022,0,True
Slovenia,Data and analytics,2021,0,True
Japan,Data and analytics,2016,124,True
Japan,Data and analytics,2024,857,True
Turkey,Data and analytics,2022,17,True
Lithuania,Data and analytics,2017,1,True
Canada,Data and analytics,2017,330,True
Czechia,Data and analytics,2018,6,True
Czechia,Data and analytics,2019,14,True
United States,Data and analytics,2020,47070,True
Cyprus,Data and analytics,2019,3,True
Switzerland,Data and analytics,2018,579,True
Sri Lanka,Data and analytics,2021,0,True
United Kingdom,Data and analytics,2019,3847,True
Mexico,Data and analytics,2018,5,True
Ireland,Education,2025,92,True
Singapore,Education,2021,8,True
Norway,Education,2023,2,True
Turkey,Education,2023,0,True
China,Education,2018,494,True
Canada,Education,2017,7,True
Germany,Education,2025,301,True
Poland,Education,2023,1,True
Finland,Energy and natural resources,2016,0,True
Austria,Energy and natural resources,2018,2,True
Singapore,Energy and natural resources,2018,3,True
Singapore,Energy and natural resources,2022,123,True
Sri Lanka,Energy and natural resources,2024,0,True
United Kingdom,Energy and natural resources,2020,40,True
Brazil,Energy and natural resources,2016,0,True
Colombia,Energy and natural resources,2024,14,True
Poland,Energy and natural resources,2025,21,True
Canada,Facial Recognition,2019,4,True
India,Facial Recognition,2022,2,True
Austria,Finance,2021,19,True
Saudi Arabia,Finance,2019,6,True
Ghana,Finance,2017,0,True
Finland,Finance,2018,2,True
United Kingdom,Finance,2016,75,True
Mexico,Finance,2016,3,True
Panama,Finance,2024,0,True
missing,Finance,2016,15,True
Portugal,Finance,2019,1,True
Poland,Finance,2025,40,True
Poland,Finance,2026,1,False
Italy,Finance,2023,7,True
Vietnam,Finance,2021,6,True
Thailand,Finance,2023,2,True
Turkey,Finance,2020,1,True
New Zealand,Finance,2020,2,True
Taiwan,Finance,2020,0,True
Sweden,Finance,2018,0,True
Turkey,Gaming,2025,3,True
Brazil,Gaming,2020,0,True
Poland,Gaming,2019,3,True
Israel,Gaming,2018,8,True
Israel,Gaming,2022,34,True
Chile,Gaming,2025,0,True
Singapore,Gaming,2024,48,True
United States,Gaming,2026,874,False
Saudi Arabia,Gaming,2025,8,True
Taiwan,General purpose,2019,111,True
Nigeria,General purpose,2020,2,True
Slovakia,General purpose,2019,3,True
Portugal,General purpose,2017,154,True
Czechia,General purpose,2026,51,False
Brazil,General purpose,2016,11,True
Russia,General purpose,2016,2,True
Austria,General purpose,2021,247,True
France,General purpose,2023,2487,True
Cyprus,General purpose,2020,27,True
Sweden,General purpose,2020,3491,True
United Arab Emirates,General purpose,2016,7,True
United Arab Emirates,General purpose,2019,39,True
Latvia,General purpose,2019,0,True
Estonia,Hardware,2019,1,True
Kenya,Hardware,2020,0,True
Cyprus,Hardware,2016,1,True
Cyprus,Hardware,2021,19,True
Mexico,Hardware,2019,2,True
Mexico,Hardware,2022,3,True
missing,Hardware,2016,0,True
New Zealand,Hardware,2023,1,True
Canada,Hardware,2021,518,True
United Arab Emirates,Hardware,2021,2,True
Latvia,Hardware,2016,0,True
Saudi Arabia,Hardware,2019,1,True
Saudi Arabia,Hardware,2021,1723,True
Malaysia,Hardware,2025,0,True
Norway,Healthcare and Life Sciences,2019,242,True
South Korea,Healthcare and Life Sciences,2022,155,True
South Korea,Healthcare and Life Sciences,2024,161,True
New Zealand,Healthcare and Life Sciences,2020,62,True
Mexico,Healthcare and Life Sciences,2016,1,True
Singapore,Healthcare and Life Sciences,2024,7,True
Romania,Healthcare and Life Sciences,2021,11,True
Japan,Healthcare and Life Sciences,2025,65,True
Saudi Arabia,Healthcare and Life Sciences,2022,1,True
missing,Healthcare and Life Sciences,2018,2,True
Zambia,Information Technology,2023,0,True
Belgium,Information Technology,2022,342,True
Japan,Information Technology,2019,246,True
United States,Information Technology,2026,106332,False
Tanzania,Information Technology,2017,0,True
Latvia,Information Technology,2024,2,True
Germany,Information Technology,2026,3288,False
Netherlands,Information Technology,2018,873,True
Netherlands,Information Technology,2020,365,True
Brazil,Information Technology,2022,780,True
New Zealand,Information Technology,2019,2,True
Saudi Arabia,Information Technology,2021,1754,True
Mexico,Information Technology,2024,10,True
United Kingdom,Information Technology,2025,5218,True
Serbia,Information Technology,2017,0,True
Serbia,Information Technology,2020,0,True
Australia,Information Technology,2021,2213,True
Netherlands,Lending and Investments,2017,40,True
Guatemala,Lending and Investments,2019,6,True
Israel,Lending and Investments,2026,12,False
China,Lending and Investments,2025,11,True
South Korea,Lending and Investments,2022,2,True
Austria,Manufacturing,2016,2,True
Sweden,Manufacturing,2019,5,True
Finland,Manufacturing,2019,6,True
Belgium,Manufacturing,2023,132,True
Israel,Manufacturing,2019,50,True
Czechia,Manufacturing,2022,0,True
New Zealand,Manufacturing,2021,1,True
Portugal,Media and Entertainment,2024,5,True
Canada,Media and Entertainment,2025,194,True
Romania,Media and Entertainment,2023,0,True
Honduras,Media and Entertainment,2024,0,True
Czechia,"Military, public safety and government",2016,1,True
Canada,"Military, public safety and government",2026,11,False
South Korea,"Military, public safety and government",2023,5,True
Poland,"Military, public safety and government",2024,1,True
Croatia,"Mobile, platforms & Internet services",2023,0,True
Malaysia,"Mobile, platforms & Internet services",2018,0,True
Russia,"Mobile, platforms & Internet services",2019,1,True
Albania,"Mobile, platforms & Internet services",2020,6,True
Kazakhstan,"Mobile, platforms & Internet services",2019,0,True
Tunisia,"Mobile, platforms & Internet services",2023,2,True
Hungary,"Mobile, platforms & Internet services",2016,1,True
Hungary,"Mobile, platforms & Internet services",2026,3,False
Japan,"Mobile, platforms & Internet services",2026,93,False
Philippines,"Mobile, platforms & Internet services",2018,0,True
Bangladesh,"Mobile, platforms & Internet services",2022,1,True
Bangladesh,"Mobile, platforms & Internet services",2026,0,False
South Africa,"Mobile, platforms & Internet services",2022,3,True
Uganda,"Mobile, platforms & Internet services",2023,0,True
United States,"Mobile, platforms & Internet services",2023,9045,True
Israel,"Mobile, platforms & Internet services",2024,1151,True
Pakistan,"Mobile, platforms & Internet services",2017,0,True
Taiwan,"Mobile, platforms & Internet services",2023,37,True
Brazil,"Mobile, platforms & Internet services",2022,329,True
Seychelles,"Mobile, platforms & Internet services",2022,10,True
United Arab Emirates,NLP,2021,0,True
Austria,NLP,2021,15,True
Austria,NLP,2022,2,True
Austria,NLP,2025,1,True
Canada,NLP,2024,273,True
Australia,NLP,2021,1,True
South Korea,NLP,2025,17,True
Turkey,Navigation and mapping,2026,0,False
Australia,Navigation and mapping,2019,7,True
Canada,Navigation and mapping,2026,8,False
Austria,Navigation and mapping,2023,0,True
China,Navigation and mapping,2018,2,True
Brazil,Navigation and mapping,2024,26,True
Poland,Navigation and mapping,2023,1,True
Lebanon,Other,2020,0,True
Switzerland,Other,2019,7,True
Turkey,Other,2019,0,True
Egypt,Other,2025,0,True
Croatia,Other,2020,0,True
United Kingdom,Other,2017,66,True
South Korea,Other,2016,2,True
South Korea,Other,2026,114,False
Spain,Other,2019,4,True
Netherlands,Other,2024,193,True
Malaysia,Other,2022,39,True
South Africa,Privacy and Security,2021,0,True
Ireland,Privacy and Security,2017,0,True
Singapore,Privacy and Security,2022,157,True
Dominican Republic,Professional services,2024,0,True
Philippines,Professional services,2016,0,True
Germany,Professional services,2023,790,True
Spain,Professional services,2021,303,True
France,Professional services,2023,220,True
Sweden,Professional services,2017,7,True
Singapore,Professional services,2017,36,True
United States,Professional services,2026,29254,False
Austria,Professional services,2017,1,True
Austria,Professional services,2024,42,True
South Korea,Professional services,2022,119,True
Chile,Professional services,2025,5,True
Netherlands,Professional services,2023,329,True
Denmark,Professional services,2026,8,False
Austria,Real estate,2023,5,True
Canada,Real estate,2021,44,True
Hungary,Real estate,2019,2,True
China,Real estate,2022,286,True
India,Real estate,2017,1,True
Denmark,Real estate,2025,1,True
Czechia,Real estate,2025,0,True
Germany,Robotics,2024,578,True
Brazil,Robotics,2023,11,True
Turkey,Robotics,2025,1,True
Poland,Robotics,2018,1,True
Finland,"Sales, retail, commerce, marketing",2020,6,True
Portugal,"Sales, retail, commerce, marketing",2018,4,True
Denmark,"Sales, retail, commerce, marketing",2018,477,True
Denmark,"Sales, retail, commerce, marketing",2024,47,True
Lebanon,"Sales, retail, commerce, marketing",2018,0,True
Vietnam,"Sales, retail, commerce, marketing",2024,2,True
Thailand,"Sales, retail, commerce, marketing",2021,1,True
Singapore,"Sales, retail, commerce, marketing",2016,63,True
Romania,"Sales, retail, commerce, marketing",2025,1,True
Slovakia,"Sales, retail, commerce, marketing",2021,4,True
United Kingdom,"Sales, retail, commerce, marketing",2018,3531,True
France,"Sales, retail, commerce, marketing",2020,202,True
Norway,"Sales, retail, commerce, marketing",2026,1,False
New Zealand,"Sales, retail, commerce, marketing",2026,4,False
Serbia,"Sales, retail, commerce, marketing",2022,4,True
Hungary,"Sales, retail, commerce, marketing",2020,1,True
Luxembourg,"Sales, retail, commerce, marketing",2016,0,True
Saudi Arabia,"Sales, retail, commerce, marketing",2021,1879,True
Singapore,Semiconductor,2026,62,False
Australia,Semiconductor,2026,39,False
Israel,Semiconductor,2023,51,True
Canada,Semiconductor,2025,46,True
United States,Simulation,2018,31,True
Singapore,Simulation,2024,100,True
Czechia,Simulation,2025,18,True
China,Software,2020,5097,True
Seychelles,Software,2024,0,True
Serbia,Software,2022,0,True
Luxembourg,Software,2017,2,True
Colombia,Software,2016,1,True
Colombia,Software,2021,12,True
Cyprus,Software,2025,51,True
Zimbabwe,Software,2021,0,True
Armenia,Software,2023,7,True
Egypt,Software,2017,0,True
Romania,Software,2017,0,True
Estonia,Software,2020,13,True
Estonia,Speech Recognition,2019,0,True
Canada,Sports,2019,7,True
Canada,Sports,2024,4,True
Brazil,Sports,2018,0,True
China,Sports,2025,25,True
Italy,Sports,2016,0,True
New Zealand,Sports,2021,1,True
Romania,Sports,2023,0,True
Ireland,Sports,2020,10,True
Austria,Telecommunications,2025,1,True
Austria,Telecommunications,2026,6,False
Switzerland,Telecommunications,2019,3,True
Switzerland,Telecommunications,2022,0,True
Portugal,Telecommunications,2023,0,True
Turkey,Telecommunications,2021,5,True
United States,Telecommunications,2023,1537,True
Venezuela,Transportation,2019,1,True
United Arab Emirates,Transportation,2019,1,True
Austria,Transportation,2022,1,True
France,Transportation,2024,210,True
Malaysia,Transportation,2019,1,True
Sweden,Transportation,2019,3,True
Belgium,Transportation,2019,1,True
Indonesia,Transportation,2021,0,True
India,Agriculture,2016,3,True
Norway,Agriculture,2018,0,True
Malaysia,Agriculture,2021,1,True
Greece,Agriculture,2024,0,True
Colombia,Agriculture,2022,0,True
Netherlands,Agriculture,2018,1,True
Italy,Agriculture,2018,0,True
Australia,Agriculture,2021,34,True
China,Agriculture,2023,31,True
Turkey,Agriculture,2025,3,True
Ukraine,Agriculture,2017,0,True
Iceland,Agriculture,2022,2,True
Jamaica,All,2024,1,True
Netherlands,All,2018,1710,True
Philippines,All,2016,1,True
Philippines,All,2021,5,True
Saint Kitts and Nevis,All,2023,1,True
Austria,All,2022,439,True
Colombia,All,2022,56,True
Tunisia,All,2021,0,True
South Africa,All,2019,166,True
Bulgaria,All,2023,21,True
Senegal,All,2023,0,True
Albania,All,2024,6,True
Romania,All,2017,0,True
Finland,All,2025,638,True
Rwanda,All,2026,0,False
Mauritius,All,2021,25,True
missing,All,2016,72,True
Ghana,All,2019,0,True
Ghana,All,2026,9,False
Indonesia,All,2021,162,True
Sri Lanka,All,2018,2,True
France,Biotechnology,2026,44,False
Finland,Biotechnology,2017,2,True
China,Biotechnology,2021,195,True
Poland,Biotechnology,2017,2,True
Cyprus,Biotechnology,2021,2,True
Ireland,Biotechnology,2016,3,True
Austria,Biotechnology,2021,62,True
Malaysia,Biotechnology,2024,0,True
United Arab Emirates,Community and Lifestyle,2026,0,False
Ireland,Computer Vision,2016,0,True
Norway,Computer Vision,2021,2,True
Nigeria,Computer Vision,2017,0,True
India,Computer Vision,2024,12,True
Germany,Consumer goods,2020,403,True
Germany,Consumer goods,2022,181,True
United States,Consumer goods,2022,2626,True
Lithuania,Consumer goods,2017,0,True
South Korea,Consumer goods,2021,10,True
Poland,Cyber Security,2022,20,True
Brazil,Cyber Security,2025,9,True
Germany,Cyber Security,2017,0,True
South Korea,Cyber Security,2026,4,False
Switzerland,Cyber Security,2024,258,True
Turkey,Cyber Security,2023,0,True
Italy,Cyber Security,2020,85,True
Argentina,Data and analytics,2019,2,True
Indonesia,Data and analytics,2025,6,True
Estonia,Data and analytics,2017,1,True
Morocco,Data and analytics,2024,3,True
Serbia,Data and analytics,2021,0,True
Serbia,Data and analytics,2022,0,True
Thailand,Data and analytics,2021,12,True
Slovenia,Data and analytics,2019,0,True
Sweden,Data and analytics,2019,49,True
South Africa,Data and analytics,2021,39,True
Zimbabwe,Data and analytics,2020,0,True
Latvia,Data and analytics,2021,1,True
Russia,Data and analytics,2024,130,True
Australia,Data and analytics,2016,65,True
Mexico,Data and analytics,2022,84,True
Colombia,Data and analytics,2026,8,False
Finland,Education,2017,2,True
Iceland,Education,2021,0,True
France,Energy and natural resources,2024,29,True
Denmark,Energy and natural resources,2023,10,True
Zimbabwe,Energy and natural resources,2025,0,True
Spain,Energy and natural resources,2020,23,True
United Arab Emirates,Energy and natural resources,2023,10,True
Singapore,Energy and natural resources,2025,29,True
Switzerland,Energy and natural resources,2021,57,True
Serbia,Energy and natural resources,2024,2,True
Bahrain,Facial Recognition,2020,0,True
Poland,Facial Recognition,2019,0,True
Canada,Finance,2023,1096,True
France,Finance,2025,130,True
Guatemala,Finance,2019,6,True
Philippines,Finance,2023,6,True
Japan,Finance,2023,3,True
Chile,Finance,2025,5,True
Uruguay,Finance,2020,0,True
Kenya,Finance,2026,2,False
India,Gaming,2020,0,True
Norway,Gaming,2025,25,True
Poland,Gaming,2017,0,True
Italy,Gaming,2023,0,True
Croatia,General purpose,2024,57,True
Estonia,General purpose,2026,35,False
Denmark,General purpose,2018,1142,True
Canada,General purpose,2024,2137,True
Azerbaijan,General purpose,2025,0,True
Brazil,General purpose,2024,196,True
Austria,General purpose,2023,324,True
South Africa,General purpose,2019,32,True
Bulgaria,General purpose,2025,128,True
Malaysia,General purpose,2017,2,True
Sweden,General purpose,2023,105,True
Italy,General purpose,2020,268,True
Finland,General purpose,2022,2221,True
Mexico,Hardware,2016,0,True
Malta,Hardware,2020,1,True
Canada,Hardware,2019,196,True
Czechia,Hardware,2023,1,True
United Kingdom,Hardware,2017,159,True
Sweden,Hardware,2017,9,True
Mongolia,Hardware,2025,4,True
Netherlands,Hardware,2016,11,True
United Arab Emirates,Hardware,2018,8,True
Denmark,Hardware,2021,7,True
Norway,Hardware,2018,9,True
Turkey,Hardware,2016,1,True
Turkey,Hardware,2017,1,True
Ireland,Hardware,2016,7,True
Iceland,Hardware,2022,7,True
Australia,Hardware,2016,6,True
Singapore,Hardware,2020,199,True
Singapore,Hardware,2023,869,True
Lithuania,Hardware,2024,2,True
Norway,Healthcare and Life Sciences,2018,0,True
Taiwan,Healthcare and Life Sciences,2018,20,True
China,Healthcare and Life Sciences,2017,267,True
Portugal,Healthcare and Life Sciences,2025,25,True
New Zealand,Healthcare and Life Sciences,2016,1,True
Uruguay,Healthcare and Life Sciences,2024,3,True
France,Healthcare and Life Sciences,2017,9,True
Georgia,Healthcare and Life Sciences,2022,2,True
Zambia,Healthcare and Life Sciences,2022,0,True
Japan,Healthcare and Life Sciences,2019,35,True
Japan,Healthcare and Life Sciences,2026,66,False
United Arab Emirates,Healthcare and Life Sciences,2025,171,True
Netherlands,Healthcare and Life Sciences,2024,293,True
Bosnia and Herzegovina,Information Technology,2024,0,True
Portugal,Information Technology,2021,69,True
Bangladesh,Information Technology,2019,0,True
Bangladesh,Information Technology,2025,0,True
Croatia,Information Technology,2019,0,True
Singapore,Information Technology,2021,561,True
Ireland,Information Technology,2016,173,True
Finland,Information Technology,2026,583,False
Sri Lanka,Information Technology,2022,0,True
Spain,Information Technology,2026,371,False
Uruguay,Information Technology,2025,0,True
Australia,Information Technology,2017,36,True
Israel,Information Technology,2024,2949,True
Switzerland,Information Technology,2026,1275,False
Germany,Lending and Investments,2022,62,True
United Arab Emirates,Lending and Investments,2023,5,True
Italy,Lending and Investments,2026,2,False
Cambodia,Lending and Investments,2018,0,True
Turkey,Lending and Investments,2023,0,True
Austria,Lending and Investments,2025,3,True
Brazil,Manufacturing,2019,2,True
Brazil,Manufacturing,2026,3,False
Estonia,Manufacturing,2026,21,False
Iceland,Manufacturing,2022,3,True
United Kingdom,Manufacturing,2026,947,False
Australia,Manufacturing,2025,53,True
Croatia,Manufacturing,2019,0,True
Croatia,Manufacturing,2023,0,True
New Zealand,Media and Entertainment,2022,2,True
France,Media and Entertainment,2026,284,False
Australia,Media and Entertainment,2023,147,True
Israel,Media and Entertainment,2020,111,True
Norway,Media and Entertainment,2019,0,True
China,Media and Entertainment,2016,169,True
China,Media and Entertainment,2025,679,True
Luxembourg,Media and Entertainment,2021,272,True
Singapore,Media and Entertainment,2019,1501,True
Poland,Media and Entertainment,2022,19,True
Germany,Media and Entertainment,2023,302,True
Cyprus,Media and Entertainment,2022,0,True
Switzerland,Media and Entertainment,2020,39,True
Nigeria,"Military, public safety and government",2024,2,True
Nigeria,"Military, public safety and government",2026,3,False
Spain,"Military, public safety and government",2021,21,True
Australia,"Military, public safety and government",2026,1,False
France,"Military, public safety and government",2024,15,True
Germany,"Military, public safety and government",2026,504,False
Netherlands,"Military, public safety and government",2016,1,True
Ukraine,"Military, public safety and government",2026,0,False
Sri Lanka,"Mobile, platforms & Internet services",2017,7,True
Qatar,"Mobile, platforms & Internet services",2026,27,False
Argentina,"Mobile, platforms & Internet services",2026,3,False
Poland,"Mobile, platforms & Internet services",2026,15,False
Hungary,"Mobile, platforms & Internet services",2020,2,True
Lithuania,"Mobile, platforms & Internet services",2023,2,True
Estonia,"Mobile, platforms & Internet services",2019,0,True
Germany,"Mobile, platforms & Internet services",2017,488,True
Israel,"Mobile, platforms & Internet services",2025,944,True
Thailand,"Mobile, platforms & Internet services",2019,3,True
New Zealand,"Mobile, platforms & Internet services",2023,0,True
Sweden,"Mobile, platforms & Internet services",2018,15,True
Pakistan,"Mobile, platforms & Internet services",2024,0,True
Luxembourg,"Mobile, platforms & Internet services",2023,1,True
Romania,"Mobile, platforms & Internet services",2024,2,True
Bahrain,"Mobile, platforms & Internet services",2020,0,True
Lebanon,"Mobile, platforms & Internet services",2021,0,True
Portugal,NLP,2019,5,True
Saudi Arabia,NLP,2023,4,True
Germany,NLP,2021,74,True
Turkey,NLP,2023,0,True
Ireland,NLP,2025,16,True
Czechia,NLP,2022,1,True
Greece,NLP,2019,3,True
United Kingdom,Navigation and mapping,2022,49,True
Sweden,Navigation and mapping,2022,1,True
New Zealand,Navigation and mapping,2020,0,True
Saudi Arabia,Other,2023,21,True
missing,Other,2026,176,False
Portugal,Other,2026,14,False
Austria,Other,2016,0,True
Germany,Other,2026,193,False
France,Other,2020,205,True
Qatar,Other,2018,0,True
Luxembourg,Other,2023,1,True
Romania,Other,2018,0,True
Brazil,Other,2019,88,True
Colombia,Other,2026,1,False
Malaysia,Other,2021,20,True
South Africa,Privacy and Security,2024,52,True
Poland,Privacy and Security,2019,1,True
Poland,Privacy and Security,2020,1,True
Estonia,Privacy and Security,2017,0,True
Malaysia,Privacy and Security,2023,0,True
Denmark,Privacy and Security,2025,2,True
Italy,Privacy and Security,2018,3,True
Japan,Privacy and Security,2018,4,True
Japan,Privacy and Security,2023,110,True
Bahrain,Privacy and Security,2020,0,True
New Zealand,Privacy and Security,2016,0,True
New Zealand,Privacy and Security,2021,3,True
Switzerland,Privacy and Security,2017,8,True
Australia,Privacy and Security,2017,1,True
Belgium,Professional services,2022,121,True
Italy,Professional services,2021,36,True
Brazil,Professional services,2022,496,True
Sweden,Professional services,2018,2,True
Ireland,Professional services,2019,2,True
Nigeria,Professional services,2018,0,True
missing,Professional services,2026,90,False
Slovakia,Professional services,2021,1,True
Slovakia,Professional services,2023,1,True
India,Professional services,2022,1117,True
Mexico,Professional services,2023,35,True
Brazil,Real estate,2026,150,False
Russia,Real estate,2021,0,True
Spain,Real estate,2018,5,True
China,Real estate,2025,138,True
Singapore,Real estate,2021,10,True
Germany,Real estate,2017,20,True
Germany,Real estate,2019,31,True
Germany,Real estate,2025,852,True
Denmark,Real estate,2023,2,True
Finland,Real estate,2017,4,True
United Arab Emirates,Real estate,2023,4,True
Spain,Robotics,2018,3,True
France,Robotics,2025,49,True
India,Robotics,2020,4,True
India,Robotics,2021,20,True
Peru,Robotics,2021,0,True
South Africa,Robotics,2022,4,True
Ukraine,Robotics,2023,2,True
Denmark,"Sales, retail, commerce, marketing",2025,2,True
China,"Sales, retail, commerce, marketing",2021,602,True
Sweden,"Sales, retail, commerce, marketing",2020,17,True
Romania,"Sales, retail, commerce, marketing",2018,1,True
Ireland,"Sales, retail, commerce, marketing",2025,102,True
Kenya,"Sales, retail, commerce, marketing",2020,0,True
Turkey,"Sales, retail, commerce, marketing",2017,18,True
Turkey,"Sales, retail, commerce, marketing",2023,8,True
Belgium,"Sales, retail, commerce, marketing",2019,32,True
Saint Kitts and Nevis,"Sales, retail, commerce, marketing",2023,1,True
Hungary,"Sales, retail, commerce, marketing",2021,2,True
United Arab Emirates,"Sales, retail, commerce, marketing",2017,3,True
Greece,Semiconductor,2018,0,True
United States,Semiconductor,2024,1316,True
Netherlands,Semiconductor,2021,3,True
Germany,Semiconductor,2024,255,True
China,Simulation,2026,49,False
Greece,Software,2018,2,True
Honduras,Software,2024,0,True
South Africa,Software,2018,24,True
South Africa,Software,2022,177,True
India,Software,2018,1016,True
Thailand,Software,2020,4,True
Thailand,Software,2022,47,True
South Korea,Software,2026,1751,False
Singapore,Software,2020,844,True
Sri Lanka,Software,2017,9,True
Colombia,Software,2026,9,False
Venezuela,Software,2019,1,True
Finland,Software,2024,1519,True
United Arab Emirates,Software,2024,2081,True
Australia,Software,2025,836,True
Kuwait,Software,2025,8,True
Brazil,Software,2018,172,True
Ireland,Software,2023,474,True
United States,Speech Recognition,2026,926,False
United Kingdom,Speech Recognition,2017,2,True
Belgium,Speech Recognition,2018,0,True
Australia,Sports,2017,1,True
United Kingdom,Sports,2023,44,True
Poland,Sports,2025,6,True
Germany,Sports,2025,2,True
Argentina,Telecommunications,2023,344,True
France,Telecommunications,2020,39,True
Nigeria,Telecommunications,2020,0,True
United States,Telecommunications,2017,434,True
Saudi Arabia,Transportation,2024,1,True
Bulgaria,Transportation,2021,0,True
Philippines,Transportation,2022,4,True
Netherlands,Transportation,2018,2,True
Singapore,Transportation,2018,9,True
Vietnam,Transportation,2021,3,True
Nigeria,Transportation,2022,93,True
Nigeria,Transportation,2026,25,False
Chile,Transportation,2023,0,True
India,Transportation,2016,5,True
Brazil,Agriculture,2020,3,True
Uganda,Agriculture,2019,0,True
China,Agriculture,2017,20,True
China,Agriculture,2022,70,True
Turkey,Agriculture,2018,0,True
Hungary,All,2024,32,True
Tanzania,All,2017,0,True
Argentina,All,2021,19,True
Kazakhstan,All,2020,1,True
Israel,All,2018,1351,True
Israel,All,2026,14320,False
Portugal,All,2016,21,True
India,All,2026,4368,False
Lithuania,All,2026,148,False
Jordan,All,2022,1,True
Croatia,All,2026,22,False
Latvia,All,2017,4,True
Mauritius,All,2026,2,False
Belgium,All,2024,1275,True
Cambodia,All,2018,0,True
Finland,Biotechnology,2018,0,True
Japan,Biotechnology,2016,5,True
China,Biotechnology,2024,105,True
Mexico,Biotechnology,2023,0,True
Ireland,Biotechnology,2017,7,True
Italy,Biotechnology,2024,2,True
Norway,Biotechnology,2026,0,False
Singapore,Biotechnology,2026,86,False
Malta,Community and Lifestyle,2020,1,True
South Korea,Community and Lifestyle,2016,3,True
United States,Community and Lifestyle,2025,2890,True
Czechia,Community and Lifestyle,2026,1,False
Egypt,Community and Lifestyle,2019,0,True
Japan,Community and Lifestyle,2022,18,True
Israel,Community and Lifestyle,2019,11,True
Hungary,Computer Vision,2018,4,True
Sweden,Computer Vision,2025,22,True
Spain,Computer Vision,2019,132,True
France,Computer Vision,2018,114,True
Chile,Computer Vision,2019,0,True
Singapore,Computer Vision,2023,50,True
Greece,Computer Vision,2021,2,True
Turkey,Computer Vision,2021,2,True
Taiwan,Computer Vision,2019,16,True
Austria,Computer Vision,2018,1,True
Poland,Computer Vision,2026,2,False
Russia,Computer Vision,2021,0,True
United Kingdom,Computer Vision,2016,227,True
Poland,Consumer goods,2022,1,True
Hungary,Consumer goods,2018,0,True
Brazil,Consumer goods,2022,3,True
Brazil,Consumer goods,2023,0,True
Turkey,Consumer goods,2024,0,True
United Kingdom,Consumer goods,2026,32,False
Finland,Consumer goods,2026,11,False
Israel,Consumer goods,2020,22,True
Israel,Consumer goods,2021,311,True
Vietnam,Consumer goods,2021,10,True
Australia,Cyber Security,2025,137,True
Brazil,Cyber Security,2020,5,True
Ireland,Cyber Security,2021,6,True
Canada,Cyber Security,2020,45,True
United Arab Emirates,Cyber Security,2025,5,True
Italy,Cyber Security,2019,0,True
Ireland,Data and analytics,2023,476,True
Philippines,Data and analytics,2020,9,True
Morocco,Data and analytics,2026,0,False
Peru,Data and analytics,2018,0,True
Ukraine,Data and analytics,2019,25,True
Greece,Data and analytics,2022,11,True
Sweden,Data and analytics,2025,3666,True
Cambodia,Data and analytics,2018,0,True
Russia,Data and analytics,2022,1,True
Spain,Data and analytics,2021,560,True
Lithuania,Data and analytics,2023,5,True
Georgia,Data and analytics,2026,3,False
Australia,Data and analytics,2022,659,True
United Kingdom,Data and analytics,2024,4277,True
Mexico,Data and analytics,2023,181,True
North Macedonia,Data and analytics,2024,0,True
Tunisia,Education,2022,0,True
Vietnam,Education,2022,1,True
South Korea,Education,2018,11,True
India,Education,2021,153,True
India,Education,2024,59,True
New Zealand,Education,2024,3,True
Brazil,Education,2024,7,True
Belgium,Education,2022,2,True
China,Education,2021,185,True
Czechia,Education,2022,3,True
Poland,Education,2018,0,True
Sweden,Energy and natural resources,2019,1,True
United Arab Emirates,Energy and natural resources,2018,1,True
Singapore,Energy and natural resources,2019,2,True
Latvia,Energy and natural resources,2019,0,True
Poland,Energy and natural resources,2020,0,True
Poland,Energy and natural resources,2023,0,True
Saudi Arabia,Energy and natural resources,2026,3,False
Croatia,Facial Recognition,2019,2,True
China,Facial Recognition,2018,127,True
Netherlands,Facial Recognition,2016,6,True
Austria,Finance,2019,7,True
Austria,Finance,2023,13,True
Uzbekistan,Finance,2021,0,True
Australia,Finance,2024,20,True
Australia,Finance,2026,43,False
Lithuania,Finance,2020,1,True
Côte d'Ivoire,Finance,2023,0,True
Netherlands,Finance,2017,54,True
Netherlands,Finance,2021,85,True
France,Finance,2023,229,True
Norway,Finance,2017,5,True
Qatar,Finance,2026,0,False
Denmark,Finance,2020,12,True
Colombia,Finance,2016,1,True
Ireland,Finance,2017,59,True
Nigeria,Finance,2018,5,True
Malaysia,Finance,2021,49,True
Thailand,Finance,2022,8,True
Belgium,Finance,2016,1,True
South Africa,Finance,2025,9,True
missing,Gaming,2024,5,True
Bangladesh,General purpose,2021,2,True
Belarus,General purpose,2020,1,True
Mauritius,General purpose,2025,0,True
Lithuania,General purpose,2019,5,True
Lithuania,General purpose,2024,9,True
Lithuania,General purpose,2026,135,False
Vietnam,General purpose,2025,273,True
Norway,General purpose,2020,347,True
New Zealand,General purpose,2016,139,True
Estonia,Hardware,2018,0,True
Indonesia,Hardware,2020,222,True
Costa Rica,Hardware,2022,0,True
Finland,Hardware,2025,11,True
Israel,Hardware,2025,1019,True
Czechia,Hardware,2024,1,True
Austria,Hardware,2019,20,True
Latvia,Hardware,2021,0,True
Latvia,Hardware,2024,0,True
Peru,Hardware,2020,0,True
Romania,Hardware,2025,3,True
Iceland,Hardware,2024,2,True
Argentina,Hardware,2023,0,True
Australia,Hardware,2019,42,True
Australia,Hardware,2026,5640,False
Egypt,Healthcare and Life Sciences,2025,1,True
Taiwan,Healthcare and Life Sciences,2026,2,False
Kazakhstan,Healthcare and Life Sciences,2021,1,True
Kazakhstan,Healthcare and Life Sciences,2022,1,True
China,Healthcare and Life Sciences,2021,734,True
United States,Healthcare and Life Sciences,2026,20971,False
Ireland,Healthcare and Life Sciences,2016,1,True
Denmark,Healthcare and Life Sciences,2023,48,True
Brazil,Healthcare and Life Sciences,2024,9,True
United Arab Emirates,Healthcare and Life Sciences,2021,7,True
Saudi Arabia,Healthcare and Life Sciences,2020,0,True
Saudi Arabia,Healthcare and Life Sciences,2025,14,True
Netherlands,Healthcare and Life Sciences,2021,46,True
Hungary,Healthcare and Life Sciences,2024,4,True
Colombia,Information Technology,2016,0,True
Belgium,Information Technology,2025,163,True
South Korea,Information Technology,2022,563,True
Czechia,Information Technology,2019,21,True
Latvia,Information Technology,2018,8,True
Bulgaria,Information Technology,2024,5,True
Bulgaria,Information Technology,2025,32,True
missing,Information Technology,2026,55646,False
Argentina,Information Technology,2020,2,True
Norway,Information Technology,2021,255,True
Austria,Information Technology,2023,272,True
Mexico,Lending and Investments,2019,2,True
Mexico,Lending and Investments,2025,55,True
United States,Lending and Investments,2026,2214,False
Sweden,Lending and Investments,2022,4,True
Spain,Lending and Investments,2016,0,True
Chile,Manufacturing,2018,0,True
Austria,Manufacturing,2024,5,True
Hungary,Manufacturing,2019,1,True
United Arab Emirates,Manufacturing,2023,1,True
Iceland,Manufacturing,2017,1,True
Australia,Manufacturing,2021,403,True
Greece,Manufacturing,2025,1,True
India,Manufacturing,2020,9,True
France,Manufacturing,2021,25,True
Germany,Manufacturing,2021,437,True
Australia,Media and Entertainment,2019,35,True
Canada,Media and Entertainment,2023,13,True
Kenya,Media and Entertainment,2018,0,True
Thailand,Media and Entertainment,2022,0,True
Denmark,Media and Entertainment,2017,32,True
Nigeria,Media and Entertainment,2020,0,True
Saudi Arabia,Media and Entertainment,2017,11,True
United States,Media and Entertainment,2018,3158,True
United States,Media and Entertainment,2024,6180,True
Algeria,"Military, public safety and government",2024,0,True
Norway,"Military, public safety and government",2022,0,True
India,"Military, public safety and government",2016,0,True
India,"Military, public safety and government",2021,0,True
Germany,"Military, public safety and government",2022,101,True
Poland,"Mobile, platforms & Internet services",2017,4,True
Kazakhstan,"Mobile, platforms & Internet services",2021,2,True
Costa Rica,"Mobile, platforms & Internet services",2025,1,True
Hungary,"Mobile, platforms & Internet services",2023,4,True
France,"Mobile, platforms & Internet services",2016,128,True
United Arab Emirates,"Mobile, platforms & Internet services",2017,3,True
United Arab Emirates,"Mobile, platforms & Internet services",2021,809,True
Greece,"Mobile, platforms & Internet services",2020,204,True
Israel,"Mobile, platforms & Internet services",2018,246,True
missing,"Mobile, platforms & Internet services",2022,3,True
Serbia,"Mobile, platforms & Internet services",2019,0,True
United Kingdom,"Mobile, platforms & Internet services",2017,285,True
United Kingdom,"Mobile, platforms & Internet services",2026,1496,False
Kenya,NLP,2019,0,True
Turkey,NLP,2020,0,True
Uruguay,NLP,2026,1,False
Australia,NLP,2017,0,True
Spain,NLP,2020,5,True
United States,Navigation and mapping,2016,99,True
Bulgaria,Other,2022,0,True
Egypt,Other,2024,3,True
Sri Lanka,Other,2023,0,True
Indonesia,Other,2016,2,True
Indonesia,Other,2023,1,True
Hungary,Other,2020,1,True
Poland,Other,2025,25,True
United States,Other,2017,1427,True
United States,Other,2026,25449,False
Australia,Other,2020,43,True
Cyprus,Other,2025,1,True
Austria,Privacy and Security,2024,337,True
Denmark,Privacy and Security,2018,503,True
Italy,Privacy and Security,2021,2496,True
Japan,Privacy and Security,2019,108,True
Bangladesh,Privacy and Security,2025,0,True
France,Privacy and Security,2022,98,True
Taiwan,Privacy and Security,2016,10,True
Kenya,Professional services,2024,0,True
Brazil,Professional services,2017,18,True
Spain,Professional services,2018,24,True
Spain,Professional services,2019,27,True
Ireland,Professional services,2024,61,True
Singapore,Professional services,2022,71,True
United States,Professional services,2018,4653,True
Japan,Professional services,2026,1840,False
Vietnam,Professional services,2017,250,True
United Kingdom,Professional services,2026,3060,False
Turkey,Professional services,2016,1,True
New Zealand,Professional services,2022,70,True
Luxembourg,Professional services,2026,0,False
South Korea,Real estate,2020,9,True
Poland,Real estate,2019,1,True
France,Real estate,2018,15,True
United Kingdom,Real estate,2016,7,True
Sweden,Real estate,2024,964,True
Australia,Robotics,2023,17,True
Japan,Robotics,2024,65,True
France,Robotics,2024,79,True
Germany,Robotics,2019,2,True
Germany,Robotics,2025,147,True
Switzerland,Robotics,2024,48,True
India,Robotics,2017,0,True
United States,Robotics,2024,6661,True
Finland,Robotics,2020,40,True
Austria,Robotics,2019,0,True
Austria,"Sales, retail, commerce, marketing",2018,1,True
Mexico,"Sales, retail, commerce, marketing",2019,3,True
Indonesia,"Sales, retail, commerce, marketing",2016,2,True
Croatia,"Sales, retail, commerce, marketing",2021,2,True
Netherlands,"Sales, retail, commerce, marketing",2020,153,True
Taiwan,"Sales, retail, commerce, marketing",2020,11,True
Netherlands,Semiconductor,2022,16,True
United Kingdom,Simulation,2021,1,True
Canada,Simulation,2021,3,True
China,Software,2021,6447,True
Iceland,Software,2024,8,True
Seychelles,Software,2022,10,True
Vietnam,Software,2020,3,True
Norway,Software,2024,700,True
Slovakia,Software,2018,2,True
Argentina,Software,2021,5,True
Netherlands,Software,2021,814,True
Latvia,Software,2016,0,True
Poland,Software,2024,68,True
Lithuania,Software,2019,5,True
Oman,Software,2026,15,False
Nigeria,Software,2024,9,True
Jordan,Software,2019,0,True
United Kingdom,Software,2020,3158,True
Estonia,Software,2017,1,True
Georgia,Software,2025,2,True
Malaysia,Software,2016,5,True
Malaysia,Software,2018,16,True
Malaysia,Software,2020,20,True
Malaysia,Software,2025,47,True
Bangladesh,Software,2024,1,True
Japan,Software,2021,532,True
Nigeria,Sports,2025,0,True
Spain,Sports,2021,6,True
United Arab Emirates,Sports,2022,11,True
Finland,Sports,2025,0,True
India,Telecommunications,2023,2520,True
Germany,Telecommunications,2026,359,False
Switzerland,Telecommunications,2023,0,True
Bangladesh,Telecommunications,2026,0,False
Saudi Arabia,Telecommunications,2021,22,True
Saudi Arabia,Telecommunications,2025,10,True
South Korea,Transportation,2017,2,True
Australia,Transportation,2016,43,True
South Africa,Transportation,2023,1,True
Brazil,Transportation,2018,29,True
Belgium,Transportation,2023,2,True
Chile,Transportation,2017,1,True
Egypt,Transportation,2023,0,True
Taiwan,Transportation,2019,5,True
India,Transportation,2017,12,True
Mexico,Transportation,2016,2,True
Spain,Transportation,2016,1,True
Portugal,Transportation,2019,8,True
United Kingdom,Transportation,2021,237,True
China,Transportation,2020,620,True
Poland,Agriculture,2024,0,True
Sweden,Agriculture,2026,3,False
Indonesia,Agriculture,2020,20,True
Italy,Agriculture,2022,0,True
France,All,2026,10034,False
Greece,All,2016,13,True
Iraq,All,2022,2,True
Argentina,All,2020,3,True
Argentina,All,2023,352,True
Denmark,All,2022,512,True
Ukraine,All,2020,10,True
India,All,2021,2080,True
Nigeria,All,2022,223,True
Jordan,All,2025,0,True
Zambia,All,2021,0,True
Zambia,All,2023,0,True
Vietnam,All,2022,36,True
Germany,All,2021,5853,True
Germany,All,2026,14022,False
Singapore,All,2021,3471,True
Bangladesh,All,2026,0,False
Australia,All,2025,1706,True
Qatar,All,2019,1,True
Georgia,All,2026,3,False
Belgium,All,2018,107,True
Canada,All,2019,1858,True
Thailand,All,2021,31,True
United Kingdom,Biotechnology,2016,8,True
Argentina,Biotechnology,2025,1,True
Israel,Biotechnology,2021,23,True
Austria,Biotechnology,2016,1,True
Chile,Community and Lifestyle,2021,29,True
Greece,Community and Lifestyle,2024,0,True
China,Community and Lifestyle,2023,238,True
Romania,Community and Lifestyle,2024,1,True
Tunisia,Community and Lifestyle,2023,0,True
Malaysia,Community and Lifestyle,2019,1,True
Hungary,Computer Vision,2019,4,True
Italy,Computer Vision,2025,10,True
Serbia,Computer Vision,2019,0,True
Kenya,Computer Vision,2019,4,True
India,Computer Vision,2022,61,True
India,Computer Vision,2023,54,True
Chile,Consumer goods,2022,0,True
France,Consumer goods,2023,345,True
Australia,Consumer goods,2017,29,True
Ireland,Consumer goods,2022,0,True
Mexico,Consumer goods,2022,2,True
Canada,Consumer goods,2026,107,False
missing,Consumer goods,2025,7,True
South Korea,Consumer goods,2023,33,True
Colombia,Consumer goods,2026,7,False
Australia,Cyber Security,2016,0,True
Italy,Cyber Security,2021,2496,True
France,Cyber Security,2017,3,True
Estonia,Data and analytics,2019,7,True
Jordan,Data and analytics,2020,0,True
France,Data and analytics,2022,3323,True
Greece,Data and analytics,2024,60,True
Austria,Data and analytics,2024,845,True
Denmark,Data and analytics,2019,41,True
Belarus,Data and analytics,2020,1,True
India,Data and analytics,2016,161,True
Finland,Data and analytics,2021,1654,True
Barbados,Data and analytics,2016,18,True
Sweden,Education,2026,0,False
Kenya,Education,2019,1,True
Australia,Education,2017,2,True
Israel,Education,2026,1,False
Italy,Education,2023,3,True
Italy,Education,2026,1,False
Mexico,Education,2025,53,True
United States,Education,2022,1879,True
France,Energy and natural resources,2017,5,True
Sweden,Energy and natural resources,2026,280,False
United Arab Emirates,Energy and natural resources,2019,5,True
Austria,Energy and natural resources,2021,69,True
United Kingdom,Energy and natural resources,2025,342,True
Estonia,Energy and natural resources,2022,15,True
Lithuania,Energy and natural resources,2018,0,True
Lithuania,Energy and natural resources,2024,0,True
Poland,Energy and natural resources,2017,4,True
Switzerland,Energy and natural resources,2025,23,True
Brazil,Facial Recognition,2022,5,True
Japan,Facial Recognition,2020,15,True
Australia,Facial Recognition,2025,6,True
Russia,Facial Recognition,2021,1,True
Canada,Finance,2025,398,True
Saudi Arabia,Finance,2016,1,True
United Arab Emirates,Finance,2023,188,True
Vietnam,Finance,2018,0,True
Slovakia,Finance,2025,9,True
New Zealand,Finance,2022,0,True
India,Finance,2023,177,True
South Africa,Finance,2018,18,True
Finland,Gaming,2024,1,True
France,Gaming,2020,2,True
Singapore,Gaming,2025,17,True
United Kingdom,Gaming,2020,89,True
Saudi Arabia,Gaming,2019,0,True
United States,General purpose,2019,55124,True
Slovakia,General purpose,2026,5,False
China,General purpose,2023,4804,True
Vietnam,General purpose,2018,0,True
Bosnia and Herzegovina,General purpose,2020,0,True
Norway,General purpose,2018,266,True
Saudi Arabia,General purpose,2017,5,True
France,General purpose,2022,2841,True
Kazakhstan,General purpose,2020,1,True
Bulgaria,General purpose,2024,7,True
Algeria,General purpose,2022,0,True
Qatar,General purpose,2020,0,True
Saint Kitts and Nevis,General purpose,2022,4,True
Morocco,General purpose,2026,0,False
Rwanda,General purpose,2026,0,False
Bahrain,Hardware,2024,0,True
Poland,Hardware,2022,11,True
Zambia,Hardware,2021,0,True
China,Hardware,2024,2658,True
Jordan,Hardware,2023,0,True
Finland,Hardware,2021,42,True
Israel,Hardware,2026,4291,False
Switzerland,Hardware,2024,333,True
Bulgaria,Hardware,2020,1,True
Norway,Hardware,2026,38,False
Slovakia,Hardware,2020,6,True
Italy,Hardware,2021,3,True
India,Hardware,2018,330,True
India,Hardware,2026,533,False
Germany,Hardware,2026,1697,False
Nigeria,Hardware,2026,3,False
Ukraine,Hardware,2025,3,True
Norway,Healthcare and Life Sciences,2025,17,True
Egypt,Healthcare and Life Sciences,2016,0,True
Poland,Healthcare and Life Sciences,2016,3,True
Thailand,Healthcare and Life Sciences,2023,7,True
Slovakia,Healthcare and Life Sciences,2023,1,True
Denmark,Healthcare and Life Sciences,2021,6,True
Estonia,Healthcare and Life Sciences,2026,1,False
Saint Kitts and Nevis,Healthcare and Life Sciences,2022,4,True
Hungary,Healthcare and Life Sciences,2025,1,True
Ukraine,Information Technology,2025,24,True
South Korea,Information Technology,2020,449,True
Azerbaijan,Information Technology,2022,0,True
Iceland,Information Technology,2017,0,True
Singapore,Information Technology,2020,578,True
Singapore,Information Technology,2025,1965,True
Greece,Information Technology,2016,2,True
United Arab Emirates,Information Technology,2018,160,True
Finland,Information Technology,2021,1600,True
Denmark,Information Technology,2025,135,True
Netherlands,Information Technology,2021,448,True
Poland,Information Technology,2018,9,True
Spain,Information Technology,2024,220,True
Australia,Information Technology,2022,577,True
Australia,Information Technology,2024,354,True
Hungary,Information Technology,2023,5,True
Slovenia,Information Technology,2017,0,True
Russia,Lending and Investments,2016,0,True
missing,Lending and Investments,2022,0,True
United States,Lending and Investments,2020,1175,True
China,Lending and Investments,2017,57,True
Lithuania,Manufacturing,2025,0,True
Bulgaria,Manufacturing,2017,2,True
Taiwan,Manufacturing,2020,1,True
Ukraine,Manufacturing,2020,0,True
Austria,Manufacturing,2020,3,True
Estonia,Manufacturing,2016,8,True
Estonia,Manufacturing,2023,40,True
Tunisia,Manufacturing,2020,0,True
Italy,Manufacturing,2021,1,True
Poland,Manufacturing,2019,1,True
Mexico,Media and Entertainment,2017,1,True
Canada,Media and Entertainment,2020,10,True
Romania,Media and Entertainment,2017,0,True
Romania,Media and Entertainment,2019,0,True
Brazil,Media and Entertainment,2021,29,True
Brazil,Media and Entertainment,2023,1,True
Belgium,Media and Entertainment,2018,0,True
Italy,Media and Entertainment,2023,0,True
India,Media and Entertainment,2021,21,True
Ireland,Media and Entertainment,2021,3,True
China,Media and Entertainment,2022,174,True
Hungary,Media and Entertainment,2018,1,True
Singapore,Media and Entertainment,2022,38,True
Spain,Media and Entertainment,2022,6,True
Poland,Media and Entertainment,2024,0,True
Iceland,"Military, public safety and government",2024,0,True
Belgium,"Military, public safety and government",2022,0,True
United States,"Military, public safety and government",2024,5561,True
China,"Mobile, platforms & Internet services",2018,1042,True
Sri Lanka,"Mobile, platforms & Internet services",2023,2,True
Sri Lanka,"Mobile, platforms & Internet services",2024,2,True
Spain,"Mobile, platforms & Internet services",2016,12,True
Cyprus,"Mobile, platforms & Internet services",2019,0,True
Azerbaijan,"Mobile, platforms & Internet services",2025,0,True
Lithuania,"Mobile, platforms & Internet services",2025,0,True
Estonia,"Mobile, platforms & Internet services",2023,4,True
North Macedonia,"Mobile, platforms & Internet services",2022,1,True
New Zealand,"Mobile, platforms & Internet services",2024,2,True
New Zealand,"Mobile, platforms & Internet services",2025,49,True
Australia,"Mobile, platforms & Internet services",2016,8,True
Egypt,"Mobile, platforms & Internet services",2018,0,True
Italy,"Mobile, platforms & Internet services",2023,3,True
Italy,"Mobile, platforms & Internet services",2026,4,False
Taiwan,NLP,2016,1,True
Israel,NLP,2021,4,True
Russia,NLP,2018,1,True
Switzerland,NLP,2021,4,True
Canada,NLP,2021,156,True
Chile,NLP,2021,2,True
Denmark,NLP,2017,15,True
Canada,Navigation and mapping,2025,63,True
Spain,Navigation and mapping,2017,2,True
Spain,Navigation and mapping,2021,96,True
Netherlands,Navigation and mapping,2017,1,True
Netherlands,Navigation and mapping,2025,20,True
Germany,Navigation and mapping,2024,21,True
China,Other,2019,263,True
United Arab Emirates,Other,2020,2,True
Norway,Other,2021,38,True
South Africa,Other,2020,0,True
Qatar,Other,2022,1,True
Brazil,Other,2017,30,True
Slovenia,Other,2019,0,True
Vietnam,Privacy and Security,2019,1,True
Italy,Privacy and Security,2026,10,False
Serbia,Privacy and Security,2023,0,True
China,Privacy and Security,2025,439,True
Singapore,Privacy and Security,2025,24,True
United Kingdom,Privacy and Security,2016,59,True
Norway,Professional services,2024,240,True
Italy,Professional services,2023,26,True
Israel,Professional services,2018,38,True
Ukraine,Professional services,2020,2,True
Ireland,Professional services,2022,81,True
Indonesia,Professional services,2025,0,True
United States,Professional services,2024,11458,True
United Kingdom,Professional services,2023,501,True
Turkey,Professional services,2020,0,True
Turkey,Professional services,2023,3,True
India,Professional services,2017,29,True
Mexico,Professional services,2021,0,True
South Korea,Real estate,2017,9,True
Brazil,Real estate,2024,3,True
Saudi Arabia,Real estate,2018,0,True
Chile,Real estate,2023,1,True
United Arab Emirates,Real estate,2021,7,True
New Zealand,Real estate,2022,5,True
Denmark,Robotics,2020,2,True
China,Robotics,2020,365,True
Switzerland,Robotics,2023,49,True
Italy,Robotics,2024,1,True
United Kingdom,Robotics,2020,83,True
Singapore,Robotics,2016,3,True
Singapore,Robotics,2020,31,True
Singapore,Robotics,2025,132,True
Denmark,"Sales, retail, commerce, marketing",2021,30,True
Australia,"Sales, retail, commerce, marketing",2026,47,False
Chile,"Sales, retail, commerce, marketing",2018,0,True
Austria,"Sales, retail, commerce, marketing",2026,3,False
Egypt,"Sales, retail, commerce, marketing",2017,0,True
China,"Sales, retail, commerce, marketing",2016,49,True
China,"Sales, retail, commerce, marketing",2018,378,True
Indonesia,"Sales, retail, commerce, marketing",2018,15,True
Turkey,"Sales, retail, commerce, marketing",2022,29,True
United Kingdom,"Sales, retail, commerce, marketing",2025,1312,True
Estonia,"Sales, retail, commerce, marketing",2022,0,True
Estonia,"Sales, retail, commerce, marketing",2025,0,True
Colombia,"Sales, retail, commerce, marketing",2019,5,True
Spain,"Sales, retail, commerce, marketing",2021,51,True
Singapore,Semiconductor,2019,1,True
India,Semiconductor,2024,29,True
China,Semiconductor,2018,113,True
United States,Simulation,2023,138,True
Kazakhstan,Software,2022,1,True
Greece,Software,2021,57,True
Greece,Software,2025,107,True
Iceland,Software,2026,1,False
Sweden,Software,2020,3532,True
Philippines,Software,2021,1,True
Spain,Software,2016,139,True
Serbia,Software,2018,0,True
Serbia,Software,2023,44,True
India,Software,2017,120,True
Azerbaijan,Software,2026,0,False
Russia,Software,2018,32,True
Colombia,Software,2017,1,True
United States,Software,2023,62986,True
Poland,Software,2025,579,True
New Zealand,Software,2020,136,True
Bosnia and Herzegovina,Software,2023,0,True
Albania,Software,2025,0,True
Romania,Software,2022,18,True
United Kingdom,Software,2018,13246,True
United Kingdom,Software,2022,4126,True
Japan,Software,2020,577,True
Spain,Speech Recognition,2017,1,True
France,Speech Recognition,2022,0,True
South Korea,Sports,2024,9,True
Russia,Sports,2024,0,True
United Arab Emirates,Sports,2020,2,True
Canada,Telecommunications,2019,8,True
Philippines,Telecommunications,2025,6,True
Singapore,Telecommunications,2020,17,True
France,Telecommunications,2017,42,True
Slovakia,Telecommunications,2020,5,True
South Korea,Transportation,2024,188,True
Australia,Transportation,2023,24,True
Austria,Transportation,2017,1,True
Switzerland,Transportation,2022,101,True
Egypt,Transportation,2025,0,True
Egypt,Transportation,2026,1,False
Japan,Transportation,2016,5,True
Japan,Transportation,2026,3419,False
Mexico,Transportation,2018,2,True
Germany,Transportation,2019,86,True
Thailand,Agriculture,2022,3,True
Philippines,Agriculture,2025,22,True
South Africa,Agriculture,2018,1,True
Netherlands,Agriculture,2022,9,True
Canada,Agriculture,2016,5,True
Portugal,Agriculture,2018,1,True
Argentina,Agriculture,2017,1,True
Argentina,Agriculture,2024,0,True
Denmark,Agriculture,2020,0,True
United Kingdom,All,2024,7491,True
Tunisia,All,2020,1,True
Kenya,All,2026,5,False
South Korea,All,2019,814,True
South Korea,All,2023,3252,True
Israel,All,2023,2896,True
Serbia,All,2017,0,True
Luxembourg,All,2021,394,True
Portugal,All,2017,193,True
Portugal,All,2022,171,True
India,All,2017,227,True
Albania,All,2025,0,True
Rwanda,All,2024,1,True
Cyprus,All,2018,12,True
Italy,All,2016,20,True
Italy,All,2025,1212,True
Vietnam,All,2026,4,False
Singapore,All,2026,13890,False
Ghana,All,2022,38,True
Indonesia,All,2018,35,True
Costa Rica,All,2026,0,False
Mongolia,All,2019,0,True
Netherlands,Biotechnology,2021,96,True
Canada,Biotechnology,2017,15,True
Denmark,Biotechnology,2025,1,True
Lithuania,Biotechnology,2021,0,True
United States,Biotechnology,2020,2570,True
Italy,Community and Lifestyle,2022,12,True
France,Community and Lifestyle,2018,0,True
Australia,Community and Lifestyle,2018,0,True
United Arab Emirates,Community and Lifestyle,2018,4,True
Argentina,Community and Lifestyle,2022,0,True
Japan,Community and Lifestyle,2024,7,True
Singapore,Community and Lifestyle,2022,10,True
Spain,Computer Vision,2016,1,True
Finland,Computer Vision,2017,7,True
Singapore,Computer Vision,2020,146,True
Switzerland,Computer Vision,2019,369,True
Bangladesh,Computer Vision,2019,0,True
Philippines,Computer Vision,2022,0,True
South Africa,Computer Vision,2019,2,True
Spain,Consumer goods,2020,9,True
Italy,Consumer goods,2026,165,False
Poland,Consumer goods,2020,1,True
Poland,Consumer goods,2024,18,True
Armenia,Consumer goods,2021,0,True
China,Consumer goods,2018,329,True
Japan,Consumer goods,2020,28,True
Australia,Cyber Security,2020,10,True
Australia,Cyber Security,2023,0,True
Australia,Cyber Security,2024,3,True
Sri Lanka,Cyber Security,2022,0,True
Ireland,Cyber Security,2022,15,True
South Korea,Cyber Security,2019,3,True
Switzerland,Cyber Security,2021,138,True
France,Cyber Security,2019,98,True
Indonesia,Data and analytics,2022,47,True
Philippines,Data and analytics,2023,9,True
Serbia,Data and analytics,2017,0,True
Germany,Data and analytics,2022,2638,True
Bahrain,Data and analytics,2025,3,True
Botswana,Data and analytics,2016,0,True
Brazil,Data and analytics,2020,267,True
Slovenia,Data and analytics,2022,3,True
Taiwan,Data and analytics,2023,87,True
Turkey,Data and analytics,2021,86,True
New Zealand,Data and analytics,2016,149,True
Chile,Data and analytics,2017,3,True
Russia,Data and analytics,2021,19,True
Spain,Data and analytics,2018,90,True
Malaysia,Data and analytics,2017,1,True
Denmark,Education,2019,1,True
Argentina,Education,2018,0,True
Nigeria,Education,2019,0,True
Australia,Education,2021,16,True
Colombia,Education,2022,2,True
Estonia,Education,2024,0,True
Belgium,Education,2026,27,False
Finland,Education,2020,496,True
Finland,Education,2021,15,True
France,Energy and natural resources,2016,99,True
Finland,Energy and natural resources,2020,1,True
Singapore,Energy and natural resources,2020,4,True
Sri Lanka,Energy and natural resources,2025,0,True
Ireland,Energy and natural resources,2024,3,True
Chile,Energy and natural resources,2021,1,True
Brazil,Energy and natural resources,2019,1,True
India,Energy and natural resources,2024,52,True
Germany,Energy and natural resources,2017,9,True
India,Facial Recognition,2023,1,True
Saudi Arabia,Finance,2024,771,True
Ghana,Finance,2024,12,True
Germany,Finance,2025,2981,True
United Kingdom,Finance,2024,678,True
Denmark,Finance,2022,108,True
Romania,Finance,2022,0,True
Vietnam,Finance,2022,7,True
Serbia,Finance,2021,0,True
Singapore,Finance,2021,702,True
Czechia,Finance,2017,3,True
United Arab Emirates,Gaming,2026,4,False
Canada,Gaming,2017,1,True
Switzerland,Gaming,2024,5,True
Israel,Gaming,2017,0,True
Cyprus,Gaming,2018,1,True
Cyprus,Gaming,2021,17,True
Denmark,Gaming,2020,0,True
Romania,Gaming,2024,1,True
Estonia,Gaming,2023,1,True
Taiwan,General purpose,2016,6,True
Poland,General purpose,2020,34,True
Poland,General purpose,2022,123,True
Argentina,General purpose,2018,1,True
Nigeria,General purpose,2022,4,True
Armenia,General purpose,2024,0,True
Czechia,General purpose,2016,2,True
Lithuania,General purpose,2023,3,True
Turkey,General purpose,2019,8,True
missing,General purpose,2021,56,True
France,General purpose,2020,1613,True
Germany,General purpose,2017,428,True
Netherlands,General purpose,2019,264,True
South Africa,General purpose,2024,215,True
Bulgaria,General purpose,2020,1,True
Jordan,General purpose,2026,5,False
Qatar,General purpose,2021,4,True
Switzerland,General purpose,2019,334,True
Switzerland,General purpose,2026,831,False
Colombia,General purpose,2022,17,True
Japan,General purpose,2020,508,True
Slovenia,General purpose,2021,0,True
Chile,Hardware,2016,1,True
Chile,Hardware,2021,1,True
Taiwan,Hardware,2017,2,True
Taiwan,Hardware,2024,38,True
Croatia,Hardware,2024,2,True
Czechia,Hardware,2019,3,True
Hungary,Hardware,2018,5,True
Serbia,Hardware,2020,0,True
Turkey,Hardware,2022,25,True
Slovakia,Hardware,2019,1,True
Germany,Hardware,2022,674,True
Norway,Healthcare and Life Sciences,2022,8,True
Turkey,Healthcare and Life Sciences,2024,2,True
Kenya,Healthcare and Life Sciences,2024,1,True
South Korea,Healthcare and Life Sciences,2018,13,True
Uruguay,Healthcare and Life Sciences,2021,2,True
Ukraine,Healthcare and Life Sciences,2021,0,True
Australia,Healthcare and Life Sciences,2021,85,True
Singapore,Healthcare and Life Sciences,2026,82,False
United States,Healthcare and Life Sciences,2024,9764,True
Czechia,Healthcare and Life Sciences,2025,23,True
Greece,Healthcare and Life Sciences,2018,0,True
Brazil,Healthcare and Life Sciences,2017,1,True
Japan,Healthcare and Life Sciences,2017,14,True
Japan,Healthcare and Life Sciences,2023,48,True
Spain,Healthcare and Life Sciences,2022,124,True
Indonesia,Healthcare and Life Sciences,2018,0,True
Hungary,Healthcare and Life Sciences,2020,0,True
Albania,Information Technology,2025,0,True
South Korea,Information Technology,2017,47,True
North Macedonia,Information Technology,2022,1,True
Jordan,Information Technology,2023,0,True
Malaysia,Information Technology,2024,1,True
Denmark,Information Technology,2022,22,True
Latvia,Information Technology,2022,1,True
Brazil,Information Technology,2017,106,True
Mexico,Information Technology,2017,4,True
Estonia,Information Technology,2019,5,True
Argentina,Information Technology,2017,4,True
Australia,Information Technology,2019,87,True
Mexico,Lending and Investments,2020,1,True
Poland,Lending and Investments,2019,0,True
Czechia,Lending and Investments,2026,6,False
Iceland,Lending and Investments,2019,2,True
Finland,Lending and Investments,2022,496,True
Uzbekistan,Lending and Investments,2021,0,True
Kenya,Lending and Investments,2022,0,True
Brazil,Lending and Investments,2020,3,True
Brazil,Lending and Investments,2023,25,True
Switzerland,Lending and Investments,2026,4,False
United Arab Emirates,Manufacturing,2019,8,True
South Korea,Manufacturing,2017,3,True
Netherlands,Manufacturing,2025,26,True
Israel,Manufacturing,2018,28,True
Israel,Manufacturing,2022,170,True
China,Manufacturing,2020,248,True
China,Manufacturing,2024,981,True
India,Manufacturing,2026,230,False
New Zealand,Media and Entertainment,2024,0,True
Mexico,Media and Entertainment,2023,0,True
Romania,Media and Entertainment,2025,1,True
Malta,Media and Entertainment,2022,2,True
India,Media and Entertainment,2019,22,True
Lithuania,Media and Entertainment,2025,6,True
Germany,Media and Entertainment,2021,246,True
Germany,Media and Entertainment,2026,857,False
Spain,"Military, public safety and government",2024,21,True
Austria,"Military, public safety and government",2019,0,True
Cyprus,"Mobile, platforms & Internet services",2020,5,True
Iceland,"Mobile, platforms & Internet services",2019,2,True
Ghana,"Mobile, platforms & Internet services",2023,12,True
Japan,"Mobile, platforms & Internet services",2024,105,True
Netherlands,"Mobile, platforms & Internet services",2025,28,True
France,"Mobile, platforms & Internet services",2022,374,True
Uruguay,"Mobile, platforms & Internet services",2023,167,True
Portugal,"Mobile, platforms & Internet services",2024,9,True
New Zealand,"Mobile, platforms & Internet services",2016,136,True
Egypt,"Mobile, platforms & Internet services",2022,0,True
Bahrain,"Mobile, platforms & Internet services",2024,0,True
Slovenia,"Mobile, platforms & Internet services",2022,3,True
Germany,NLP,2022,79,True
Switzerland,NLP,2025,2,True
Canada,NLP,2026,63,False
Hungary,NLP,2016,1,True
Poland,NLP,2018,0,True
Turkey,Navigation and mapping,2022,1,True
Estonia,Navigation and mapping,2022,0,True
Israel,Navigation and mapping,2026,60,False
United States,Navigation and mapping,2024,1565,True
Germany,Navigation and mapping,2025,235,True
India,Other,2021,50,True
Portugal,Other,2025,5,True
Turkey,Other,2021,1,True
Bulgaria,Other,2017,1,True
Estonia,Other,2026,1,False
South Africa,Other,2017,0,True
United Kingdom,Other,2023,349,True
France,Other,2025,284,True
Israel,Other,2026,13,False
Canada,Privacy and Security,2019,79,True
Belgium,Privacy and Security,2024,7,True
Israel,Privacy and Security,2018,93,True
Sri Lanka,Privacy and Security,2022,0,True
Nigeria,Privacy and Security,2018,0,True
Taiwan,Privacy and Security,2022,2,True
Czechia,Privacy and Security,2017,2,True
Finland,Privacy and Security,2021,1,True
Brazil,Privacy and Security,2024,2,True
Chile,Privacy and Security,2022,0,True
Romania,Professional services,2017,0,True
Estonia,Professional services,2021,5,True
Malaysia,Professional services,2016,0,True
Egypt,Professional services,2025,3,True
Sweden,Professional services,2023,15,True
Taiwan,Professional services,2019,21,True
Singapore,Professional services,2018,281,True
Argentina,Professional services,2025,79,True
Japan,Professional services,2017,207,True
Cyprus,Professional services,2024,0,True
Lebanon,Professional services,2016,0,True
India,Professional services,2018,9,True
Switzerland,Professional services,2020,37,True
New Zealand,Professional services,2021,0,True
South Africa,Professional services,2022,106,True
Estonia,Real estate,2025,3,True
Australia,Real estate,2025,1,True
Lithuania,Real estate,2020,0,True
Romania,Real estate,2020,1,True
Portugal,Real estate,2024,6,True
United Kingdom,Real estate,2022,58,True
Slovakia,Real estate,2024,0,True
Japan,Real estate,2021,1,True
Estonia,Robotics,2019,1,True
Malaysia,Robotics,2019,1,True
Ukraine,Robotics,2026,12,False
Austria,Robotics,2024,2,True
Austria,"Sales, retail, commerce, marketing",2017,2,True
Mexico,"Sales, retail, commerce, marketing",2017,14,True
Albania,"Sales, retail, commerce, marketing",2016,2,True
Vietnam,"Sales, retail, commerce, marketing",2025,15,True
Italy,"Sales, retail, commerce, marketing",2024,4,True
Ireland,"Sales, retail, commerce, marketing",2024,133,True
Slovakia,"Sales, retail, commerce, marketing",2023,1,True
France,"Sales, retail, commerce, marketing",2016,338,True
France,"Sales, retail, commerce, marketing",2021,951,True
Norway,"Sales, retail, commerce, marketing",2021,7,True
India,"Sales, retail, commerce, marketing",2024,171,True
Saudi Arabia,"Sales, retail, commerce, marketing",2018,0,True
United Arab Emirates,"Sales, retail, commerce, marketing",2025,80,True
India,Semiconductor,2023,24,True
Israel,Semiconductor,2021,270,True
South Korea,Semiconductor,2021,27,True
South Korea,Semiconductor,2025,46,True
Netherlands,Semiconductor,2020,3,True
China,Simulation,2025,3,True
United Kingdom,Simulation,2017,2,True
Austria,Simulation,2026,58,False
Norway,Simulation,2025,25,True
Japan,Simulation,2019,1,True
Saudi Arabia,Software,2023,1573,True
Seychelles,Software,2017,1,True
Belgium,Software,2019,193,True
South Africa,Software,2023,40,True
Moldova,Software,2025,0,True
Thailand,Software,2019,8,True
South Korea,Software,2025,1208,True
Lebanon,Software,2020,0,True
Russia,Software,2019,23,True
Netherlands,Software,2017,392,True
Finland,Software,2019,1259,True
Tanzania,Software,2017,0,True
Switzerland,Software,2024,1744,True
Australia,Software,2018,75,True
Jordan,Software,2025,0,True
Ukraine,Software,2023,5,True
Germany,Software,2023,2806,True
Bulgaria,Software,2020,1,True
Taiwan,Software,2026,610,False
Bangladesh,Software,2025,0,True
Canada,Software,2023,2691,True
United States,Speech Recognition,2018,595,True
Cyprus,Speech Recognition,2020,20,True
Saudi Arabia,Speech Recognition,2024,7,True
France,Speech Recognition,2024,2,True
Taiwan,Speech Recognition,2021,0,True
Israel,Sports,2016,330,True
Brazil,Sports,2016,0,True
Japan,Sports,2017,3,True
Japan,Sports,2020,4,True
India,Telecommunications,2019,117,True
Singapore,Telecommunications,2025,7,True
Taiwan,Telecommunications,2021,0,True
Portugal,Telecommunications,2019,1,True
Portugal,Telecommunications,2021,4,True
South Korea,Transportation,2021,1768,True
Australia,Transportation,2024,8,True
Bulgaria,Transportation,2023,3,True
South Africa,Transportation,2024,0,True
Austria,Transportation,2024,181,True
Estonia,Transportation,2024,6,True
France,Transportation,2017,109,True
Czechia,Transportation,2017,0,True
Hungary,Transportation,2021,1,True
Hungary,Transportation,2026,3,False
Switzerland,Transportation,2023,6,True
Switzerland,Transportation,2026,47,False
Singapore,Transportation,2022,8,True
Brazil,Transportation,2021,10,True
Japan,Transportation,2020,10,True
Taiwan,Transportation,2022,0,True
missing,Transportation,2024,5,True
China,Transportation,2023,1882,True
Kuwait,Transportation,2023,4,True
Armenia,Agriculture,2024,0,True
Poland,Agriculture,2022,0,True
Germany,Agriculture,2016,3,True
Germany,Agriculture,2019,23,True
New Zealand,Agriculture,2020,0,True
Australia,Agriculture,2024,5,True
Netherlands,All,2016,665,True
Norway,All,2021,505,True
Slovakia,All,2022,28,True
Saudi Arabia,All,2025,3245,True
South Korea,All,2021,5776,True
New Zealand,All,2021,1264,True
Seychelles,All,2017,1,True
Belize,All,2019,10,True
Jordan,All,2020,0,True
Ireland,All,2023,515,True
Italy,All,2022,85,True
Iceland,All,2021,1607,True
Czechia,All,2019,35,True
missing,All,2017,26,True
missing,All,2023,200,True
Canada,All,2025,9297,True
Switzerland,All,2016,330,True
Malaysia,All,2020,49,True
Switzerland,Biotechnology,2020,522,True
Indonesia,Biotechnology,2021,0,True
Turkey,Biotechnology,2019,1,True
Denmark,Biotechnology,2021,0,True
Belgium,Biotechnology,2017,0,True
Lithuania,Biotechnology,2024,2,True
Hungary,Biotechnology,2021,1,True
United States,Community and Lifestyle,2023,1120,True
Czechia,Community and Lifestyle,2021,1,True
Portugal,Community and Lifestyle,2020,1,True
France,Community and Lifestyle,2022,106,True
New Zealand,Community and Lifestyle,2024,43,True
Australia,Community and Lifestyle,2025,73,True
Bulgaria,Community and Lifestyle,2018,0,True
Ireland,Community and Lifestyle,2016,5,True
Egypt,Community and Lifestyle,2016,0,True
Turkey,Community and Lifestyle,2021,1,True
Turkey,Community and Lifestyle,2025,4,True
Netherlands,Community and Lifestyle,2019,9,True
Canada,Computer Vision,2024,523,True
Sweden,Computer Vision,2019,90,True
Norway,Computer Vision,2017,0,True
Thailand,Computer Vision,2019,0,True
Thailand,Computer Vision,2024,0,True
Belgium,Computer Vision,2018,3,True
Bosnia and Herzegovina,Computer Vision,2024,0,True
Indonesia,Computer Vision,2017,1,True
United Kingdom,Computer Vision,2024,289,True
France,Consumer goods,2025,133,True
United States,Consumer goods,2016,820,True
Austria,Consumer goods,2025,27,True
Canada,Consumer goods,2024,291,True
Norway,Consumer goods,2019,9,True
Taiwan,Consumer goods,2018,1,True
Ireland,Cyber Security,2017,0,True
United States,Cyber Security,2026,4355,False
Argentina,Data and analytics,2021,6,True
Hungary,Data and analytics,2019,8,True
Portugal,Data and analytics,2017,156,True
Vietnam,Data and analytics,2016,2,True
Belgium,Data and analytics,2017,125,True
Singapore,Data and analytics,2017,511,True
Greece,Data and analytics,2025,107,True
Austria,Data and analytics,2022,72,True
Denmark,Data and analytics,2022,212,True
Nigeria,Data and analytics,2018,5,True
Saudi Arabia,Data and analytics,2024,1679,True
Netherlands,Data and analytics,2026,1216,False
Spain,Data and analytics,2023,531,True
Spain,Data and analytics,2024,534,True
Croatia,Data and analytics,2019,2,True
Poland,Data and analytics,2016,14,True
Romania,Data and analytics,2017,0,True
Romania,Data and analytics,2019,4,True
India,Education,2023,188,True
Malaysia,Education,2025,2,True
Turkey,Education,2020,0,True
Australia,Education,2025,1,True
Japan,Education,2017,5,True
New Zealand,Education,2018,1,True
Iceland,Education,2023,0,True
Canada,Education,2018,2008,True
Thailand,Education,2022,0,True
Spain,Education,2021,1,True
Chile,Energy and natural resources,2025,2,True
Brazil,Energy and natural resources,2022,219,True
Belgium,Energy and natural resources,2024,11,True
Netherlands,Energy and natural resources,2021,22,True
Saudi Arabia,Energy and natural resources,2023,0,True
South Korea,Facial Recognition,2019,1,True
Croatia,Facial Recognition,2022,2,True
Mauritius,Finance,2025,0,True
China,Finance,2025,330,True
Egypt,Finance,2020,0,True
Bulgaria,Finance,2022,0,True
Argentina,Finance,2022,0,True
Finland,Finance,2023,499,True
Ireland,Finance,2016,0,True
Portugal,Finance,2017,17,True
Portugal,Finance,2020,2,True
Poland,Finance,2023,3,True
Turkey,Finance,2026,2,False
Switzerland,Finance,2018,14,True
India,Finance,2021,280,True
Belgium,Finance,2024,81,True
Czechia,Finance,2019,9,True
Canada,Gaming,2021,34,True
Brazil,Gaming,2019,1,True
Switzerland,Gaming,2025,4,True
Poland,Gaming,2016,0,True
Poland,Gaming,2022,0,True
Denmark,Gaming,2026,0,False
missing,Gaming,2022,0,True
Iceland,Gaming,2018,1,True
United States,Gaming,2018,120,True
Nigeria,General purpose,2021,1,True
Peru,General purpose,2023,1,True
Portugal,General purpose,2018,11,True
Portugal,General purpose,2021,83,True
Vietnam,General purpose,2020,4,True
Canada,General purpose,2022,14174,True
Seychelles,General purpose,2024,0,True
Spain,General purpose,2026,834,False
missing,General purpose,2024,936,True
Sri Lanka,General purpose,2019,1,True
Lebanon,General purpose,2019,0,True
Luxembourg,General purpose,2018,7,True
Latvia,General purpose,2024,3,True
Greece,Hardware,2023,220,True
Finland,Hardware,2026,13,False
United Kingdom,Hardware,2018,5711,True
United States,Hardware,2025,50731,True
Sweden,Hardware,2025,48,True
France,Hardware,2024,1509,True
South Korea,Hardware,2025,164,True
Turkey,Hardware,2019,7,True
Slovakia,Hardware,2026,1,False
Lebanon,Hardware,2016,0,True
Italy,Hardware,2017,5,True
Italy,Hardware,2025,25,True
Brazil,Hardware,2022,10,True
Iceland,Hardware,2017,1,True
Portugal,Hardware,2021,6,True
Singapore,Hardware,2019,115,True
Portugal,Healthcare and Life Sciences,2019,3,True
Australia,Healthcare and Life Sciences,2026,21,False
South Africa,Healthcare and Life Sciences,2021,2,True
Zambia,Healthcare and Life Sciences,2021,0,True
Romania,Healthcare and Life Sciences,2023,1,True
Estonia,Healthcare and Life Sciences,2024,1,True
Qatar,Healthcare and Life Sciences,2023,0,True
Tunisia,Information Technology,2019,1,True
China,Information Technology,2018,1705,True
Colombia,Information Technology,2017,0,True
Taiwan,Information Technology,2016,16,True
India,Information Technology,2026,1995,False
Pakistan,Information Technology,2016,0,True
Lithuania,Information Technology,2016,0,True
Bahrain,Information Technology,2024,0,True
Thailand,Information Technology,2024,44,True
Argentina,Information Technology,2026,2,False
Switzerland,Information Technology,2017,119,True
Nigeria,Information Technology,2018,5,True
Mexico,Lending and Investments,2017,0,True
Mexico,Lending and Investments,2026,2,False
Jamaica,Lending and Investments,2018,0,True
Qatar,Lending and Investments,2023,1,True
Turkey,Lending and Investments,2021,0,True
Spain,Lending and Investments,2023,28,True
Mauritius,Lending and Investments,2016,1,True
Austria,Lending and Investments,2020,1,True
Estonia,Manufacturing,2021,39,True
Finland,Manufacturing,2017,29,True
Iceland,Manufacturing,2018,2,True
Australia,Manufacturing,2016,3,True
Slovenia,Manufacturing,2016,0,True
Italy,Manufacturing,2025,10,True
Poland,Manufacturing,2025,31,True
New Zealand,Media and Entertainment,2019,10,True
United Kingdom,Media and Entertainment,2023,270,True
Australia,Media and Entertainment,2024,1104,True
Romania,Media and Entertainment,2024,1,True
Finland,Media and Entertainment,2024,1,True
Poland,Media and Entertainment,2026,6,False
Belgium,"Military, public safety and government",2020,1,True
Estonia,"Military, public safety and government",2024,8,True
Turkey,"Military, public safety and government",2025,1,True
France,"Military, public safety and government",2020,2,True
Argentina,"Military, public safety and government",2024,0,True
Poland,"Military, public safety and government",2026,3,False
Croatia,"Mobile, platforms & Internet services",2020,0,True
Bolivia,"Mobile, platforms & Internet services",2022,1,True
Spain,"Mobile, platforms & Internet services",2024,40,True
Turkey,"Mobile, platforms & Internet services",2025,18,True
Argentina,"Mobile, platforms & Internet services",2024,3,True
Poland,"Mobile, platforms & Internet services",2023,7,True
Ireland,"Mobile, platforms & Internet services",2023,44,True
Japan,"Mobile, platforms & Internet services",2021,273,True
Belarus,"Mobile, platforms & Internet services",2017,4,True
Estonia,"Mobile, platforms & Internet services",2021,3,True
Norway,"Mobile, platforms & Internet services",2022,3,True
New Zealand,"Mobile, platforms & Internet services",2018,0,True
Switzerland,"Mobile, platforms & Internet services",2018,146,True
Switzerland,"Mobile, platforms & Internet services",2020,89,True
Lebanon,"Mobile, platforms & Internet services",2018,0,True
Oman,"Mobile, platforms & Internet services",2025,0,True
Nigeria,NLP,2019,0,True
Germany,NLP,2016,12,True
Germany,NLP,2026,134,False
Cyprus,NLP,2026,1,False
Australia,NLP,2020,2,True
Australia,NLP,2022,7,True
Australia,NLP,2025,1,True
Belgium,Navigation and mapping,2018,0,True
Mexico,Navigation and mapping,2024,0,True
Slovakia,Navigation and mapping,2026,1,False
Canada,Navigation and mapping,2024,0,True
China,Navigation and mapping,2025,9,True
France,Navigation and mapping,2025,10,True
Switzerland,Other,2018,19,True
Egypt,Other,2018,0,True
United Arab Emirates,Other,2025,29,True
South Korea,Other,2019,6,True
Spain,Other,2022,41,True
Taiwan,Other,2020,26,True
South Africa,Privacy and Security,2022,9,True
Poland,Privacy and Security,2017,2,True
Estonia,Privacy and Security,2018,9,True
Estonia,Privacy and Security,2025,15,True
Spain,Privacy and Security,2018,2,True
Portugal,Privacy and Security,2022,2,True
Japan,Privacy and Security,2016,35,True
Lithuania,Privacy and Security,2026,1,False
France,Privacy and Security,2020,26,True
United States,Privacy and Security,2022,3460,True
Nigeria,Privacy and Security,2024,4,True
Czechia,Privacy and Security,2024,2,True
Brazil,Privacy and Security,2021,36,True
United Kingdom,Privacy and Security,2020,216,True
Sri Lanka,Professional services,2023,0,True
Portugal,Professional services,2021,54,True
Israel,Professional services,2022,92,True
Ukraine,Professional services,2026,1,False
Taiwan,Professional services,2020,2,True
Ireland,Professional services,2017,1,True
Vietnam,Professional services,2023,13,True
Vietnam,Professional services,2024,0,True
Turkey,Professional services,2026,0,False
Iceland,Professional services,2021,0,True
Denmark,Professional services,2016,1,True
New Zealand,Professional services,2024,2,True
Colombia,Real estate,2020,0,True
Mauritius,Real estate,2021,22,True
Taiwan,Real estate,2026,1,False
Singapore,Real estate,2018,3,True
Denmark,Robotics,2022,54,True
Sweden,Robotics,2018,2,True
France,Robotics,2016,10,True
France,Robotics,2023,3,True
Mexico,Robotics,2019,2,True
India,Robotics,2026,17,False
United States,Robotics,2019,3361,True
Norway,Robotics,2025,42,True
Canada,Robotics,2024,457,True
Lebanon,"Sales, retail, commerce, marketing",2021,1,True
Austria,"Sales, retail, commerce, marketing",2019,21,True
Mexico,"Sales, retail, commerce, marketing",2025,0,True
Germany,"Sales, retail, commerce, marketing",2019,33,True
South Korea,"Sales, retail, commerce, marketing",2026,32,False
Uruguay,"Sales, retail, commerce, marketing",2017,0,True
Italy,"Sales, retail, commerce, marketing",2019,6,True
Indonesia,"Sales, retail, commerce, marketing",2017,1,True
Romania,"Sales, retail, commerce, marketing",2021,1,True
Belgium,"Sales, retail, commerce, marketing",2023,164,True
France,"Sales, retail, commerce, marketing",2019,484,True
Estonia,"Sales, retail, commerce, marketing",2021,3,True
New Zealand,"Sales, retail, commerce, marketing",2019,1,True
South Africa,"Sales, retail, commerce, marketing",2017,8,True
Saudi Arabia,"Sales, retail, commerce, marketing",2024,49,True
Taiwan,"Sales, retail, commerce, marketing",2017,0,True
Sweden,Semiconductor,2016,1,True
Slovakia,Semiconductor,2018,1,True
China,Semiconductor,2025,1367,True
United Kingdom,Semiconductor,2020,32,True
Turkey,Simulation,2021,4,True
Chile,Software,2022,13,True
Kyrgyzstan,Software,2025,1,True
Vietnam,Software,2016,2,True
Denmark,Software,2016,15,True
Tajikistan,Software,2022,0,True
United States,Software,2025,253850,True
Netherlands,Software,2024,1834,True
Czechia,Software,2017,45,True
Finland,Software,2022,2727,True
Kenya,Software,2026,4,False
United Arab Emirates,Software,2021,859,True
New Zealand,Software,2018,96,True
New Zealand,Software,2025,125,True
Germany,Software,2021,2418,True
Georgia,Software,2023,0,True
Ecuador,Software,2026,3,False
Estonia,Speech Recognition,2018,0,True
United States,Sports,2020,844,True
India,Sports,2023,19,True
Cyprus,Telecommunications,2021,1,True
Japan,Telecommunications,2020,8,True
Ireland,Telecommunications,2022,4,True
Mexico,Telecommunications,2016,0,True
Germany,Telecommunications,2021,3,True
Czechia,Telecommunications,2020,2,True
Romania,Telecommunications,2023,1,True
United States,Telecommunications,2024,2151,True
Italy,Transportation,2017,3,True
Switzerland,Transportation,2018,47,True
Bosnia and Herzegovina,Transportation,2016,0,True
Israel,Transportation,2020,113,True
Chile,Transportation,2018,1,True
Mexico,Transportation,2025,1,True
missing,Agriculture,2025,96,True
Canada,Agriculture,2026,0,False
Ireland,Agriculture,2021,3,True
United Kingdom,Agriculture,2016,202,True
Singapore,Agriculture,2021,11,True
France,Agriculture,2026,3,False
Indonesia,Agriculture,2018,0,True
South Korea,Agriculture,2021,5,True
Hungary,Agriculture,2020,0,True
Kenya,Agriculture,2018,2,True
Spain,Agriculture,2024,4,True
Denmark,Agriculture,2021,2,True
Sri Lanka,Agriculture,2020,0,True
Ukraine,Agriculture,2020,0,True
Saudi Arabia,Agriculture,2019,1,True
France,All,2021,4396,True
Hungary,All,2018,41,True
Tunisia,All,2023,2,True
Azerbaijan,All,2023,0,True
South Africa,All,2024,242,True
United Arab Emirates,All,2022,519,True
United Arab Emirates,All,2026,1433,False
Israel,All,2021,6847,True
Luxembourg,All,2025,9,True
Turkey,All,2023,68,True
Belize,All,2022,20,True
Romania,All,2026,10,False
Egypt,All,2016,0,True
Egypt,All,2017,0,True
Croatia,All,2024,125,True
Cyprus,All,2022,9,True
Australia,All,2021,3582,True
Poland,All,2022,211,True
Brazil,All,2025,1868,True
Peru,All,2017,0,True
Switzerland,All,2024,2187,True
France,Biotechnology,2023,136,True
Japan,Biotechnology,2018,59,True
Turkey,Biotechnology,2023,0,True
Canada,Biotechnology,2019,20,True
Hungary,Biotechnology,2020,5,True
South Korea,Biotechnology,2016,1,True
Taiwan,Biotechnology,2023,9,True
Taiwan,Biotechnology,2024,10,True
Uruguay,Community and Lifestyle,2021,0,True
Chile,Community and Lifestyle,2018,0,True
South Korea,Community and Lifestyle,2024,17,True
Ethiopia,Community and Lifestyle,2023,0,True
missing,Community and Lifestyle,2020,3,True
Norway,Community and Lifestyle,2021,1,True
Czechia,Community and Lifestyle,2018,0,True
Portugal,Community and Lifestyle,2025,18,True
India,Community and Lifestyle,2026,4,False
Malaysia,Community and Lifestyle,2026,0,False
Egypt,Community and Lifestyle,2017,0,True
Japan,Community and Lifestyle,2018,39,True
Israel,Community and Lifestyle,2022,158,True
Mexico,Computer Vision,2024,1,True
Sweden,Computer Vision,2017,0,True
China,Computer Vision,2016,179,True
Spain,Computer Vision,2021,2,True
France,Computer Vision,2024,267,True
Estonia,Computer Vision,2019,3,True
Belgium,Computer Vision,2019,1,True
Serbia,Computer Vision,2022,0,True
United Kingdom,Computer Vision,2026,101,False
Poland,Consumer goods,2021,0,True
Austria,Consumer goods,2020,8,True
Turkey,Consumer goods,2017,0,True
Belgium,Consumer goods,2018,7,True
China,Consumer goods,2021,669,True
Mexico,Consumer goods,2016,0,True
Canada,Consumer goods,2017,13,True
Norway,Consumer goods,2017,12,True
Lithuania,Consumer goods,2025,2,True
Bulgaria,Cyber Security,2023,0,True
Spain,Cyber Security,2019,1,True
Belgium,Cyber Security,2025,2,True
Austria,Cyber Security,2024,0,True
India,Cyber Security,2025,0,True
Turkey,Cyber Security,2025,1,True
Canada,Cyber Security,2017,28,True
Pakistan,Data and analytics,2020,0,True
Argentina,Data and analytics,2026,4,False
Qatar,Data and analytics,2026,1,False
Jordan,Data and analytics,2025,0,True
France,Data and analytics,2026,3921,False
Iceland,Data and analytics,2017,2,True
Taiwan,Data and analytics,2021,165,True
Taiwan,Data and analytics,2026,610,False
South Africa,Data and analytics,2017,29,True
Nigeria,Data and analytics,2022,4,True
Saudi Arabia,Data and analytics,2025,1371,True
Netherlands,Data and analytics,2021,774,True
Netherlands,Data and analytics,2022,1516,True
Russia,Data and analytics,2023,117,True
Ghana,Data and analytics,2023,12,True
Canada,Data and analytics,2025,3378,True
Czechia,Data and analytics,2026,51,False
Australia,Data and analytics,2019,238,True
Sri Lanka,Data and analytics,2022,0,True
Colombia,Data and analytics,2020,6,True
Colombia,Data and analytics,2022,18,True
Romania,Data and analytics,2016,1,True
Cyprus,Education,2018,1,True
Egypt,Education,2019,1,True
Vietnam,Education,2023,1,True
Nigeria,Education,2022,0,True
Ireland,Education,2024,0,True
Tanzania,Education,2017,0,True
New Zealand,Education,2026,0,False
United Kingdom,Education,2024,88,True
Canada,Education,2021,12,True
North Macedonia,Education,2024,0,True
Luxembourg,Energy and natural resources,2025,0,True
missing,Energy and natural resources,2026,56,False
China,Energy and natural resources,2022,326,True
Belgium,Energy and natural resources,2017,95,True
South Africa,Energy and natural resources,2020,0,True
South Korea,Energy and natural resources,2019,3,True
South Korea,Energy and natural resources,2020,25,True
Taiwan,Energy and natural resources,2021,6,True
Spain,Facial Recognition,2021,21,True
South Africa,Facial Recognition,2022,8,True
Cyprus,Finance,2017,2,True
Netherlands,Finance,2025,170,True
China,Finance,2026,148,False
Lebanon,Finance,2019,0,True
France,Finance,2026,583,False
Ghana,Finance,2026,9,False
Seychelles,Finance,2017,1,True
Germany,Finance,2019,54,True
Spain,Finance,2025,188,True
Serbia,Finance,2019,0,True
United States,Finance,2022,13588,True
Singapore,Finance,2026,249,False
Sweden,Finance,2019,0,True
Turkey,Gaming,2020,0,True
India,Gaming,2019,7,True
Ukraine,Gaming,2023,0,True
Spain,Gaming,2016,0,True
New Zealand,Gaming,2021,149,True
Singapore,Gaming,2023,6,True
Australia,Gaming,2023,0,True
Estonia,Gaming,2022,1,True
Taiwan,General purpose,2022,157,True
Poland,General purpose,2016,16,True
United States,General purpose,2017,11797,True
Slovakia,General purpose,2023,22,True
Pakistan,General purpose,2019,0,True
Portugal,General purpose,2026,18,False
Greece,General purpose,2021,57,True
Tunisia,General purpose,2024,2,True
Sri Lanka,General purpose,2017,9,True
Sri Lanka,General purpose,2023,4,True
Hungary,General purpose,2019,4,True
Germany,General purpose,2026,6500,False
Cyprus,General purpose,2018,2,True
Kenya,General purpose,2017,0,True
Sweden,General purpose,2022,3582,True
Italy,General purpose,2019,11,True
Egypt,Hardware,2023,0,True
Greece,Hardware,2020,203,True
Belgium,Hardware,2026,272,False
Finland,Hardware,2017,13,True
Czechia,Hardware,2018,0,True
France,Hardware,2021,211,True
South Korea,Hardware,2022,142,True
Serbia,Hardware,2018,0,True
Serbia,Hardware,2022,0,True
Turkey,Hardware,2020,1,True
Slovakia,Hardware,2016,1,True
Argentina,Hardware,2026,0,False
Nigeria,Hardware,2021,0,True
Austria,Healthcare and Life Sciences,2026,36,False
Kenya,Healthcare and Life Sciences,2018,20,True
South Korea,Healthcare and Life Sciences,2020,129,True
Ghana,Healthcare and Life Sciences,2022,1,True
South Africa,Healthcare and Life Sciences,2017,0,True
United States,Healthcare and Life Sciences,2016,905,True
United States,Healthcare and Life Sciences,2020,8751,True
United States,Healthcare and Life Sciences,2022,7307,True
Ireland,Healthcare and Life Sciences,2021,4,True
Brazil,Healthcare and Life Sciences,2022,38,True
Spain,Healthcare and Life Sciences,2018,11,True
missing,Healthcare and Life Sciences,2023,1,True
Ghana,Information Technology,2021,0,True
India,Information Technology,2021,391,True
Malta,Information Technology,2020,37,True
Spain,Information Technology,2021,311,True
Saudi Arabia,Information Technology,2017,16,True
Georgia,Information Technology,2023,0,True
Argentina,Information Technology,2016,0,True
Norway,Information Technology,2019,262,True
Serbia,Information Technology,2026,43,False
Hungary,Information Technology,2018,6,True
Panama,Information Technology,2025,5,True
Switzerland,Information Technology,2023,151,True
Mexico,Lending and Investments,2022,26,True
Australia,Lending and Investments,2021,386,True
Sweden,Lending and Investments,2024,2,True
France,Lending and Investments,2026,27,False
Brazil,Lending and Investments,2019,20,True
China,Lending and Investments,2016,62,True
China,Lending and Investments,2018,41,True
Ghana,Lending and Investments,2026,6,False
Jordan,Lending and Investments,2022,0,True
Chile,Manufacturing,2021,0,True
Singapore,Manufacturing,2018,5,True
Bulgaria,Manufacturing,2023,5,True
Estonia,Manufacturing,2025,5,True
Nigeria,Manufacturing,2026,0,False
South Korea,Manufacturing,2019,9,True
Japan,Manufacturing,2025,99,True
Israel,Manufacturing,2023,220,True
Turkey,Manufacturing,2024,1,True
Romania,Manufacturing,2020,0,True
Slovenia,Manufacturing,2017,0,True
New Zealand,Media and Entertainment,2025,1,True
France,Media and Entertainment,2017,206,True
South Korea,Media and Entertainment,2026,27,False
Latvia,Media and Entertainment,2021,0,True
Brazil,Media and Entertainment,2019,7,True
missing,Media and Entertainment,2020,400,True
Belgium,Media and Entertainment,2017,0,True
Belgium,Media and Entertainment,2024,0,True
Italy,Media and Entertainment,2021,3,True
Hungary,Media and Entertainment,2025,0,True
Saudi Arabia,Media and Entertainment,2023,15,True
Switzerland,Media and Entertainment,2019,50,True
Israel,"Military, public safety and government",2020,9,True
Norway,"Military, public safety and government",2024,0,True
Japan,"Military, public safety and government",2026,1,False
France,"Military, public safety and government",2023,6,True
Bangladesh,"Military, public safety and government",2019,0,True
Spain,"Mobile, platforms & Internet services",2022,120,True
Kazakhstan,"Mobile, platforms & Internet services",2020,1,True
Netherlands,"Mobile, platforms & Internet services",2020,54,True
France,"Mobile, platforms & Internet services",2021,356,True
Uruguay,"Mobile, platforms & Internet services",2020,0,True
Germany,"Mobile, platforms & Internet services",2025,4326,True
New Zealand,"Mobile, platforms & Internet services",2022,8,True
missing,"Mobile, platforms & Internet services",2024,69,True
Romania,"Mobile, platforms & Internet services",2022,8,True
Austria,NLP,2016,0,True
Japan,NLP,2016,3,True
Switzerland,NLP,2017,1,True
Latvia,NLP,2021,0,True
United States,NLP,2019,4111,True
Poland,NLP,2022,26,True
Netherlands,NLP,2018,6,True
Italy,NLP,2017,1,True
United Kingdom,Navigation and mapping,2016,0,True
Italy,Navigation and mapping,2021,1,True
India,Navigation and mapping,2025,230,True
Netherlands,Navigation and mapping,2018,0,True
Malaysia,Navigation and mapping,2016,3,True
Singapore,Navigation and mapping,2017,1,True
Switzerland,Other,2023,2,True
Denmark,Other,2021,0,True
Denmark,Other,2025,105,True
Poland,Other,2022,3,True
Mexico,Other,2021,4,True
Israel,Other,2016,13,True
Israel,Other,2017,18,True
South Korea,Other,2023,44,True
Chile,Other,2023,0,True
Kuwait,Other,2025,1,True
Czechia,Other,2019,0,True
Spain,Privacy and Security,2023,163,True
South Korea,Privacy and Security,2017,0,True
missing,Privacy and Security,2026,55219,False
Turkey,Privacy and Security,2024,57,True
Tunisia,Privacy and Security,2021,0,True
Chile,Privacy and Security,2024,0,True
China,Privacy and Security,2021,227,True
Sweden,Privacy and Security,2022,10,True
Saudi Arabia,Privacy and Security,2022,42,True
Azerbaijan,Professional services,2022,0,True
United Arab Emirates,Professional services,2019,6,True
Malaysia,Professional services,2020,5,True
Saudi Arabia,Professional services,2024,758,True
United States,Professional services,2020,7806,True
Nigeria,Professional services,2020,1,True
Kazakhstan,Professional services,2022,1,True
Croatia,Professional services,2019,0,True
Australia,Professional services,2023,117,True
Bulgaria,Real estate,2023,0,True
Mexico,Real estate,2021,2,True
Mexico,Real estate,2025,1,True
Netherlands,Real estate,2018,5,True
Netherlands,Real estate,2024,329,True
Philippines,Robotics,2022,0,True
Finland,"Sales, retail, commerce, marketing",2019,219,True
Denmark,"Sales, retail, commerce, marketing",2019,7,True
Canada,"Sales, retail, commerce, marketing",2018,169,True
Egypt,"Sales, retail, commerce, marketing",2016,0,True
Egypt,"Sales, retail, commerce, marketing",2018,0,True
Mexico,"Sales, retail, commerce, marketing",2023,24,True
Poland,"Sales, retail, commerce, marketing",2017,4,True
Poland,"Sales, retail, commerce, marketing",2020,44,True
Sweden,"Sales, retail, commerce, marketing",2024,12,True
Vietnam,"Sales, retail, commerce, marketing",2021,9,True
Indonesia,"Sales, retail, commerce, marketing",2025,0,True
Kenya,"Sales, retail, commerce, marketing",2017,0,True
Greece,"Sales, retail, commerce, marketing",2020,1,True
Estonia,"Sales, retail, commerce, marketing",2026,1,False
South Africa,"Sales, retail, commerce, marketing",2021,0,True
Japan,"Sales, retail, commerce, marketing",2017,38,True
Brazil,"Sales, retail, commerce, marketing",2016,5,True
Brazil,"Sales, retail, commerce, marketing",2026,35,False
Nigeria,"Sales, retail, commerce, marketing",2016,0,True
Luxembourg,"Sales, retail, commerce, marketing",2025,1,True
China,Semiconductor,2020,94,True
Canada,Simulation,2026,7,False
Israel,Software,2016,641,True
Israel,Software,2023,1647,True
Chile,Software,2026,12,False
Zambia,Software,2025,0,True
Spain,Software,2018,117,True
Indonesia,Software,2024,48,True
Portugal,Software,2018,130,True
Lebanon,Software,2018,4,True
Singapore,Software,2022,3110,True
Jamaica,Software,2026,2,False
Latvia,Software,2026,1,False
Austria,Software,2022,92,True
Austria,Software,2024,887,True
Austria,Software,2026,119,False
Croatia,Software,2019,2,True
Ghana,Software,2022,2,True
Romania,Software,2026,4,False
Iraq,Software,2026,4,False
Bulgaria,Software,2025,128,True
Canada,Software,2016,1401,True
Portugal,Speech Recognition,2023,0,True
Germany,Speech Recognition,2023,1,True
Switzerland,Sports,2024,11,True
Ukraine,Sports,2019,0,True
New Zealand,Sports,2020,62,True
Poland,Telecommunications,2020,1,True
South Korea,Telecommunications,2020,3,True
Brazil,Telecommunications,2019,0,True
Saudi Arabia,Transportation,2019,0,True
Saudi Arabia,Transportation,2023,5,True
South Africa,Transportation,2016,52,True
Switzerland,Transportation,2019,93,True
Sweden,Transportation,2017,0,True
India,Transportation,2025,98,True
Denmark,Transportation,2016,0,True
Portugal,Transportation,2026,1,False
New Zealand,Agriculture,2026,1,False
Algeria,Agriculture,2022,0,True
Belgium,Agriculture,2022,131,True
Australia,Agriculture,2017,2,True
Kenya,Agriculture,2021,11,True
Egypt,Agriculture,2023,0,True
Colombia,All,2016,2,True
North Macedonia,All,2022,1,True
Tunisia,All,2026,0,False
Argentina,All,2024,561,True
South Korea,All,2017,172,True
Bulgaria,All,2017,3,True
New Zealand,All,2022,222,True
Portugal,All,2023,103,True
Croatia,All,2020,1,True
Italy,All,2024,459,True
Singapore,All,2023,2123,True
United States,All,2022,108067,True
Tajikistan,All,2024,3,True
Bangladesh,All,2024,2,True
Czechia,All,2021,163,True
Brazil,All,2016,43,True
Sri Lanka,All,2021,0,True
Canada,All,2022,23815,True
China,All,2023,11787,True
Bahrain,All,2020,0,True
Australia,Biotechnology,2024,1,True
Sweden,Biotechnology,2019,4,True
Sweden,Biotechnology,2025,4,True
Chile,Biotechnology,2021,0,True
Hungary,Biotechnology,2019,1,True
Brazil,Biotechnology,2023,1,True
Austria,Biotechnology,2023,3,True
Spain,Community and Lifestyle,2024,21,True
Norway,Community and Lifestyle,2026,2,False
Portugal,Community and Lifestyle,2018,1,True
France,Community and Lifestyle,2024,13,True
Sweden,Community and Lifestyle,2021,10,True
United Arab Emirates,Community and Lifestyle,2024,12,True
Finland,Community and Lifestyle,2023,0,True
Singapore,Community and Lifestyle,2018,13,True
Turkey,Community and Lifestyle,2019,0,True
Hungary,Computer Vision,2020,5,True
Taiwan,Computer Vision,2016,5,True
Austria,Computer Vision,2025,27,True
Netherlands,Computer Vision,2020,106,True
Germany,Computer Vision,2022,298,True
Kenya,Consumer goods,2022,0,True
Ukraine,Consumer goods,2017,0,True
China,Consumer goods,2023,212,True
Lithuania,Consumer goods,2024,0,True
South Korea,Consumer goods,2017,5,True
Estonia,Cyber Security,2025,10,True
Japan,Cyber Security,2026,1,False
Spain,Cyber Security,2017,0,True
Cyprus,Cyber Security,2017,1,True
France,Cyber Security,2016,1,True
Dominican Republic,Data and analytics,2020,0,True
Slovakia,Data and analytics,2024,1,True
Saint Kitts and Nevis,Data and analytics,2021,0,True
Senegal,Data and analytics,2024,5,True
Slovenia,Data and analytics,2016,1,True
Ukraine,Data and analytics,2018,0,True
Mauritius,Data and analytics,2022,12,True
Sweden,Data and analytics,2024,114,True
Egypt,Data and analytics,2021,2,True
Malta,Data and analytics,2018,0,True
Nigeria,Data and analytics,2026,8,False
Saudi Arabia,Data and analytics,2019,181,True
Latvia,Data and analytics,2024,3,True
Netherlands,Data and analytics,2023,1058,True
Russia,Data and analytics,2018,34,True
Lithuania,Data and analytics,2022,2,True
Czechia,Data and analytics,2017,45,True
Cyprus,Data and analytics,2022,7,True
Cyprus,Education,2016,1,True
France,Education,2023,113,True
Indonesia,Education,2022,4,True
Colombia,Education,2023,0,True
Costa Rica,Education,2022,0,True
Belgium,Education,2019,1,True
Israel,Education,2019,1,True
Mexico,Education,2021,0,True
Poland,Education,2021,2,True
United States,Education,2020,1415,True
France,Energy and natural resources,2023,115,True
France,Energy and natural resources,2025,511,True
Canada,Energy and natural resources,2026,162,False
United Kingdom,Energy and natural resources,2021,128,True
Lithuania,Energy and natural resources,2025,1,True
Saudi Arabia,Energy and natural resources,2019,0,True
Brazil,Facial Recognition,2026,1,False
Taiwan,Facial Recognition,2016,8,True
Israel,Finance,2016,11,True
Mauritius,Finance,2021,22,True
Saudi Arabia,Finance,2020,9,True
Chile,Finance,2026,9,False
United Kingdom,Finance,2020,543,True
Mexico,Finance,2023,92,True
Spain,Finance,2021,59,True
Estonia,Finance,2020,2,True
Ireland,Finance,2018,5,True
Ireland,Finance,2020,3,True
Slovakia,Finance,2021,1,True
Czechia,Finance,2016,1,True
United Kingdom,Gaming,2019,5,True
United Kingdom,Gaming,2022,195,True
Germany,Gaming,2016,1,True
Croatia,General purpose,2022,361,True
Croatia,General purpose,2026,4,False
Nigeria,General purpose,2026,8,False
Philippines,General purpose,2023,1,True
Portugal,General purpose,2025,220,True
Greece,General purpose,2018,1,True
Tunisia,General purpose,2021,0,True
Turkey,General purpose,2021,87,True
Uganda,General purpose,2019,0,True
Bulgaria,General purpose,2019,3,True
El Salvador,General purpose,2025,1,True
United Arab Emirates,General purpose,2026,786,False
Egypt,General purpose,2020,1,True
Iceland,General purpose,2020,9,True
Serbia,General purpose,2018,0,True
missing,Hardware,2024,69,True
Japan,Hardware,2021,106,True
Austria,Hardware,2022,0,True
Netherlands,Hardware,2020,106,True
Denmark,Hardware,2020,14,True
Brazil,Hardware,2023,14,True
Australia,Hardware,2017,33,True
Australia,Hardware,2021,83,True
Norway,Healthcare and Life Sciences,2021,5,True
Poland,Healthcare and Life Sciences,2018,3,True
India,Healthcare and Life Sciences,2025,2113,True
Turkey,Healthcare and Life Sciences,2020,1,True
Portugal,Healthcare and Life Sciences,2021,5,True
Portugal,Healthcare and Life Sciences,2026,3,False
South Africa,Healthcare and Life Sciences,2019,2,True
Finland,Healthcare and Life Sciences,2019,5,True
Croatia,Healthcare and Life Sciences,2020,0,True
Switzerland,Healthcare and Life Sciences,2023,53,True
Qatar,Healthcare and Life Sciences,2024,1,True
Saudi Arabia,Healthcare and Life Sciences,2021,2,True
Belgium,Healthcare and Life Sciences,2026,3,False
France,Information Technology,2018,481,True
Ukraine,Information Technology,2021,21,True
China,Information Technology,2025,1989,True
Russia,Information Technology,2016,1,True
Russia,Information Technology,2018,4,True
United States,Information Technology,2022,25071,True
Chile,Information Technology,2021,3,True
Chile,Information Technology,2023,4,True
Cyprus,Information Technology,2021,20,True
Greece,Information Technology,2020,204,True
Malaysia,Information Technology,2019,24,True
Latvia,Information Technology,2020,3,True
Spain,Information Technology,2018,46,True
Serbia,Information Technology,2023,44,True
Austria,Information Technology,2018,10,True
Hungary,Information Technology,2020,2,True
Netherlands,Lending and Investments,2025,22,True
Israel,Lending and Investments,2018,8,True
France,Lending and Investments,2023,10,True
China,Lending and Investments,2023,17,True
Switzerland,Lending and Investments,2025,1,True
Russia,Manufacturing,2021,0,True
United Kingdom,Manufacturing,2018,1160,True
Japan,Manufacturing,2026,120,False
Sri Lanka,Manufacturing,2025,0,True
Australia,Manufacturing,2018,3,True
Australia,Manufacturing,2020,7,True
New Zealand,Manufacturing,2026,1,False
Canada,Manufacturing,2025,166,True
Netherlands,Media and Entertainment,2025,4,True
Indonesia,Media and Entertainment,2019,1,True
South Korea,Media and Entertainment,2019,191,True
Portugal,Media and Entertainment,2019,8,True
Belgium,Media and Entertainment,2025,0,True
Israel,Media and Entertainment,2021,179,True
Czechia,Media and Entertainment,2023,1,True
Taiwan,Media and Entertainment,2019,16,True
Poland,Media and Entertainment,2016,0,True
Saudi Arabia,Media and Entertainment,2018,0,True
missing,"Military, public safety and government",2020,4,True
Singapore,"Military, public safety and government",2017,1,True
Croatia,"Mobile, platforms & Internet services",2025,1,True
Malaysia,"Mobile, platforms & Internet services",2019,0,True
Cyprus,"Mobile, platforms & Internet services",2018,1,True
Zambia,"Mobile, platforms & Internet services",2025,0,True
Austria,"Mobile, platforms & Internet services",2018,25,True
Kazakhstan,"Mobile, platforms & Internet services",2022,1,True
Netherlands,"Mobile, platforms & Internet services",2017,89,True
Bangladesh,"Mobile, platforms & Internet services",2021,0,True
Singapore,"Mobile, platforms & Internet services",2021,670,True
Denmark,"Mobile, platforms & Internet services",2018,621,True
Israel,"Mobile, platforms & Internet services",2017,54,True
Slovakia,"Mobile, platforms & Internet services",2019,2,True
Taiwan,"Mobile, platforms & Internet services",2017,2,True
Canada,"Mobile, platforms & Internet services",2025,1260,True
Taiwan,NLP,2020,28,True
France,NLP,2026,476,False
Serbia,NLP,2018,0,True
Estonia,NLP,2021,5,True
Germany,NLP,2019,8,True
Germany,NLP,2023,59,True
Turkey,NLP,2021,0,True
Canada,NLP,2025,167,True
China,NLP,2020,60,True
Hungary,NLP,2019,2,True
South Korea,NLP,2022,6,True
Denmark,NLP,2019,0,True
Italy,Navigation and mapping,2025,2,True
Singapore,Navigation and mapping,2021,32,True
Lebanon,Other,2016,0,True
Sweden,Other,2020,3430,True
Mexico,Other,2020,8,True
Australia,Other,2016,16,True
Australia,Other,2025,36,True
Netherlands,Other,2018,4,True
Netherlands,Other,2020,0,True
Brazil,Other,2023,22,True
Japan,Other,2020,30,True
Japan,Other,2023,58,True
Malaysia,Other,2025,4,True
Argentina,Privacy and Security,2017,4,True
Czechia,Privacy and Security,2020,18,True
Brazil,Privacy and Security,2022,55,True
Kenya,Privacy and Security,2025,0,True
Romania,Professional services,2024,1,True
Sri Lanka,Professional services,2024,1,True
France,Professional services,2022,680,True
Israel,Professional services,2023,246,True
Egypt,Professional services,2021,0,True
Egypt,Professional services,2026,0,False
Ukraine,Professional services,2021,0,True
Taiwan,Professional services,2018,1,True
Taiwan,Professional services,2022,13,True
Colombia,Professional services,2022,3,True
Trinidad and Tobago,Professional services,2026,1,False
Austria,Professional services,2026,8,False
Australia,Professional services,2019,106,True
Canada,Professional services,2018,2287,True
Turkey,Professional services,2017,0,True
South Africa,Professional services,2021,1,True
Russia,Real estate,2023,0,True
United States,Real estate,2026,6798,False
Singapore,Real estate,2026,42,False
France,Real estate,2023,104,True
Portugal,Real estate,2022,0,True
United Kingdom,Real estate,2023,317,True
Sri Lanka,Real estate,2025,0,True
Latvia,Real estate,2021,0,True
Finland,Real estate,2024,4,True
Japan,Real estate,2018,1,True
United Arab Emirates,Real estate,2025,9,True
Taiwan,Robotics,2021,0,True
China,Robotics,2021,1237,True
Japan,Robotics,2026,3281,False
missing,Robotics,2019,4,True
Germany,Robotics,2016,4,True
Netherlands,Robotics,2017,4,True
United Kingdom,Robotics,2016,11,True
Singapore,Robotics,2023,8,True
Norway,Robotics,2017,0,True
Denmark,"Sales, retail, commerce, marketing",2016,6,True
Australia,"Sales, retail, commerce, marketing",2024,54,True
Mexico,"Sales, retail, commerce, marketing",2021,11,True
Mexico,"Sales, retail, commerce, marketing",2024,5,True
China,"Sales, retail, commerce, marketing",2020,299,True
China,"Sales, retail, commerce, marketing",2024,166,True
South Korea,"Sales, retail, commerce, marketing",2020,16,True
Italy,"Sales, retail, commerce, marketing",2025,24,True
Thailand,"Sales, retail, commerce, marketing",2018,8,True
Kenya,"Sales, retail, commerce, marketing",2022,0,True
Georgia,"Sales, retail, commerce, marketing",2025,2,True
Slovakia,"Sales, retail, commerce, marketing",2019,1,True
Belgium,"Sales, retail, commerce, marketing",2020,98,True
New Zealand,"Sales, retail, commerce, marketing",2020,3,True
India,"Sales, retail, commerce, marketing",2016,27,True
Nigeria,"Sales, retail, commerce, marketing",2018,5,True
Luxembourg,"Sales, retail, commerce, marketing",2020,0,True
Taiwan,Semiconductor,2025,10,True
Canada,Semiconductor,2024,68,True
South Korea,Semiconductor,2017,0,True
Netherlands,Semiconductor,2024,14,True
United Kingdom,Semiconductor,2017,11,True
United States,Simulation,2020,396,True
United States,Simulation,2022,96,True
Germany,Simulation,2020,229,True
Spain,Simulation,2020,3,True
Israel,Simulation,2023,8,True
Czechia,Simulation,2020,1,True
Kazakhstan,Software,2023,3,True
Chile,Software,2021,36,True
China,Software,2024,9853,True
Spain,Software,2020,136,True
Indonesia,Software,2026,4,False
Slovakia,Software,2024,6,True
Luxembourg,Software,2021,283,True
Morocco,Software,2026,0,False
Argentina,Software,2016,0,True
Jamaica,Software,2024,1,True
Czechia,Software,2019,23,True
Latvia,Software,2019,2,True
Egypt,Software,2019,2,True
Georgia,Software,2026,3,False
United Kingdom,Speech Recognition,2022,24,True
Australia,Sports,2026,3,False
Canada,Sports,2018,4,True
Finland,Telecommunications,2023,0,True
Japan,Telecommunications,2025,2,True
Israel,Telecommunications,2022,339,True
India,Telecommunications,2020,16449,True
United Kingdom,Telecommunications,2024,149,True
Switzerland,Telecommunications,2020,2,True
Singapore,Telecommunications,2017,1,True
Singapore,Telecommunications,2019,4,True
United States,Telecommunications,2020,1368,True
Australia,Transportation,2025,16,True
Bulgaria,Transportation,2024,0,True
South Africa,Transportation,2020,1,True
Italy,Transportation,2019,1,True
Estonia,Transportation,2018,0,True
France,Transportation,2022,232,True
Malaysia,Transportation,2017,1,True
Ghana,Transportation,2026,3,False
Singapore,Transportation,2016,0,True
Sweden,Transportation,2025,8,True
Chile,Transportation,2021,4,True
Chile,Transportation,2022,1,True
Japan,Transportation,2023,60,True
Taiwan,Transportation,2025,20,True
Dominican Republic,Transportation,2023,2,True
United Kingdom,Transportation,2025,265,True
Norway,Agriculture,2016,5,True
Thailand,Agriculture,2020,1,True
Ireland,Agriculture,2020,0,True
Ireland,Agriculture,2022,59,True
United Kingdom,Agriculture,2020,14,True
Brazil,Agriculture,2025,2,True
Turkey,Agriculture,2026,0,False
France,All,2020,3184,True
France,All,2023,5011,True
Norway,All,2026,9470,False
Slovakia,All,2024,30,True
Mexico,All,2017,23,True
Argentina,All,2025,87,True
Denmark,All,2020,343,True
Bulgaria,All,2018,13,True
Nigeria,All,2020,6,True
Sweden,All,2017,398,True
Latvia,All,2023,1,True
Vietnam,All,2018,0,True
Vietnam,All,2025,304,True
Japan,All,2016,292,True
Czechia,All,2020,57,True
Pakistan,All,2017,1,True
Australia,All,2022,1182,True
Guatemala,All,2019,6,True
Peru,All,2019,1,True
El Salvador,All,2025,1,True
Switzerland,All,2021,1292,True
Argentina,Biotechnology,2016,0,True
Spain,Biotechnology,2020,6,True
China,Biotechnology,2020,186,True
Chile,Biotechnology,2022,1,True
Brazil,Biotechnology,2017,1,True
India,Biotechnology,2019,2,True
India,Biotechnology,2026,5,False
Armenia,Biotechnology,2023,2,True
Uruguay,Community and Lifestyle,2017,0,True
Italy,Community and Lifestyle,2024,1,True
Czechia,Community and Lifestyle,2017,1,True
United Kingdom,Community and Lifestyle,2024,252,True
Switzerland,Community and Lifestyle,2022,41,True
Indonesia,Community and Lifestyle,2025,0,True
Germany,Community and Lifestyle,2017,5,True
Ireland,Computer Vision,2021,0,True
Japan,Computer Vision,2017,102,True
Norway,Computer Vision,2018,1,True
Switzerland,Computer Vision,2025,257,True
United States,Computer Vision,2017,780,True
Israel,Computer Vision,2017,36,True
Austria,Computer Vision,2016,3,True
Bulgaria,Computer Vision,2019,0,True
India,Computer Vision,2017,18,True
Switzerland,Consumer goods,2026,31,False
Ukraine,Consumer goods,2022,0,True
India,Consumer goods,2024,39,True
Turkey,Consumer goods,2020,0,True
South Korea,Cyber Security,2022,4,True
Switzerland,Cyber Security,2025,238,True
Turkey,Cyber Security,2019,0,True
Italy,Cyber Security,2024,63,True
Kenya,Data and analytics,2016,1,True
Bosnia and Herzegovina,Data and analytics,2016,0,True
Bosnia and Herzegovina,Data and analytics,2023,0,True
France,Data and analytics,2020,1734,True
Thailand,Data and analytics,2024,48,True
Algeria,Data and analytics,2022,0,True
Peru,Data and analytics,2022,3,True
Peru,Data and analytics,2023,1,True
Brazil,Data and analytics,2019,207,True
Japan,Data and analytics,2017,542,True
Sweden,Data and analytics,2017,216,True
Chile,Data and analytics,2019,8,True
Italy,Data and analytics,2022,52,True
Russia,Data and analytics,2016,5,True
Croatia,Data and analytics,2025,4,True
missing,Data and analytics,2023,153,True
China,Data and analytics,2018,3554,True
Switzerland,Data and analytics,2022,824,True
Australia,Data and analytics,2020,234,True
United Kingdom,Data and analytics,2018,9744,True
Colombia,Data and analytics,2016,0,True
Bangladesh,Education,2023,1,True
France,Education,2025,272,True
Egypt,Education,2024,12,True
South Africa,Education,2025,5,True
Kenya,Education,2023,1,True
Australia,Education,2016,0,True
Austria,Education,2017,1,True
United Kingdom,Education,2026,1425,False
Italy,Energy and natural resources,2022,1,True
United Arab Emirates,Energy and natural resources,2025,0,True
Austria,Energy and natural resources,2022,2,True
Canada,Energy and natural resources,2021,125,True
Chile,Energy and natural resources,2022,1,True
Brazil,Energy and natural resources,2026,55,False
Israel,Energy and natural resources,2023,31,True
Kenya,Energy and natural resources,2022,0,True
Czechia,Energy and natural resources,2021,2,True
Bahrain,Facial Recognition,2021,0,True
Cyprus,Finance,2025,0,True
Uzbekistan,Finance,2025,0,True
Saudi Arabia,Finance,2021,227,True
Lebanon,Finance,2018,2,True
France,Finance,2018,19,True
France,Finance,2020,60,True
Norway,Finance,2023,42,True
Bulgaria,Finance,2024,1,True
Chile,Finance,2019,1,True
South Korea,Finance,2016,47,True
Mexico,Finance,2019,108,True
Vietnam,Finance,2026,0,False
Malaysia,Finance,2022,0,True
Botswana,Finance,2016,0,True
New Zealand,Finance,2019,2,True
New Zealand,Finance,2025,8,True
Switzerland,Gaming,2022,0,True
Australia,Gaming,2026,39,False
Germany,Gaming,2019,0,True
Germany,Gaming,2020,0,True
Bangladesh,General purpose,2026,0,False
United States,General purpose,2023,57366,True
Iraq,General purpose,2026,3,False
Peru,General purpose,2022,3,True
Portugal,General purpose,2024,43,True
Greece,General purpose,2019,7,True
Saudi Arabia,General purpose,2023,1211,True
Indonesia,General purpose,2020,263,True
Spain,General purpose,2016,65,True
Hungary,General purpose,2024,27,True
Netherlands,General purpose,2022,1501,True
Tajikistan,General purpose,2024,3,True
Romania,General purpose,2023,8,True
Chile,General purpose,2019,7,True
Jordan,General purpose,2022,1,True
Luxembourg,General purpose,2024,21,True
Latvia,General purpose,2017,0,True
Egypt,General purpose,2018,0,True
Thailand,General purpose,2021,12,True
Spain,Hardware,2016,46,True
Spain,Hardware,2024,13,True
United States,Hardware,2016,2635,True
Sweden,Hardware,2022,18,True
Hungary,Hardware,2021,3,True
South Korea,Hardware,2017,18,True
Thailand,Hardware,2026,6,False
Sri Lanka,Hardware,2024,0,True
Malaysia,Hardware,2021,21,True
Malaysia,Hardware,2022,15,True
Russia,Hardware,2021,2,True
Thailand,Healthcare and Life Sciences,2022,0,True
Thailand,Healthcare and Life Sciences,2025,2,True
China,Healthcare and Life Sciences,2025,662,True
Portugal,Healthcare and Life Sciences,2017,1,True
United Kingdom,Healthcare and Life Sciences,2018,116,True
Singapore,Healthcare and Life Sciences,2023,66,True
Cyprus,Healthcare and Life Sciences,2020,4,True
Italy,Healthcare and Life Sciences,2020,6,True
Taiwan,Information Technology,2017,8,True
Taiwan,Information Technology,2025,31,True
United States,Information Technology,2024,38001,True
United States,Information Technology,2025,131660,True
Portugal,Information Technology,2023,17,True
Azerbaijan,Information Technology,2025,0,True
Ireland,Information Technology,2018,154,True
Qatar,Information Technology,2024,0,True
Kenya,Information Technology,2021,13,True
Kenya,Information Technology,2022,6,True
Kenya,Information Technology,2026,2,False
Malaysia,Information Technology,2020,8,True
Sweden,Information Technology,2024,36,True
Saudi Arabia,Information Technology,2025,627,True
Georgia,Information Technology,2022,0,True
Egypt,Information Technology,2018,0,True
Australia,Information Technology,2023,254,True
United States,Lending and Investments,2018,450,True
Turkey,Lending and Investments,2016,2,True
Spain,Lending and Investments,2020,1,True
United Kingdom,Lending and Investments,2019,59,True
Singapore,Manufacturing,2025,163,True
Hungary,Manufacturing,2018,0,True
Denmark,Manufacturing,2018,154,True
Israel,Manufacturing,2020,33,True
Cyprus,Manufacturing,2021,2,True
United States,Manufacturing,2026,16479,False
Norway,Manufacturing,2026,3125,False
France,Manufacturing,2016,8,True
Netherlands,Media and Entertainment,2021,305,True
Turkey,Media and Entertainment,2021,0,True
United Kingdom,Media and Entertainment,2024,142,True
Portugal,Media and Entertainment,2017,130,True
Sri Lanka,Media and Entertainment,2023,1,True
India,Media and Entertainment,2016,17,True
Denmark,Media and Entertainment,2021,6,True
Brazil,"Military, public safety and government",2022,0,True
Norway,"Military, public safety and government",2019,0,True
Turkey,"Military, public safety and government",2022,0,True
France,"Military, public safety and government",2017,2,True
Germany,"Military, public safety and government",2018,230,True
Malaysia,"Mobile, platforms & Internet services",2020,6,True
Finland,"Mobile, platforms & Internet services",2017,4,True
South Korea,"Mobile, platforms & Internet services",2018,91,True
Ireland,"Mobile, platforms & Internet services",2019,79,True
Ireland,"Mobile, platforms & Internet services",2026,9,False
France,"Mobile, platforms & Internet services",2020,372,True
Lithuania,"Mobile, platforms & Internet services",2022,3,True
Denmark,"Mobile, platforms & Internet services",2024,5,True
Estonia,"Mobile, platforms & Internet services",2024,4,True
Bulgaria,"Mobile, platforms & Internet services",2022,0,True
Germany,"Mobile, platforms & Internet services",2016,502,True
missing,"Mobile, platforms & Internet services",2018,0,True
Luxembourg,"Mobile, platforms & Internet services",2020,2,True
Romania,"Mobile, platforms & Internet services",2023,11,True
Italy,"Mobile, platforms & Internet services",2025,681,True
Uzbekistan,"Mobile, platforms & Internet services",2024,0,True
Côte d'Ivoire,"Mobile, platforms & Internet services",2025,0,True
Taiwan,NLP,2018,18,True
Austria,NLP,2019,6,True
Japan,NLP,2021,14,True
Colombia,NLP,2022,1,True
Czechia,NLP,2024,172,True
United Kingdom,NLP,2017,18,True
Brazil,NLP,2017,29,True
Poland,NLP,2021,4,True
Mexico,NLP,2017,1,True
Sweden,NLP,2022,5,True
United Kingdom,Navigation and mapping,2018,15,True
New Zealand,Navigation and mapping,2024,0,True
Canada,Navigation and mapping,2019,1,True
Israel,Navigation and mapping,2017,2,True
Spain,Navigation and mapping,2026,26,False
South Korea,Navigation and mapping,2026,1,False
Brazil,Navigation and mapping,2022,0,True
United States,Navigation and mapping,2019,2044,True
India,Other,2017,3,True
Croatia,Other,2019,0,True
Italy,Other,2022,1,True
United Kingdom,Other,2026,1680,False
Mexico,Other,2016,5,True
United States,Other,2019,6834,True
Luxembourg,Other,2021,0,True
Japan,Other,2026,1768,False
Czechia,Other,2022,1,True
Qatar,Privacy and Security,2022,0,True
Portugal,Privacy and Security,2024,1,True
Canada,Privacy and Security,2025,70,True
Germany,Privacy and Security,2017,15,True
South Korea,Privacy and Security,2023,18,True
Slovenia,Privacy and Security,2016,0,True
Nigeria,Privacy and Security,2026,5,False
Thailand,Privacy and Security,2018,1,True
Australia,Privacy and Security,2016,3,True
Australia,Privacy and Security,2019,2,True
Germany,Professional services,2026,1514,False
Spain,Professional services,2024,129,True
South Korea,Professional services,2018,14,True
Canada,Real estate,2022,989,True
South Africa,Real estate,2025,0,True
Ireland,Real estate,2016,3,True
Norway,Real estate,2025,391,True
Sri Lanka,Real estate,2023,0,True
Finland,Real estate,2023,3,True
Japan,Real estate,2025,14,True
Japan,Real estate,2026,1740,False
Netherlands,Real estate,2017,1,True
Netherlands,Real estate,2021,8,True
Belgium,Real estate,2019,2,True
Argentina,Robotics,2019,1,True
Greece,Robotics,2021,0,True
Japan,Robotics,2017,136,True
Italy,Robotics,2022,2,True
Mexico,Robotics,2024,0,True
Finland,Robotics,2018,1,True
Chile,"Sales, retail, commerce, marketing",2020,2,True
Poland,"Sales, retail, commerce, marketing",2022,65,True
Indonesia,"Sales, retail, commerce, marketing",2022,0,True
Greece,"Sales, retail, commerce, marketing",2024,0,True
Lithuania,"Sales, retail, commerce, marketing",2026,2,False
Israel,"Sales, retail, commerce, marketing",2022,385,True
Saint Kitts and Nevis,"Sales, retail, commerce, marketing",2022,4,True
Japan,"Sales, retail, commerce, marketing",2024,48,True
Japan,"Sales, retail, commerce, marketing",2026,176,False
Colombia,"Sales, retail, commerce, marketing",2021,1,True
Taiwan,"Sales, retail, commerce, marketing",2019,53,True
Switzerland,Semiconductor,2018,8,True
Switzerland,Semiconductor,2021,25,True
United States,Semiconductor,2017,98,True
United States,Semiconductor,2026,9570,False
France,Semiconductor,2026,58,False
Germany,Semiconductor,2026,852,False
France,Simulation,2017,1,True
Greece,Software,2020,12,True
Norway,Software,2019,274,True
Sweden,Software,2017,222,True
Sweden,Software,2022,3611,True
Spain,Software,2025,8877,True
Belgium,Software,2025,633,True
France,Software,2017,840,True
France,Software,2025,5446,True
South Korea,Software,2018,172,True
missing,Software,2022,30,True
Argentina,Software,2020,1,True
United States,Software,2022,60161,True
Zimbabwe,Software,2025,0,True
Latvia,Software,2023,0,True
Finland,Software,2017,30,True
United Arab Emirates,Software,2022,352,True
Switzerland,Software,2020,1459,True
Switzerland,Software,2026,1594,False
Australia,Software,2019,251,True
Germany,Software,2016,813,True
Germany,Software,2020,2898,True
Qatar,Software,2023,2,True
Qatar,Software,2025,1,True
Estonia,Software,2021,32,True
Canada,Software,2026,2397,False
Australia,Speech Recognition,2018,7,True
United Kingdom,Speech Recognition,2024,5,True
Serbia,Speech Recognition,2018,0,True
Denmark,Sports,2021,6,True
United Kingdom,Sports,2019,25,True
Portugal,Sports,2023,6,True
United States,Sports,2018,411,True
Germany,Sports,2022,7,True
Netherlands,Telecommunications,2016,0,True
United Arab Emirates,Telecommunications,2021,1,True
Germany,Telecommunications,2016,93,True
Germany,Telecommunications,2020,15,True
Colombia,Telecommunications,2023,1,True
Taiwan,Telecommunications,2018,0,True
Greece,Telecommunications,2017,58,True
South Korea,Transportation,2018,4,True
Australia,Transportation,2021,398,True
Greece,Transportation,2025,102,True
Netherlands,Transportation,2020,94,True
United Arab Emirates,Transportation,2016,4,True
Iceland,Transportation,2024,0,True
France,Transportation,2023,217,True
France,Transportation,2026,327,False
Hungary,Transportation,2023,3,True
Singapore,Transportation,2020,33,True
Sweden,Transportation,2026,0,False
Brazil,Transportation,2019,2,True
Egypt,Transportation,2019,0,True
Colombia,Transportation,2019,0,True
missing,Transportation,2019,4,True
Finland,Transportation,2018,1,True
Finland,Transportation,2019,200,True
China,Transportation,2017,153,True
Sweden,Agriculture,2022,9,True
Germany,Agriculture,2026,13,False
Netherlands,Agriculture,2019,4,True
Austria,Agriculture,2025,1,True
United Kingdom,Agriculture,2024,74,True
South Korea,Agriculture,2020,6,True
South Korea,Agriculture,2024,4,True
Brazil,Agriculture,2024,18,True
Kenya,Agriculture,2022,3,True
Chile,Agriculture,2019,0,True
Hungary,All,2023,21,True
Saudi Arabia,All,2020,29722,True
Saudi Arabia,All,2024,1902,True
Iran,All,2020,0,True
Greece,All,2026,58,False
Oman,All,2026,20,False
South Korea,All,2016,169,True
Côte d'Ivoire,All,2023,0,True
Turkey,All,2026,376,False
India,All,2020,25214,True
Nigeria,All,2025,41,True
Vietnam,All,2016,2,True
Singapore,All,2025,11474,True
United States,All,2016,21263,True
Bangladesh,All,2023,7,True
Australia,All,2016,105,True
Poland,All,2018,26,True
Qatar,All,2024,5,True
Belgium,All,2020,402,True
Belgium,All,2022,1097,True
Indonesia,All,2022,124,True
Peru,All,2018,0,True
Canada,All,2024,5907,True
Canada,All,2026,9246,False
Mongolia,All,2021,0,True
Bahrain,All,2024,0,True
Germany,Biotechnology,2017,4,True
Sweden,Biotechnology,2020,3,True
Mexico,Biotechnology,2016,1,True
New Zealand,Biotechnology,2019,206,True
Italy,Biotechnology,2019,4,True
Norway,Biotechnology,2025,1,True
Sweden,Community and Lifestyle,2025,0,True
Indonesia,Community and Lifestyle,2018,2,True
Ireland,Community and Lifestyle,2025,17,True
Canada,Computer Vision,2023,111,True
China,Computer Vision,2020,366,True
Portugal,Computer Vision,2025,8,True
France,Computer Vision,2021,105,True
Denmark,Computer Vision,2023,2,True
Singapore,Computer Vision,2016,40,True
Switzerland,Computer Vision,2020,31,True
Thailand,Computer Vision,2022,0,True
Turkey,Computer Vision,2018,1,True
United States,Computer Vision,2023,3254,True
Indonesia,Computer Vision,2021,0,True
Netherlands,Computer Vision,2017,179,True
Poland,Computer Vision,2021,25,True
Chile,Consumer goods,2018,71,True
Czechia,Consumer goods,2023,1,True
Sweden,Consumer goods,2019,93,True
United States,Consumer goods,2025,2981,True
Austria,Consumer goods,2019,0,True
Denmark,Consumer goods,2018,1,True
Portugal,Consumer goods,2025,15,True
Singapore,Consumer goods,2016,0,True
United Arab Emirates,Consumer goods,2021,2,True
Hungary,Cyber Security,2025,3,True
Denmark,Cyber Security,2022,1,True
Czechia,Cyber Security,2024,2,True
United States,Cyber Security,2024,6252,True
France,Cyber Security,2020,11,True
Pakistan,Data and analytics,2024,3,True
Lebanon,Data and analytics,2022,0,True
Estonia,Data and analytics,2025,68,True
Kenya,Data and analytics,2017,1,True
Slovakia,Data and analytics,2025,11,True
Jordan,Data and analytics,2021,0,True
Peru,Data and analytics,2026,0,False
Japan,Data and analytics,2026,11017,False
Singapore,Data and analytics,2022,3056,True
Singapore,Data and analytics,2024,2584,True
Chile,Data and analytics,2023,6,True
Egypt,Data and analytics,2019,2,True
Italy,Data and analytics,2021,2708,True
Mongolia,Data and analytics,2018,0,True
Luxembourg,Data and analytics,2025,4,True
Canada,Data and analytics,2016,965,True
Canada,Data and analytics,2023,2456,True
Malaysia,Data and analytics,2019,19,True
Malaysia,Data and analytics,2025,47,True
missing,Data and analytics,2016,56,True
Romania,Data and analytics,2021,24,True
Nigeria,Education,2021,0,True
Japan,Education,2025,30,True
China,Education,2024,271,True
France,Energy and natural resources,2026,61,False
New Zealand,Energy and natural resources,2024,0,True
Turkey,Energy and natural resources,2021,1,True
Poland,Energy and natural resources,2019,1,True
Saudi Arabia,Energy and natural resources,2020,1,True
Saudi Arabia,Energy and natural resources,2025,8,True
Canada,Facial Recognition,2018,2,True
Australia,Finance,2020,151,True
Canada,Finance,2016,468,True
Iceland,Finance,2021,0,True
Philippines,Finance,2022,24,True
Germany,Finance,2020,507,True
Spain,Finance,2018,3,True
Estonia,Finance,2026,5,False
Denmark,Finance,2019,11,True
Kazakhstan,Finance,2022,0,True
Romania,Finance,2024,1,True
Colombia,Finance,2021,1,True
Colombia,Finance,2026,1,False
Portugal,Finance,2016,2,True
United States,Finance,2016,1496,True
New Zealand,Finance,2021,1,True
Turkey,Gaming,2023,1,True
Malta,Gaming,2020,1,True
Taiwan,General purpose,2017,12,True
Croatia,General purpose,2020,1,True
Peru,General purpose,2019,1,True
Belgium,General purpose,2024,576,True
Dominican Republic,General purpose,2021,0,True
Brazil,General purpose,2025,1080,True
Sri Lanka,General purpose,2021,0,True
Israel,General purpose,2024,4433,True
Romania,General purpose,2016,0,True
Colombia,General purpose,2017,0,True
Finland,General purpose,2024,1504,True
Finland,General purpose,2026,620,False
Poland,Hardware,2024,25,True
Malta,Hardware,2022,2,True
Belgium,Hardware,2017,2,True
Switzerland,Hardware,2018,113,True
Bulgaria,Hardware,2023,5,True
Norway,Hardware,2021,64,True
India,Hardware,2020,11966,True
Germany,Hardware,2016,188,True
Portugal,Hardware,2016,0,True
Portugal,Hardware,2017,3,True
Singapore,Hardware,2024,2554,True
Ukraine,Hardware,2023,4,True
Poland,Healthcare and Life Sciences,2017,7,True
Canada,Healthcare and Life Sciences,2016,938,True
Mexico,Healthcare and Life Sciences,2017,1,True
Chile,Healthcare and Life Sciences,2023,0,True
Finland,Healthcare and Life Sciences,2023,7,True
Tanzania,Healthcare and Life Sciences,2024,0,True
Sweden,Healthcare and Life Sciences,2018,13,True
Tunisia,Healthcare and Life Sciences,2020,1,True
Côte d'Ivoire,Healthcare and Life Sciences,2022,0,True
Turkey,Information Technology,2016,1,True
Seychelles,Information Technology,2016,0,True
United States,Information Technology,2017,7532,True
United States,Information Technology,2020,22629,True
Ireland,Information Technology,2021,49,True
Pakistan,Information Technology,2021,3,True
Romania,Information Technology,2024,3,True
Kenya,Information Technology,2023,3,True
Germany,Information Technology,2021,1213,True
Saudi Arabia,Information Technology,2016,1002,True
Serbia,Information Technology,2024,43,True
Australia,Information Technology,2018,157,True
Austria,Information Technology,2022,16,True
Hungary,Information Technology,2025,3,True
Switzerland,Information Technology,2016,136,True
Costa Rica,Information Technology,2025,1,True
Saudi Arabia,Lending and Investments,2018,16,True
India,Lending and Investments,2026,29,False
Japan,Lending and Investments,2024,13,True
South Africa,Lending and Investments,2021,31,True
Nigeria,Lending and Investments,2018,0,True
Ireland,Lending and Investments,2020,2,True
Spain,Lending and Investments,2025,0,True
Spain,Manufacturing,2024,12,True
Malaysia,Manufacturing,2022,15,True
United Arab Emirates,Manufacturing,2026,10,False
Denmark,Manufacturing,2021,1,True
Luxembourg,Manufacturing,2026,2,False
Thailand,Manufacturing,2023,14,True
Switzerland,Manufacturing,2022,47,True
Norway,Manufacturing,2022,113,True
Turkey,Media and Entertainment,2025,6,True
South Korea,Media and Entertainment,2018,25,True
Brazil,Media and Entertainment,2022,0,True
Belgium,Media and Entertainment,2023,131,True
Czechia,Media and Entertainment,2021,4,True
Italy,Media and Entertainment,2018,2,True
Taiwan,Media and Entertainment,2025,0,True
Albania,Media and Entertainment,2019,7,True
Finland,Media and Entertainment,2020,10,True
Saudi Arabia,Media and Entertainment,2021,1,True
Cyprus,Media and Entertainment,2020,2,True
Iceland,"Military, public safety and government",2019,2,True
Canada,"Military, public safety and government",2019,7,True
United States,"Military, public safety and government",2020,1161,True
Poland,"Military, public safety and government",2020,2,True
Czechia,"Mobile, platforms & Internet services",2021,2,True
Malaysia,"Mobile, platforms & Internet services",2024,0,True
Turkey,"Mobile, platforms & Internet services",2018,501,True
Finland,"Mobile, platforms & Internet services",2018,2,True
Poland,"Mobile, platforms & Internet services",2016,5,True
Iceland,"Mobile, platforms & Internet services",2021,1,True
Mexico,"Mobile, platforms & Internet services",2022,7,True
Bulgaria,"Mobile, platforms & Internet services",2021,0,True
Norway,"Mobile, platforms & Internet services",2017,8,True
Greece,"Mobile, platforms & Internet services",2017,58,True
Sweden,"Mobile, platforms & Internet services",2025,601,True
Egypt,"Mobile, platforms & Internet services",2026,4,False
Portugal,NLP,2025,2,True
Japan,NLP,2025,9,True
Ireland,NLP,2021,55,True
Ireland,NLP,2024,48,True
Qatar,NLP,2023,0,True
United Kingdom,Navigation and mapping,2024,6,True
Italy,Navigation and mapping,2022,0,True
Japan,Navigation and mapping,2021,2,True
Japan,Navigation and mapping,2025,1,True
Germany,Navigation and mapping,2018,4,True
Jamaica,Other,2018,0,True
Ireland,Other,2018,9,True
Lithuania,Other,2022,2,True
Netherlands,Other,2021,13,True
Portugal,Privacy and Security,2019,1,True
Canada,Privacy and Security,2022,247,True
Ireland,Privacy and Security,2021,7,True
Ireland,Privacy and Security,2022,30,True
Bulgaria,Privacy and Security,2022,0,True
United States,Privacy and Security,2018,12646,True
Switzerland,Privacy and Security,2020,74,True
Hungary,Professional services,2018,0,True
Sweden,Professional services,2019,7,True
Sweden,Professional services,2021,2395,True
Sweden,Professional services,2022,50,True
Russia,Professional services,2025,1,True
Nigeria,Professional services,2022,2,True
Finland,Professional services,2016,496,True
Austria,Real estate,2024,23,True
Ireland,Real estate,2019,1,True
Poland,Real estate,2024,2,True
Switzerland,Real estate,2025,22,True
Lebanon,Real estate,2016,0,True
Japan,Real estate,2023,1,True
Denmark,Robotics,2017,1,True
Australia,Robotics,2018,0,True
Australia,Robotics,2025,1,True
Israel,Robotics,2023,21,True
Spain,Robotics,2016,22,True
India,Robotics,2018,2,True
Finland,Robotics,2026,1,False
South Korea,Robotics,2016,47,True
Armenia,"Sales, retail, commerce, marketing",2025,0,True
Poland,"Sales, retail, commerce, marketing",2025,47,True
South Korea,"Sales, retail, commerce, marketing",2021,33,True
Uruguay,"Sales, retail, commerce, marketing",2026,1,False
missing,"Sales, retail, commerce, marketing",2024,198,True
Ghana,"Sales, retail, commerce, marketing",2018,1,True
Israel,"Sales, retail, commerce, marketing",2021,627,True
Argentina,"Sales, retail, commerce, marketing",2021,0,True
Pakistan,"Sales, retail, commerce, marketing",2025,0,True
Spain,"Sales, retail, commerce, marketing",2022,365,True
Switzerland,Semiconductor,2025,40,True
Singapore,Semiconductor,2024,1388,True
Israel,Semiconductor,2024,267,True
Canada,Semiconductor,2016,1,True
Switzerland,Simulation,2024,5,True
China,Software,2019,3116,True
Iceland,Software,2022,1613,True
Seychelles,Software,2023,25,True
Philippines,Software,2024,45,True
South Africa,Software,2017,37,True
Portugal,Software,2017,158,True
Slovakia,Software,2020,15,True
Argentina,Software,2019,2,True
Czechia,Software,2026,52,False
Croatia,Software,2025,4,True
El Salvador,Software,2020,0,True
Slovenia,Software,2019,0,True
Tunisia,Software,2019,1,True
Nigeria,Software,2025,35,True
United Arab Emirates,Software,2023,303,True
Jordan,Software,2016,0,True
Senegal,Software,2021,0,True
Japan,Software,2025,652,True
Cyprus,Speech Recognition,2026,67,False
Germany,Speech Recognition,2021,1,True
Israel,Sports,2023,76,True
Nigeria,Sports,2024,1,True
Denmark,Sports,2017,0,True
France,Sports,2021,7,True
Brazil,Sports,2020,1,True
Japan,Sports,2025,0,True
Canada,Telecommunications,2016,646,True
Netherlands,Telecommunications,2018,2,True
Brazil,Telecommunications,2024,43,True
Saudi Arabia,Telecommunications,2022,0,True
Turkey,Transportation,2026,0,False
Austria,Transportation,2025,41,True
Switzerland,Transportation,2025,260,True
Israel,Transportation,2016,22,True
Israel,Transportation,2019,58,True
Japan,Transportation,2017,16,True
Portugal,Transportation,2016,0,True
Slovenia,Transportation,2017,0,True
Ireland,Transportation,2017,2,True
Ireland,Transportation,2022,7,True
China,Transportation,2025,2055,True
Nigeria,Agriculture,2022,1,True
Paraguay,Agriculture,2024,0,True
Japan,Agriculture,2017,1,True
Japan,Agriculture,2024,7,True
Japan,Agriculture,2025,2,True
Switzerland,Agriculture,2022,7,True
Switzerland,Agriculture,2025,7,True
Lebanon,All,2016,1,True
Lebanon,All,2025,0,True
Austria,All,2020,111,True
Kenya,All,2018,44,True
Côte d'Ivoire,All,2022,0,True
Uganda,All,2022,0,True
Barbados,All,2016,18,True
Latvia,All,2025,2,True
Poland,All,2016,19,True
Indonesia,All,2026,6,False
Mongolia,All,2018,0,True
Uruguay,Biotechnology,2022,0,True
Russia,Biotechnology,2019,1,True
Mexico,Biotechnology,2017,0,True
United States,Biotechnology,2022,1576,True
Israel,Biotechnology,2023,16,True
Armenia,Biotechnology,2026,0,False
Bulgaria,Community and Lifestyle,2021,0,True
India,Community and Lifestyle,2021,15,True
India,Community and Lifestyle,2023,65,True
Saudi Arabia,Community and Lifestyle,2021,9,True
Brazil,Computer Vision,2016,3,True
Cyprus,Computer Vision,2019,0,True
Canada,Computer Vision,2017,31,True
Spain,Computer Vision,2020,34,True
Italy,Computer Vision,2019,1,True
Singapore,Computer Vision,2017,85,True
United States,Computer Vision,2025,22665,True
United States,Computer Vision,2026,1189,False
United Kingdom,Computer Vision,2022,103,True
Saudi Arabia,Consumer goods,2016,1001,True
Hungary,Consumer goods,2021,0,True
India,Consumer goods,2019,23,True
Canada,Consumer goods,2021,167,True
Finland,Consumer goods,2025,0,True
South Korea,Consumer goods,2018,3,True
Estonia,Cyber Security,2020,3,True
Poland,Cyber Security,2026,0,False
Singapore,Cyber Security,2026,10,False
Spain,Cyber Security,2021,96,True
Canada,Cyber Security,2023,1,True
United States,Cyber Security,2025,17720,True
Ireland,Data and analytics,2016,183,True
Hungary,Data and analytics,2024,27,True
Lebanon,Data and analytics,2019,0,True
Qatar,Data and analytics,2020,0,True
Paraguay,Data and analytics,2024,0,True
Germany,Data and analytics,2017,797,True
Tunisia,Data and analytics,2025,0,True
Ukraine,Data and analytics,2021,21,True
Taiwan,Data and analytics,2019,105,True
Israel,Data and analytics,2023,1248,True
Denmark,Data and analytics,2018,1000,True
Denmark,Data and analytics,2024,727,True
Saudi Arabia,Data and analytics,2016,1062,True
Latvia,Data and analytics,2023,0,True
Tajikistan,Data and analytics,2025,1,True
Czechia,Data and analytics,2023,95,True
Switzerland,Data and analytics,2024,1382,True
Colombia,Data and analytics,2021,9,True
Egypt,Education,2016,0,True
Turkey,Education,2016,0,True
Austria,Education,2021,63,True
Finland,Education,2024,5,True
Hungary,Education,2025,1,True
France,Energy and natural resources,2020,3,True
Japan,Energy and natural resources,2019,3,True
Spain,Energy and natural resources,2017,3,True
Spain,Energy and natural resources,2021,5,True
Canada,Energy and natural resources,2016,66,True
Ireland,Energy and natural resources,2023,7,True
Ireland,Energy and natural resources,2025,4,True
Chile,Energy and natural resources,2019,1,True
Estonia,Energy and natural resources,2024,13,True
Brazil,Energy and natural resources,2023,1,True
Germany,Energy and natural resources,2026,1162,False
Australia,Facial Recognition,2020,0,True
South Africa,Facial Recognition,2026,3,False
China,Facial Recognition,2022,2,True
Egypt,Finance,2025,1,True
Ghana,Finance,2019,0,True
Germany,Finance,2021,276,True
United States,Finance,2020,9618,True
India,Gaming,2026,36,False
Panama,Gaming,2023,0,True
France,Gaming,2018,0,True
Israel,Gaming,2020,7,True
Taiwan,General purpose,2018,22,True
Poland,General purpose,2023,102,True
Ghana,General purpose,2016,3,True
Peru,General purpose,2026,0,False
Côte d'Ivoire,General purpose,2022,0,True
Belgium,General purpose,2021,932,True
Turkey,General purpose,2024,93,True
Indonesia,General purpose,2026,4,False
United Kingdom,General purpose,2021,3562,True
United Kingdom,General purpose,2024,4000,True
Austria,General purpose,2018,35,True
Austria,General purpose,2022,70,True
Costa Rica,General purpose,2022,0,True
Kazakhstan,General purpose,2026,0,False
Ecuador,General purpose,2017,5,True
Qatar,General purpose,2022,0,True
Mexico,General purpose,2025,171,True
Colombia,General purpose,2018,0,True
Colombia,General purpose,2020,2,True
Colombia,General purpose,2026,7,False
Japan,General purpose,2024,858,True
Finland,General purpose,2018,12,True
Thailand,General purpose,2025,2,True
Estonia,Hardware,2016,8,True
Taiwan,Hardware,2019,11,True
Norway,Hardware,2016,14,True
Peru,Hardware,2021,0,True
Brazil,Hardware,2019,4,True
Romania,Hardware,2020,1,True
Ukraine,Hardware,2017,0,True
Austria,Healthcare and Life Sciences,2017,2,True
Nigeria,Healthcare and Life Sciences,2023,2,True
Nigeria,Healthcare and Life Sciences,2025,0,True
Canada,Healthcare and Life Sciences,2022,2996,True
Turkey,Healthcare and Life Sciences,2018,0,True
Kenya,Healthcare and Life Sciences,2023,2,True
Australia,Healthcare and Life Sciences,2016,3,True
United Kingdom,Healthcare and Life Sciences,2017,60,True
United States,Healthcare and Life Sciences,2018,2186,True
Israel,Healthcare and Life Sciences,2017,116,True
Vietnam,Healthcare and Life Sciences,2024,1,True
Denmark,Healthcare and Life Sciences,2016,0,True
Peru,Healthcare and Life Sciences,2024,0,True
Tunisia,Healthcare and Life Sciences,2024,0,True
Spain,Healthcare and Life Sciences,2016,3,True
Spain,Healthcare and Life Sciences,2021,46,True
Italy,Healthcare and Life Sciences,2024,2,True
Luxembourg,Information Technology,2021,385,True
Indonesia,Information Technology,2024,16,True
Russia,Information Technology,2019,10,True
Czechia,Information Technology,2020,42,True
United States,Information Technology,2021,45496,True
United States,Information Technology,2023,32105,True
Singapore,Information Technology,2016,17,True
Cyprus,Information Technology,2026,0,False
Malta,Information Technology,2018,0,True
United Arab Emirates,Information Technology,2019,5,True
Lithuania,Information Technology,2020,3,True
Kenya,Information Technology,2017,1,True
Kenya,Information Technology,2018,3,True
Sri Lanka,Information Technology,2017,9,True
Latvia,Information Technology,2017,0,True
Uruguay,Information Technology,2024,1,True
Estonia,Information Technology,2016,9,True
Serbia,Information Technology,2018,0,True
Austria,Information Technology,2021,105,True
Hungary,Information Technology,2026,3,False
Slovenia,Information Technology,2022,3,True
Mexico,Lending and Investments,2023,20,True
Iceland,Lending and Investments,2022,1600,True
Australia,Lending and Investments,2017,4,True
Uzbekistan,Lending and Investments,2022,1,True
Kenya,Lending and Investments,2021,0,True
United Kingdom,Lending and Investments,2023,133,True
South Africa,Manufacturing,2024,3,True
Lebanon,Manufacturing,2021,1,True
Brazil,Manufacturing,2023,13,True
Ukraine,Manufacturing,2024,1,True
Estonia,Manufacturing,2020,13,True
Finland,Manufacturing,2020,40,True
Finland,Manufacturing,2023,2,True
Ireland,Manufacturing,2025,23,True
Turkey,Manufacturing,2019,5,True
China,Manufacturing,2025,2916,True
France,Manufacturing,2026,668,False
Indonesia,Media and Entertainment,2017,0,True
Indonesia,Media and Entertainment,2026,2,False
Austria,Media and Entertainment,2024,11,True
United Kingdom,Media and Entertainment,2026,182,False
Italy,Media and Entertainment,2022,2,True
Lithuania,Media and Entertainment,2020,0,True
China,Media and Entertainment,2021,454,True
Finland,Media and Entertainment,2021,0,True
Singapore,Media and Entertainment,2024,20,True
Nigeria,Media and Entertainment,2021,0,True
Switzerland,"Military, public safety and government",2017,13,True
Israel,"Military, public safety and government",2026,134,False
China,"Military, public safety and government",2025,41,True
United Kingdom,"Military, public safety and government",2017,2,True
Italy,"Military, public safety and government",2026,8,False
United States,"Military, public safety and government",2023,1844,True
India,"Military, public safety and government",2017,13,True
South Korea,"Military, public safety and government",2021,12,True
Portugal,"Military, public safety and government",2022,11,True
Belgium,"Mobile, platforms & Internet services",2017,94,True
Belgium,"Mobile, platforms & Internet services",2020,83,True
Belgium,"Mobile, platforms & Internet services",2022,134,True
Belgium,"Mobile, platforms & Internet services",2023,164,True
Spain,"Mobile, platforms & Internet services",2018,40,True
Spain,"Mobile, platforms & Internet services",2020,42,True
Argentina,"Mobile, platforms & Internet services",2019,0,True
Ireland,"Mobile, platforms & Internet services",2022,31,True
India,"Mobile, platforms & Internet services",2016,110,True
India,"Mobile, platforms & Internet services",2021,203,True
Singapore,"Mobile, platforms & Internet services",2023,1153,True
South Africa,"Mobile, platforms & Internet services",2017,22,True
South Africa,"Mobile, platforms & Internet services",2023,2,True
Germany,"Mobile, platforms & Internet services",2021,518,True
Serbia,"Mobile, platforms & Internet services",2018,0,True
Egypt,"Mobile, platforms & Internet services",2019,0,True
Egypt,"Mobile, platforms & Internet services",2020,1,True
Egypt,"Mobile, platforms & Internet services",2025,0,True
Indonesia,"Mobile, platforms & Internet services",2024,0,True
Brazil,"Mobile, platforms & Internet services",2016,2,True
India,NLP,2026,9,False
Cambodia,NLP,2018,0,True
Finland,NLP,2017,1,True
Brazil,NLP,2019,33,True
South Korea,NLP,2020,20,True
Spain,NLP,2017,3,True
United Kingdom,Navigation and mapping,2026,4,False
China,Navigation and mapping,2019,19,True
South Korea,Navigation and mapping,2024,22,True
Germany,Navigation and mapping,2023,34,True
Poland,Navigation and mapping,2021,13,True
Estonia,Other,2021,1,True
United Arab Emirates,Other,2024,11,True
South Korea,Other,2018,5,True
Chile,Other,2024,2,True
Japan,Other,2016,18,True
Czechia,Other,2024,1,True
Germany,Privacy and Security,2025,2597,True
Italy,Privacy and Security,2019,1,True
South Korea,Privacy and Security,2018,2,True
Greece,Privacy and Security,2025,3,True
United States,Privacy and Security,2023,5911,True
Nigeria,Privacy and Security,2022,1,True
Singapore,Privacy and Security,2021,88,True
Italy,Professional services,2017,2,True
Brazil,Professional services,2018,10,True
Brazil,Professional services,2025,185,True
Saudi Arabia,Professional services,2021,2,True
Chile,Professional services,2024,2,True
Australia,Professional services,2025,100,True
Oman,Professional services,2019,0,True
China,Professional services,2025,189,True
Poland,Professional services,2016,3,True
Estonia,Real estate,2019,1,True
South Korea,Real estate,2018,0,True
Australia,Real estate,2024,45,True
Brazil,Real estate,2023,95,True
China,Real estate,2026,356,False
Israel,Real estate,2022,161,True
Turkey,Real estate,2020,0,True
Czechia,Real estate,2024,2,True
China,"Sales, retail, commerce, marketing",2017,115,True
Uruguay,"Sales, retail, commerce, marketing",2024,1,True
Kenya,"Sales, retail, commerce, marketing",2026,2,False
Croatia,"Sales, retail, commerce, marketing",2024,3,True
Norway,"Sales, retail, commerce, marketing",2025,2,True
Argentina,"Sales, retail, commerce, marketing",2026,0,False
Japan,"Sales, retail, commerce, marketing",2016,35,True
Japan,"Sales, retail, commerce, marketing",2019,137,True
Brazil,"Sales, retail, commerce, marketing",2023,15,True
Hungary,"Sales, retail, commerce, marketing",2024,1,True
Cyprus,"Sales, retail, commerce, marketing",2018,1,True
Taiwan,Semiconductor,2022,21,True
Japan,Semiconductor,2023,8,True
Netherlands,Semiconductor,2023,7,True
Israel,Software,2019,12558,True
Malta,Software,2025,2693,True
Iceland,Software,2016,4,True
Thailand,Software,2025,2,True
France,Software,2018,796,True
Luxembourg,Software,2025,4,True
Singapore,Software,2016,113,True
Mauritius,Software,2019,50,True
Tunisia,Software,2022,2,True
Bosnia and Herzegovina,Software,2020,0,True
Kuwait,Software,2023,4,True
United Kingdom,Software,2016,2733,True
Netherlands,Speech Recognition,2016,0,True
Kenya,Sports,2021,1,True
United Kingdom,Sports,2016,6,True
United Kingdom,Sports,2018,8,True
United States,Sports,2017,124,True
China,Sports,2023,69,True
Sweden,Sports,2016,0,True
Finland,Telecommunications,2025,1,True
Germany,Telecommunications,2024,1,True
Czechia,Telecommunications,2022,1,True
Romania,Telecommunications,2024,0,True
Italy,Telecommunications,2023,1,True
Saudi Arabia,Transportation,2018,1,True
Slovakia,Transportation,2019,3,True
South Africa,Transportation,2021,0,True
Italy,Transportation,2026,17,False
Israel,Transportation,2024,523,True
Brazil,Transportation,2024,1,True
Indonesia,Transportation,2023,0,True
Egypt,Transportation,2020,3,True
Qatar,Transportation,2020,0,True
Bahrain,Transportation,2020,0,True
China,Transportation,2019,456,True
Bangladesh,Agriculture,2022,0,True
Norway,Agriculture,2026,2,False
Sweden,Agriculture,2019,2,True
Germany,Agriculture,2017,2,True
South Africa,Agriculture,2017,0,True
United States,Agriculture,2026,559,False
Singapore,Agriculture,2026,1,False
Netherlands,All,2017,619,True
Panama,All,2021,1,True
Lebanon,All,2019,1,True
Saudi Arabia,All,2022,1928,True
Argentina,All,2022,18,True
Kazakhstan,All,2026,0,False
South Korea,All,2026,3247,False
Bosnia and Herzegovina,All,2020,0,True
Bulgaria,All,2025,244,True
Turkey,All,2017,180,True
Malta,All,2018,0,True
Nigeria,All,2017,0,True
Nigeria,All,2026,293,False
Latvia,All,2018,10,True
Latvia,All,2021,1,True
Iceland,All,2023,21,True
Iceland,All,2024,34,True
Mauritius,All,2016,1,True
missing,All,2024,1262,True
Belgium,All,2016,68,True
China,All,2016,5231,True
Switzerland,All,2022,2087,True
Mongolia,All,2025,4,True
Bahrain,All,2025,3,True
Malaysia,All,2025,59,True
Uruguay,Biotechnology,2023,0,True
France,Biotechnology,2022,23,True
Netherlands,Biotechnology,2025,2,True
Ireland,Biotechnology,2024,11,True
Belgium,Biotechnology,2023,131,True
Thailand,Biotechnology,2024,4,True
Norway,Biotechnology,2022,5,True
Switzerland,Community and Lifestyle,2017,0,True
New Zealand,Community and Lifestyle,2021,152,True
Sweden,Community and Lifestyle,2023,3,True
Indonesia,Community and Lifestyle,2021,0,True
Egypt,Community and Lifestyle,2018,0,True
Germany,Community and Lifestyle,2026,377,False
Canada,Computer Vision,2021,131,True
Ireland,Computer Vision,2022,6,True
Turkey,Computer Vision,2017,1,True
Belgium,Computer Vision,2025,2,True
Israel,Computer Vision,2024,622,True
Indonesia,Computer Vision,2018,4,True
United Kingdom,Computer Vision,2023,393,True
Germany,Computer Vision,2021,323,True
India,Computer Vision,2021,44,True
Switzerland,Consumer goods,2017,14,True
France,Consumer goods,2019,124,True
Netherlands,Consumer goods,2020,3,True
Austria,Consumer goods,2017,1,True
Denmark,Consumer goods,2016,3,True
Senegal,Consumer goods,2023,0,True
China,Consumer goods,2020,591,True
Japan,Consumer goods,2023,278,True
Bulgaria,Cyber Security,2022,0,True
Bahrain,Cyber Security,2021,0,True
Canada,Cyber Security,2016,31,True
Italy,Cyber Security,2022,0,True
Ecuador,Data and analytics,2024,0,True
Pakistan,Data and analytics,2017,0,True
Argentina,Data and analytics,2017,4,True
Kenya,Data and analytics,2025,1,True
Norway,Data and analytics,2024,667,True
France,Data and analytics,2025,5273,True
Germany,Data and analytics,2025,14471,True
Kazakhstan,Data and analytics,2019,0,True
Singapore,Data and analytics,2020,651,True
South Korea,Data and analytics,2019,376,True
Iran,Data and analytics,2020,0,True
Austria,Data and analytics,2018,32,True
New Zealand,Data and analytics,2018,95,True
Uruguay,Data and analytics,2021,100,True
Canada,Data and analytics,2019,951,True
Finland,Data and analytics,2022,2226,True
Mexico,Data and analytics,2017,17,True
Poland,Data and analytics,2024,48,True
Romania,Data and analytics,2023,8,True
Bangladesh,Education,2021,0,True
Sweden,Education,2025,1,True
Nigeria,Education,2018,0,True
Singapore,Education,2022,34,True
South Korea,Education,2026,106,False
Jordan,Education,2024,0,True
Kenya,Education,2018,0,True
Norway,Education,2025,139,True
Australia,Education,2026,1,False
Japan,Education,2018,15,True
Slovakia,Education,2021,0,True
Finland,Education,2026,23,False
United Kingdom,Education,2021,119,True
France,Energy and natural resources,2021,115,True
Denmark,Energy and natural resources,2022,13,True
Denmark,Energy and natural resources,2025,8,True
Sweden,Energy and natural resources,2023,15,True
Spain,Energy and natural resources,2025,4,True
Turkey,Energy and natural resources,2026,3,False
Israel,Energy and natural resources,2017,5,True
Switzerland,Energy and natural resources,2022,13,True
India,Energy and natural resources,2016,1,True
United States,Facial Recognition,2020,15,True
United States,Facial Recognition,2022,84,True
China,Facial Recognition,2017,93,True
Mauritius,Finance,2020,3,True
Saudi Arabia,Finance,2023,1187,True
Spain,Finance,2019,17,True
Croatia,Finance,2021,168,True
Bolivia,Finance,2026,0,False
Tunisia,Finance,2019,0,True
Brazil,Finance,2023,428,True
Taiwan,Finance,2026,1,False
Kenya,Finance,2025,0,True
Belgium,Finance,2018,4,True
Portugal,Gaming,2022,2,True
Portugal,Gaming,2023,6,True
Netherlands,Gaming,2022,6,True
Netherlands,Gaming,2024,183,True
Japan,Gaming,2021,1,True
United Kingdom,Gaming,2021,21,True
United Kingdom,Gaming,2023,113,True
Sweden,Gaming,2025,3,True
Bangladesh,General purpose,2023,2,True
South Korea,General purpose,2019,372,True
Argentina,General purpose,2023,349,True
Peru,General purpose,2018,0,True
Belarus,General purpose,2022,0,True
Bosnia and Herzegovina,General purpose,2016,0,True
Norway,General purpose,2016,15,True
Lebanon,General purpose,2018,4,True
Malaysia,General purpose,2022,46,True
Uruguay,General purpose,2022,3,True
Singapore,General purpose,2016,110,True
Tanzania,General purpose,2017,0,True
Serbia,General purpose,2023,44,True
Cyprus,Hardware,2024,3,True
Spain,Hardware,2021,30,True
Taiwan,Hardware,2025,42,True
Finland,Hardware,2016,4,True
Japan,Hardware,2017,154,True
South Korea,Hardware,2021,1865,True
Denmark,Hardware,2024,13,True
Peru,Hardware,2023,0,True
Italy,Hardware,2016,2,True
Malaysia,Hardware,2023,0,True
Nigeria,Hardware,2020,0,True
Austria,Healthcare and Life Sciences,2023,24,True
Canada,Healthcare and Life Sciences,2017,43,True
Finland,Healthcare and Life Sciences,2025,8,True
Finland,Healthcare and Life Sciences,2026,25,False
Cyprus,Healthcare and Life Sciences,2024,1,True
Japan,Healthcare and Life Sciences,2022,53,True
Netherlands,Healthcare and Life Sciences,2016,3,True
missing,Healthcare and Life Sciences,2021,5,True
Turkey,Information Technology,2023,27,True
Turkey,Information Technology,2026,346,False
Luxembourg,Information Technology,2016,0,True
South Korea,Information Technology,2024,299,True
Taiwan,Information Technology,2024,66,True
Romania,Information Technology,2022,12,True
Finland,Information Technology,2019,520,True
Germany,Information Technology,2025,9478,True
Georgia,Information Technology,2026,3,False
Estonia,Information Technology,2021,59,True
Canada,Information Technology,2019,352,True
Norway,Information Technology,2020,394,True
Venezuela,Information Technology,2019,1,True
Israel,Information Technology,2017,82,True
Singapore,Lending and Investments,2023,1,True
South Africa,Lending and Investments,2025,9,True
South Africa,Manufacturing,2022,9,True
Ukraine,Manufacturing,2025,1,True
Luxembourg,Manufacturing,2024,0,True
Czechia,Manufacturing,2020,1,True
Italy,Manufacturing,2016,0,True
France,Manufacturing,2020,13,True
Portugal,Manufacturing,2022,3,True
New Zealand,Media and Entertainment,2023,0,True
Australia,Media and Entertainment,2026,26,False
Russia,Media and Entertainment,2016,1,True
Sri Lanka,Media and Entertainment,2017,2,True
Panama,Media and Entertainment,2023,0,True
Jordan,Media and Entertainment,2023,2,True
Greece,Media and Entertainment,2016,5,True
Taiwan,Media and Entertainment,2021,10,True
United Arab Emirates,Media and Entertainment,2025,9,True
Peru,Media and Entertainment,2017,0,True
United States,Media and Entertainment,2017,1608,True
missing,"Military, public safety and government",2025,4,True
Spain,"Military, public safety and government",2017,2,True
Australia,"Military, public safety and government",2025,20,True
Romania,"Military, public safety and government",2025,3,True
United States,"Military, public safety and government",2016,248,True
Malaysia,"Mobile, platforms & Internet services",2021,17,True
Spain,"Mobile, platforms & Internet services",2021,129,True
Turkey,"Mobile, platforms & Internet services",2021,14,True
Finland,"Mobile, platforms & Internet services",2024,5,True
Austria,"Mobile, platforms & Internet services",2017,5,True
Colombia,"Mobile, platforms & Internet services",2023,3,True
Netherlands,"Mobile, platforms & Internet services",2018,375,True
France,"Mobile, platforms & Internet services",2025,2135,True
Singapore,"Mobile, platforms & Internet services",2020,653,True
Bulgaria,"Mobile, platforms & Internet services",2023,3,True
Bulgaria,"Mobile, platforms & Internet services",2024,3,True
United States,"Mobile, platforms & Internet services",2024,15315,True
Slovakia,"Mobile, platforms & Internet services",2026,0,False
Pakistan,"Mobile, platforms & Internet services",2022,2,True
Kenya,"Mobile, platforms & Internet services",2019,6,True
Taiwan,"Mobile, platforms & Internet services",2022,32,True
Ukraine,"Mobile, platforms & Internet services",2020,1,True
United Arab Emirates,NLP,2023,0,True
Russia,NLP,2020,0,True
United States,NLP,2017,802,True
Chile,NLP,2019,0,True
Japan,Navigation and mapping,2019,0,True
Canada,Navigation and mapping,2018,2,True
Norway,Navigation and mapping,2021,7,True
Poland,Navigation and mapping,2018,1,True
Saudi Arabia,Other,2019,2,True
Switzerland,Other,2026,29,False
Estonia,Other,2020,2,True
Italy,Other,2017,0,True
Argentina,Other,2023,344,True
Iceland,Other,2026,1602,False
New Zealand,Other,2019,0,True
Ireland,Other,2016,2,True
United States,Other,2018,2381,True
United States,Other,2024,7732,True
Romania,Other,2022,0,True
Bosnia and Herzegovina,Other,2016,0,True
Belgium,Privacy and Security,2020,79,True
South Korea,Privacy and Security,2016,0,True
South Korea,Privacy and Security,2024,32,True
Ireland,Privacy and Security,2025,83,True
United Arab Emirates,Privacy and Security,2021,1,True
Croatia,Privacy and Security,2024,1,True
Switzerland,Privacy and Security,2024,258,True
Singapore,Privacy and Security,2024,23,True
United Arab Emirates,Professional services,2026,89,False
Estonia,Professional services,2020,5,True
France,Professional services,2025,1086,True
Malaysia,Professional services,2022,1,True
Taiwan,Professional services,2023,1,True
Algeria,Professional services,2021,0,True
Indonesia,Professional services,2021,0,True
United States,Professional services,2016,1390,True
Serbia,Professional services,2021,0,True
United Kingdom,Professional services,2021,556,True
Cyprus,Professional services,2017,1,True
Lebanon,Professional services,2019,0,True
Finland,Professional services,2022,0,True
Croatia,Real estate,2024,0,True
Australia,Real estate,2023,2,True
Cyprus,Real estate,2023,0,True
Spain,Real estate,2019,11,True
Czechia,Real estate,2017,1,True
Belgium,Real estate,2022,2,True
Denmark,Robotics,2025,1,True
Israel,Robotics,2022,51,True
Taiwan,Robotics,2024,3,True
Taiwan,Robotics,2025,4,True
Finland,Robotics,2021,37,True
South Korea,Robotics,2017,1,True
Egypt,"Sales, retail, commerce, marketing",2026,1,False
Sweden,"Sales, retail, commerce, marketing",2018,33,True
Germany,"Sales, retail, commerce, marketing",2025,2827,True
Italy,"Sales, retail, commerce, marketing",2022,14,True
United Kingdom,"Sales, retail, commerce, marketing",2019,2778,True
Colombia,"Sales, retail, commerce, marketing",2016,0,True
United Arab Emirates,"Sales, retail, commerce, marketing",2024,11,True
China,Semiconductor,2019,42,True
China,Semiconductor,2021,522,True
United States,Semiconductor,2025,11428,True
United Kingdom,Semiconductor,2019,24,True
Germany,Simulation,2016,1,True
Israel,Simulation,2021,5,True
China,Software,2017,3857,True
China,Software,2025,9759,True
Iceland,Software,2018,4,True
South Africa,Software,2020,93,True
South Africa,Software,2026,24,False
India,Software,2019,725,True
Russia,Software,2021,19,True
Singapore,Software,2024,3261,True
missing,Software,2026,56618,False
Croatia,Software,2023,196,True
Kenya,Software,2016,1,True
Romania,Software,2024,11,True
Ukraine,Software,2017,0,True
Qatar,Software,2022,3,True
Brazil,Software,2020,417,True
Pakistan,Software,2021,4,True
Bangladesh,Software,2019,0,True
Spain,Speech Recognition,2018,0,True
Netherlands,Speech Recognition,2018,4,True
Belgium,Speech Recognition,2020,1,True
Canada,Sports,2025,6,True
missing,Sports,2024,58,True
United States,Sports,2026,589,False
New Zealand,Sports,2019,0,True
Ireland,Sports,2024,6,True
Cyprus,Sports,2025,18,True
Japan,Telecommunications,2016,11,True
Ireland,Telecommunications,2021,3,True
Mexico,Telecommunications,2023,20,True
Bangladesh,Telecommunications,2024,0,True
France,Telecommunications,2019,3,True
Spain,Telecommunications,2025,316,True
Bangladesh,Transportation,2024,0,True
South Africa,Transportation,2022,0,True
United Arab Emirates,Transportation,2026,41,False
Austria,Transportation,2023,3,True
France,Transportation,2016,6,True
Qatar,Transportation,2022,1,True
Finland,Transportation,2024,13,True
Ireland,Transportation,2026,1,False
United States,Transportation,2019,10601,True
United Kingdom,Transportation,2016,31,True
Germany,Agriculture,2020,22,True
Germany,Agriculture,2023,141,True
Ireland,Agriculture,2024,1,True
Hungary,Agriculture,2023,1,True
Slovenia,Agriculture,2022,3,True
Switzerland,Agriculture,2019,7,True
Kenya,Agriculture,2017,1,True
Tanzania,Agriculture,2025,1,True
Israel,Agriculture,2022,39,True
Netherlands,All,2023,1373,True
Belarus,All,2017,8,True
Bosnia and Herzegovina,All,2021,0,True
Ukraine,All,2016,0,True
Turkey,All,2016,106,True
Uganda,All,2020,0,True
Finland,All,2022,2919,True
Cyprus,All,2024,37,True
United States,All,2023,92996,True
Bangladesh,All,2022,10,True
Czechia,All,2024,227,True
Peru,All,2023,1,True
Algeria,All,2024,0,True
Chile,All,2016,1,True
France,Biotechnology,2025,33,True
Argentina,Biotechnology,2021,2,True
Japan,Biotechnology,2024,36,True
Turkey,Biotechnology,2017,0,True
China,Biotechnology,2018,53,True
Cyprus,Biotechnology,2026,0,False
Portugal,Biotechnology,2020,5,True
United States,Biotechnology,2021,6605,True
United States,Biotechnology,2024,2948,True
Taiwan,Biotechnology,2025,3,True
Oman,Community and Lifestyle,2024,3,True
Chile,Community and Lifestyle,2020,9,True
Chile,Community and Lifestyle,2025,0,True
United Kingdom,Community and Lifestyle,2025,19,True
China,Community and Lifestyle,2019,43,True
Belgium,Community and Lifestyle,2023,0,True
Sweden,Community and Lifestyle,2022,14,True
India,Community and Lifestyle,2016,1,True
India,Community and Lifestyle,2020,11,True
Mexico,Community and Lifestyle,2025,1,True
Canada,Community and Lifestyle,2017,6,True
Singapore,Community and Lifestyle,2023,20,True
Sweden,Computer Vision,2021,0,True
China,Computer Vision,2018,638,True
Portugal,Computer Vision,2017,2,True
Uruguay,Computer Vision,2023,167,True
Spain,Computer Vision,2017,3,True
Spain,Computer Vision,2024,35,True
Chile,Computer Vision,2025,1,True
Estonia,Computer Vision,2020,0,True
United Arab Emirates,Computer Vision,2019,3,True
United Kingdom,Computer Vision,2018,2258,True
Australia,Computer Vision,2020,1,True
Germany,Consumer goods,2024,63,True
India,Consumer goods,2020,11959,True
Taiwan,Cyber Security,2024,20,True
Singapore,Cyber Security,2017,5,True
Singapore,Cyber Security,2020,30,True
Spain,Cyber Security,2016,0,True
India,Cyber Security,2018,28,True
United Kingdom,Cyber Security,2023,170,True
South Korea,Cyber Security,2024,7,True
Hungary,Data and analytics,2022,20,True
El Salvador,Data and analytics,2021,0,True
South Africa,Data and analytics,2022,176,True
Lithuania,Data and analytics,2018,4,True
Finland,Data and analytics,2020,1221,True
China,Data and analytics,2023,4671,True
China,Data and analytics,2025,9821,True
Sri Lanka,Data and analytics,2025,3,True
Cyprus,Education,2019,1,True
Pakistan,Education,2018,0,True
Romania,Education,2022,3,True
Sweden,Education,2019,10,True
Hungary,Education,2020,2,True
Germany,Education,2016,0,True
Sri Lanka,Education,2024,1,True
Finland,Energy and natural resources,2024,5,True
Austria,Energy and natural resources,2025,4,True
Ireland,Energy and natural resources,2017,1,True
China,Energy and natural resources,2017,12,True
Estonia,Energy and natural resources,2018,1,True
Australia,Energy and natural resources,2017,4,True
Romania,Energy and natural resources,2019,0,True
Bahrain,Facial Recognition,2022,0,True
China,Facial Recognition,2016,176,True
United Kingdom,Facial Recognition,2025,58,True
Australia,Finance,2016,2,True
Australia,Finance,2023,114,True
Bulgaria,Finance,2023,1,True
Panama,Finance,2021,1,True
Colombia,Finance,2025,1,True
Ireland,Finance,2026,18,False
Portugal,Finance,2023,0,True
Poland,Finance,2022,20,True
Italy,Finance,2017,0,True
United Arab Emirates,Gaming,2024,2,True
Portugal,Gaming,2025,6,True
Israel,Gaming,2026,5,False
Spain,Gaming,2023,4,True
Chile,Gaming,2019,0,True
Chile,Gaming,2022,0,True
Italy,Gaming,2021,0,True
Germany,Gaming,2022,0,True
Lithuania,Gaming,2023,2,True
Bangladesh,General purpose,2020,1,True
United States,General purpose,2021,81675,True
Argentina,General purpose,2024,554,True
Philippines,General purpose,2021,0,True
Lithuania,General purpose,2016,0,True
Dominican Republic,General purpose,2022,0,True
Indonesia,General purpose,2016,2,True
Spain,General purpose,2023,507,True
Austria,General purpose,2026,144,False
India,General purpose,2017,94,True
Netherlands,General purpose,2025,701,True
South Africa,General purpose,2022,178,True
South Africa,General purpose,2025,70,True
Bulgaria,General purpose,2017,3,True
Latvia,General purpose,2022,0,True
Switzerland,General purpose,2018,542,True
Slovenia,General purpose,2026,0,False
Poland,Hardware,2021,8,True
Estonia,Hardware,2021,42,True
Estonia,Hardware,2023,40,True
missing,Hardware,2021,19,True
Panama,Hardware,2026,1,False
Israel,Hardware,2016,48,True
Morocco,Hardware,2024,2,True
Czechia,Hardware,2020,19,True
Sweden,Hardware,2019,108,True
Austria,Hardware,2024,12,True
Brazil,Hardware,2020,42,True
Germany,Hardware,2025,3149,True
Egypt,Healthcare and Life Sciences,2018,0,True
Germany,Healthcare and Life Sciences,2018,10,True
India,Healthcare and Life Sciences,2024,114,True
Taiwan,Healthcare and Life Sciences,2024,32,True
Uruguay,Healthcare and Life Sciences,2025,0,True
Ukraine,Healthcare and Life Sciences,2024,0,True
Cyprus,Healthcare and Life Sciences,2023,0,True
Sweden,Healthcare and Life Sciences,2017,7,True
Israel,Healthcare and Life Sciences,2024,438,True
Denmark,Healthcare and Life Sciences,2018,5,True
Denmark,Healthcare and Life Sciences,2022,3,True
United Arab Emirates,Healthcare and Life Sciences,2022,16,True
Switzerland,Healthcare and Life Sciences,2024,115,True
Netherlands,Healthcare and Life Sciences,2018,385,True
Iceland,Information Technology,2022,5,True
Greece,Information Technology,2022,8,True
Greece,Information Technology,2025,4,True
Pakistan,Information Technology,2024,0,True
Poland,Information Technology,2022,69,True
New Zealand,Information Technology,2020,3,True
Estonia,Information Technology,2025,30,True
Italy,Information Technology,2016,9,True
Austria,Information Technology,2016,3,True
Israel,Information Technology,2025,1894,True
South Africa,Information Technology,2017,14,True
Israel,Lending and Investments,2022,29,True
United States,Lending and Investments,2023,1553,True
Belgium,Lending and Investments,2023,2,True
Norway,Lending and Investments,2018,1,True
Spain,Lending and Investments,2017,1,True
Spain,Lending and Investments,2026,2,False
Switzerland,Lending and Investments,2021,4,True
Spain,Manufacturing,2017,1,True
Spain,Manufacturing,2019,154,True
United Arab Emirates,Manufacturing,2022,3,True
Iceland,Manufacturing,2016,1,True
Netherlands,Manufacturing,2022,8,True
Turkey,Manufacturing,2025,3,True
Germany,Manufacturing,2019,25,True
Ukraine,Media and Entertainment,2018,0,True
Turkey,Media and Entertainment,2018,0,True
Malaysia,Media and Entertainment,2025,4,True
Portugal,Media and Entertainment,2022,2,True
Sweden,Media and Entertainment,2019,2,True
Luxembourg,Media and Entertainment,2016,0,True
Qatar,Media and Entertainment,2022,1,True
Switzerland,Media and Entertainment,2018,42,True
Switzerland,"Military, public safety and government",2024,4,True
France,"Military, public safety and government",2018,3,True
Russia,"Mobile, platforms & Internet services",2016,3,True
Austria,"Mobile, platforms & Internet services",2026,5,False
Colombia,"Mobile, platforms & Internet services",2016,1,True
Colombia,"Mobile, platforms & Internet services",2022,4,True
India,"Mobile, platforms & Internet services",2017,40,True
South Africa,"Mobile, platforms & Internet services",2018,10,True
Bulgaria,"Mobile, platforms & Internet services",2018,0,True
Australia,"Mobile, platforms & Internet services",2017,31,True
Italy,"Mobile, platforms & Internet services",2020,8,True
Italy,"Mobile, platforms & Internet services",2022,6,True
Canada,"Mobile, platforms & Internet services",2017,96,True
Saudi Arabia,NLP,2020,0,True
Serbia,NLP,2022,0,True
Vietnam,NLP,2026,2,False
Switzerland,NLP,2019,0,True
United States,NLP,2016,458,True
Brazil,NLP,2026,2,False
missing,NLP,2025,26,True
Chile,NLP,2020,1,True
Turkey,Navigation and mapping,2018,0,True
Ireland,Navigation and mapping,2018,0,True
Saudi Arabia,Navigation and mapping,2017,0,True
New Zealand,Navigation and mapping,2022,1,True
missing,Navigation and mapping,2025,3,True
Switzerland,Navigation and mapping,2019,5,True
United States,Navigation and mapping,2023,662,True
Singapore,Navigation and mapping,2019,7,True
Switzerland,Other,2021,9,True
Estonia,Other,2017,0,True
Estonia,Other,2024,0,True
South Africa,Other,2018,0,True
Israel,Other,2020,179,True
Ireland,Other,2017,2,True
Singapore,Other,2021,35,True
Qatar,Other,2024,4,True
Belgium,Other,2021,215,True
Netherlands,Privacy and Security,2018,108,True
Canada,Privacy and Security,2021,80,True
Canada,Privacy and Security,2024,156,True
Italy,Privacy and Security,2017,1,True
Japan,Privacy and Security,2022,13,True
Argentina,Privacy and Security,2020,2,True
Nigeria,Privacy and Security,2023,0,True
Iceland,Privacy and Security,2021,1,True
Australia,Privacy and Security,2025,137,True
Sweden,Privacy and Security,2021,2,True
Philippines,Professional services,2024,6,True
Malaysia,Professional services,2024,14,True
Egypt,Professional services,2022,1,True
Slovenia,Professional services,2016,0,True
Taiwan,Professional services,2016,8,True
Indonesia,Professional services,2018,2,True
Japan,Professional services,2023,608,True
India,Professional services,2025,2402,True
New Zealand,Professional services,2018,1,True
Germany,Real estate,2023,166,True
France,Real estate,2019,16,True
Portugal,Real estate,2016,2,True
Jordan,Real estate,2024,0,True
Australia,Robotics,2016,0,True
Spain,Robotics,2020,4,True
China,Robotics,2023,720,True
France,Robotics,2020,576,True
Czechia,Robotics,2020,0,True
Luxembourg,Robotics,2021,110,True
Chile,Robotics,2020,0,True
United States,Robotics,2016,214,True
Canada,Robotics,2019,10,True
Canada,Robotics,2026,108,False
Armenia,"Sales, retail, commerce, marketing",2023,0,True
Canada,"Sales, retail, commerce, marketing",2016,339,True
Austria,"Sales, retail, commerce, marketing",2023,5,True
United Kingdom,"Sales, retail, commerce, marketing",2017,181,True
France,"Sales, retail, commerce, marketing",2017,53,True
Croatia,"Sales, retail, commerce, marketing",2025,1,True
missing,"Sales, retail, commerce, marketing",2023,17,True
Estonia,"Sales, retail, commerce, marketing",2020,0,True
New Zealand,"Sales, retail, commerce, marketing",2024,6,True
India,"Sales, retail, commerce, marketing",2017,25,True
India,"Sales, retail, commerce, marketing",2022,419,True
Nigeria,"Sales, retail, commerce, marketing",2021,1,True
Hungary,"Sales, retail, commerce, marketing",2018,0,True
Saudi Arabia,"Sales, retail, commerce, marketing",2023,389,True
Pakistan,"Sales, retail, commerce, marketing",2021,3,True
Ukraine,"Sales, retail, commerce, marketing",2025,1,True
Mongolia,Software,2025,4,True
Saudi Arabia,Software,2017,17,True
Sweden,Software,2021,10247,True
Denmark,Software,2017,54,True
Denmark,Software,2025,537,True
Serbia,Software,2020,0,True
United States,Software,2016,12603,True
Czechia,Software,2018,6,True
Italy,Software,2017,12,True
Italy,Software,2021,2711,True
Kenya,Software,2019,18,True
Slovenia,Software,2016,1,True
Ghana,Software,2025,0,True
Qatar,Software,2018,0,True
North Macedonia,Software,2022,1,True
India,Speech Recognition,2022,47,True
Finland,Speech Recognition,2021,0,True
United States,Speech Recognition,2023,58,True
China,Speech Recognition,2020,100,True
Colombia,Speech Recognition,2017,0,True
Netherlands,Speech Recognition,2021,10,True
South Korea,Speech Recognition,2024,1,True
missing,Sports,2021,2,True
Spain,Sports,2020,0,True
India,Telecommunications,2025,0,True
United Arab Emirates,Telecommunications,2018,10,True
Australia,Telecommunications,2019,7,True
Bulgaria,Transportation,2017,1,True
Netherlands,Transportation,2019,99,True
Austria,Transportation,2016,0,True
Iceland,Transportation,2021,1,True
Latvia,Transportation,2024,1,True
Switzerland,Transportation,2016,29,True
Indonesia,Transportation,2024,0,True
Portugal,Transportation,2020,2,True
missing,Transportation,2021,4,True
missing,Transportation,2023,0,True
missing,Transportation,2025,2505,True
Norway,Transportation,2024,3,True
Germany,Transportation,2024,1310,True
Kazakhstan,Agriculture,2020,0,True
South Africa,Agriculture,2022,1,True
Estonia,Agriculture,2022,2,True
Canada,Agriculture,2021,70,True
Uganda,Agriculture,2020,0,True
China,Agriculture,2019,46,True
Oman,All,2025,1,True
Turkey,All,2019,17,True
Malta,All,2021,5,True
Zambia,All,2025,0,True
Vietnam,All,2021,35,True
Iceland,All,2017,3,True
Japan,All,2020,1104,True
Pakistan,All,2023,0,True
Pakistan,All,2025,1,True
Mauritius,All,2020,4,True
Peru,All,2022,3,True
Switzerland,Biotechnology,2025,9,True
United Kingdom,Biotechnology,2019,63,True
United Kingdom,Biotechnology,2021,185,True
United Kingdom,Biotechnology,2026,621,False
Turkey,Biotechnology,2020,0,True
Poland,Biotechnology,2025,9,True
United States,Biotechnology,2018,842,True
India,Biotechnology,2022,6,True
United States,Community and Lifestyle,2018,1275,True
United States,Community and Lifestyle,2020,2731,True
Jordan,Community and Lifestyle,2016,0,True
Italy,Community and Lifestyle,2023,7,True
missing,Community and Lifestyle,2025,11,True
India,Community and Lifestyle,2022,830,True
Finland,Community and Lifestyle,2022,0,True
Ireland,Community and Lifestyle,2020,2,True
Denmark,Community and Lifestyle,2022,0,True
Egypt,Community and Lifestyle,2023,1,True
China,Computer Vision,2021,226,True
Thailand,Computer Vision,2018,0,True
Taiwan,Computer Vision,2025,25,True
Israel,Computer Vision,2023,241,True
Romania,Consumer goods,2020,0,True
Italy,Consumer goods,2019,1,True
Czechia,Consumer goods,2020,1,True
Austria,Consumer goods,2016,1,True
Portugal,Consumer goods,2020,0,True
Estonia,Consumer goods,2022,0,True
Ireland,Consumer goods,2018,57,True
United Kingdom,Consumer goods,2022,124,True
Finland,Consumer goods,2017,0,True
Netherlands,Cyber Security,2023,7,True
Qatar,Cyber Security,2022,0,True
Nigeria,Cyber Security,2022,1,True
South Korea,Cyber Security,2025,14,True
Switzerland,Cyber Security,2016,27,True
Dominican Republic,Data and analytics,2021,0,True
Estonia,Data and analytics,2024,53,True
Philippines,Data and analytics,2025,120,True
Jordan,Data and analytics,2016,0,True
Belgium,Data and analytics,2021,759,True
France,Data and analytics,2021,2382,True
Ukraine,Data and analytics,2024,282,True
Greece,Data and analytics,2018,2,True
Austria,Data and analytics,2025,391,True
Bulgaria,Data and analytics,2019,3,True
Italy,Data and analytics,2026,276,False
Oman,Data and analytics,2019,0,True
Mongolia,Data and analytics,2022,0,True
Luxembourg,Data and analytics,2023,3,True
Tajikistan,Data and analytics,2026,5,False
China,Data and analytics,2016,3995,True
Cyprus,Data and analytics,2024,35,True
Rwanda,Data and analytics,2024,1,True
Sri Lanka,Data and analytics,2024,7,True
Taiwan,Education,2019,7,True
South Korea,Education,2022,84,True
Norway,Education,2022,3,True
Turkey,Education,2021,8,True
New Zealand,Education,2023,2,True
Brazil,Education,2018,2,True
Germany,Education,2018,1,True
Poland,Education,2016,0,True
United States,Education,2016,688,True
United States,Education,2019,1976,True
Sweden,Energy and natural resources,2016,1,True
Sweden,Energy and natural resources,2018,0,True
Japan,Energy and natural resources,2017,6,True
Japan,Energy and natural resources,2018,9,True
United States,Energy and natural resources,2020,1511,True
Finland,Energy and natural resources,2023,2,True
Singapore,Energy and natural resources,2024,21,True
Poland,Energy and natural resources,2022,3,True
Switzerland,Energy and natural resources,2016,1,True
South Africa,Energy and natural resources,2019,123,True
Malaysia,Energy and natural resources,2017,1,True
Brazil,Facial Recognition,2023,2,True
China,Facial Recognition,2021,16,True
Israel,Finance,2018,45,True
Australia,Finance,2019,48,True
Luxembourg,Finance,2025,1,True
Netherlands,Finance,2023,211,True
Saudi Arabia,Finance,2017,11,True
Ghana,Finance,2022,11,True
South Korea,Finance,2018,4,True
Ireland,Finance,2019,35,True
Sri Lanka,Finance,2025,0,True
missing,Finance,2020,400,True
Poland,Finance,2019,1,True
Italy,Finance,2019,2,True
Brazil,Finance,2016,8,True
United States,Finance,2026,13670,False
Canada,Gaming,2026,1,False
South Korea,Gaming,2026,0,False
Spain,Gaming,2019,0,True
Cyprus,Gaming,2022,1,True
Estonia,Gaming,2019,0,True
Bangladesh,General purpose,2019,0,True
Nigeria,General purpose,2023,7,True
Nigeria,General purpose,2025,31,True
Estonia,General purpose,2016,8,True
Iraq,General purpose,2025,15,True
Pakistan,General purpose,2017,0,True
Vietnam,General purpose,2021,26,True
Turkey,General purpose,2020,5,True
New Zealand,General purpose,2018,95,True
Brazil,General purpose,2019,120,True
United Kingdom,General purpose,2023,3088,True
Hungary,General purpose,2020,7,True
Germany,General purpose,2021,1965,True
Belize,General purpose,2022,20,True
Kazakhstan,General purpose,2023,1,True
Romania,General purpose,2022,11,True
El Salvador,General purpose,2020,0,True
Jordan,General purpose,2019,0,True
Japan,General purpose,2019,661,True
Japan,General purpose,2023,1777,True
Bangladesh,Hardware,2024,0,True
Estonia,Hardware,2017,16,True
Spain,Hardware,2026,157,False
Mexico,Hardware,2023,4,True
Belgium,Hardware,2020,8,True
Canada,Hardware,2024,978,True
Canada,Hardware,2025,1400,True
Canada,Hardware,2026,5932,False
Finland,Hardware,2024,6,True
Israel,Hardware,2017,130,True
Israel,Hardware,2020,282,True
United Kingdom,Hardware,2016,545,True
United Kingdom,Hardware,2023,339,True
Sweden,Hardware,2016,9,True
Sweden,Hardware,2021,9278,True
Sweden,Hardware,2023,21,True
United Arab Emirates,Hardware,2025,258,True
Latvia,Hardware,2017,0,True
Norway,Hardware,2023,12,True
Uruguay,Hardware,2017,0,True
Ghana,Hardware,2018,1,True
Saudi Arabia,Hardware,2022,24,True
Egypt,Healthcare and Life Sciences,2021,0,True
Poland,Healthcare and Life Sciences,2022,9,True
Nigeria,Healthcare and Life Sciences,2026,0,False
Canada,Healthcare and Life Sciences,2026,137,False
Lithuania,Healthcare and Life Sciences,2018,3,True
France,Healthcare and Life Sciences,2018,25,True
Malaysia,Healthcare and Life Sciences,2025,2,True
Finland,Healthcare and Life Sciences,2017,8,True
Denmark,Healthcare and Life Sciences,2025,18,True
Saudi Arabia,Healthcare and Life Sciences,2017,1,True
Saudi Arabia,Healthcare and Life Sciences,2019,3,True
Russia,Healthcare and Life Sciences,2018,5,True
Russia,Healthcare and Life Sciences,2023,116,True
China,Information Technology,2024,1518,True
North Macedonia,Information Technology,2024,0,True
Pakistan,Information Technology,2022,2,True
Rwanda,Information Technology,2023,0,True
Sweden,Information Technology,2016,24,True
Denmark,Information Technology,2020,111,True
Peru,Information Technology,2017,0,True
Poland,Information Technology,2021,12,True
New Zealand,Information Technology,2018,84,True
New Zealand,Information Technology,2026,14,False
Canada,Information Technology,2026,6195,False
Norway,Information Technology,2025,175,True
Italy,Information Technology,2018,210,True
Nigeria,Information Technology,2020,1,True
South Africa,Information Technology,2025,61,True
Taiwan,Lending and Investments,2021,4,True
Bulgaria,Lending and Investments,2022,0,True
Netherlands,Lending and Investments,2023,165,True
Belgium,Lending and Investments,2020,4,True
United Kingdom,Lending and Investments,2026,567,False
Denmark,Lending and Investments,2022,16,True
South Korea,Lending and Investments,2023,2,True
Switzerland,Lending and Investments,2022,39,True
Chile,Manufacturing,2022,0,True
Malaysia,Manufacturing,2024,0,True
Bulgaria,Manufacturing,2021,14,True
Bulgaria,Manufacturing,2025,65,True
Austria,Manufacturing,2023,0,True
Iceland,Manufacturing,2024,2,True
Denmark,Manufacturing,2017,2,True
Canada,Manufacturing,2017,12,True
India,Manufacturing,2025,69,True
Latvia,Manufacturing,2021,0,True
Portugal,Manufacturing,2025,13,True
Slovakia,Manufacturing,2020,0,True
Ukraine,Media and Entertainment,2019,1,True
Netherlands,Media and Entertainment,2026,235,False
Serbia,Media and Entertainment,2017,0,True
South Korea,Media and Entertainment,2025,186,True
Latvia,Media and Entertainment,2019,0,True
Canada,Media and Entertainment,2016,697,True
Canada,Media and Entertainment,2018,2119,True
Argentina,Media and Entertainment,2019,0,True
North Macedonia,Media and Entertainment,2024,0,True
United Arab Emirates,Media and Entertainment,2018,0,True
Luxembourg,Media and Entertainment,2024,20,True
Germany,Media and Entertainment,2020,27,True
Cyprus,Media and Entertainment,2021,1,True
Japan,"Military, public safety and government",2025,0,True
China,"Military, public safety and government",2021,47,True
Canada,"Military, public safety and government",2016,33,True
India,"Military, public safety and government",2025,17,True
Germany,"Military, public safety and government",2023,109,True
Belgium,"Mobile, platforms & Internet services",2025,6,True
Vietnam,"Mobile, platforms & Internet services",2019,1,True
Ireland,"Mobile, platforms & Internet services",2016,172,True
Estonia,"Mobile, platforms & Internet services",2025,19,True
United States,"Mobile, platforms & Internet services",2019,19187,True
United States,"Mobile, platforms & Internet services",2020,10527,True
United Arab Emirates,"Mobile, platforms & Internet services",2023,26,True
Thailand,"Mobile, platforms & Internet services",2021,1,True
United Kingdom,"Mobile, platforms & Internet services",2023,1018,True
Kenya,"Mobile, platforms & Internet services",2022,0,True
Iceland,NLP,2021,0,True
Nigeria,NLP,2025,0,True
France,NLP,2016,112,True
Serbia,NLP,2020,0,True
Japan,NLP,2018,8,True
Singapore,NLP,2019,5,True
Croatia,NLP,2025,0,True
Canada,NLP,2019,29,True
Czechia,NLP,2019,0,True
Brazil,NLP,2024,41,True
Sweden,NLP,2020,7,True
Japan,Navigation and mapping,2024,1,True
China,Navigation and mapping,2017,1,True
Georgia,Other,2026,3,False
Argentina,Other,2022,1,True
Indonesia,Other,2018,4,True
Norway,Other,2024,2,True
Pakistan,Other,2020,0,True
New Zealand,Other,2021,3,True
Finland,Other,2016,2,True
Colombia,Other,2023,2,True
Germany,Privacy and Security,2022,158,True
Italy,Privacy and Security,2023,7,True
Sri Lanka,Privacy and Security,2023,0,True
France,Privacy and Security,2023,63,True
Romania,Privacy and Security,2023,1,True
Taiwan,Privacy and Security,2019,6,True
missing,Privacy and Security,2023,6,True
Tunisia,Privacy and Security,2023,0,True
China,Privacy and Security,2022,702,True
Saudi Arabia,Privacy and Security,2026,3,False
Dominican Republic,Professional services,2021,0,True
Brazil,Professional services,2019,193,True
Estonia,Professional services,2024,11,True
Estonia,Professional services,2026,2,False
Portugal,Professional services,2018,3,True
Portugal,Professional services,2025,21,True
Sweden,Professional services,2020,18,True
Sweden,Professional services,2024,37,True
Ireland,Professional services,2025,57,True
Austria,Professional services,2021,0,True
Cyprus,Professional services,2025,0,True
China,Professional services,2016,35,True
China,Professional services,2024,180,True
Poland,Professional services,2017,4,True
Switzerland,Professional services,2016,0,True
Canada,Real estate,2024,37,True
Estonia,Real estate,2020,4,True
Ireland,Real estate,2026,0,False
Vietnam,Real estate,2022,0,True
Spain,Real estate,2022,63,True
India,Real estate,2024,22,True
Norway,Real estate,2024,5,True
Switzerland,Real estate,2021,16,True
France,Real estate,2016,9,True
Sweden,Real estate,2025,78,True
Turkey,Real estate,2019,0,True
United Arab Emirates,Real estate,2019,0,True
Belgium,Robotics,2018,1,True
Spain,Robotics,2023,3,True
China,Robotics,2019,640,True
Sweden,Robotics,2021,2398,True
Switzerland,Robotics,2022,13,True
United Kingdom,Robotics,2025,114,True
United States,Robotics,2026,7370,False
Romania,Robotics,2020,1,True
Portugal,"Sales, retail, commerce, marketing",2025,6,True
China,"Sales, retail, commerce, marketing",2022,204,True
Tunisia,"Sales, retail, commerce, marketing",2022,1,True
Vietnam,"Sales, retail, commerce, marketing",2022,0,True
Panama,"Sales, retail, commerce, marketing",2025,0,True
Indonesia,"Sales, retail, commerce, marketing",2021,0,True
Kenya,"Sales, retail, commerce, marketing",2023,1,True
Greece,"Sales, retail, commerce, marketing",2017,0,True
Turkey,"Sales, retail, commerce, marketing",2018,502,True
missing,"Sales, retail, commerce, marketing",2019,1,True
India,"Sales, retail, commerce, marketing",2020,11991,True
Cyprus,"Sales, retail, commerce, marketing",2022,4,True
Taiwan,"Sales, retail, commerce, marketing",2023,4,True
Israel,Semiconductor,2017,15,True
United States,Simulation,2016,11,True
Canada,Simulation,2025,0,True
Japan,Simulation,2021,1,True
Philippines,Software,2025,129,True
Denmark,Software,2024,718,True
India,Software,2020,16835,True
India,Software,2026,2475,False
Slovakia,Software,2019,4,True
Luxembourg,Software,2018,7,True
Sri Lanka,Software,2019,1,True
missing,Software,2024,1076,True
Cyprus,Software,2017,1,True
Netherlands,Software,2025,1148,True
Algeria,Software,2022,0,True
Croatia,Software,2022,362,True
Italy,Software,2023,200,True
Turkey,Software,2019,14,True
Tunisia,Software,2020,1,True
Nigeria,Software,2019,8,True
Romania,Software,2023,19,True
Jordan,Software,2024,0,True
Ireland,Software,2022,501,True
Romania,Speech Recognition,2022,3,True
Canada,Speech Recognition,2021,27,True
China,Speech Recognition,2023,7,True
United Arab Emirates,Speech Recognition,2017,1,True
Colombia,Speech Recognition,2019,2,True
Israel,Speech Recognition,2025,34,True
Iceland,Sports,2025,42,True
Netherlands,Sports,2020,0,True
Germany,Sports,2019,3,True
Japan,Telecommunications,2017,3,True
Japan,Telecommunications,2024,13,True
Israel,Telecommunications,2023,70,True
missing,Telecommunications,2025,6,True
China,Telecommunications,2020,1,True
Mexico,Telecommunications,2024,0,True
Sweden,Telecommunications,2021,0,True
Egypt,Telecommunications,2026,0,False
Brazil,Telecommunications,2022,285,True
Taiwan,Telecommunications,2023,0,True
Malaysia,Telecommunications,2022,1,True
Australia,Transportation,2022,50,True
Australia,Transportation,2026,52,False
United Arab Emirates,Transportation,2023,16,True
Italy,Transportation,2022,1,True
Estonia,Transportation,2021,42,True
Malaysia,Transportation,2018,0,True
Canada,Transportation,2024,203,True
Denmark,Transportation,2020,2,True
New Zealand,Transportation,2020,0,True
Slovenia,Transportation,2020,0,True
China,Transportation,2016,114,True
India,Agriculture,2023,333,True
Poland,Agriculture,2021,1,True
Netherlands,Agriculture,2016,2,True
Brazil,Agriculture,2026,11,False
Serbia,Agriculture,2018,0,True
Spain,Agriculture,2020,6,True
Netherlands,All,2019,474,True
France,All,2019,2383,True
Philippines,All,2020,10,True
Slovakia,All,2026,7,False
India,All,2022,4373,True
Lithuania,All,2020,7,True
Romania,All,2021,39,True
Russia,All,2024,131,True
Jordan,All,2018,0,True
Latvia,All,2022,1,True
United States,All,2020,81290,True
Pakistan,All,2019,0,True
Belgium,All,2019,344,True
Indonesia,All,2017,27,True
Switzerland,All,2020,1677,True
Germany,Biotechnology,2023,43,True
Australia,Biotechnology,2020,10,True
Estonia,Biotechnology,2023,0,True
Italy,Biotechnology,2020,1,True
Peru,Biotechnology,2021,0,True
Chile,Community and Lifestyle,2019,5,True
United States,Community and Lifestyle,2026,3082,False
Taiwan,Community and Lifestyle,2019,10,True
Taiwan,Community and Lifestyle,2022,3,True
Poland,Community and Lifestyle,2020,0,True
United Kingdom,Community and Lifestyle,2026,261,False
Switzerland,Community and Lifestyle,2020,2,True
France,Community and Lifestyle,2025,174,True
Belgium,Community and Lifestyle,2026,134,False
Turkey,Community and Lifestyle,2022,1,True
Netherlands,Community and Lifestyle,2024,224,True
Brazil,Computer Vision,2023,2,True
Canada,Computer Vision,2025,126,True
South Korea,Computer Vision,2017,2,True
Vietnam,Computer Vision,2016,2,True
Israel,Computer Vision,2016,131,True
Chile,Consumer goods,2019,1,True
Malaysia,Consumer goods,2018,0,True
Malaysia,Consumer goods,2019,1,True
United States,Consumer goods,2024,2170,True
Netherlands,Consumer goods,2019,7,True
India,Consumer goods,2025,40,True
Belgium,Consumer goods,2025,4,True
Canada,Consumer goods,2023,158,True
Colombia,Consumer goods,2023,2,True
Israel,Consumer goods,2016,5,True
Taiwan,Consumer goods,2019,1,True
Australia,Cyber Security,2021,50,True
China,Cyber Security,2021,165,True
Belgium,Data and analytics,2016,68,True
Germany,Data and analytics,2020,2853,True
Iceland,Data and analytics,2023,5,True
Taiwan,Data and analytics,2022,159,True
Greece,Data and analytics,2026,58,False
Turkey,Data and analytics,2018,5,True
Zambia,Data and analytics,2022,0,True
Egypt,Data and analytics,2022,4,True
South Africa,Data and analytics,2018,24,True
Latvia,Data and analytics,2017,0,True
Trinidad and Tobago,Data and analytics,2026,18,False
missing,Data and analytics,2021,67,True
Switzerland,Data and analytics,2019,316,True
Switzerland,Data and analytics,2021,655,True
Colombia,Data and analytics,2019,3,True
North Macedonia,Data and analytics,2022,1,True
United Arab Emirates,Education,2024,4,True
Argentina,Education,2021,0,True
Chile,Education,2024,0,True
South Korea,Education,2023,105,True
India,Education,2026,74,False
Burkina Faso,Education,2023,0,True
Estonia,Education,2022,2,True
Canada,Education,2020,15,True
Sweden,Energy and natural resources,2025,1188,True
Luxembourg,Energy and natural resources,2018,0,True
Spain,Energy and natural resources,2023,7,True
Canada,Energy and natural resources,2020,64,True
Canada,Energy and natural resources,2024,25,True
United Kingdom,Energy and natural resources,2023,104,True
Australia,Energy and natural resources,2026,28,False
Colombia,Energy and natural resources,2025,820,True
Norway,Energy and natural resources,2019,9,True
India,Energy and natural resources,2019,8,True
India,Energy and natural resources,2021,85,True
Romania,Energy and natural resources,2022,1,True
Brazil,Facial Recognition,2020,0,True
Israel,Facial Recognition,2017,2,True
Australia,Facial Recognition,2023,0,True
Israel,Finance,2025,134,True
Jamaica,Finance,2018,0,True
Saudi Arabia,Finance,2026,31,False
Finland,Finance,2022,992,True
Japan,Finance,2026,16,False
Pakistan,Finance,2021,2,True
Indonesia,Finance,2026,1,False
Kenya,Finance,2022,4,True
Kenya,Finance,2024,5,True
Sweden,Finance,2017,185,True
South Korea,Gaming,2025,131,True
Switzerland,Gaming,2026,1,False
France,Gaming,2021,1,True
United States,General purpose,2026,233850,False
Estonia,General purpose,2020,13,True
Estonia,General purpose,2024,53,True
Ghana,General purpose,2021,1,True
Ghana,General purpose,2022,1,True
Peru,General purpose,2017,0,True
Swaziland,General purpose,2026,4,False
Norway,General purpose,2025,753,True
Sri Lanka,General purpose,2018,2,True
France,General purpose,2018,633,True
Romania,General purpose,2017,0,True
Mexico,General purpose,2020,6,True
Iceland,General purpose,2018,2,True
Iceland,General purpose,2021,3,True
Poland,Hardware,2019,3,True
Chile,Hardware,2022,1,True
Taiwan,Hardware,2026,3,False
Croatia,Hardware,2019,0,True
missing,Hardware,2023,21,True
missing,Hardware,2025,5790,True
Belgium,Hardware,2018,12,True
United Kingdom,Hardware,2025,1326,True
United Arab Emirates,Hardware,2024,2,True
South Africa,Hardware,2017,0,True
India,Hardware,2019,77,True
Russia,Hardware,2017,3,True
Russia,Hardware,2018,3,True
Austria,Healthcare and Life Sciences,2019,32,True
Lithuania,Healthcare and Life Sciences,2023,2,True
France,Healthcare and Life Sciences,2016,18,True
Australia,Healthcare and Life Sciences,2019,18,True
Australia,Healthcare and Life Sciences,2020,17,True
Romania,Healthcare and Life Sciences,2019,0,True
Switzerland,Healthcare and Life Sciences,2018,9,True
Argentina,Healthcare and Life Sciences,2024,3,True
Hungary,Healthcare and Life Sciences,2017,2,True
Turkey,Information Technology,2019,7,True
Vietnam,Information Technology,2021,5,True
Belgium,Information Technology,2021,166,True
South Korea,Information Technology,2026,770,False
Russia,Information Technology,2017,5,True
Japan,Information Technology,2026,5276,False
Chile,Information Technology,2018,2,True
Côte d'Ivoire,Information Technology,2024,0,True
Uzbekistan,Information Technology,2026,0,False
Poland,Information Technology,2017,16,True
Israel,Information Technology,2021,2035,True
Nigeria,Information Technology,2024,4,True
Israel,Lending and Investments,2020,6,True
Israel,Lending and Investments,2023,70,True
India,Lending and Investments,2020,9,True
Italy,Lending and Investments,2024,0,True
Sweden,Lending and Investments,2023,4,True
Brazil,Lending and Investments,2017,2,True
Singapore,Manufacturing,2022,35,True
Jordan,Manufacturing,2023,0,True
Estonia,Manufacturing,2017,16,True
United Kingdom,Manufacturing,2020,112,True
Belgium,Manufacturing,2026,12,False
India,Manufacturing,2023,51,True
Netherlands,Media and Entertainment,2017,177,True
Jordan,Media and Entertainment,2022,0,True
Jordan,Media and Entertainment,2025,0,True
Israel,Media and Entertainment,2018,63,True
Japan,Media and Entertainment,2025,141,True
Finland,Media and Entertainment,2018,387,True
Hungary,Media and Entertainment,2022,1,True
Nigeria,Media and Entertainment,2024,0,True
United States,Media and Entertainment,2019,5761,True
Israel,"Military, public safety and government",2019,3,True
Estonia,"Military, public safety and government",2025,5,True
Slovakia,"Military, public safety and government",2023,1,True
Panama,"Military, public safety and government",2026,1,False
India,"Military, public safety and government",2018,28,True
Poland,"Military, public safety and government",2025,1,True
Croatia,"Mobile, platforms & Internet services",2026,4,False
Nigeria,"Mobile, platforms & Internet services",2026,0,False
Vietnam,"Mobile, platforms & Internet services",2021,2,True
Finland,"Mobile, platforms & Internet services",2019,521,True
South Korea,"Mobile, platforms & Internet services",2019,214,True
South Korea,"Mobile, platforms & Internet services",2024,158,True
Poland,"Mobile, platforms & Internet services",2019,4,True
Austria,"Mobile, platforms & Internet services",2016,1,True
Austria,"Mobile, platforms & Internet services",2025,86,True
India,"Mobile, platforms & Internet services",2019,197,True
Latvia,"Mobile, platforms & Internet services",2021,0,True
South Africa,"Mobile, platforms & Internet services",2016,52,True
Australia,"Mobile, platforms & Internet services",2026,5767,False
Brazil,"Mobile, platforms & Internet services",2019,181,True
United Arab Emirates,NLP,2025,1,True
United Arab Emirates,NLP,2026,0,False
Nigeria,NLP,2026,0,False
Saudi Arabia,NLP,2022,3,True
Japan,NLP,2024,30,True
Turkey,NLP,2022,0,True
Canada,NLP,2020,237,True
Spain,NLP,2021,29,True
Spain,NLP,2023,29,True
Serbia,Navigation and mapping,2019,0,True
Spain,Navigation and mapping,2025,45,True
India,Navigation and mapping,2020,1,True
India,Other,2025,16,True
Austria,Other,2022,1,True
Denmark,Other,2022,13,True
Poland,Other,2021,6,True
Singapore,Other,2017,0,True
Australia,Other,2021,48,True
Australia,Other,2023,12,True
Lithuania,Other,2023,0,True
India,Privacy and Security,2021,25,True
Czechia,Privacy and Security,2023,11,True
Norway,Professional services,2017,0,True
Germany,Professional services,2024,947,True
Italy,Professional services,2022,21,True
Italy,Professional services,2024,61,True
United Arab Emirates,Professional services,2024,117,True
Estonia,Professional services,2025,3,True
Sweden,Professional services,2025,1146,True
Singapore,Professional services,2019,1460,True
South Korea,Professional services,2024,73,True
missing,Professional services,2023,6,True
United Kingdom,Professional services,2022,675,True
Netherlands,Professional services,2019,9,True
China,Professional services,2023,81,True
Iceland,Professional services,2022,1600,True
South Africa,Professional services,2026,7,False
Mexico,Professional services,2018,2,True
Austria,Real estate,2026,3,False
Croatia,Real estate,2023,0,True
missing,Real estate,2026,11,False
Ireland,Real estate,2024,4,True
Singapore,Real estate,2020,0,True
Norway,Real estate,2026,0,False
Switzerland,Real estate,2019,0,True
Indonesia,Real estate,2018,4,True
Spain,Robotics,2025,4,True
Qatar,Robotics,2024,0,True
Germany,Robotics,2020,19,True
Netherlands,Robotics,2018,6,True
Netherlands,Robotics,2026,21,False
Singapore,Robotics,2019,3,True
United States,Robotics,2018,1114,True
Poland,Robotics,2022,3,True
Poland,Robotics,2025,451,True
Austria,Robotics,2025,7,True
Egypt,Robotics,2024,2,True
Czechia,"Sales, retail, commerce, marketing",2021,4,True
Lebanon,"Sales, retail, commerce, marketing",2016,0,True
Canada,"Sales, retail, commerce, marketing",2017,69,True
Canada,"Sales, retail, commerce, marketing",2022,1448,True
Austria,"Sales, retail, commerce, marketing",2016,1,True
Mexico,"Sales, retail, commerce, marketing",2016,1,True
Kuwait,"Sales, retail, commerce, marketing",2025,1,True
South Korea,"Sales, retail, commerce, marketing",2024,94,True
Sri Lanka,"Sales, retail, commerce, marketing",2023,1,True
Romania,"Sales, retail, commerce, marketing",2019,0,True
Ireland,"Sales, retail, commerce, marketing",2019,5,True
Mauritius,"Sales, retail, commerce, marketing",2021,2,True
Russia,"Sales, retail, commerce, marketing",2016,1,True
Russia,"Sales, retail, commerce, marketing",2017,2,True
United Kingdom,"Sales, retail, commerce, marketing",2016,338,True
Estonia,"Sales, retail, commerce, marketing",2019,1,True
Ghana,"Sales, retail, commerce, marketing",2017,0,True
South Africa,"Sales, retail, commerce, marketing",2022,105,True
Brazil,"Sales, retail, commerce, marketing",2017,98,True
Hungary,"Sales, retail, commerce, marketing",2016,0,True
Cyprus,"Sales, retail, commerce, marketing",2020,1,True
Cyprus,"Sales, retail, commerce, marketing",2021,17,True
Malaysia,"Sales, retail, commerce, marketing",2025,0,True
United Arab Emirates,"Sales, retail, commerce, marketing",2020,5,True
Switzerland,Semiconductor,2026,49,False
Greece,Semiconductor,2020,203,True
Israel,Semiconductor,2020,46,True
Canada,Semiconductor,2023,13,True
United States,Semiconductor,2023,432,True
Japan,Semiconductor,2020,4,True
Switzerland,Simulation,2018,0,True
Netherlands,Simulation,2025,2,True
Israel,Software,2020,1519,True
Azerbaijan,Software,2025,0,True
South Korea,Software,2016,130,True
missing,Software,2016,72,True
Cyprus,Software,2018,3,True
Latvia,Software,2017,4,True
Peru,Software,2020,3,True
Peru,Software,2022,3,True
Turkey,Software,2020,8,True
Turkey,Software,2026,358,False
Nigeria,Software,2023,7,True
Jordan,Software,2020,0,True
Ukraine,Software,2021,21,True
Ireland,Speech Recognition,2023,68,True
Singapore,Speech Recognition,2022,3,True
Canada,Speech Recognition,2023,8,True
Australia,Speech Recognition,2020,0,True
Japan,Speech Recognition,2024,1,True
Israel,Sports,2017,54,True
France,Sports,2018,1,True
Italy,Sports,2026,0,False
Canada,Telecommunications,2026,5,False
Switzerland,Telecommunications,2025,0,True
Sweden,Telecommunications,2020,0,True
South Korea,Telecommunications,2026,14,False
Italy,Telecommunications,2024,3,True
Nigeria,Telecommunications,2024,0,True
Australia,Transportation,2017,0,True
Greece,Transportation,2023,112,True
Italy,Transportation,2023,3,True
France,Transportation,2025,223,True
Czechia,Transportation,2025,1,True
Sweden,Transportation,2016,0,True
Brazil,Transportation,2025,40,True
Ukraine,Transportation,2025,0,True
New Zealand,Transportation,2022,2,True
Germany,Agriculture,2024,7,True
United States,Agriculture,2022,703,True
Taiwan,Agriculture,2021,2,True
Brazil,Agriculture,2023,7,True
Australia,Agriculture,2018,2,True
Israel,Agriculture,2023,50,True
Netherlands,All,2021,1088,True
Netherlands,All,2022,2168,True
United Kingdom,All,2020,4898,True
Slovakia,All,2020,16,True
Austria,All,2019,146,True
Bulgaria,All,2026,0,False
Turkey,All,2020,13,True
Portugal,All,2020,66,True
India,All,2023,8338,True
India,All,2024,1716,True
Sweden,All,2020,3600,True
Ecuador,All,2024,0,True
Ireland,All,2026,432,False
Singapore,All,2018,1132,True
Iceland,All,2016,4,True
Uruguay,All,2017,0,True
Australia,All,2018,314,True
Poland,All,2019,112,True
China,All,2026,48823,False
Chile,All,2021,275,True
Switzerland,Biotechnology,2016,0,True
Bulgaria,Biotechnology,2017,0,True
United Kingdom,Biotechnology,2017,17,True
Finland,Biotechnology,2026,23,False
Japan,Biotechnology,2022,4,True
Cyprus,Biotechnology,2024,3,True
South Korea,Biotechnology,2025,24,True
Israel,Biotechnology,2025,42,True
Spain,Community and Lifestyle,2018,26,True
United States,Community and Lifestyle,2016,522,True
Taiwan,Community and Lifestyle,2017,2,True
Taiwan,Community and Lifestyle,2023,2,True
Russia,Community and Lifestyle,2020,3,True
China,Community and Lifestyle,2026,173,False
Austria,Community and Lifestyle,2019,2,True
Indonesia,Community and Lifestyle,2020,20,True
Mexico,Community and Lifestyle,2019,0,True
Romania,Community and Lifestyle,2018,0,True
Denmark,Community and Lifestyle,2021,2,True
Bangladesh,Community and Lifestyle,2024,0,True
Germany,Community and Lifestyle,2023,14,True
Canada,Computer Vision,2020,35,True
Slovenia,Computer Vision,2022,3,True
Malaysia,Computer Vision,2025,4,True
China,Computer Vision,2019,357,True
South Korea,Computer Vision,2023,11,True
Saudi Arabia,Computer Vision,2019,2,True
Saudi Arabia,Computer Vision,2023,1,True
Finland,Computer Vision,2021,16,True
Japan,Computer Vision,2022,2,True
United States,Computer Vision,2016,644,True
South Africa,Computer Vision,2024,54,True
Germany,Computer Vision,2017,29,True
Germany,Computer Vision,2026,857,False
Switzerland,Consumer goods,2020,27,True
United States,Consumer goods,2020,1625,True
Brazil,Consumer goods,2019,0,True
Estonia,Consumer goods,2023,1,True
India,Consumer goods,2016,6,True
China,Consumer goods,2017,185,True
New Zealand,Consumer goods,2022,1,True
United Kingdom,Consumer goods,2020,436,True
Israel,Consumer goods,2026,23,False
Australia,Cyber Security,2017,0,True
Portugal,Cyber Security,2022,2,True
Hungary,Data and analytics,2025,16,True
Qatar,Data and analytics,2019,0,True
Jordan,Data and analytics,2023,3,True
Costa Rica,Data and analytics,2022,0,True
Panama,Data and analytics,2026,1,False
United Arab Emirates,Data and analytics,2018,189,True
United Arab Emirates,Data and analytics,2025,1203,True
Vietnam,Data and analytics,2018,0,True
Vietnam,Data and analytics,2025,273,True
Belgium,Data and analytics,2019,190,True
Slovenia,Data and analytics,2025,10,True
Iceland,Data and analytics,2022,1606,True
Singapore,Data and analytics,2019,1730,True
Egypt,Data and analytics,2018,0,True
South Africa,Data and analytics,2020,92,True
South Africa,Data and analytics,2026,29,False
Tanzania,Data and analytics,2024,0,True
Italy,Data and analytics,2016,14,True
Italy,Data and analytics,2020,279,True
Luxembourg,Data and analytics,2022,5,True
Lithuania,Data and analytics,2026,135,False
Georgia,Data and analytics,2025,2,True
Cyprus,Data and analytics,2016,1,True
Switzerland,Data and analytics,2023,255,True
Sri Lanka,Data and analytics,2017,9,True
Sri Lanka,Data and analytics,2023,4,True
Taiwan,Education,2022,6,True
missing,Education,2022,1,True
Norway,Education,2021,63,True
Portugal,Education,2022,0,True
Ghana,Education,2016,3,True
Germany,Education,2020,13,True
Luxembourg,Education,2021,272,True
United States,Education,2023,1004,True
Sri Lanka,Education,2025,0,True
New Zealand,Energy and natural resources,2025,7,True
Colombia,Energy and natural resources,2022,6,True
Belgium,Energy and natural resources,2016,64,True
Netherlands,Energy and natural resources,2024,13,True
South Korea,Energy and natural resources,2024,46,True
Taiwan,Energy and natural resources,2024,4,True
Germany,Energy and natural resources,2024,24,True
France,Facial Recognition,2022,0,True
Chile,Facial Recognition,2024,0,True
Israel,Facial Recognition,2019,0,True
Costa Rica,Finance,2026,0,False
Israel,Finance,2017,28,True
Canada,Finance,2017,42,True
France,Finance,2017,22,True
Philippines,Finance,2024,18,True
Portugal,Finance,2021,55,True
Poland,Finance,2020,4,True
Vietnam,Finance,2023,0,True
Slovakia,Finance,2020,5,True
Turkey,Finance,2024,6,True
Iraq,Finance,2025,15,True
India,Finance,2018,21,True
Norway,Gaming,2021,9,True
Israel,Gaming,2019,1,True
United Kingdom,Gaming,2017,31,True
Poland,General purpose,2025,578,True
Argentina,General purpose,2022,11,True
Ireland,General purpose,2022,372,True
Australia,General purpose,2026,5820,False
Zambia,General purpose,2022,0,True
Denmark,General purpose,2019,43,True
Canada,General purpose,2023,2532,True
New Zealand,General purpose,2025,119,True
United Kingdom,General purpose,2019,3678,True
Hungary,General purpose,2016,3,True
France,General purpose,2025,4904,True
Cyprus,General purpose,2026,69,False
El Salvador,General purpose,2021,0,True
Luxembourg,General purpose,2021,393,True
Malaysia,General purpose,2016,2,True
United Arab Emirates,General purpose,2020,245,True
Colombia,General purpose,2021,9,True
Colombia,General purpose,2023,20,True
Colombia,General purpose,2024,38,True
Colombia,General purpose,2025,821,True
Thailand,General purpose,2016,0,True
Bahrain,Hardware,2020,0,True
Estonia,Hardware,2026,26,False
Croatia,Hardware,2021,3,True
Belgium,Hardware,2023,2,True
United Kingdom,Hardware,2024,650,True
United States,Hardware,2024,17001,True
France,Hardware,2018,440,True
Hungary,Hardware,2020,1,True
South Korea,Hardware,2018,16,True
Ireland,Hardware,2024,67,True
Peru,Hardware,2017,0,True
Italy,Hardware,2019,3,True
Canada,Healthcare and Life Sciences,2025,2799,True
France,Healthcare and Life Sciences,2023,294,True
Bulgaria,Healthcare and Life Sciences,2023,1,True
Malaysia,Healthcare and Life Sciences,2024,0,True
Chile,Healthcare and Life Sciences,2021,0,True
Switzerland,Healthcare and Life Sciences,2019,13,True
China,Information Technology,2021,2353,True
South Korea,Information Technology,2016,120,True
Portugal,Information Technology,2016,2,True
Romania,Information Technology,2023,6,True
Slovakia,Information Technology,2022,23,True
Malaysia,Information Technology,2023,20,True
Sweden,Information Technology,2021,3868,True
Bulgaria,Information Technology,2018,13,True
Netherlands,Information Technology,2024,660,True
Spain,Information Technology,2019,40,True
Mexico,Information Technology,2023,133,True
Canada,Information Technology,2025,2424,True
United Kingdom,Information Technology,2018,4814,True
Serbia,Information Technology,2021,0,True
Italy,Information Technology,2023,91,True
Israel,Information Technology,2023,856,True
Switzerland,Information Technology,2020,196,True
Singapore,Lending and Investments,2019,7,True
Czechia,Lending and Investments,2017,2,True
United Arab Emirates,Lending and Investments,2021,1,True
United States,Lending and Investments,2022,1926,True
India,Lending and Investments,2024,132,True
France,Lending and Investments,2021,1,True
Iceland,Manufacturing,2020,3,True
Belgium,Manufacturing,2022,12,True
China,Manufacturing,2017,105,True
India,Manufacturing,2019,15,True
Italy,Manufacturing,2020,4,True
Portugal,Manufacturing,2024,2,True
Poland,Manufacturing,2024,19,True
Croatia,Manufacturing,2021,1,True
Ukraine,Media and Entertainment,2023,0,True
Chile,Media and Entertainment,2019,0,True
Argentina,Media and Entertainment,2023,0,True
Slovakia,Media and Entertainment,2023,1,True
Sweden,Media and Entertainment,2017,9,True
India,Media and Entertainment,2022,159,True
Finland,Media and Entertainment,2023,2,True
Norway,"Military, public safety and government",2026,5,False
Spain,"Military, public safety and government",2016,1,True
Spain,"Military, public safety and government",2019,0,True
South Korea,"Military, public safety and government",2025,3,True
China,"Mobile, platforms & Internet services",2024,494,True
Chile,"Mobile, platforms & Internet services",2021,2,True
Turkey,"Mobile, platforms & Internet services",2022,21,True
Poland,"Mobile, platforms & Internet services",2021,21,True
Mexico,"Mobile, platforms & Internet services",2023,24,True
Colombia,"Mobile, platforms & Internet services",2017,1,True
Ghana,"Mobile, platforms & Internet services",2017,0,True
Kazakhstan,"Mobile, platforms & Internet services",2025,0,True
Portugal,"Mobile, platforms & Internet services",2026,2,False
Serbia,"Mobile, platforms & Internet services",2022,0,True
United Kingdom,"Mobile, platforms & Internet services",2019,375,True
Brazil,"Mobile, platforms & Internet services",2023,13,True
United Arab Emirates,NLP,2024,81,True
Saudi Arabia,NLP,2025,12,True
Singapore,NLP,2018,3,True
Singapore,NLP,2021,7,True
Israel,Navigation and mapping,2019,4,True
Saudi Arabia,Other,2026,8,False
Bolivia,Other,2026,0,False
China,Other,2025,256,True
Côte d'Ivoire,Other,2025,0,True
Denmark,Other,2020,1,True
Denmark,Other,2024,94,True
Sweden,Other,2017,164,True
Israel,Other,2018,23,True
Spain,Other,2020,5,True
New Zealand,Other,2016,0,True
Lithuania,Other,2024,2,True
Belgium,Other,2025,264,True
Taiwan,Other,2025,0,True
Czechia,Other,2017,0,True
Indonesia,Privacy and Security,2025,4,True
Poland,Privacy and Security,2023,0,True
Estonia,Privacy and Security,2022,37,True
Austria,Privacy and Security,2021,0,True
Israel,Privacy and Security,2021,600,True
Philippines,Privacy and Security,2022,0,True
Philippines,Privacy and Security,2025,6,True
Turkey,Privacy and Security,2025,2,True
Switzerland,Privacy and Security,2019,152,True
Brazil,Professional services,2026,87,False
Bulgaria,Professional services,2021,0,True
Estonia,Professional services,2018,7,True
Malaysia,Professional services,2019,7,True
Taiwan,Professional services,2025,0,True
United States,Professional services,2017,1717,True
missing,Professional services,2022,26,True
Canada,Professional services,2019,236,True
Canada,Professional services,2023,257,True
Bahrain,Professional services,2021,195,True
Poland,Professional services,2019,83,True
Poland,Professional services,2026,3,False
Czechia,Professional services,2024,18,True
Luxembourg,Professional services,2017,1,True
South Korea,Real estate,2024,53,True
Germany,Real estate,2026,37,False
Sweden,Real estate,2020,4,True
Denmark,Robotics,2019,16,True
Sweden,Robotics,2016,1,True
Hungary,Robotics,2022,3,True
Canada,Robotics,2016,4,True
Canada,Robotics,2023,46,True
Canada,Robotics,2025,58,True
Portugal,"Sales, retail, commerce, marketing",2024,15,True
Chile,"Sales, retail, commerce, marketing",2025,4,True
Egypt,"Sales, retail, commerce, marketing",2022,1,True
Mexico,"Sales, retail, commerce, marketing",2026,1,False
United States,"Sales, retail, commerce, marketing",2017,3845,True
Bolivia,"Sales, retail, commerce, marketing",2026,0,False
Italy,"Sales, retail, commerce, marketing",2023,1,True
Latvia,"Sales, retail, commerce, marketing",2017,0,True
Norway,"Sales, retail, commerce, marketing",2023,7,True
Japan,"Sales, retail, commerce, marketing",2025,118,True
Saudi Arabia,"Sales, retail, commerce, marketing",2020,13,True
Netherlands,"Sales, retail, commerce, marketing",2024,308,True
Spain,"Sales, retail, commerce, marketing",2026,113,False
Taiwan,"Sales, retail, commerce, marketing",2021,10,True
Taiwan,"Sales, retail, commerce, marketing",2024,19,True
Taiwan,Semiconductor,2024,2,True
United Kingdom,Semiconductor,2018,19,True
India,Simulation,2024,2,True
Slovenia,Simulation,2018,0,True
Kazakhstan,Software,2021,2,True
Iceland,Software,2020,10,True
Mongolia,Software,2022,0,True
Saudi Arabia,Software,2021,2006,True
Saint Kitts and Nevis,Software,2021,0,True
Denmark,Software,2018,997,True
Thailand,Software,2016,0,True
Luxembourg,Software,2020,11,True
Colombia,Software,2018,0,True
Uzbekistan,Software,2025,0,True
Nigeria,Software,2017,0,True
Australia,Software,2017,89,True
Brazil,Software,2023,638,True
Pakistan,Software,2022,3,True
India,Speech Recognition,2021,15,True
Finland,Speech Recognition,2018,0,True
Canada,Speech Recognition,2025,0,True
Canada,Sports,2017,1,True
missing,Sports,2026,0,False
Brazil,Sports,2024,0,True
Spain,Sports,2019,0,True
Ireland,Sports,2025,5,True
United Arab Emirates,Telecommunications,2017,11,True
South Korea,Telecommunications,2024,4,True
Slovakia,Telecommunications,2024,5,True
Australia,Telecommunications,2025,25,True
Spain,Telecommunications,2024,2,True
Czechia,Transportation,2020,2,True
Singapore,Transportation,2024,100,True
Japan,Transportation,2019,81,True
Poland,Transportation,2020,5,True
Poland,Transportation,2021,21,True
Portugal,Transportation,2025,13,True
Lithuania,Transportation,2025,2,True
United States,Transportation,2023,5540,True
India,Agriculture,2024,52,True
Netherlands,Agriculture,2024,3,True
Australia,Agriculture,2019,5,True
Egypt,Agriculture,2024,0,True
Chile,Agriculture,2020,0,True
United Kingdom,All,2019,5125,True
Austria,All,2018,42,True
Saudi Arabia,All,2021,2345,True
South Korea,All,2022,3249,True
South Korea,All,2024,2526,True
Spain,All,2016,167,True
Turkey,All,2022,62,True
Romania,All,2023,78,True
Bangladesh,All,2018,0,True
Mauritius,All,2019,52,True
Poland,All,2020,143,True
Qatar,All,2020,0,True
Indonesia,All,2025,21,True
China,All,2022,15600,True
Thailand,All,2025,9,True
Malaysia,All,2018,28,True
Malaysia,All,2022,91,True
Malaysia,All,2026,168,False
France,Biotechnology,2017,2,True
Argentina,Biotechnology,2020,2,True
Japan,Biotechnology,2023,15,True
Japan,Biotechnology,2026,28,False
Portugal,Biotechnology,2016,0,True
Hungary,Biotechnology,2023,6,True
Ghana,Biotechnology,2022,1,True
Israel,Biotechnology,2018,3,True
South Korea,Community and Lifestyle,2018,13,True
Vietnam,Community and Lifestyle,2023,3,True
Italy,Community and Lifestyle,2026,169,False
Czechia,Community and Lifestyle,2022,20,True
China,Community and Lifestyle,2021,153,True
China,Community and Lifestyle,2024,111,True
Belgium,Community and Lifestyle,2025,0,True
Estonia,Community and Lifestyle,2024,0,True
Saudi Arabia,Community and Lifestyle,2024,0,True
Brazil,Computer Vision,2024,2,True
South Korea,Computer Vision,2026,4,False
Ireland,Computer Vision,2026,1,False
Portugal,Computer Vision,2019,6,True
Spain,Computer Vision,2022,3,True
Lithuania,Computer Vision,2023,2,True
France,Computer Vision,2019,32,True
Denmark,Computer Vision,2022,0,True
Estonia,Computer Vision,2022,0,True
Estonia,Computer Vision,2023,1,True
Norway,Computer Vision,2025,1,True
Austria,Computer Vision,2017,1,True
Austria,Computer Vision,2026,3,False
Indonesia,Computer Vision,2019,0,True
India,Computer Vision,2016,2,True
Sweden,Consumer goods,2018,1,True
Australia,Consumer goods,2016,0,True
United Kingdom,Consumer goods,2019,2479,True
Vietnam,Consumer goods,2020,1,True
Poland,Cyber Security,2019,1,True
Japan,Cyber Security,2025,0,True
Israel,Cyber Security,2022,90,True
Israel,Cyber Security,2026,1286,False
Nigeria,Cyber Security,2024,2,True
Spain,Cyber Security,2024,55,True
Norway,Cyber Security,2023,2,True
Ireland,Cyber Security,2025,64,True
Switzerland,Cyber Security,2022,130,True
Czechia,Cyber Security,2023,11,True
missing,Cyber Security,2025,1,True
Bangladesh,Data and analytics,2023,2,True
Ireland,Data and analytics,2019,103,True
Ireland,Data and analytics,2024,306,True
Kenya,Data and analytics,2023,5,True
United Arab Emirates,Data and analytics,2022,288,True
Belgium,Data and analytics,2026,1253,False
Germany,Data and analytics,2024,4373,True
Peru,Data and analytics,2021,1,True
Tunisia,Data and analytics,2021,0,True
Tunisia,Data and analytics,2024,2,True
Iceland,Data and analytics,2021,3,True
Iceland,Data and analytics,2025,48,True
Singapore,Data and analytics,2026,4268,False
South Korea,Data and analytics,2022,1900,True
Mongolia,Data and analytics,2025,4,True
Croatia,Data and analytics,2022,361,True
Finland,Data and analytics,2016,8,True
United Arab Emirates,Education,2023,1,True
Lebanon,Education,2016,0,True
Saudi Arabia,Education,2023,1,True
Australia,Education,2024,52,True
Brazil,Education,2023,39,True
Finland,Education,2018,2,True
United Kingdom,Education,2019,139,True
Mexico,Education,2020,1,True
United States,Energy and natural resources,2022,1047,True
United States,Energy and natural resources,2024,1491,True
Spain,Energy and natural resources,2019,5,True
missing,Energy and natural resources,2020,23,True
missing,Energy and natural resources,2022,0,True
missing,Energy and natural resources,2024,0,True
Estonia,Energy and natural resources,2026,12,False
Colombia,Energy and natural resources,2023,13,True
Netherlands,Energy and natural resources,2018,3,True
India,Energy and natural resources,2022,36,True
United States,Facial Recognition,2025,207,True
China,Facial Recognition,2020,7,True
Israel,Finance,2026,2036,False
France,Finance,2021,327,True
Slovenia,Finance,2026,0,False
United Arab Emirates,Finance,2021,7,True
Panama,Finance,2025,10,True
Denmark,Finance,2017,23,True
Switzerland,Finance,2025,692,True
India,Finance,2016,2,True
Kenya,Finance,2019,13,True
Belgium,Finance,2020,4,True
South Africa,Finance,2016,0,True
Turkey,Gaming,2022,0,True
Japan,Gaming,2019,1,True
Japan,Gaming,2020,16,True
Slovakia,General purpose,2021,1,True
China,General purpose,2018,3573,True
Norway,General purpose,2021,333,True
Saudi Arabia,General purpose,2018,5,True
Senegal,General purpose,2023,0,True
Canada,General purpose,2018,799,True
New Zealand,General purpose,2023,26,True
Brazil,General purpose,2022,1295,True
Paraguay,General purpose,2024,0,True
Sri Lanka,General purpose,2024,7,True
Uganda,General purpose,2022,0,True
Belize,General purpose,2019,10,True
Romania,General purpose,2018,1,True
Iran,General purpose,2022,0,True
Zimbabwe,General purpose,2025,0,True
Bahrain,General purpose,2020,0,True
Japan,General purpose,2022,235,True
Finland,General purpose,2016,7,True
Thailand,General purpose,2022,47,True
Chile,Hardware,2025,2,True
China,Hardware,2022,3614,True
Qatar,Hardware,2024,0,True
Mexico,Hardware,2020,0,True
Taiwan,Hardware,2022,36,True
Pakistan,Hardware,2022,1,True
South Korea,Hardware,2016,54,True
United Arab Emirates,Hardware,2026,16,False
Serbia,Hardware,2023,43,True
Romania,Hardware,2018,0,True
Albania,Hardware,2025,0,True
Iceland,Hardware,2020,3,True
Ukraine,Hardware,2016,0,True
Canada,Healthcare and Life Sciences,2024,60,True
Kazakhstan,Healthcare and Life Sciences,2024,1,True
Portugal,Healthcare and Life Sciences,2018,0,True
New Zealand,Healthcare and Life Sciences,2019,207,True
Mexico,Healthcare and Life Sciences,2025,13,True
France,Healthcare and Life Sciences,2026,674,False
United Kingdom,Healthcare and Life Sciences,2025,1321,True
Cyprus,Healthcare and Life Sciences,2025,18,True
Czechia,Healthcare and Life Sciences,2024,1,True
Ireland,Healthcare and Life Sciences,2020,1,True
Estonia,Healthcare and Life Sciences,2021,0,True
Argentina,Healthcare and Life Sciences,2023,1,True
Vietnam,Information Technology,2025,103,True
Mauritius,Information Technology,2021,2,True
South Korea,Information Technology,2019,271,True
Japan,Information Technology,2023,809,True
Iceland,Information Technology,2021,1605,True
Singapore,Information Technology,2019,1538,True
Ireland,Information Technology,2022,117,True
Peru,Information Technology,2022,3,True
Brazil,Information Technology,2020,298,True
Poland,Information Technology,2016,10,True
Poland,Information Technology,2024,27,True
Spain,Information Technology,2016,54,True
Argentina,Information Technology,2019,1,True
Argentina,Information Technology,2022,9,True
Serbia,Information Technology,2022,0,True
South Africa,Information Technology,2024,58,True
Jamaica,Information Technology,2026,2,False
Czechia,Lending and Investments,2024,3,True
Italy,Lending and Investments,2023,3,True
France,Lending and Investments,2018,1,True
Ireland,Lending and Investments,2017,59,True
Philippines,Lending and Investments,2020,9,True
China,Lending and Investments,2019,45,True
Egypt,Manufacturing,2024,0,True
South Africa,Manufacturing,2019,126,True
Lithuania,Manufacturing,2019,0,True
Austria,Manufacturing,2021,4,True
Saudi Arabia,Manufacturing,2023,1,True
Finland,Manufacturing,2022,2,True
Netherlands,Manufacturing,2021,19,True
Netherlands,Manufacturing,2024,12,True
Sri Lanka,Manufacturing,2024,0,True
Greece,Manufacturing,2023,0,True
New Zealand,Manufacturing,2022,70,True
Switzerland,Manufacturing,2017,19,True
Norway,Manufacturing,2024,129,True
France,Manufacturing,2019,125,True
Estonia,Media and Entertainment,2023,1,True
Seychelles,Media and Entertainment,2024,0,True
Romania,Media and Entertainment,2018,0,True
Sweden,Media and Entertainment,2021,2631,True
Israel,Media and Entertainment,2022,337,True
Denmark,Media and Entertainment,2024,83,True
Germany,Media and Entertainment,2025,144,True
China,"Military, public safety and government",2020,1,True
Canada,"Military, public safety and government",2022,16,True
Canada,"Military, public safety and government",2024,6,True
United States,"Military, public safety and government",2026,7245,False
Spain,"Mobile, platforms & Internet services",2026,127,False
South Korea,"Mobile, platforms & Internet services",2016,73,True
South Korea,"Mobile, platforms & Internet services",2021,2186,True
Mexico,"Mobile, platforms & Internet services",2016,1,True
Mexico,"Mobile, platforms & Internet services",2017,2,True
Mexico,"Mobile, platforms & Internet services",2020,26,True
Mexico,"Mobile, platforms & Internet services",2026,9,False
Hungary,"Mobile, platforms & Internet services",2022,8,True
Lithuania,"Mobile, platforms & Internet services",2021,0,True
Greece,"Mobile, platforms & Internet services",2021,0,True
Portugal,"Mobile, platforms & Internet services",2019,3,True
missing,"Mobile, platforms & Internet services",2017,3,True
Australia,"Mobile, platforms & Internet services",2021,443,True
Pakistan,"Mobile, platforms & Internet services",2020,0,True
Ukraine,"Mobile, platforms & Internet services",2021,20,True
Switzerland,"Mobile, platforms & Internet services",2021,241,True
Switzerland,"Mobile, platforms & Internet services",2024,840,True
Austria,NLP,2023,0,True
Romania,NLP,2026,1,False
France,NLP,2022,2,True
Belgium,NLP,2022,2,True
Israel,NLP,2016,14,True
Israel,NLP,2023,11,True
Norway,NLP,2024,0,True
Argentina,NLP,2018,1,True
United States,NLP,2024,5419,True
United Kingdom,NLP,2021,90,True
Malaysia,NLP,2018,4,True
Netherlands,NLP,2019,5,True
Australia,Navigation and mapping,2020,38,True
Australia,Navigation and mapping,2026,21,False
Indonesia,Navigation and mapping,2024,0,True
Switzerland,Navigation and mapping,2024,0,True
India,Other,2023,99,True
Estonia,Other,2019,1,True
South Africa,Other,2021,1,True
Sweden,Other,2026,1,False
New Zealand,Other,2024,7,True
Chile,Other,2021,3,True
Panama,Other,2024,0,True
Finland,Other,2019,1,True
Czechia,Other,2021,3,True
Estonia,Privacy and Security,2021,14,True
Portugal,Privacy and Security,2021,57,True
Canada,Privacy and Security,2023,23,True
Canada,Privacy and Security,2026,113,False
Belgium,Privacy and Security,2026,40,False
Israel,Privacy and Security,2025,507,True
Israel,Privacy and Security,2026,1760,False
Norway,Privacy and Security,2026,1,False
Tunisia,Privacy and Security,2020,0,True
United Kingdom,Privacy and Security,2025,255,True
Portugal,Professional services,2023,25,True
Egypt,Professional services,2023,0,True
Colombia,Professional services,2021,0,True
Russia,Professional services,2019,1,True
Saudi Arabia,Professional services,2017,0,True
Japan,Professional services,2021,77,True
Greece,Professional services,2021,0,True
missing,Professional services,2024,174,True
Netherlands,Professional services,2020,63,True
Poland,Professional services,2023,40,True
New Zealand,Professional services,2026,2,False
Brazil,Real estate,2019,0,True
China,Real estate,2019,27,True
Chile,Real estate,2024,2,True
Denmark,Real estate,2026,1,False
Turkey,Real estate,2022,1,True
Japan,Real estate,2020,9,True
China,Robotics,2017,210,True
Saudi Arabia,Robotics,2023,1,True
Netherlands,Robotics,2020,90,True
Hungary,Robotics,2018,4,True
Russia,Robotics,2019,1,True
Austria,Robotics,2023,0,True
Switzerland,"Sales, retail, commerce, marketing",2026,6,False
United States,"Sales, retail, commerce, marketing",2026,26087,False
Bosnia and Herzegovina,"Sales, retail, commerce, marketing",2016,0,True
Singapore,"Sales, retail, commerce, marketing",2018,113,True
Turkey,"Sales, retail, commerce, marketing",2026,6,False
New Zealand,"Sales, retail, commerce, marketing",2022,7,True
South Africa,"Sales, retail, commerce, marketing",2026,3,False
Luxembourg,"Sales, retail, commerce, marketing",2021,272,True
Denmark,Semiconductor,2024,0,True
Norway,Simulation,2018,2,True
Norway,Software,2025,770,True
Philippines,Software,2016,1,True
Portugal,Software,2025,238,True
Zimbabwe,Software,2023,0,True
Dominican Republic,Software,2022,0,True
Algeria,Software,2024,0,True
El Salvador,Software,2025,1,True
Tanzania,Software,2025,1,True
Egypt,Software,2024,19,True
Ukraine,Software,2022,0,True
Pakistan,Software,2026,4,False
Malaysia,Software,2022,61,True
Japan,Software,2022,295,True
Brazil,Sports,2017,0,True
Turkey,Sports,2022,1,True
Saudi Arabia,Sports,2018,0,True
Japan,Telecommunications,2018,10,True
Sweden,Telecommunications,2022,0,True
France,Telecommunications,2025,628,True
Slovakia,Telecommunications,2022,21,True
South Korea,Transportation,2025,58,True
France,Transportation,2021,448,True
Sweden,Transportation,2021,3442,True
India,Transportation,2021,175,True
India,Transportation,2026,79,False
Ukraine,Transportation,2024,1,True
Croatia,Transportation,2023,195,True
Finland,Transportation,2025,12,True
Ireland,Agriculture,2018,4,True
Japan,Agriculture,2016,1,True
United Kingdom,Agriculture,2023,28,True
South Korea,Agriculture,2023,23,True
Italy,Agriculture,2020,0,True
Hungary,Agriculture,2022,1,True
Switzerland,Agriculture,2024,0,True
Denmark,Agriculture,2024,5,True
Jamaica,All,2026,6,False
Lebanon,All,2021,4,True
Colombia,All,2023,39,True
Taiwan,All,2017,26,True
Taiwan,All,2021,277,True
Taiwan,All,2025,105,True
Kenya,All,2024,20,True
Denmark,All,2018,1681,True
Denmark,All,2024,984,True
Côte d'Ivoire,All,2025,0,True
Seychelles,All,2016,1,True
Malta,All,2022,2,True
Lithuania,All,2016,0,True
Ecuador,All,2017,10,True
Finland,All,2019,1278,True
Zambia,All,2026,0,False
Germany,All,2020,4359,True
Germany,All,2022,5927,True
Sri Lanka,All,2022,0,True
China,All,2024,16224,True
Costa Rica,All,2022,0,True
Costa Rica,All,2025,2,True
Switzerland,Biotechnology,2018,7,True
Poland,Biotechnology,2021,3,True
Denmark,Biotechnology,2018,1,True
Brazil,Biotechnology,2024,41,True
South Korea,Biotechnology,2024,28,True
Singapore,Biotechnology,2019,1,True
Bahrain,Biotechnology,2024,0,True
Jordan,Community and Lifestyle,2020,0,True
France,Community and Lifestyle,2019,2,True
Belgium,Community and Lifestyle,2018,0,True
Australia,Community and Lifestyle,2017,1,True
Indonesia,Community and Lifestyle,2022,0,True
Canada,Community and Lifestyle,2018,21,True
Egypt,Community and Lifestyle,2026,1,False
Singapore,Community and Lifestyle,2021,7,True
Turkey,Community and Lifestyle,2017,0,True
Hungary,Computer Vision,2017,2,True
New Zealand,Computer Vision,2020,3,True
Ireland,Computer Vision,2018,55,True
Saudi Arabia,Computer Vision,2020,14800,True
Denmark,Computer Vision,2020,1,True
Estonia,Computer Vision,2021,0,True
United Arab Emirates,Computer Vision,2021,2,True
United Arab Emirates,Computer Vision,2026,1,False
United States,Computer Vision,2020,3478,True
Netherlands,Computer Vision,2024,289,True
Russia,Computer Vision,2016,1,True
Sweden,Consumer goods,2017,1,True
Netherlands,Consumer goods,2017,110,True
Denmark,Consumer goods,2017,1,True
India,Consumer goods,2021,56,True
missing,Consumer goods,2023,0,True
Estonia,Cyber Security,2019,0,True
Estonia,Cyber Security,2026,0,False
Sri Lanka,Cyber Security,2024,0,True
Canada,Cyber Security,2026,57,False
China,Cyber Security,2022,31,True
Czechia,Cyber Security,2021,7,True
Argentina,Data and analytics,2016,1,True
Indonesia,Data and analytics,2017,19,True
Serbia,Data and analytics,2026,43,False
Thailand,Data and analytics,2022,47,True
Iceland,Data and analytics,2026,1,False
South Korea,Data and analytics,2025,1031,True
Iran,Data and analytics,2022,0,True
Israel,Data and analytics,2026,9193,False
New Zealand,Data and analytics,2021,1216,True
Bulgaria,Data and analytics,2025,128,True
Uruguay,Data and analytics,2023,2,True
Belarus,Data and analytics,2017,7,True
Czechia,Data and analytics,2025,586,True
Finland,Data and analytics,2024,1512,True
Australia,Data and analytics,2024,1507,True
Poland,Data and analytics,2026,60,False
Romania,Data and analytics,2024,8,True
Vietnam,Education,2017,250,True
Vietnam,Education,2025,4,True
Ukraine,Education,2018,0,True
Austria,Education,2020,6,True
Austria,Education,2023,16,True
Poland,Education,2025,2,True
United States,Education,2026,4057,False
Italy,Energy and natural resources,2021,3,True
Japan,Energy and natural resources,2023,14,True
United States,Energy and natural resources,2018,573,True
New Zealand,Energy and natural resources,2022,0,True
Spain,Energy and natural resources,2018,7,True
Austria,Energy and natural resources,2023,89,True
China,Energy and natural resources,2021,90,True
China,Energy and natural resources,2026,612,False
Tunisia,Energy and natural resources,2022,0,True
South Korea,Energy and natural resources,2018,4,True
Romania,Energy and natural resources,2024,1,True
United States,Facial Recognition,2019,3,True
Chile,Facial Recognition,2021,0,True
Netherlands,Finance,2016,25,True
Philippines,Finance,2025,97,True
Japan,Finance,2017,7,True
South Korea,Finance,2026,21,False
Mexico,Finance,2026,171,False
Qatar,Finance,2022,2,True
Denmark,Finance,2023,14,True
Nigeria,Finance,2020,1,True
Italy,Finance,2022,15,True
Malaysia,Finance,2024,0,True
Indonesia,Finance,2022,6,True
Taiwan,Finance,2024,10,True
Kenya,Finance,2017,1,True
Czechia,Finance,2024,3,True
Poland,Gaming,2026,18,False
Singapore,Gaming,2026,1,False
United Kingdom,Gaming,2026,20,False
Taiwan,Gaming,2022,2,True
Sweden,Gaming,2020,1,True
United States,Gaming,2025,190,True
United States,General purpose,2018,30794,True
Argentina,General purpose,2019,2,True
Ireland,General purpose,2019,90,True
Pakistan,General purpose,2026,4,False
Philippines,General purpose,2024,45,True
Brazil,General purpose,2020,336,True
Russia,General purpose,2023,117,True
Austria,General purpose,2020,36,True
France,General purpose,2021,1921,True
Georgia,General purpose,2024,0,True
Germany,General purpose,2025,16028,True
Cyprus,General purpose,2019,3,True
Cyprus,General purpose,2021,25,True
Zimbabwe,General purpose,2021,0,True
Malaysia,General purpose,2025,47,True
Switzerland,General purpose,2020,1349,True
Serbia,General purpose,2022,0,True
Chile,Hardware,2026,0,False
China,Hardware,2020,1147,True
Greece,Hardware,2021,56,True
Japan,Hardware,2025,136,True
Hungary,Hardware,2023,5,True
Italy,Hardware,2026,180,False
Nigeria,Hardware,2018,5,True
Sri Lanka,Healthcare and Life Sciences,2024,1,True
India,Healthcare and Life Sciences,2019,23,True
Taiwan,Healthcare and Life Sciences,2022,81,True
Taiwan,Healthcare and Life Sciences,2025,4,True
Luxembourg,Healthcare and Life Sciences,2026,3,False
Mexico,Healthcare and Life Sciences,2024,2,True
Pakistan,Healthcare and Life Sciences,2024,0,True
Finland,Healthcare and Life Sciences,2020,4,True
Sweden,Healthcare and Life Sciences,2024,12,True
Denmark,Healthcare and Life Sciences,2020,9,True
France,Information Technology,2016,370,True
Ukraine,Information Technology,2019,25,True
China,Information Technology,2023,1928,True
Colombia,Information Technology,2020,1,True
Luxembourg,Information Technology,2026,1,False
Indonesia,Information Technology,2017,20,True
Russia,Information Technology,2023,1,True
United States,Information Technology,2018,23847,True
Croatia,Information Technology,2021,2,True
Slovakia,Information Technology,2021,4,True
Thailand,Information Technology,2018,1,True
Malaysia,Information Technology,2018,1,True
Germany,Information Technology,2023,1373,True
New Zealand,Information Technology,2017,0,True
Mexico,Information Technology,2020,13,True
Hungary,Information Technology,2024,15,True
Switzerland,Information Technology,2022,829,True
Germany,Lending and Investments,2020,30,True
Singapore,Lending and Investments,2025,10,True
Thailand,Lending and Investments,2016,0,True
United States,Lending and Investments,2017,263,True
Estonia,Lending and Investments,2021,1,True
France,Lending and Investments,2022,2,True
Spain,Manufacturing,2016,14,True
Lithuania,Manufacturing,2017,0,True
Singapore,Manufacturing,2023,35,True
Brazil,Manufacturing,2024,5,True
Taiwan,Manufacturing,2025,25,True
Estonia,Manufacturing,2022,12,True
Finland,Manufacturing,2026,1,False
United Kingdom,Manufacturing,2016,211,True
United Kingdom,Manufacturing,2021,69,True
United Kingdom,Manufacturing,2022,152,True
Belgium,Manufacturing,2025,6,True
Turkey,Manufacturing,2022,1,True
New Zealand,Manufacturing,2025,7,True
Switzerland,Manufacturing,2016,1,True
Switzerland,Manufacturing,2023,41,True
China,Manufacturing,2018,588,True
India,Manufacturing,2021,21,True
Norway,Manufacturing,2018,5,True
Croatia,Manufacturing,2020,1,True
France,Media and Entertainment,2016,7,True
South Korea,Media and Entertainment,2017,1,True
Belgium,Media and Entertainment,2021,180,True
Italy,Media and Entertainment,2026,11,False
Belgium,"Military, public safety and government",2026,26,False
Sweden,"Military, public safety and government",2026,4,False
India,"Military, public safety and government",2026,1,False
Russia,"Mobile, platforms & Internet services",2021,0,True
Peru,"Mobile, platforms & Internet services",2022,3,True
Ireland,"Mobile, platforms & Internet services",2018,12,True
Mexico,"Mobile, platforms & Internet services",2021,21,True
India,"Mobile, platforms & Internet services",2023,2615,True
India,"Mobile, platforms & Internet services",2025,372,True
Lithuania,"Mobile, platforms & Internet services",2024,0,True
Germany,"Mobile, platforms & Internet services",2019,202,True
Israel,"Mobile, platforms & Internet services",2016,168,True
Luxembourg,"Mobile, platforms & Internet services",2024,20,True
Ukraine,"Mobile, platforms & Internet services",2026,7,False
India,NLP,2020,4,True
France,NLP,2023,150,True
Hungary,NLP,2020,1,True
United Kingdom,NLP,2018,1120,True
United Kingdom,NLP,2026,177,False
Malaysia,NLP,2022,0,True
Sweden,NLP,2019,2,True
Sweden,NLP,2024,0,True
Sweden,Navigation and mapping,2026,4,False
Canada,Navigation and mapping,2017,0,True
Estonia,Navigation and mapping,2024,0,True
Spain,Navigation and mapping,2016,0,True
China,Navigation and mapping,2024,115,True
France,Other,2024,428,True
Israel,Other,2023,385,True
Israel,Other,2025,90,True
Canada,Other,2017,9,True
Canada,Other,2020,47,True
Chile,Other,2022,0,True
Vietnam,Privacy and Security,2023,1,True
Japan,Privacy and Security,2017,95,True
India,Privacy and Security,2022,98,True
United Arab Emirates,Privacy and Security,2026,6,False
Singapore,Privacy and Security,2016,0,True
Singapore,Privacy and Security,2017,9,True
Italy,Professional services,2016,0,True
Portugal,Professional services,2024,10,True
Singapore,Professional services,2026,23,False
Indonesia,Professional services,2024,15,True
Japan,Professional services,2024,191,True
Slovakia,Professional services,2020,2,True
United Kingdom,Professional services,2016,705,True
Australia,Professional services,2022,35,True
Netherlands,Professional services,2025,89,True
India,Professional services,2024,257,True
Switzerland,Professional services,2026,21,False
Austria,Real estate,2021,3,True
Italy,Real estate,2019,90,True
Poland,Real estate,2018,1,True
China,Real estate,2017,65,True
Saudi Arabia,Real estate,2022,43,True
Saudi Arabia,Real estate,2024,10,True
France,Real estate,2017,0,True
Turkey,Real estate,2024,0,True
Japan,Real estate,2024,8,True
Czechia,Real estate,2019,1,True
Australia,Robotics,2022,20,True
Belgium,Robotics,2023,0,True
Spain,Robotics,2019,1,True
Spain,Robotics,2026,6,False
missing,Robotics,2018,1,True
Brazil,Robotics,2022,0,True
Romania,Robotics,2019,1,True
South Korea,Robotics,2018,4,True
Portugal,"Sales, retail, commerce, marketing",2016,2,True
Poland,"Sales, retail, commerce, marketing",2019,7,True
Germany,"Sales, retail, commerce, marketing",2020,1206,True
Germany,"Sales, retail, commerce, marketing",2024,751,True
Slovakia,"Sales, retail, commerce, marketing",2025,1,True
Russia,"Sales, retail, commerce, marketing",2023,0,True
United Kingdom,"Sales, retail, commerce, marketing",2026,1885,False
Bulgaria,"Sales, retail, commerce, marketing",2025,2,True
Lithuania,"Sales, retail, commerce, marketing",2017,0,True
Lithuania,"Sales, retail, commerce, marketing",2021,1,True
Jordan,"Sales, retail, commerce, marketing",2026,0,False
Japan,"Sales, retail, commerce, marketing",2021,34,True
Netherlands,"Sales, retail, commerce, marketing",2021,215,True
United Kingdom,Semiconductor,2024,228,True
France,Simulation,2026,270,False
Switzerland,Simulation,2025,17,True
Chile,Software,2019,8,True
Seychelles,Software,2021,1,True
Norway,Software,2018,274,True
Sweden,Software,2023,129,True
Spain,Software,2017,168,True
India,Software,2022,3291,True
Morocco,Software,2022,0,True
South Korea,Software,2022,1987,True
Colombia,Software,2024,39,True
Zimbabwe,Software,2019,0,True
Belarus,Software,2017,5,True
Kenya,Software,2017,2,True
United Arab Emirates,Software,2020,255,True
Panama,Software,2023,0,True
Romania,Software,2018,1,True
United Kingdom,Software,2025,8131,True
Canada,Software,2021,1951,True
United States,Speech Recognition,2025,347,True
France,Speech Recognition,2017,5,True
Austria,Sports,2023,1,True
Singapore,Sports,2017,6,True
Singapore,Sports,2018,1,True
Singapore,Sports,2022,2,True
Norway,Sports,2025,1,True
Czechia,Sports,2022,3,True
Turkey,Sports,2018,0,True
Japan,Sports,2021,6,True
Tunisia,Sports,2022,0,True
Norway,Telecommunications,2019,1,True
United States,Telecommunications,2022,1593,True
Saudi Arabia,Transportation,2020,9,True
Turkey,Transportation,2021,10,True
Turkey,Transportation,2023,2,True
Czechia,Transportation,2021,1,True
Hungary,Transportation,2016,1,True
Switzerland,Transportation,2020,31,True
Israel,Transportation,2022,241,True
Luxembourg,Transportation,2018,1,True
United States,Transportation,2026,13097,False
United Kingdom,Transportation,2023,176,True
Japan,Agriculture,2018,2,True
Japan,Agriculture,2021,3,True
Spain,Agriculture,2017,1,True
Israel,Agriculture,2019,37,True
France,All,2017,1155,True
Norway,All,2016,16,True
United Kingdom,All,2018,15438,True
United Kingdom,All,2025,15448,True
Tanzania,All,2025,2,True
Colombia,All,2026,18,False
Iran,All,2022,0,True
Argentina,All,2017,5,True
Kenya,All,2020,20,True
South Africa,All,2021,143,True
United Arab Emirates,All,2020,289,True
Armenia,All,2023,7,True
Ukraine,All,2021,22,True
Russia,All,2021,22,True
Finland,All,2020,1328,True
Jordan,All,2024,1,True
Cyprus,All,2026,69,False
Germany,All,2016,1375,True
Germany,All,2023,5160,True
Singapore,All,2024,6288,True
United States,All,2021,177302,True
Japan,All,2024,1807,True
Pakistan,All,2021,7,True
Belgium,All,2026,1719,False
Bulgaria,Biotechnology,2019,0,True
United Kingdom,Biotechnology,2020,73,True
Australia,Biotechnology,2019,3,True
Spain,Biotechnology,2023,6,True
China,Biotechnology,2022,230,True
Taiwan,Biotechnology,2017,1,True
Taiwan,Biotechnology,2021,15,True
Brazil,Community and Lifestyle,2025,67,True
Luxembourg,Community and Lifestyle,2018,6,True
Nigeria,Community and Lifestyle,2019,0,True
Poland,Community and Lifestyle,2023,2,True
United Kingdom,Community and Lifestyle,2021,147,True
South Africa,Community and Lifestyle,2021,0,True
Israel,Community and Lifestyle,2025,63,True
Netherlands,Community and Lifestyle,2016,1,True
Iceland,Community and Lifestyle,2022,1,True
Canada,Computer Vision,2019,138,True
Ireland,Computer Vision,2020,1,True
Latvia,Computer Vision,2021,0,True
Saudi Arabia,Computer Vision,2024,3,True
Singapore,Computer Vision,2019,103,True
Singapore,Computer Vision,2022,5,True
Japan,Computer Vision,2021,3,True
Norway,Computer Vision,2019,0,True
Germany,Computer Vision,2020,415,True
India,Computer Vision,2025,16,True
Saudi Arabia,Consumer goods,2020,1,True
Germany,Consumer goods,2021,261,True
Germany,Consumer goods,2025,110,True
New Zealand,Consumer goods,2023,0,True
United Kingdom,Consumer goods,2024,69,True
United Kingdom,Consumer goods,2025,663,True
South Korea,Consumer goods,2019,354,True
Colombia,Consumer goods,2021,0,True
Peru,Consumer goods,2017,0,True
United Kingdom,Cyber Security,2018,18,True
Bahrain,Cyber Security,2022,0,True
United States,Cyber Security,2018,10866,True
Ireland,Data and analytics,2026,220,False
Hungary,Data and analytics,2023,19,True
Portugal,Data and analytics,2018,129,True
France,Data and analytics,2018,665,True
France,Data and analytics,2024,5530,True
Thailand,Data and analytics,2019,8,True
Brazil,Data and analytics,2024,223,True
Iceland,Data and analytics,2016,3,True
missing,Data and analytics,2017,26,True
Czechia,Data and analytics,2022,45,True
United States,Data and analytics,2023,59524,True
Cyprus,Data and analytics,2018,2,True
Cyprus,Data and analytics,2026,68,False
Sweden,Education,2020,1,True
Sweden,Education,2022,1,True
South Africa,Education,2017,4,True
Chile,Education,2017,0,True
Bulgaria,Education,2022,0,True
Australia,Education,2023,3,True
Colombia,Education,2025,0,True
Philippines,Education,2024,18,True
Belgium,Education,2023,1,True
Israel,Education,2024,5,True
Hungary,Education,2024,2,True
Canada,Education,2026,117,False
Spain,Education,2024,4,True
Spain,Education,2025,2002,True
Italy,Energy and natural resources,2026,4,False
Canada,Energy and natural resources,2022,3842,True
Ireland,Energy and natural resources,2021,4,True
Poland,Energy and natural resources,2026,1,False
South Korea,Energy and natural resources,2021,5,True
South Korea,Energy and natural resources,2025,56,True
Taiwan,Energy and natural resources,2020,3,True
Japan,Facial Recognition,2019,4,True
Chile,Facial Recognition,2019,0,True
Spain,Facial Recognition,2022,0,True
South Korea,Finance,2021,29,True
Uruguay,Finance,2023,0,True
Portugal,Finance,2025,15,True
Italy,Finance,2025,18,True
Brazil,Finance,2017,3,True
Switzerland,Finance,2017,48,True
Switzerland,Finance,2024,78,True
Taiwan,Finance,2025,2,True
Greece,Finance,2024,0,True
Singapore,Finance,2024,468,True
South Africa,Finance,2023,4,True
Panama,Gaming,2024,0,True
Switzerland,Gaming,2021,6,True
Seychelles,Gaming,2024,0,True
Singapore,Gaming,2022,28,True
missing,Gaming,2021,11,True
Australia,Gaming,2022,6,True
Taiwan,Gaming,2024,0,True
Nigeria,Gaming,2021,0,True
Bangladesh,General purpose,2018,0,True
South Korea,General purpose,2022,1729,True
United States,General purpose,2025,212675,True
Estonia,General purpose,2019,6,True
China,General purpose,2020,4892,True
Portugal,General purpose,2019,28,True
Norway,General purpose,2022,163,True
Norway,General purpose,2026,3172,False
Saudi Arabia,General purpose,2020,26,True
New Zealand,General purpose,2022,84,True
Paraguay,General purpose,2021,0,True
Austria,General purpose,2017,7,True
Austria,General purpose,2019,133,True
Kazakhstan,General purpose,2024,2,True
Iran,General purpose,2020,0,True
Malaysia,General purpose,2023,79,True
Sweden,General purpose,2017,213,True
Switzerland,General purpose,2021,592,True
Taiwan,Hardware,2023,52,True
New Zealand,Hardware,2022,9,True
Canada,Hardware,2020,358,True
Kazakhstan,Hardware,2023,1,True
France,Hardware,2019,211,True
Ghana,Hardware,2017,0,True
India,Hardware,2022,433,True
Saudi Arabia,Hardware,2018,0,True
Portugal,Hardware,2018,1,True
Ukraine,Hardware,2026,14,False
Egypt,Healthcare and Life Sciences,2023,0,True
Germany,Healthcare and Life Sciences,2019,35,True
Germany,Healthcare and Life Sciences,2025,1297,True
Iceland,Healthcare and Life Sciences,2021,2,True
Iceland,Healthcare and Life Sciences,2024,2,True
China,Healthcare and Life Sciences,2022,663,True
Mexico,Healthcare and Life Sciences,2023,0,True
United Kingdom,Healthcare and Life Sciences,2021,302,True
Vietnam,Healthcare and Life Sciences,2023,0,True
Ireland,Healthcare and Life Sciences,2025,37,True
Brazil,Healthcare and Life Sciences,2025,39,True
Japan,Healthcare and Life Sciences,2021,43,True
Estonia,Healthcare and Life Sciences,2020,1,True
Netherlands,Healthcare and Life Sciences,2026,27,False
Turkey,Information Technology,2018,4,True
Turkey,Information Technology,2020,1,True
China,Information Technology,2016,3531,True
Kazakhstan,Information Technology,2025,5,True
Russia,Information Technology,2020,1,True
Czechia,Information Technology,2026,22,False
Uganda,Information Technology,2022,0,True
Lebanon,Information Technology,2018,0,True
Netherlands,Information Technology,2019,166,True
Spain,Information Technology,2017,131,True
Mexico,Information Technology,2025,79,True
United Kingdom,Information Technology,2016,1000,True
Mexico,Lending and Investments,2024,3,True
Singapore,Lending and Investments,2016,1,True
Russia,Lending and Investments,2021,0,True
United Arab Emirates,Lending and Investments,2022,25,True
Australia,Lending and Investments,2024,0,True
India,Lending and Investments,2017,3,True
Vietnam,Lending and Investments,2020,1,True
Canada,Lending and Investments,2022,1051,True
Canada,Lending and Investments,2025,17,True
France,Lending and Investments,2020,4,True
United Kingdom,Lending and Investments,2017,84,True
Mauritius,Lending and Investments,2022,21,True
Denmark,Manufacturing,2025,16,True
South Korea,Manufacturing,2024,84,True
Japan,Manufacturing,2020,56,True
India,Manufacturing,2016,2,True
Ukraine,Media and Entertainment,2025,19,True
Netherlands,Media and Entertainment,2023,30,True
Kazakhstan,Media and Entertainment,2024,0,True
Sweden,Media and Entertainment,2023,7,True
Egypt,Media and Entertainment,2020,0,True
Egypt,Media and Entertainment,2022,0,True
missing,Media and Entertainment,2024,13,True
Israel,Media and Entertainment,2023,91,True
Singapore,Media and Entertainment,2023,39,True
Bangladesh,Media and Entertainment,2025,0,True
France,"Military, public safety and government",2021,1,True
India,"Military, public safety and government",2024,5,True
Ireland,"Military, public safety and government",2019,3,True
Ireland,"Military, public safety and government",2021,0,True
South Korea,"Mobile, platforms & Internet services",2017,19,True
Austria,"Mobile, platforms & Internet services",2020,35,True
Austria,"Mobile, platforms & Internet services",2021,1,True
Japan,"Mobile, platforms & Internet services",2020,188,True
Latvia,"Mobile, platforms & Internet services",2022,0,True
South Africa,"Mobile, platforms & Internet services",2021,33,True
Canada,"Mobile, platforms & Internet services",2019,199,True
India,NLP,2022,9,True
South Africa,NLP,2022,1,True
Belgium,NLP,2021,0,True
China,NLP,2016,15,True
Australia,NLP,2019,1,True
South Korea,NLP,2021,12,True
Spain,NLP,2024,41,True
Denmark,NLP,2016,2,True
Belgium,Navigation and mapping,2024,0,True
South Africa,Navigation and mapping,2016,52,True
Austria,Navigation and mapping,2025,7,True
France,Navigation and mapping,2019,6,True
South Korea,Navigation and mapping,2022,26,True
India,Navigation and mapping,2022,103,True
Ghana,Other,2023,6,True
Ireland,Other,2024,109,True
United States,Other,2021,7835,True
Finland,Other,2026,3,False
Indonesia,Privacy and Security,2023,0,True
Spain,Privacy and Security,2019,2,True
Japan,Privacy and Security,2021,12,True
Serbia,Privacy and Security,2021,0,True
Norway,Privacy and Security,2023,2,True
France,Privacy and Security,2024,35,True
India,Privacy and Security,2025,42,True
Mexico,Privacy and Security,2017,0,True
New Zealand,Privacy and Security,2018,3,True
Finland,Privacy and Security,2025,1,True
Norway,Professional services,2026,4,False
France,Professional services,2018,68,True
Ukraine,Professional services,2025,0,True
Saudi Arabia,Professional services,2022,10,True
Singapore,Professional services,2023,90,True
Canada,Professional services,2016,457,True
Cyprus,Professional services,2026,67,False
Netherlands,Professional services,2026,18,False
Czechia,Professional services,2018,2,True
Denmark,Professional services,2024,186,True
India,Professional services,2020,28,True
Switzerland,Professional services,2021,9,True
missing,Real estate,2023,0,True
Ireland,Real estate,2021,0,True
Russia,Real estate,2024,1,True
Romania,Real estate,2023,0,True
Philippines,Robotics,2026,6,False
Australia,Robotics,2019,25,True
Israel,Robotics,2020,13,True
Israel,Robotics,2026,1345,False
China,Robotics,2024,1264,True
Czechia,Robotics,2022,19,True
Switzerland,Robotics,2026,20,False
Malaysia,Robotics,2020,2,True
Czechia,"Sales, retail, commerce, marketing",2025,130,True
Portugal,"Sales, retail, commerce, marketing",2021,7,True
Chile,"Sales, retail, commerce, marketing",2021,3,True
Egypt,"Sales, retail, commerce, marketing",2023,0,True
Albania,"Sales, retail, commerce, marketing",2020,6,True
Sweden,"Sales, retail, commerce, marketing",2026,0,False
South Korea,"Sales, retail, commerce, marketing",2018,9,True
Uruguay,"Sales, retail, commerce, marketing",2021,0,True
Uruguay,"Sales, retail, commerce, marketing",2023,0,True
Italy,"Sales, retail, commerce, marketing",2026,18,False
Slovakia,"Sales, retail, commerce, marketing",2022,23,True
Belgium,"Sales, retail, commerce, marketing",2026,154,False
missing,"Sales, retail, commerce, marketing",2025,637,True
Estonia,"Sales, retail, commerce, marketing",2023,2,True
South Africa,"Sales, retail, commerce, marketing",2024,25,True
Singapore,Semiconductor,2025,3,True
Spain,Semiconductor,2025,0,True
Taiwan,Semiconductor,2018,18,True
United States,Semiconductor,2020,319,True
France,Semiconductor,2017,1,True
Israel,Software,2024,5052,True
China,Software,2016,4185,True
Iceland,Software,2021,5,True
Iceland,Software,2025,48,True
Saudi Arabia,Software,2022,1346,True
Vietnam,Software,2022,10,True
Belgium,Software,2021,939,True
Singapore,Software,2017,516,True
Sri Lanka,Software,2018,2,True
Argentina,Software,2024,556,True
Peru,Software,2026,0,False
Slovenia,Software,2017,1,True
Lithuania,Software,2023,5,True
Barbados,Software,2016,18,True
Nigeria,Software,2021,1,True
New Zealand,Software,2024,112,True
Hungary,Software,2017,4,True
Hungary,Software,2025,16,True
United Kingdom,Software,2021,4595,True
Estonia,Software,2025,76,True
Bangladesh,Software,2018,0,True
Canada,Software,2025,6615,True
United Kingdom,Speech Recognition,2023,5,True
South Korea,Speech Recognition,2025,0,True
Canada,Sports,2022,1,True
United Kingdom,Sports,2022,40,True
China,Sports,2019,6,True
Saudi Arabia,Sports,2021,0,True
Argentina,Sports,2022,1,True
India,Telecommunications,2022,72,True
Poland,Telecommunications,2021,3,True
Taiwan,Telecommunications,2019,0,True
South Korea,Transportation,2023,539,True
Turkey,Transportation,2017,1,True
Russia,Transportation,2019,1,True
Japan,Transportation,2018,29,True
Ukraine,Transportation,2026,10,False
Mexico,Transportation,2022,24,True
Estonia,Agriculture,2020,0,True
France,Agriculture,2025,13,True
United Arab Emirates,Agriculture,2025,0,True
Saudi Arabia,All,2019,205,True
Tunisia,All,2022,2,True
Slovenia,All,2019,0,True
Argentina,All,2018,1,True
Armenia,All,2021,0,True
Bulgaria,All,2020,1,True
Serbia,All,2022,8,True
New Zealand,All,2025,162,True
Ecuador,All,2021,0,True
Japan,All,2022,722,True
Uruguay,All,2024,5,True
Brazil,All,2026,768,False
missing,All,2021,77,True
Thailand,All,2023,68,True
Mongolia,All,2022,0,True
Malaysia,All,2017,3,True
Switzerland,Biotechnology,2019,3,True
Uruguay,Biotechnology,2025,0,True
Germany,Biotechnology,2016,4,True
United Kingdom,Biotechnology,2025,384,True
Spain,Biotechnology,2018,1,True
Sweden,Biotechnology,2016,1,True
Poland,Biotechnology,2020,1,True
South Korea,Biotechnology,2019,17,True
Austria,Biotechnology,2019,2,True
Austria,Biotechnology,2025,118,True
Chile,Community and Lifestyle,2022,9,True
Spain,Community and Lifestyle,2020,5,True
Hungary,Community and Lifestyle,2021,0,True
Poland,Community and Lifestyle,2021,2,True
Cyprus,Community and Lifestyle,2024,1,True
India,Community and Lifestyle,2017,1,True
Israel,Community and Lifestyle,2018,93,True
Turkey,Community and Lifestyle,2023,1,True
Netherlands,Community and Lifestyle,2023,3,True
South Korea,Computer Vision,2022,233,True
missing,Computer Vision,2025,114,True
Armenia,Computer Vision,2023,4,True
Denmark,Computer Vision,2024,5,True
Chile,Computer Vision,2024,0,True
Switzerland,Computer Vision,2021,167,True
Turkey,Computer Vision,2016,0,True
Philippines,Computer Vision,2026,6,False
Spain,Consumer goods,2018,3,True
Italy,Consumer goods,2024,1,True
Saudi Arabia,Consumer goods,2022,0,True
Hungary,Consumer goods,2017,0,True
Hungary,Consumer goods,2025,0,True
Indonesia,Consumer goods,2020,2,True
China,Consumer goods,2026,500,False
Japan,Consumer goods,2018,4,True
United Kingdom,Consumer goods,2016,663,True
Israel,Consumer goods,2022,73,True
Portugal,Cyber Security,2025,5,True
Germany,Cyber Security,2022,7,True
Saudi Arabia,Cyber Security,2025,3,True
Canada,Cyber Security,2022,7,True
Canada,Cyber Security,2025,60,True
Denmark,Cyber Security,2024,78,True
Ireland,Data and analytics,2020,91,True
Estonia,Data and analytics,2020,13,True
Norway,Data and analytics,2019,273,True
Saint Kitts and Nevis,Data and analytics,2022,4,True
United Arab Emirates,Data and analytics,2017,20,True
Botswana,Data and analytics,2021,0,True
Greece,Data and analytics,2020,12,True
Zambia,Data and analytics,2019,1,True
South Africa,Data and analytics,2025,83,True
Luxembourg,Data and analytics,2018,7,True
Tajikistan,Data and analytics,2023,0,True
China,Data and analytics,2020,4884,True
Australia,Data and analytics,2023,467,True
United Kingdom,Data and analytics,2022,4171,True
Mexico,Data and analytics,2025,180,True
Argentina,Education,2020,0,True
Saudi Arabia,Education,2019,80,True
Netherlands,Education,2024,4,True
Malaysia,Education,2019,0,True
Colombia,Education,2021,0,True
Italy,Education,2022,24,True
Canada,Education,2016,389,True
Italy,Energy and natural resources,2017,0,True
Japan,Energy and natural resources,2016,2,True
Canada,Energy and natural resources,2019,103,True
Peru,Energy and natural resources,2020,0,True
Israel,Energy and natural resources,2019,10,True
South Korea,Energy and natural resources,2023,16,True
Iceland,Energy and natural resources,2023,0,True
Brazil,Facial Recognition,2021,20,True
Cyprus,Finance,2016,0,True
Uzbekistan,Finance,2026,1,False
Finland,Finance,2019,0,True
Japan,Finance,2018,25,True
Mexico,Finance,2017,2,True
Portugal,Finance,2022,2,True
Switzerland,Finance,2021,15,True
Singapore,Finance,2025,209,True
Turkey,Gaming,2017,0,True
Brazil,Gaming,2022,2,True
Thailand,Gaming,2024,28,True
missing,Gaming,2026,55001,False
Australia,Gaming,2019,1,True
Saudi Arabia,Gaming,2020,1,True
South Korea,General purpose,2020,744,True
Taiwan,General purpose,2020,87,True
Estonia,General purpose,2021,32,True
Armenia,General purpose,2026,0,False
Australia,General purpose,2022,659,True
Belarus,General purpose,2017,5,True
Denmark,General purpose,2026,142,False
Bosnia and Herzegovina,General purpose,2023,0,True
Saudi Arabia,General purpose,2016,1002,True
Kuwait,General purpose,2023,4,True
Mongolia,General purpose,2022,0,True
missing,General purpose,2022,28,True
missing,General purpose,2025,9635,True
Russia,General purpose,2019,27,True
Germany,General purpose,2022,2515,True
Lebanon,General purpose,2017,1,True
South Africa,General purpose,2026,24,False
Chile,General purpose,2021,35,True
Mexico,General purpose,2018,5,True
Italy,General purpose,2017,11,True
Pakistan,Hardware,2026,3,False
Czechia,Hardware,2025,2,True
Vietnam,Hardware,2023,2,True
Slovenia,Hardware,2017,0,True
France,Hardware,2017,43,True
Georgia,Hardware,2025,0,True
India,Hardware,2025,1359,True
Saudi Arabia,Hardware,2026,3,False
Iceland,Hardware,2016,2,True
Germany,Healthcare and Life Sciences,2021,137,True
India,Healthcare and Life Sciences,2020,34,True
Kenya,Healthcare and Life Sciences,2016,1,True
Colombia,Healthcare and Life Sciences,2021,0,True
Lithuania,Healthcare and Life Sciences,2024,4,True
Singapore,Healthcare and Life Sciences,2021,15,True
Finland,Healthcare and Life Sciences,2021,20,True
Ireland,Healthcare and Life Sciences,2019,2,True
Japan,Healthcare and Life Sciences,2018,33,True
United Arab Emirates,Healthcare and Life Sciences,2026,13,False
Peru,Healthcare and Life Sciences,2021,0,True
Indonesia,Healthcare and Life Sciences,2024,0,True
Hungary,Healthcare and Life Sciences,2016,1,True
China,Information Technology,2019,1147,True
Algeria,Information Technology,2024,0,True
Taiwan,Information Technology,2023,34,True
Bangladesh,Information Technology,2023,0,True
Jordan,Information Technology,2022,0,True
Thailand,Information Technology,2023,17,True
Kuwait,Information Technology,2025,7,True
Sweden,Information Technology,2017,172,True
Germany,Information Technology,2024,2655,True
Netherlands,Information Technology,2022,585,True
Brazil,Information Technology,2023,375,True
Spain,Information Technology,2020,52,True
Egypt,Information Technology,2016,0,True
Canada,Information Technology,2016,741,True
Mexico,Lending and Investments,2018,0,True
United Arab Emirates,Lending and Investments,2016,0,True
United Arab Emirates,Lending and Investments,2024,59,True
Canada,Lending and Investments,2018,3,True
Taiwan,Manufacturing,2023,2,True
Finland,Manufacturing,2016,2,True
Russia,Manufacturing,2019,3,True
Slovakia,Manufacturing,2017,6,True
Netherlands,Media and Entertainment,2019,3,True
Indonesia,Media and Entertainment,2021,0,True
Mexico,Media and Entertainment,2021,8,True
Turkey,Media and Entertainment,2022,0,True
France,Media and Entertainment,2022,570,True
South Africa,Media and Entertainment,2018,0,True
Romania,Media and Entertainment,2020,0,True
Vietnam,Media and Entertainment,2021,0,True
Belgium,Media and Entertainment,2019,133,True
Japan,Media and Entertainment,2022,46,True
Japan,Media and Entertainment,2023,666,True
Taiwan,Media and Entertainment,2020,3,True
United Arab Emirates,Media and Entertainment,2016,3,True
United Arab Emirates,Media and Entertainment,2019,1,True
China,Media and Entertainment,2024,243,True
South Africa,"Military, public safety and government",2021,0,True
Japan,"Military, public safety and government",2018,1,True
India,"Military, public safety and government",2020,1,True
Poland,"Military, public safety and government",2019,0,True
Poland,"Military, public safety and government",2021,0,True
Czechia,"Mobile, platforms & Internet services",2026,4,False
Zambia,"Mobile, platforms & Internet services",2023,0,True
Japan,"Mobile, platforms & Internet services",2018,86,True
Honduras,"Mobile, platforms & Internet services",2024,0,True
Thailand,"Mobile, platforms & Internet services",2026,0,False
missing,"Mobile, platforms & Internet services",2020,10,True
Sweden,"Mobile, platforms & Internet services",2016,22,True
Italy,"Mobile, platforms & Internet services",2018,7,True
Italy,"Mobile, platforms & Internet services",2024,70,True
Switzerland,"Mobile, platforms & Internet services",2016,6,True
India,NLP,2017,9,True
Vietnam,NLP,2023,2,True
Sweden,NLP,2023,0,True
Turkey,Navigation and mapping,2019,0,True
Ireland,Navigation and mapping,2023,1,True
Slovakia,Navigation and mapping,2020,1,True
Finland,Navigation and mapping,2021,496,True
South Korea,Navigation and mapping,2017,1,True
South Korea,Navigation and mapping,2018,1,True
Netherlands,Navigation and mapping,2020,3,True
Netherlands,Navigation and mapping,2021,1,True
Netherlands,Navigation and mapping,2026,2,False
Singapore,Navigation and mapping,2016,1,True
Switzerland,Other,2016,1,True
Estonia,Other,2018,0,True
Argentina,Other,2024,1,True
Denmark,Other,2023,3,True
Sweden,Other,2023,14,True
France,Other,2016,15,True
Mexico,Other,2023,1,True
Panama,Other,2023,0,True
Iran,Other,2022,0,True
Finland,Other,2024,670,True
Brazil,Other,2018,2,True
Brazil,Other,2022,38,True
Japan,Other,2019,16,True
Czechia,Other,2023,0,True
Jordan,Other,2024,0,True
Spain,Privacy and Security,2016,7,True
Italy,Privacy and Security,2020,85,True
Lithuania,Privacy and Security,2020,0,True
Mexico,Privacy and Security,2020,2,True
Bulgaria,Privacy and Security,2023,0,True
United Arab Emirates,Privacy and Security,2024,2,True
United States,Privacy and Security,2017,1520,True
Turkey,Privacy and Security,2022,2,True
Switzerland,Privacy and Security,2021,149,True
Australia,Privacy and Security,2026,3,False
Italy,Professional services,2025,19,True
Saudi Arabia,Professional services,2025,4,True
Japan,Professional services,2022,64,True
Kazakhstan,Professional services,2024,1,True
Iceland,Professional services,2017,0,True
Poland,Professional services,2018,5,True
Poland,Professional services,2021,37,True
South Africa,Professional services,2017,0,True
Mexico,Professional services,2019,1,True
Cyprus,Real estate,2026,0,False
China,Real estate,2016,46,True
China,Real estate,2020,61,True
India,Real estate,2020,12,True
Switzerland,Real estate,2018,6,True
Israel,Real estate,2023,195,True
Belgium,Real estate,2018,3,True
Ireland,Robotics,2017,0,True
India,Robotics,2016,0,True
Turkey,Robotics,2023,1,True
Singapore,Robotics,2021,5,True
Finland,Robotics,2017,0,True
Chile,"Sales, retail, commerce, marketing",2022,1,True
Tunisia,"Sales, retail, commerce, marketing",2019,0,True
Italy,"Sales, retail, commerce, marketing",2021,77,True
Singapore,"Sales, retail, commerce, marketing",2024,207,True
Iceland,"Sales, retail, commerce, marketing",2026,0,False
Ireland,"Sales, retail, commerce, marketing",2022,156,True
Greece,"Sales, retail, commerce, marketing",2019,0,True
France,"Sales, retail, commerce, marketing",2026,1168,False
Israel,"Sales, retail, commerce, marketing",2017,26,True
Nigeria,"Sales, retail, commerce, marketing",2026,3,False
Saudi Arabia,"Sales, retail, commerce, marketing",2019,10,True
Taiwan,"Sales, retail, commerce, marketing",2026,600,False
Canada,Semiconductor,2021,131,True
United States,Simulation,2026,1297,False
Switzerland,Simulation,2022,2,True
Singapore,Simulation,2022,3,True
Finland,Simulation,2018,0,True
Botswana,Software,2016,0,True
Serbia,Software,2017,0,True
Serbia,Software,2026,55043,False
India,Software,2024,846,True
France,Software,2016,635,True
France,Software,2021,2445,True
South Korea,Software,2021,4527,True
South Korea,Software,2024,955,True
Russia,Software,2017,8,True
Sri Lanka,Software,2025,3,True
Jamaica,Software,2025,50,True
Netherlands,Software,2019,308,True
Latvia,Software,2021,1,True
Latvia,Software,2022,1,True
Kenya,Software,2024,7,True
Switzerland,Software,2017,267,True
Romania,Software,2021,27,True
Mexico,Software,2020,43,True
Mexico,Software,2026,556,False
Senegal,Software,2024,5,True
Canada,Software,2024,2436,True
Japan,Software,2017,741,True
Singapore,Speech Recognition,2025,15,True
India,Speech Recognition,2023,20,True
Colombia,Speech Recognition,2021,1,True
Israel,Speech Recognition,2023,13,True
Denmark,Speech Recognition,2016,0,True
missing,Sports,2025,100,True
France,Sports,2020,2,True
Bulgaria,Sports,2019,0,True
Spain,Sports,2026,36,False
India,Telecommunications,2018,323,True
India,Telecommunications,2021,7,True
Hungary,Telecommunications,2018,1,True
Romania,Telecommunications,2025,1,True
Bangladesh,Transportation,2019,0,True
United Arab Emirates,Transportation,2020,16,True
Estonia,Transportation,2017,16,True
Iceland,Transportation,2023,2,True
Morocco,Transportation,2022,0,True
Taiwan,Transportation,2024,15,True
India,Transportation,2023,53,True
missing,Transportation,2026,63,False
Estonia,Agriculture,2018,0,True
Japan,Agriculture,2020,2,True
France,Agriculture,2023,13,True
South Korea,Agriculture,2025,21,True
Slovenia,Agriculture,2020,1,True
Denmark,Agriculture,2022,8,True
Saudi Arabia,Agriculture,2017,0,True
Philippines,All,2024,75,True
Mexico,All,2016,17,True
Serbia,All,2019,0,True
Spain,All,2018,164,True
Lithuania,All,2019,8,True
Nigeria,All,2019,18,True
Egypt,All,2019,3,True
United States,All,2024,184951,True
Japan,All,2026,11648,False
Tajikistan,All,2022,1,True
Pakistan,All,2026,7,False
Australia,All,2024,2792,True
Bolivia,All,2022,1,True
China,All,2020,15084,True
El Salvador,All,2021,1,True
Indonesia,Biotechnology,2024,24,True
China,Biotechnology,2017,35,True
Netherlands,Biotechnology,2019,0,True
Poland,Biotechnology,2018,1,True
Portugal,Biotechnology,2018,0,True
Austria,Biotechnology,2018,1,True
India,Biotechnology,2021,2,True
India,Biotechnology,2025,10,True
missing,Community and Lifestyle,2022,0,True
missing,Community and Lifestyle,2026,3,False
Norway,Community and Lifestyle,2017,0,True
Sweden,Community and Lifestyle,2020,8,True
United Arab Emirates,Community and Lifestyle,2016,1,True
United Arab Emirates,Community and Lifestyle,2017,3,True
United Arab Emirates,Community and Lifestyle,2022,82,True
Bulgaria,Community and Lifestyle,2017,0,True
Ireland,Community and Lifestyle,2019,0,True
Ireland,Community and Lifestyle,2024,26,True
Canada,Community and Lifestyle,2019,8,True
Canada,Community and Lifestyle,2023,30,True
Egypt,Community and Lifestyle,2020,3,True
Israel,Community and Lifestyle,2024,311,True
Brazil,Computer Vision,2025,2,True
Hungary,Computer Vision,2026,3,False
Sweden,Computer Vision,2026,4,False
Singapore,Computer Vision,2018,67,True
Greece,Computer Vision,2026,58,False
Switzerland,Computer Vision,2022,38,True
Turkey,Computer Vision,2020,1,True
Poland,Computer Vision,2024,1,True
Tunisia,Computer Vision,2019,0,True
United Kingdom,Computer Vision,2025,85,True
Croatia,Consumer goods,2026,3,False
Italy,Consumer goods,2018,3,True
South Africa,Consumer goods,2020,0,True
China,Consumer goods,2022,695,True
Japan,Consumer goods,2017,20,True
Netherlands,Cyber Security,2021,125,True
Portugal,Cyber Security,2020,2,True
Singapore,Cyber Security,2019,4,True
Bahrain,Cyber Security,2020,0,True
Canada,Cyber Security,2019,44,True
Argentina,Data and analytics,2018,1,True
Hungary,Data and analytics,2021,7,True
Indonesia,Data and analytics,2019,13,True
Norway,Data and analytics,2020,379,True
Norway,Data and analytics,2021,334,True
Portugal,Data and analytics,2020,13,True
United Arab Emirates,Data and analytics,2024,2047,True
Kazakhstan,Data and analytics,2023,2,True
Bahrain,Data and analytics,2021,195,True
Tunisia,Data and analytics,2020,1,True
South Korea,Data and analytics,2021,4338,True
Greece,Data and analytics,2021,57,True
Israel,Data and analytics,2018,751,True
Israel,Data and analytics,2020,1600,True
New Zealand,Data and analytics,2017,1,True
New Zealand,Data and analytics,2022,93,True
New Zealand,Data and analytics,2024,112,True
Chile,Data and analytics,2025,105,True
Bulgaria,Data and analytics,2021,15,True
Ghana,Data and analytics,2021,1,True
Luxembourg,Data and analytics,2017,1,True
Canada,Data and analytics,2018,1034,True
Malaysia,Data and analytics,2020,12,True
United States,Data and analytics,2019,67663,True
Poland,Data and analytics,2021,89,True
Sweden,Education,2023,6,True
Singapore,Education,2018,1,True
Netherlands,Education,2022,183,True
India,Education,2016,11,True
India,Education,2017,17,True
Kazakhstan,Education,2020,0,True
Estonia,Education,2025,1,True
Italy,Education,2016,2,True
Germany,Education,2024,573,True
Russia,Energy and natural resources,2019,5,True
Zimbabwe,Energy and natural resources,2023,0,True
Finland,Energy and natural resources,2026,8,False
Luxembourg,Energy and natural resources,2024,0,True
Austria,Energy and natural resources,2017,2,True
Austria,Energy and natural resources,2020,11,True
Belgium,Energy and natural resources,2020,2,True
Israel,Energy and natural resources,2016,14,True
Kenya,Energy and natural resources,2017,0,True
Russia,Facial Recognition,2018,1,True
China,Facial Recognition,2025,5,True
Austria,Finance,2020,3,True
Egypt,Finance,2023,1,True
Spain,Finance,2023,286,True
Spain,Finance,2026,237,False
Uruguay,Finance,2025,0,True
Sri Lanka,Finance,2024,0,True
Turkey,Finance,2016,3,True
New Zealand,Finance,2018,1,True
India,Finance,2020,25,True
India,Finance,2025,131,True
Singapore,Finance,2017,14,True
Sweden,Finance,2024,9,True
Jordan,Gaming,2025,0,True
Saint Kitts and Nevis,Gaming,2021,0,True
Czechia,Gaming,2020,1,True
South Korea,Gaming,2019,1,True
China,General purpose,2021,6267,True
Denmark,General purpose,2025,274,True
Canada,General purpose,2021,1564,True
Russia,General purpose,2018,31,True
United Kingdom,General purpose,2016,1745,True
Hungary,General purpose,2021,7,True
Hungary,General purpose,2022,11,True
Kazakhstan,General purpose,2021,1,True
Lebanon,General purpose,2020,0,True
Malta,General purpose,2022,2,True
Romania,General purpose,2025,27,True
Kenya,General purpose,2022,4,True
Jordan,General purpose,2023,3,True
Uruguay,General purpose,2024,3,True
Rwanda,General purpose,2024,1,True
Egypt,General purpose,2023,1,True
Italy,General purpose,2018,220,True
Italy,General purpose,2022,52,True
Japan,General purpose,2026,11030,False
Chile,Hardware,2018,72,True
China,Hardware,2023,2257,True
Mexico,Hardware,2024,2,True
New Zealand,Hardware,2021,1055,True
Japan,Hardware,2020,217,True
Japan,Hardware,2024,135,True
United States,Hardware,2023,5973,True
Turkey,Hardware,2025,8,True
Ireland,Hardware,2023,6,True
India,Hardware,2021,95,True
Saudi Arabia,Hardware,2020,14806,True
Germany,Hardware,2018,1316,True
Portugal,Hardware,2025,124,True
Argentina,Hardware,2021,0,True
Malaysia,Hardware,2019,11,True
Lithuania,Hardware,2022,0,True
Sri Lanka,Healthcare and Life Sciences,2023,0,True
Germany,Healthcare and Life Sciences,2026,51,False
United Kingdom,Healthcare and Life Sciences,2024,570,True
South Africa,Healthcare and Life Sciences,2022,2,True
Finland,Healthcare and Life Sciences,2018,46,True
Czechia,Healthcare and Life Sciences,2019,0,True
Sweden,Healthcare and Life Sciences,2023,32,True
Greece,Healthcare and Life Sciences,2019,3,True
Israel,Healthcare and Life Sciences,2022,210,True
Brazil,Healthcare and Life Sciences,2019,10,True
United Arab Emirates,Healthcare and Life Sciences,2023,4,True
Saudi Arabia,Healthcare and Life Sciences,2016,1,True
Tunisia,Information Technology,2018,1,True
Taiwan,Information Technology,2020,37,True
Portugal,Information Technology,2024,20,True
Cyprus,Information Technology,2018,1,True
India,Information Technology,2016,145,True
United Arab Emirates,Information Technology,2020,31,True
Lithuania,Information Technology,2021,0,True
Finland,Information Technology,2025,413,True
Canada,Information Technology,2017,193,True
Serbia,Information Technology,2019,0,True
Israel,Information Technology,2022,1195,True
Israel,Lending and Investments,2025,80,True
Belgium,Lending and Investments,2019,2,True
Ukraine,Lending and Investments,2022,0,True
Ireland,Lending and Investments,2024,1,True
Spain,Manufacturing,2018,2,True
Singapore,Manufacturing,2017,1,True
United Kingdom,Manufacturing,2025,129,True
France,Manufacturing,2023,13,True
Austria,Media and Entertainment,2018,21,True
New Zealand,Media and Entertainment,2026,1,False
France,Media and Entertainment,2024,221,True
South Korea,Media and Entertainment,2020,146,True
Belgium,Media and Entertainment,2020,7,True
Japan,Media and Entertainment,2019,157,True
Ireland,Media and Entertainment,2024,0,True
Finland,Media and Entertainment,2016,2,True
Hungary,Media and Entertainment,2020,2,True
Singapore,Media and Entertainment,2021,83,True
Spain,Media and Entertainment,2017,0,True
Spain,Media and Entertainment,2026,69,False
Slovenia,Media and Entertainment,2016,1,True
Switzerland,Media and Entertainment,2016,0,True
Israel,"Military, public safety and government",2023,22,True
Israel,"Military, public safety and government",2024,20,True
South Africa,"Military, public safety and government",2022,1,True
Norway,"Military, public safety and government",2020,0,True
Spain,"Military, public safety and government",2018,0,True
United States,"Military, public safety and government",2017,141,True
India,"Military, public safety and government",2019,2,True
Mexico,"Mobile, platforms & Internet services",2024,24,True
Latvia,"Mobile, platforms & Internet services",2018,0,True
Denmark,"Mobile, platforms & Internet services",2022,6,True
United Arab Emirates,"Mobile, platforms & Internet services",2018,13,True
Panama,"Mobile, platforms & Internet services",2023,0,True
Serbia,"Mobile, platforms & Internet services",2020,0,True
Australia,"Mobile, platforms & Internet services",2022,404,True
Sweden,"Mobile, platforms & Internet services",2020,21,True
Brazil,"Mobile, platforms & Internet services",2020,142,True
Portugal,NLP,2022,0,True
Slovakia,NLP,2022,1,True
United States,NLP,2022,1579,True
Indonesia,NLP,2019,4,True
Cyprus,NLP,2025,1,True
Sweden,NLP,2016,0,True
Dominican Republic,NLP,2021,0,True
Italy,NLP,2019,0,True
Sweden,Navigation and mapping,2024,4,True
Italy,Navigation and mapping,2023,1,True
New Zealand,Navigation and mapping,2023,0,True
South Korea,Navigation and mapping,2023,13,True
Switzerland,Navigation and mapping,2021,1,True
China,Other,2016,2888,True
Norway,Other,2025,3,True
Sweden,Other,2019,5,True
Sweden,Other,2021,39,True
United Kingdom,Other,2022,473,True
Ireland,Other,2021,1,True
Singapore,Other,2023,12,True
Australia,Other,2024,20,True
Brazil,Other,2020,112,True
Colombia,Other,2021,0,True
Spain,Privacy and Security,2021,103,True
Belgium,Privacy and Security,2023,348,True
Germany,Privacy and Security,2018,19,True
Japan,Privacy and Security,2020,51,True
Taiwan,Privacy and Security,2020,2,True
Brazil,Privacy and Security,2017,1,True
Iceland,Privacy and Security,2020,2,True
Australia,Privacy and Security,2020,11,True
Norway,Professional services,2022,4,True
Hungary,Professional services,2019,1,True
Russia,Professional services,2017,0,True
Indonesia,Professional services,2019,2,True
Japan,Professional services,2020,125,True
Uruguay,Professional services,2025,0,True
Cyprus,Professional services,2020,20,True
Italy,Real estate,2022,1,True
Italy,Real estate,2023,5,True
United States,Real estate,2018,841,True
United States,Real estate,2024,2266,True
Egypt,Real estate,2026,14,False
Singapore,Real estate,2022,15,True
France,Real estate,2021,62,True
Finland,Real estate,2018,1,True
France,Robotics,2022,16,True
Switzerland,Robotics,2020,550,True
Turkey,Robotics,2022,0,True
United States,Robotics,2017,846,True
Norway,Robotics,2020,11,True
Poland,Robotics,2020,3,True
Romania,Robotics,2021,0,True
Egypt,Robotics,2023,0,True
Portugal,"Sales, retail, commerce, marketing",2022,4,True
Switzerland,"Sales, retail, commerce, marketing",2019,41,True
Canada,"Sales, retail, commerce, marketing",2020,179,True
Vietnam,"Sales, retail, commerce, marketing",2020,1,True
Germany,"Sales, retail, commerce, marketing",2018,1190,True
South Korea,"Sales, retail, commerce, marketing",2025,85,True
Uruguay,"Sales, retail, commerce, marketing",2022,3,True
Latvia,"Sales, retail, commerce, marketing",2021,0,True
Romania,"Sales, retail, commerce, marketing",2022,0,True
United Kingdom,"Sales, retail, commerce, marketing",2022,1722,True
France,"Sales, retail, commerce, marketing",2022,845,True
Japan,"Sales, retail, commerce, marketing",2023,284,True
Brazil,"Sales, retail, commerce, marketing",2019,21,True
Nigeria,"Sales, retail, commerce, marketing",2017,0,True
Luxembourg,"Sales, retail, commerce, marketing",2023,1,True
Cyprus,"Sales, retail, commerce, marketing",2019,2,True
Canada,Semiconductor,2018,0,True
Japan,Semiconductor,2025,1,True
Canada,Simulation,2019,1,True
Poland,Simulation,2023,0,True
Poland,Simulation,2024,1,True
Vietnam,Software,2021,28,True
Tajikistan,Software,2023,0,True
South Africa,Software,2019,157,True
France,Software,2020,2000,True
France,Software,2022,3495,True
France,Software,2026,4783,False
Indonesia,Software,2019,13,True
Lebanon,Software,2017,2,True
missing,Software,2018,40,True
Colombia,Software,2019,4,True
United States,Software,2017,16060,True
Poland,Software,2017,55,True
Poland,Software,2023,119,True
Croatia,Software,2024,59,True
Slovenia,Software,2023,20,True
Armenia,Software,2025,0,True
Oman,Software,2019,0,True
Hungary,Software,2026,30,False
Panama,Software,2026,1,False
Germany,Software,2017,853,True
Bulgaria,Software,2019,3,True
Ireland,Software,2017,110,True
Taiwan,Software,2017,13,True
Bangladesh,Software,2021,2,True
Canada,Software,2022,16714,True
Australia,Sports,2023,1,True
United Kingdom,Sports,2024,34,True
Germany,Sports,2017,1,True
Germany,Sports,2018,1,True
Japan,Telecommunications,2022,14,True
Canada,Telecommunications,2023,21,True
Ireland,Telecommunications,2019,5,True
China,Telecommunications,2019,10,True
United Arab Emirates,Telecommunications,2016,0,True
Norway,Telecommunications,2022,3,True
Singapore,Telecommunications,2016,4,True
Spain,Telecommunications,2016,1,True
France,Transportation,2018,31,True
Israel,Transportation,2025,63,True
Vietnam,Transportation,2024,2,True
Canada,Transportation,2016,25,True
Romania,Transportation,2025,0,True
Colombia,Transportation,2018,0,True
Colombia,Transportation,2023,6,True
Slovenia,Transportation,2016,0,True
Ireland,Transportation,2016,3,True
United States,Agriculture,2020,143,True
Ireland,Agriculture,2023,1,True
Tunisia,Agriculture,2026,0,False
Singapore,Agriculture,2020,50,True
Argentina,Agriculture,2022,0,True
Mexico,Agriculture,2020,0,True
Israel,Agriculture,2018,13,True
United Kingdom,All,2017,1506,True
Colombia,All,2018,0,True
Colombia,All,2024,61,True
Mexico,All,2025,295,True
Mexico,All,2026,580,False
Greece,All,2024,62,True
Azerbaijan,All,2025,0,True
Kenya,All,2025,2,True
Estonia,All,2017,20,True
South Africa,All,2023,80,True
Luxembourg,All,2019,2,True
Senegal,All,2024,5,True
New Zealand,All,2024,170,True
India,All,2019,892,True
Nigeria,All,2023,109,True
Russia,All,2023,117,True
Ecuador,All,2026,10,False
Ireland,All,2016,200,True
Vietnam,All,2017,250,True
Germany,All,2024,7394,True
United States,All,2019,103086,True
Iceland,All,2019,16,True
Ghana,All,2021,3,True
Indonesia,All,2024,108,True
Chile,All,2020,97,True
Germany,Biotechnology,2020,13,True
Spain,Biotechnology,2021,22,True
Mexico,Biotechnology,2024,0,True
South Korea,Biotechnology,2020,29,True
Israel,Biotechnology,2026,439,False
Austria,Biotechnology,2020,3,True
India,Biotechnology,2017,0,True
Czechia,Biotechnology,2025,19,True
Jordan,Community and Lifestyle,2023,0,True
Kenya,Community and Lifestyle,2024,0,True
Kenya,Community and Lifestyle,2025,0,True
Egypt,Community and Lifestyle,2025,0,True
Israel,Community and Lifestyle,2021,177,True
Spain,Computer Vision,2025,1,True
Estonia,Computer Vision,2018,7,True
Turkey,Computer Vision,2024,1,True
Ukraine,Computer Vision,2019,0,True
Australia,Computer Vision,2025,35,True
Germany,Computer Vision,2024,311,True
France,Consumer goods,2018,120,True
Czechia,Consumer goods,2017,1,True
Australia,Consumer goods,2025,8,True
Netherlands,Consumer goods,2024,100,True
Denmark,Consumer goods,2019,3,True
Denmark,Consumer goods,2020,1,True
Hungary,Consumer goods,2023,3,True
Israel,Cyber Security,2019,42,True
Spain,Cyber Security,2020,5,True
United Kingdom,Cyber Security,2026,347,False
China,Cyber Security,2016,3,True
France,Cyber Security,2026,14,False
Lebanon,Data and analytics,2016,1,True
Slovakia,Data and analytics,2019,2,True
Philippines,Data and analytics,2022,26,True
Norway,Data and analytics,2022,163,True
Morocco,Data and analytics,2022,0,True
Thailand,Data and analytics,2023,17,True
Kazakhstan,Data and analytics,2024,1,True
Tunisia,Data and analytics,2023,0,True
Brazil,Data and analytics,2021,318,True
Iceland,Data and analytics,2018,4,True
Venezuela,Data and analytics,2019,1,True
South Korea,Data and analytics,2023,1043,True
Belize,Data and analytics,2019,10,True
Zimbabwe,Data and analytics,2025,0,True
Italy,Data and analytics,2017,11,True
Lithuania,Data and analytics,2021,7,True
Switzerland,Data and analytics,2016,97,True
Australia,Data and analytics,2018,167,True
Rwanda,Data and analytics,2026,0,False
Poland,Data and analytics,2025,578,True
Denmark,Education,2022,1,True
Pakistan,Education,2019,0,True
Tunisia,Education,2020,0,True
Nigeria,Education,2026,0,False
Switzerland,Education,2022,48,True
Brazil,Education,2025,40,True
Canada,Education,2024,67,True
Spain,Education,2023,33,True
Finland,Energy and natural resources,2021,3,True
Estonia,Energy and natural resources,2017,16,True
Switzerland,Energy and natural resources,2023,20,True
Japan,Facial Recognition,2017,5,True
United States,Facial Recognition,2024,19,True
Australia,Facial Recognition,2021,29,True
Netherlands,Facial Recognition,2021,95,True
Mauritius,Finance,2019,2,True
Hungary,Finance,2026,23,False
Canada,Finance,2026,170,False
Iceland,Finance,2020,2,True
Philippines,Finance,2020,9,True
Japan,Finance,2024,43,True
Russia,Finance,2021,2,True
Chile,Finance,2023,0,True
United Arab Emirates,Finance,2018,2,True
United Kingdom,Finance,2026,1939,False
Estonia,Finance,2025,42,True
Peru,Finance,2021,1,True
Ireland,Finance,2022,25,True
Nigeria,Finance,2023,86,True
Switzerland,Finance,2022,58,True
Taiwan,Finance,2017,1,True
South Africa,Finance,2024,25,True
India,Gaming,2022,6,True
Thailand,Gaming,2021,1,True
New Zealand,Gaming,2023,13,True
Argentina,General purpose,2025,82,True
Ireland,General purpose,2018,172,True
Australia,General purpose,2016,20,True
Lithuania,General purpose,2018,4,True
Greece,General purpose,2020,207,True
Azerbaijan,General purpose,2026,0,False
Mongolia,General purpose,2018,0,True
Russia,General purpose,2024,130,True
Israel,General purpose,2020,1125,True
Malaysia,General purpose,2018,15,True
Finland,General purpose,2017,50,True
Poland,Hardware,2020,8,True
Taiwan,Hardware,2018,19,True
Greece,Hardware,2019,4,True
Greece,Hardware,2025,1,True
Netherlands,Hardware,2019,115,True
Netherlands,Hardware,2025,129,True
Slovenia,Hardware,2018,0,True
Hungary,Hardware,2025,0,True
South Korea,Hardware,2023,223,True
Italy,Hardware,2018,4,True
Ghana,Hardware,2023,0,True
Nigeria,Healthcare and Life Sciences,2021,0,True
Canada,Healthcare and Life Sciences,2021,201,True
Thailand,Healthcare and Life Sciences,2021,4,True
Romania,Healthcare and Life Sciences,2025,14,True
Belgium,Healthcare and Life Sciences,2022,7,True
Hungary,Healthcare and Life Sciences,2018,0,True
Italy,Healthcare and Life Sciences,2019,5,True
Italy,Healthcare and Life Sciences,2025,12,True
Tunisia,Information Technology,2023,2,True
Colombia,Information Technology,2023,8,True
Belgium,Information Technology,2018,63,True
Philippines,Information Technology,2022,2,True
Indonesia,Information Technology,2016,2,True
Japan,Information Technology,2018,289,True
Chile,Information Technology,2022,2,True
Bahrain,Information Technology,2020,0,True
Finland,Information Technology,2023,572,True
Kenya,Information Technology,2024,5,True
Sri Lanka,Information Technology,2018,0,True
Brazil,Information Technology,2016,6,True
Uruguay,Information Technology,2021,100,True
Norway,Information Technology,2018,12,True
Nigeria,Information Technology,2019,0,True
Bulgaria,Lending and Investments,2021,0,True
Czechia,Lending and Investments,2023,17,True
Spain,Lending and Investments,2021,42,True
Ghana,Lending and Investments,2022,10,True
Brazil,Manufacturing,2018,2,True
Netherlands,Manufacturing,2018,1,True
Czechia,Manufacturing,2026,4,False
Thailand,Manufacturing,2024,1,True
Switzerland,Manufacturing,2020,41,True
Canada,Manufacturing,2023,84,True
Germany,Manufacturing,2018,697,True
Indonesia,Media and Entertainment,2018,2,True
Turkey,Media and Entertainment,2019,0,True
France,Media and Entertainment,2018,14,True
France,Media and Entertainment,2020,16,True
South Korea,Media and Entertainment,2023,42,True
Latvia,Media and Entertainment,2026,0,False
Malaysia,Media and Entertainment,2021,2,True
Italy,Media and Entertainment,2025,12,True
Taiwan,Media and Entertainment,2024,6600,True
India,Media and Entertainment,2026,37,False
Singapore,Media and Entertainment,2016,10,True
Nigeria,Media and Entertainment,2017,0,True
United States,Media and Entertainment,2020,2852,True
Israel,"Military, public safety and government",2016,1,True
Italy,"Military, public safety and government",2023,2,True
Austria,"Military, public safety and government",2018,0,True
Taiwan,"Military, public safety and government",2018,1,True
South Korea,"Military, public safety and government",2024,5,True
Croatia,"Mobile, platforms & Internet services",2021,1,True
Croatia,"Mobile, platforms & Internet services",2022,1,True
Malaysia,"Mobile, platforms & Internet services",2023,0,True
Albania,"Mobile, platforms & Internet services",2019,7,True
South Korea,"Mobile, platforms & Internet services",2025,611,True
Argentina,"Mobile, platforms & Internet services",2022,0,True
Denmark,"Mobile, platforms & Internet services",2016,3,True
United Arab Emirates,"Mobile, platforms & Internet services",2026,58,False
Greece,"Mobile, platforms & Internet services",2016,2,True
Indonesia,"Mobile, platforms & Internet services",2017,4,True
North Macedonia,NLP,2024,0,True
France,NLP,2020,470,True
France,NLP,2025,215,True
Argentina,NLP,2023,344,True
Canada,NLP,2018,14,True
Canada,NLP,2022,27,True
United States,NLP,2018,1172,True
Hungary,NLP,2017,1,True
Czechia,NLP,2023,0,True
United Kingdom,NLP,2019,82,True
Mexico,NLP,2025,0,True
Sweden,Navigation and mapping,2017,0,True
Israel,Navigation and mapping,2016,2,True
missing,Other,2022,15,True
Portugal,Other,2017,1,True
Portugal,Other,2018,3,True
Turkey,Other,2017,0,True
Austria,Other,2025,0,True
Egypt,Other,2017,0,True
United Kingdom,Other,2021,273,True
France,Other,2017,24,True
Israel,Other,2021,184,True
Ireland,Other,2019,63,True
Chile,Other,2025,2,True
Malaysia,Other,2024,3,True
Jordan,Other,2023,0,True
South Africa,Privacy and Security,2026,3,False
Netherlands,Privacy and Security,2025,36,True
Vietnam,Privacy and Security,2026,2,False
Japan,Privacy and Security,2026,12,False
Argentina,Privacy and Security,2026,0,False
Romania,Privacy and Security,2025,3,True
Turkey,Privacy and Security,2018,2,True
Switzerland,Privacy and Security,2026,125,False
China,Privacy and Security,2018,171,True
Norway,Professional services,2018,8,True
Belgium,Professional services,2026,199,False
Spain,Professional services,2017,15,True
Portugal,Professional services,2019,10,True
Israel,Professional services,2016,8,True
El Salvador,Professional services,2021,0,True
Jordan,Professional services,2026,5,False
Turkey,Professional services,2022,11,True
Luxembourg,Real estate,2021,110,True
Estonia,Real estate,2024,6,True
Australia,Real estate,2022,50,True
Singapore,Real estate,2023,3,True
India,Real estate,2019,7,True
Norway,Real estate,2022,1,True
Switzerland,Real estate,2023,2,True
France,Real estate,2022,44,True
Chile,Real estate,2025,1,True
Turkey,Real estate,2025,0,True
Netherlands,Real estate,2026,61,False
Israel,Robotics,2024,25,True
Portugal,Robotics,2022,5,True
Switzerland,Robotics,2018,7,True
Chile,Robotics,2021,0,True
Hungary,Robotics,2016,1,True
South Korea,Robotics,2025,64,True
South Korea,"Sales, retail, commerce, marketing",2022,36,True
Singapore,"Sales, retail, commerce, marketing",2021,761,True
Slovakia,"Sales, retail, commerce, marketing",2024,5,True
Japan,"Sales, retail, commerce, marketing",2020,54,True
Pakistan,"Sales, retail, commerce, marketing",2018,0,True
United Arab Emirates,"Sales, retail, commerce, marketing",2019,12,True
Singapore,Semiconductor,2016,2,True
Belgium,Semiconductor,2018,6,True
Taiwan,Semiconductor,2021,20,True
United States,Semiconductor,2021,741,True
Japan,Semiconductor,2019,5,True
France,Semiconductor,2020,4,True
France,Simulation,2018,3,True
Chile,Software,2025,108,True
Tajikistan,Software,2025,1,True
Singapore,Software,2026,9513,False
Uruguay,Software,2022,3,True
Uruguay,Software,2026,2,False
Poland,Software,2021,92,True
Turkey,Software,2022,51,True
Slovenia,Software,2020,2,True
Ghana,Software,2021,1,True
Egypt,Software,2018,0,True
Ukraine,Software,2026,189,False
Mexico,Software,2016,8,True
Brazil,Software,2025,1361,True
Taiwan,Software,2021,168,True
France,Sports,2017,1,True
France,Sports,2024,2,True
Poland,Sports,2018,0,True
China,Sports,2017,2,True
Romania,Sports,2020,0,True
Chile,Telecommunications,2026,5,False
Finland,Telecommunications,2020,39,True
Canada,Telecommunications,2017,3,True
Israel,Telecommunications,2018,11,True
Morocco,Telecommunications,2024,0,True
United States,Telecommunications,2019,3583,True
Spain,Telecommunications,2022,3,True
Bangladesh,Transportation,2020,0,True
Greece,Transportation,2019,1,True
Greece,Transportation,2020,10,True
Burkina Faso,Transportation,2023,0,True
Austria,Transportation,2018,0,True
Peru,Transportation,2022,0,True
Sweden,Transportation,2022,14,True
Luxembourg,Transportation,2021,111,True
Poland,Transportation,2019,0,True
Qatar,Transportation,2018,0,True
New Zealand,Transportation,2021,1,True
Spain,Transportation,2026,191,False
Norway,Transportation,2026,13,False
United States,Transportation,2017,2946,True
Germany,Transportation,2026,685,False
Norway,Agriculture,2019,3,True
Greece,Agriculture,2025,0,True
South Africa,Agriculture,2024,0,True
Estonia,Agriculture,2025,8,True
Canada,Agriculture,2025,79,True
Singapore,Agriculture,2022,1982,True
Brazil,Agriculture,2016,2,True
Argentina,Agriculture,2025,0,True
Turkey,Agriculture,2023,2,True
Chile,Agriculture,2018,0,True
Philippines,All,2018,7,True
Greece,All,2021,68,True
Iraq,All,2025,15,True
Taiwan,All,2023,166,True
Slovenia,All,2025,17,True
Argentina,All,2016,1,True
Zimbabwe,All,2019,0,True
Estonia,All,2018,42,True
Estonia,All,2021,201,True
South Africa,All,2016,53,True
Denmark,All,2021,646,True
Botswana,All,2021,1,True
Portugal,All,2025,742,True
Albania,All,2016,2,True
Russia,All,2019,28,True
Egypt,All,2021,37,True
Latvia,All,2016,0,True
Sri Lanka,All,2020,0,True
Malaysia,All,2024,46,True
Germany,Biotechnology,2026,40,False
Thailand,Biotechnology,2023,2,True
Israel,Biotechnology,2024,33,True
Singapore,Biotechnology,2021,62,True
Malta,Community and Lifestyle,2017,1,True
Chile,Community and Lifestyle,2017,1,True
South Africa,Community and Lifestyle,2017,8,True
Bulgaria,Community and Lifestyle,2025,28,True
Denmark,Community and Lifestyle,2024,1,True
Canada,Community and Lifestyle,2024,9,True
Egypt,Community and Lifestyle,2021,0,True
Japan,Community and Lifestyle,2023,4,True
Netherlands,Community and Lifestyle,2020,1,True
Belgium,Computer Vision,2020,1,True
Russia,Computer Vision,2020,1,True
South Africa,Computer Vision,2017,0,True
Spain,Consumer goods,2025,14,True
Spain,Consumer goods,2026,11,False
Poland,Consumer goods,2017,2,True
Singapore,Consumer goods,2018,12,True
Ireland,Consumer goods,2020,3,True
Canada,Consumer goods,2020,105,True
Ghana,Consumer goods,2018,1,True
United Kingdom,Consumer goods,2017,85,True
United Arab Emirates,Consumer goods,2018,2,True
Netherlands,Cyber Security,2026,10,False
Israel,Cyber Security,2023,235,True
Israel,Cyber Security,2024,474,True
India,Cyber Security,2019,0,True
Bangladesh,Data and analytics,2025,0,True
Uganda,Data and analytics,2020,0,True
Panama,Data and analytics,2023,0,True
Portugal,Data and analytics,2022,105,True
Belgium,Data and analytics,2020,253,True
Serbia,Data and analytics,2024,46,True
Iceland,Data and analytics,2019,7,True
Greece,Data and analytics,2016,6,True
South Africa,Data and analytics,2019,155,True
Bulgaria,Data and analytics,2016,0,True
Denmark,Data and analytics,2021,274,True
Bolivia,Data and analytics,2022,1,True
India,Data and analytics,2023,933,True
United States,Data and analytics,2024,82431,True
United Kingdom,Data and analytics,2016,2282,True
United Kingdom,Data and analytics,2025,7322,True
Bangladesh,Education,2022,2,True
France,Education,2016,113,True
Sweden,Education,2017,4,True
Argentina,Education,2019,0,True
Indonesia,Education,2020,3,True
Tunisia,Education,2021,0,True
missing,Education,2026,119,False
Chile,Education,2019,0,True
Ireland,Education,2026,5,False
Singapore,Education,2024,21,True
South Korea,Education,2020,49,True
India,Education,2025,202,True
Bulgaria,Education,2018,0,True
Australia,Education,2018,1,True
Austria,Education,2018,2,True
Canada,Education,2023,13,True
Poland,Education,2022,0,True
United States,Education,2017,522,True
United States,Education,2018,534,True
Spain,Education,2019,0,True
Italy,Energy and natural resources,2023,45,True
New Zealand,Energy and natural resources,2018,30,True
Belgium,Energy and natural resources,2026,1000,False
Switzerland,Energy and natural resources,2017,0,True
South Korea,Energy and natural resources,2026,11,False
India,Energy and natural resources,2017,4,True
Germany,Energy and natural resources,2025,1671,True
Chile,Facial Recognition,2020,0,True
United Kingdom,Facial Recognition,2021,0,True
Cyprus,Finance,2020,1,True
Hungary,Finance,2020,0,True
Canada,Finance,2024,121,True
Iceland,Finance,2019,3,True
Romania,Finance,2021,2,True
Jordan,Finance,2022,0,True
Thailand,Finance,2024,1,True
South Africa,Finance,2019,2,True
Canada,Gaming,2018,2,True
Norway,Gaming,2024,0,True
Switzerland,Gaming,2020,0,True
Israel,Gaming,2016,27,True
Singapore,Gaming,2021,2,True
missing,Gaming,2025,9,True
United Kingdom,Gaming,2025,11,True
Estonia,Gaming,2021,5,True
Ireland,General purpose,2024,256,True
Côte d'Ivoire,General purpose,2023,0,True
Botswana,General purpose,2016,0,True
Norway,General purpose,2017,43,True
Spain,General purpose,2024,545,True
India,General purpose,2025,2343,True
Netherlands,General purpose,2020,161,True
Israel,General purpose,2026,9850,False
Malta,General purpose,2020,37,True
Malta,General purpose,2021,5,True
Chile,General purpose,2017,3,True
Chile,General purpose,2026,12,False
Cyprus,General purpose,2025,51,True
Kenya,General purpose,2023,2,True
Jordan,General purpose,2021,0,True
Bahrain,General purpose,2022,0,True
Sweden,General purpose,2018,70,True
Latvia,General purpose,2026,1,False
Switzerland,General purpose,2016,53,True
Switzerland,General purpose,2017,186,True
Iceland,General purpose,2016,1,True
Slovenia,General purpose,2025,10,True
Kenya,Hardware,2026,0,False
New Zealand,Hardware,2018,30,True
United Kingdom,Hardware,2020,778,True
Colombia,Hardware,2019,2,True
Bulgaria,Hardware,2017,2,True
Italy,Hardware,2023,80,True
Germany,Hardware,2017,57,True
Thailand,Hardware,2021,1,True
Sri Lanka,Hardware,2017,2,True
Kazakhstan,Healthcare and Life Sciences,2023,0,True
Paraguay,Healthcare and Life Sciences,2021,0,True
Chile,Healthcare and Life Sciences,2016,0,True
Singapore,Healthcare and Life Sciences,2025,2040,True
United States,Healthcare and Life Sciences,2019,6708,True
Belize,Healthcare and Life Sciences,2019,10,True
missing,Healthcare and Life Sciences,2020,403,True
Turkey,Information Technology,2021,12,True
Tunisia,Information Technology,2022,0,True
Seychelles,Information Technology,2022,10,True
Kazakhstan,Information Technology,2019,0,True
Luxembourg,Information Technology,2018,1,True
South Korea,Information Technology,2018,121,True
Indonesia,Information Technology,2025,4,True
Czechia,Information Technology,2016,3,True
Iceland,Information Technology,2019,3,True
Ireland,Information Technology,2025,138,True
Romania,Information Technology,2021,11,True
United Arab Emirates,Information Technology,2025,878,True
Finland,Information Technology,2024,712,True
Canada,Information Technology,2022,7248,True
Norway,Information Technology,2024,258,True
Netherlands,Lending and Investments,2019,1,True
Netherlands,Lending and Investments,2020,3,True
United Arab Emirates,Lending and Investments,2025,529,True
Australia,Lending and Investments,2019,0,True
Japan,Lending and Investments,2017,1,True
Sweden,Lending and Investments,2017,1,True
Nigeria,Lending and Investments,2026,0,False
United Kingdom,Lending and Investments,2024,183,True
Denmark,Lending and Investments,2017,22,True
Spain,Manufacturing,2020,3,True
Spain,Manufacturing,2022,7,True
Spain,Manufacturing,2025,7,True
Ecuador,Manufacturing,2021,0,True
Taiwan,Manufacturing,2024,0,True
Austria,Manufacturing,2018,3,True
Sweden,Manufacturing,2021,4538,True
Turkey,Manufacturing,2020,0,True
Turkey,Media and Entertainment,2023,2,True
missing,Media and Entertainment,2018,2,True
missing,Media and Entertainment,2026,116,False
Italy,Media and Entertainment,2017,1,True
Hungary,Media and Entertainment,2021,1,True
Poland,Media and Entertainment,2017,0,True
Qatar,Media and Entertainment,2020,0,True
United States,Media and Entertainment,2016,1628,True
United States,Media and Entertainment,2026,5493,False
Belgium,"Military, public safety and government",2019,1,True
Brazil,"Military, public safety and government",2020,0,True
Estonia,"Military, public safety and government",2023,1,True
Austria,"Military, public safety and government",2021,0,True
Germany,"Military, public safety and government",2020,9,True
Singapore,"Military, public safety and government",2021,26,True
Nigeria,"Mobile, platforms & Internet services",2019,0,True
Cyprus,"Mobile, platforms & Internet services",2026,1,False
Kazakhstan,"Mobile, platforms & Internet services",2023,0,True
Hungary,"Mobile, platforms & Internet services",2017,0,True
Singapore,"Mobile, platforms & Internet services",2019,1487,True
Singapore,"Mobile, platforms & Internet services",2022,2366,True
Norway,"Mobile, platforms & Internet services",2019,1,True
Portugal,"Mobile, platforms & Internet services",2023,1,True
Australia,"Mobile, platforms & Internet services",2018,33,True
Italy,"Mobile, platforms & Internet services",2016,8,True
Italy,"Mobile, platforms & Internet services",2019,92,True
Saudi Arabia,"Mobile, platforms & Internet services",2016,60,True
Saudi Arabia,"Mobile, platforms & Internet services",2018,4,True
India,NLP,2024,6,True
United Arab Emirates,NLP,2022,0,True
Taiwan,NLP,2017,2,True
Singapore,NLP,2024,0,True
Finland,NLP,2016,1,True
Brazil,NLP,2020,51,True
Saudi Arabia,Navigation and mapping,2020,16,True
United Arab Emirates,Navigation and mapping,2019,0,True
Brazil,Navigation and mapping,2023,0,True
United Arab Emirates,Other,2026,182,False
Hungary,Other,2022,1,True
South Korea,Other,2021,23,True
Spain,Other,2017,4,True
New Zealand,Other,2022,5,True
Singapore,Other,2018,24,True
United States,Other,2020,3626,True
Japan,Other,2021,8,True
Netherlands,Privacy and Security,2017,22,True
Indonesia,Privacy and Security,2022,2,True
Portugal,Privacy and Security,2025,20,True
Germany,Privacy and Security,2016,5,True
Sri Lanka,Privacy and Security,2017,7,True
France,Privacy and Security,2018,14,True
Mexico,Privacy and Security,2023,29,True
Romania,Privacy and Security,2017,0,True
Sweden,Privacy and Security,2025,0,True
Saudi Arabia,Privacy and Security,2018,16,True
Saudi Arabia,Privacy and Security,2025,12,True
United Kingdom,Privacy and Security,2021,406,True
Kuwait,Professional services,2023,4,True
Tunisia,Professional services,2022,0,True
Tunisia,Professional services,2025,0,True
Belgium,Professional services,2024,373,True
Sri Lanka,Professional services,2025,0,True
Indonesia,Professional services,2016,1,True
Indonesia,Professional services,2017,10,True
South Korea,Professional services,2026,44,False
Chile,Professional services,2020,1,True
Japan,Professional services,2019,154,True
Czechia,Professional services,2020,22,True
Switzerland,Professional services,2024,265,True
Switzerland,Professional services,2025,42,True
Italy,Real estate,2018,2,True
Hungary,Real estate,2022,7,True
United States,Real estate,2023,1455,True
Saudi Arabia,Real estate,2020,0,True
United Kingdom,Real estate,2017,22,True
United Kingdom,Real estate,2025,143,True
Chile,Real estate,2022,1,True
Mexico,Real estate,2022,4,True
Philippines,Real estate,2025,2,True
Israel,Robotics,2025,81,True
missing,Robotics,2024,0,True
Malaysia,Robotics,2018,0,True
United Kingdom,Robotics,2017,12,True
Poland,Robotics,2023,2,True
Ukraine,Robotics,2020,0,True
Austria,Robotics,2020,9,True
South Korea,Robotics,2019,7,True
Switzerland,"Sales, retail, commerce, marketing",2020,56,True
Sweden,"Sales, retail, commerce, marketing",2022,21,True
Singapore,"Sales, retail, commerce, marketing",2025,1172,True
Turkey,"Sales, retail, commerce, marketing",2021,14,True
Israel,"Sales, retail, commerce, marketing",2020,233,True
India,"Sales, retail, commerce, marketing",2021,170,True
Ukraine,"Sales, retail, commerce, marketing",2019,4,True
Taiwan,Semiconductor,2023,14,True
South Korea,Semiconductor,2022,12,True
France,Simulation,2020,1,True
Denmark,Simulation,2025,3,True
Kazakhstan,Software,2025,5,True
Vietnam,Software,2019,9,True
Sweden,Software,2024,118,True
India,Software,2025,4513,True
Sri Lanka,Software,2023,4,True
missing,Software,2017,26,True
Colombia,Software,2023,20,True
Austria,Software,2018,35,True
Uganda,Software,2023,0,True
Ghana,Software,2018,1,True
United Arab Emirates,Software,2017,13,True
Iran,Software,2018,0,True
Romania,Software,2016,1,True
Costa Rica,Software,2025,1,True
Ireland,Software,2019,140,True
Estonia,Software,2018,22,True
Estonia,Software,2023,32,True
Ireland,Speech Recognition,2018,1,True
Ireland,Speech Recognition,2024,1,True
Colombia,Speech Recognition,2024,0,True
Israel,Sports,2019,19,True
Switzerland,Sports,2016,0,True
Australia,Sports,2020,0,True
Poland,Sports,2026,1,False
Italy,Sports,2021,2,True
United Arab Emirates,Sports,2019,0,True
Israel,Telecommunications,2026,2160,False
Netherlands,Telecommunications,2023,169,True
United Kingdom,Telecommunications,2018,14,True
Sweden,Telecommunications,2026,0,False
Singapore,Telecommunications,2022,36,True
Slovakia,Telecommunications,2019,2,True
Australia,Telecommunications,2024,57,True
Spain,Telecommunications,2019,1,True
Bangladesh,Transportation,2018,0,True
Turkey,Transportation,2022,2,True
Netherlands,Transportation,2022,106,True
Netherlands,Transportation,2024,109,True
Austria,Transportation,2020,2,True
Belgium,Transportation,2022,25,True
Georgia,Transportation,2025,1,True
Tunisia,Transportation,2022,0,True
Canada,Transportation,2020,72,True
Nigeria,Transportation,2021,21,True
Poland,Transportation,2024,18,True
New Zealand,Transportation,2026,6,False
United States,Transportation,2020,7865,True
Germany,Transportation,2017,35,True
Germany,Transportation,2018,1040,True
New Zealand,Agriculture,2024,1,True
Canada,Agriculture,2019,38,True
Japan,Agriculture,2019,2,True
Switzerland,Agriculture,2017,5,True
Kenya,Agriculture,2020,4,True
Turkey,Agriculture,2024,2,True
Slovakia,All,2016,2,True
Colombia,All,2020,9,True
Iraq,All,2026,5,False
Slovenia,All,2023,20,True
Estonia,All,2025,138,True
South Korea,All,2020,1268,True
Spain,All,2023,828,True
Morocco,All,2022,1,True
Egypt,All,2024,30,True
Finland,All,2026,802,False
Zambia,All,2022,0,True
Germany,All,2018,3923,True
Brazil,All,2021,1392,True
Qatar,All,2021,13,True
Canada,All,2016,2721,True
Canada,All,2021,4307,True
Australia,Biotechnology,2021,18,True
Spain,Biotechnology,2017,21,True
Bahrain,Biotechnology,2020,0,True
South Korea,Community and Lifestyle,2026,13,False
Spain,Community and Lifestyle,2023,6,True
Taiwan,Community and Lifestyle,2021,4,True
Jordan,Community and Lifestyle,2018,0,True
Norway,Community and Lifestyle,2024,1,True
United Arab Emirates,Community and Lifestyle,2021,9,True
Saudi Arabia,Community and Lifestyle,2025,50,True
Malaysia,Community and Lifestyle,2023,0,True
Egypt,Community and Lifestyle,2022,1,True
Germany,Community and Lifestyle,2019,18,True
Netherlands,Community and Lifestyle,2022,54,True
Brazil,Computer Vision,2017,0,True
missing,Computer Vision,2021,0,True
missing,Computer Vision,2023,1,True
Portugal,Computer Vision,2024,4,True
Romania,Computer Vision,2020,0,True
Italy,Computer Vision,2023,1,True
Singapore,Computer Vision,2024,29,True
Poland,Computer Vision,2023,2,True
Germany,Computer Vision,2016,8,True
Spain,Consumer goods,2017,3,True
Germany,Consumer goods,2026,134,False
Netherlands,Consumer goods,2021,4,True
Netherlands,Consumer goods,2025,225,True
Singapore,Consumer goods,2017,2,True
Singapore,Consumer goods,2021,146,True
Brazil,Consumer goods,2020,3,True
Indonesia,Consumer goods,2022,0,True
Turkey,Consumer goods,2023,1,True
Belgium,Consumer goods,2026,134,False
Japan,Consumer goods,2026,3,False
Russia,Consumer goods,2019,1,True
New Zealand,Consumer goods,2021,1,True
Poland,Cyber Security,2017,2,True
Switzerland,Cyber Security,2020,36,True
Italy,Cyber Security,2017,0,True
United States,Cyber Security,2016,235,True
Philippines,Data and analytics,2024,45,True
Belgium,Data and analytics,2024,714,True
Germany,Data and analytics,2023,2786,True
Seychelles,Data and analytics,2024,0,True
Bahrain,Data and analytics,2020,0,True
Ukraine,Data and analytics,2023,5,True
Albania,Data and analytics,2025,0,True
Taiwan,Data and analytics,2017,12,True
Taiwan,Data and analytics,2025,75,True
Malta,Data and analytics,2023,0,True
Denmark,Data and analytics,2025,444,True
Latvia,Data and analytics,2019,0,True
Luxembourg,Data and analytics,2026,6,False
Malaysia,Data and analytics,2023,79,True
Poland,Data and analytics,2019,96,True
Mauritius,Education,2021,2,True
South Africa,Education,2023,15,True
Vietnam,Education,2021,3,True
Ireland,Education,2021,407,True
Lithuania,Education,2024,0,True
Italy,Education,2021,1,True
Poland,Education,2020,3,True
Denmark,Energy and natural resources,2021,4,True
Canada,Energy and natural resources,2025,144,True
missing,Energy and natural resources,2025,167,True
Chile,Energy and natural resources,2018,1,True
Australia,Energy and natural resources,2022,167,True
Australia,Energy and natural resources,2023,79,True
Australia,Energy and natural resources,2025,22,True
Ghana,Energy and natural resources,2022,0,True
South Korea,Energy and natural resources,2022,18,True
Germany,Energy and natural resources,2018,239,True
China,Facial Recognition,2023,13,True
Costa Rica,Finance,2025,1,True
Australia,Finance,2022,40,True
Australia,Finance,2025,51,True
Canada,Finance,2020,301,True
Netherlands,Finance,2020,8,True
Iceland,Finance,2016,1,True
Germany,Finance,2017,170,True
Chile,Finance,2018,0,True
United Arab Emirates,Finance,2019,3,True
United Kingdom,Finance,2023,784,True
Italy,Finance,2016,3,True
Brazil,Finance,2019,28,True
United States,Finance,2025,27794,True
Taiwan,Finance,2022,12,True
Kenya,Finance,2021,26,True
Czechia,Gaming,2022,2,True
South Korea,Gaming,2023,1,True
Hungary,Gaming,2020,0,True
Ireland,General purpose,2021,573,True
Slovakia,General purpose,2017,6,True
Philippines,General purpose,2022,26,True
Lithuania,General purpose,2022,2,True
Madagascar,General purpose,2019,6,True
Canada,General purpose,2026,1608,False
Kuwait,General purpose,2025,8,True
Georgia,General purpose,2022,2,True
Georgia,General purpose,2023,0,True
Georgia,General purpose,2025,2,True
Germany,General purpose,2016,355,True
Tajikistan,General purpose,2023,0,True
Israel,General purpose,2017,283,True
Romania,General purpose,2026,4,False
Jordan,General purpose,2018,0,True
Luxembourg,General purpose,2017,1,True
Mexico,General purpose,2021,64,True
Egypt,General purpose,2026,20,False
Iceland,General purpose,2025,48,True
Serbia,General purpose,2020,0,True
Slovenia,General purpose,2016,1,True
Egypt,Hardware,2018,0,True
missing,Hardware,2026,86,False
Finland,Hardware,2020,54,True
Finland,Hardware,2023,503,True
Japan,Hardware,2022,61,True
Luxembourg,Hardware,2021,110,True
India,Hardware,2024,148,True
Saudi Arabia,Hardware,2017,1,True
Portugal,Hardware,2024,22,True
Argentina,Hardware,2019,1,True
Norway,Healthcare and Life Sciences,2023,22,True
Germany,Healthcare and Life Sciences,2016,7,True
Kenya,Healthcare and Life Sciences,2019,2,True
China,Healthcare and Life Sciences,2016,173,True
Slovenia,Healthcare and Life Sciences,2023,20,True
Ghana,Healthcare and Life Sciences,2021,1,True
Pakistan,Healthcare and Life Sciences,2022,2,True
Denmark,Healthcare and Life Sciences,2019,1,True
United Arab Emirates,Healthcare and Life Sciences,2020,2,True
Peru,Healthcare and Life Sciences,2025,0,True
Indonesia,Information Technology,2019,5,True
Bangladesh,Information Technology,2024,0,True
Thailand,Information Technology,2021,1,True
Brazil,Information Technology,2019,227,True
Estonia,Information Technology,2017,17,True
missing,Information Technology,2022,2,True
Canada,Information Technology,2020,496,True
Italy,Information Technology,2026,40,False
Australia,Information Technology,2026,5777,False
Slovenia,Information Technology,2020,2,True
United States,Lending and Investments,2024,1387,True
Uruguay,Lending and Investments,2023,0,True
Italy,Lending and Investments,2021,1,True
Vietnam,Lending and Investments,2018,0,True
United Kingdom,Lending and Investments,2021,450,True
Denmark,Lending and Investments,2021,36,True
South Africa,Manufacturing,2020,3,True
Chile,Manufacturing,2023,0,True
Taiwan,Manufacturing,2017,1,True
South Korea,Manufacturing,2021,26,True
Australia,Manufacturing,2026,14,False
Cyprus,Manufacturing,2026,0,False
Switzerland,Manufacturing,2024,331,True
Germany,Manufacturing,2017,219,True
Poland,Manufacturing,2022,2,True
Russia,Media and Entertainment,2023,1,True
Sri Lanka,Media and Entertainment,2019,1,True
Thailand,Media and Entertainment,2024,28,True
Vietnam,Media and Entertainment,2020,0,True
India,Media and Entertainment,2020,25,True
Saudi Arabia,Media and Entertainment,2022,3,True
Belgium,"Military, public safety and government",2016,0,True
Estonia,"Military, public safety and government",2020,3,True
United Kingdom,"Military, public safety and government",2016,1,True
Canada,"Military, public safety and government",2017,2,True
South Korea,"Military, public safety and government",2016,0,True
Chile,"Mobile, platforms & Internet services",2018,2,True
Russia,"Mobile, platforms & Internet services",2017,3,True
Malta,"Mobile, platforms & Internet services",2020,1,True
Sri Lanka,"Mobile, platforms & Internet services",2025,1,True
Turkey,"Mobile, platforms & Internet services",2016,8,True
Albania,"Mobile, platforms & Internet services",2016,2,True
Albania,"Mobile, platforms & Internet services",2024,6,True
Rwanda,"Mobile, platforms & Internet services",2026,0,False
South Africa,"Mobile, platforms & Internet services",2025,25,True
United States,"Mobile, platforms & Internet services",2022,14647,True
Thailand,"Mobile, platforms & Internet services",2020,1,True
Morocco,"Mobile, platforms & Internet services",2024,2,True
Romania,"Mobile, platforms & Internet services",2019,1,True
Ukraine,"Mobile, platforms & Internet services",2023,3,True
India,NLP,2018,9,True
India,NLP,2019,48,True
Taiwan,NLP,2021,39,True
South Africa,NLP,2020,52,True
Kenya,NLP,2021,14,True
Sweden,Navigation and mapping,2025,1,True
Israel,Navigation and mapping,2020,1,True
Israel,Navigation and mapping,2022,16,True
Chile,Navigation and mapping,2023,0,True
Germany,Other,2020,195,True
Vietnam,Other,2020,1,True
South Korea,Other,2022,187,True
Canada,Other,2016,81,True
Chile,Other,2018,1,True
Poland,Privacy and Security,2026,2,False
Estonia,Privacy and Security,2024,14,True
France,Privacy and Security,2021,139,True
France,Privacy and Security,2025,623,True
Ireland,Privacy and Security,2019,16,True
Taiwan,Privacy and Security,2018,1,True
Thailand,Privacy and Security,2019,0,True
Australia,Privacy and Security,2018,3,True
China,Privacy and Security,2019,60,True
Norway,Professional services,2019,1,True
Peru,Professional services,2021,1,True
Spain,Professional services,2025,3016,True
France,Professional services,2016,125,True
South Korea,Professional services,2016,1,True
Argentina,Professional services,2022,9,True
Uruguay,Professional services,2020,0,True
Croatia,Professional services,2021,1,True
Canada,Professional services,2017,48,True
Canada,Professional services,2025,1365,True
Netherlands,Professional services,2018,13,True
Turkey,Professional services,2025,7,True
China,Professional services,2022,182,True
Czechia,Professional services,2021,2,True
Czechia,Professional services,2025,147,True
Italy,Real estate,2026,169,False
United States,Real estate,2016,258,True
China,Real estate,2023,70,True
Germany,Real estate,2021,161,True
Philippines,Real estate,2024,0,True
Taiwan,Robotics,2023,3,True
Qatar,Robotics,2023,0,True
Norway,Robotics,2021,33,True
Ukraine,Robotics,2025,1,True
Austria,Robotics,2017,1,True
Czechia,"Sales, retail, commerce, marketing",2024,25,True
Finland,"Sales, retail, commerce, marketing",2021,504,True
Egypt,"Sales, retail, commerce, marketing",2021,7,True
Egypt,"Sales, retail, commerce, marketing",2025,1,True
Poland,"Sales, retail, commerce, marketing",2018,8,True
Sweden,"Sales, retail, commerce, marketing",2019,5,True
Vietnam,"Sales, retail, commerce, marketing",2023,0,True
Germany,"Sales, retail, commerce, marketing",2026,604,False
Italy,"Sales, retail, commerce, marketing",2016,3,True
Russia,"Sales, retail, commerce, marketing",2019,6,True
Bulgaria,"Sales, retail, commerce, marketing",2018,0,True
Lithuania,"Sales, retail, commerce, marketing",2018,0,True
missing,"Sales, retail, commerce, marketing",2018,2,True
Hungary,"Sales, retail, commerce, marketing",2019,2,True
Saudi Arabia,"Sales, retail, commerce, marketing",2025,774,True
France,Semiconductor,2025,43,True
Greece,Software,2022,13,True
Saudi Arabia,Software,2020,29656,True
Vietnam,Software,2018,0,True
Vietnam,Software,2026,2,False
Philippines,Software,2022,30,True
Denmark,Software,2019,42,True
Denmark,Software,2021,277,True
South Africa,Software,2021,39,True
Slovakia,Software,2022,27,True
Lebanon,Software,2019,0,True
United States,Software,2021,104428,True
Austria,Software,2021,311,True
Italy,Software,2025,779,True
Ghana,Software,2016,3,True
New Zealand,Software,2021,1219,True
Ukraine,Software,2025,43,True
Germany,Software,2019,716,True
Bangladesh,Software,2020,1,True
India,Speech Recognition,2020,10,True
Israel,Sports,2024,18,True
Luxembourg,Sports,2023,1,True
India,Sports,2020,1,True
Ireland,Sports,2021,26,True
Austria,Telecommunications,2020,0,True
Kenya,Telecommunications,2023,0,True
Kenya,Telecommunications,2024,0,True
Spain,Telecommunications,2020,0,True
Philippines,Transportation,2025,6,True
Serbia,Transportation,2023,43,True
Netherlands,Transportation,2021,7,True
United Arab Emirates,Transportation,2018,15,True
Iceland,Transportation,2019,2,True
Singapore,Transportation,2025,1068,True
Israel,Transportation,2026,870,False
Brazil,Transportation,2017,0,True
Brazil,Transportation,2026,6,False
Belgium,Transportation,2021,8,True
Vietnam,Transportation,2022,1,True
Chile,Transportation,2019,1,True
Taiwan,Transportation,2023,6,True
India,Transportation,2018,15,True
Finland,Transportation,2022,580,True
Germany,Transportation,2023,870,True
New Zealand,Agriculture,2025,4,True
Tunisia,Agriculture,2019,0,True
Tunisia,Agriculture,2023,0,True
China,Agriculture,2020,33,True
Netherlands,All,2024,2666,True
Hungary,All,2022,40,True
Lebanon,All,2022,0,True
Tanzania,All,2024,0,True
Saudi Arabia,All,2016,1063,True
Saudi Arabia,All,2017,22,True
Tunisia,All,2024,5,True
Taiwan,All,2019,153,True
Slovenia,All,2021,0,True
Argentina,All,2019,2,True
Kenya,All,2016,8,True
United Arab Emirates,All,2024,2327,True
Bulgaria,All,2021,18,True
Luxembourg,All,2024,64,True
Morocco,All,2020,1,True
Russia,All,2022,1,True
Ireland,All,2025,716,True
Singapore,All,2017,660,True
Singapore,All,2019,2059,True
Poland,All,2023,141,True
Qatar,All,2025,3,True
Qatar,All,2026,28,False
Dominican Republic,All,2023,2,True
Bahrain,All,2021,195,True
Switzerland,Biotechnology,2017,8,True
Australia,Biotechnology,2025,10,True
Portugal,Biotechnology,2017,1,True
Portugal,Biotechnology,2023,6,True
Denmark,Biotechnology,2016,0,True
Israel,Biotechnology,2020,52,True
Norway,Biotechnology,2017,0,True
Singapore,Biotechnology,2017,2,True
Italy,Community and Lifestyle,2019,2,True
Switzerland,Community and Lifestyle,2019,4,True
Canada,Community and Lifestyle,2026,93,False
Cyprus,Computer Vision,2021,1,True
Romania,Computer Vision,2022,0,True
Lithuania,Computer Vision,2025,0,True
France,Computer Vision,2026,107,False
Israel,Computer Vision,2025,106,True
Australia,Computer Vision,2016,0,True
Portugal,Consumer goods,2022,2,True
Brazil,Consumer goods,2018,2,True
Turkey,Consumer goods,2022,1,True
Norway,Consumer goods,2025,2,True
Lithuania,Consumer goods,2020,0,True
South Korea,Consumer goods,2025,8,True
United Arab Emirates,Consumer goods,2023,42,True
Taiwan,Consumer goods,2025,13,True
Singapore,Cyber Security,2016,0,True
Mexico,Cyber Security,2023,20,True
Germany,Cyber Security,2020,26,True
Belgium,Cyber Security,2026,40,False
Switzerland,Cyber Security,2023,3,True
Italy,Cyber Security,2026,3,False
Pakistan,Data and analytics,2016,0,True
Estonia,Data and analytics,2022,58,True
Tunisia,Data and analytics,2022,2,True
Austria,Data and analytics,2026,144,False
Malta,Data and analytics,2021,5,True
Tanzania,Data and analytics,2017,0,True
Spain,Data and analytics,2019,213,True
Ghana,Data and analytics,2022,1,True
Finland,Data and analytics,2017,54,True
United States,Data and analytics,2017,15524,True
Colombia,Data and analytics,2023,19,True
Romania,Education,2023,1,True
Taiwan,Education,2018,1,True
Kenya,Education,2017,1,True
Kenya,Education,2021,2,True
India,Education,2019,34,True
Colombia,Education,2016,0,True
Japan,Education,2016,4,True
Belgium,Education,2025,0,True
United Kingdom,Education,2020,187,True
United States,Education,2024,2834,True
Portugal,Energy and natural resources,2022,1,True
Turkey,Energy and natural resources,2020,1,True
Lithuania,Energy and natural resources,2019,0,True
Brazil,Energy and natural resources,2020,1,True
Australia,Energy and natural resources,2020,2,True
Norway,Energy and natural resources,2021,3,True
Israel,Energy and natural resources,2022,196,True
India,Energy and natural resources,2025,41,True
Germany,Energy and natural resources,2020,240,True
Canada,Facial Recognition,2025,13,True
Iceland,Finance,2022,1603,True
Mexico,Finance,2021,12,True
Mexico,Finance,2024,6,True
Panama,Finance,2023,0,True
Estonia,Finance,2019,0,True
Denmark,Finance,2021,37,True
Colombia,Finance,2024,8,True
Switzerland,Finance,2026,72,False
Sweden,Finance,2023,14,True
Czechia,Finance,2025,56,True
Brazil,Gaming,2018,0,True
Chile,Gaming,2017,1,True
South Korea,General purpose,2026,1718,False
Argentina,General purpose,2020,3,True
Ireland,General purpose,2025,410,True
Ireland,General purpose,2026,165,False
Armenia,General purpose,2025,0,True
Turkey,General purpose,2018,5,True
Norway,General purpose,2023,74,True
Ukraine,General purpose,2020,4,True
Indonesia,General purpose,2023,11,True
Mongolia,General purpose,2019,0,True
Brazil,General purpose,2017,89,True
United Kingdom,General purpose,2020,2095,True
United Kingdom,General purpose,2026,10173,False
India,General purpose,2021,830,True
Netherlands,General purpose,2018,1174,True
Netherlands,General purpose,2024,1267,True
Chile,General purpose,2016,0,True
Chile,General purpose,2025,105,True
Sweden,General purpose,2016,22,True
United Arab Emirates,General purpose,2022,285,True
Singapore,General purpose,2018,561,True
Colombia,General purpose,2016,0,True
Spain,Hardware,2020,48,True
Egypt,Hardware,2020,1,True
Belgium,Hardware,2021,11,True
Finland,Hardware,2022,573,True
Sweden,Hardware,2026,23,False
Austria,Hardware,2023,2,True
Slovenia,Hardware,2016,0,True
Colombia,Hardware,2020,4,True
Hungary,Hardware,2026,3,False
South Africa,Hardware,2021,1,True
Italy,Hardware,2024,121,True
Brazil,Hardware,2024,283,True
Germany,Hardware,2023,766,True
Portugal,Hardware,2019,8,True
Sri Lanka,Hardware,2018,2,True
Ukraine,Hardware,2022,0,True
Austria,Healthcare and Life Sciences,2024,7,True
Nigeria,Healthcare and Life Sciences,2022,1,True
Bulgaria,Healthcare and Life Sciences,2024,1,True
Malaysia,Healthcare and Life Sciences,2021,1,True
Malaysia,Healthcare and Life Sciences,2023,2,True
United Kingdom,Healthcare and Life Sciences,2022,487,True
Singapore,Healthcare and Life Sciences,2016,2,True
Finland,Healthcare and Life Sciences,2022,7,True
Czechia,Healthcare and Life Sciences,2023,3,True
Spain,Healthcare and Life Sciences,2025,1028,True
Russia,Healthcare and Life Sciences,2017,3,True
Russia,Healthcare and Life Sciences,2019,2,True
Belgium,Healthcare and Life Sciences,2020,1,True
Vietnam,Information Technology,2022,0,True
Ghana,Information Technology,2016,0,True
Belgium,Information Technology,2017,158,True
Japan,Information Technology,2020,315,True
Chile,Information Technology,2019,0,True
Chile,Information Technology,2024,12,True
Azerbaijan,Information Technology,2023,0,True
India,Information Technology,2020,12120,True
United Arab Emirates,Information Technology,2026,421,False
Rwanda,Information Technology,2024,1,True
Finland,Information Technology,2022,1110,True
Bulgaria,Information Technology,2023,2,True
Saudi Arabia,Information Technology,2023,93,True
Uruguay,Information Technology,2022,0,True
Estonia,Information Technology,2023,41,True
United Kingdom,Information Technology,2022,2408,True
Nigeria,Information Technology,2017,0,True
Germany,Lending and Investments,2016,34,True
Iraq,Lending and Investments,2025,15,True
United Arab Emirates,Lending and Investments,2026,5,False
South Africa,Lending and Investments,2017,22,True
Kenya,Lending and Investments,2018,0,True
Philippines,Lending and Investments,2024,11,True
Brazil,Lending and Investments,2022,20,True
Denmark,Manufacturing,2016,0,True
United Kingdom,Manufacturing,2017,34,True
United Kingdom,Manufacturing,2019,56,True
Japan,Manufacturing,2019,97,True
Israel,Manufacturing,2025,94,True
Luxembourg,Manufacturing,2022,4,True
Czechia,Manufacturing,2023,1,True
Thailand,Manufacturing,2019,3,True
Romania,Manufacturing,2019,0,True
Romania,Manufacturing,2022,0,True
France,Manufacturing,2024,317,True
Portugal,Manufacturing,2021,0,True
Serbia,Media and Entertainment,2018,0,True
Turkey,Media and Entertainment,2024,1,True
Turkey,Media and Entertainment,2026,5,False
Jamaica,Media and Entertainment,2025,50,True
Italy,Media and Entertainment,2019,1,True
Taiwan,Media and Entertainment,2022,9,True
Taiwan,Media and Entertainment,2023,13,True
India,Media and Entertainment,2018,10,True
Finland,Media and Entertainment,2019,19,True
Luxembourg,Media and Entertainment,2020,2,True
Nigeria,Media and Entertainment,2026,0,False
Switzerland,"Military, public safety and government",2021,1,True
Switzerland,"Military, public safety and government",2022,3,True
China,"Military, public safety and government",2026,67,False
Canada,"Military, public safety and government",2018,69,True
South Korea,"Military, public safety and government",2018,1,True
China,"Mobile, platforms & Internet services",2026,1223,False
Czechia,"Mobile, platforms & Internet services",2023,32,True
Czechia,"Mobile, platforms & Internet services",2025,7,True
Malaysia,"Mobile, platforms & Internet services",2016,3,True
Belgium,"Mobile, platforms & Internet services",2019,34,True
Vietnam,"Mobile, platforms & Internet services",2024,2,True
Jordan,"Mobile, platforms & Internet services",2023,1,True
Mexico,"Mobile, platforms & Internet services",2025,14,True
Hungary,"Mobile, platforms & Internet services",2019,2,True
Latvia,"Mobile, platforms & Internet services",2019,0,True
Denmark,"Mobile, platforms & Internet services",2026,5,False
Slovakia,"Mobile, platforms & Internet services",2016,1,True
Slovakia,"Mobile, platforms & Internet services",2020,8,True
Romania,"Mobile, platforms & Internet services",2026,0,False
Ukraine,"Mobile, platforms & Internet services",2025,38,True
Switzerland,"Mobile, platforms & Internet services",2023,30,True
Saudi Arabia,"Mobile, platforms & Internet services",2026,33,False
Iceland,NLP,2020,0,True
Israel,NLP,2025,13,True
Singapore,NLP,2023,5,True
Indonesia,NLP,2020,8,True
Brazil,NLP,2022,288,True
South Korea,NLP,2019,4,True
South Korea,NLP,2024,40,True
Spain,NLP,2019,4,True
Belgium,Navigation and mapping,2021,0,True
Australia,Navigation and mapping,2022,19,True
New Zealand,Navigation and mapping,2017,0,True
New Zealand,Navigation and mapping,2026,0,False
Saudi Arabia,Other,2017,1,True
Canada,Other,2025,53,True
Qatar,Other,2025,1,True
Ukraine,Other,2018,0,True
Belgium,Privacy and Security,2018,11,True
Bahrain,Privacy and Security,2022,0,True
India,Privacy and Security,2017,16,True
Nigeria,Privacy and Security,2020,1,True
Belgium,Professional services,2017,28,True
France,Professional services,2021,238,True
France,Professional services,2024,795,True
Malaysia,Professional services,2018,14,True
Saudi Arabia,Professional services,2023,0,True
Austria,Professional services,2025,110,True
Serbia,Professional services,2019,0,True
United Kingdom,Professional services,2019,2778,True
Canada,Professional services,2024,441,True
Netherlands,Professional services,2024,482,True
Pakistan,Professional services,2022,0,True
Denmark,Professional services,2023,95,True
India,Professional services,2021,160,True
South Africa,Professional services,2019,2,True
Austria,Real estate,2025,14,True
Kenya,Real estate,2026,0,False
Ireland,Real estate,2023,59,True
Italy,Real estate,2025,4,True
Australia,Real estate,2026,30,False
Brazil,Real estate,2018,3,True
Finland,Real estate,2025,5,True
Finland,Real estate,2026,2,False
France,Robotics,2019,14,True
India,Robotics,2022,38,True
Slovakia,Robotics,2020,0,True
New Zealand,Robotics,2023,0,True
United States,Robotics,2025,3696,True
South Korea,Robotics,2024,85,True
Czechia,"Sales, retail, commerce, marketing",2016,1,True
Switzerland,"Sales, retail, commerce, marketing",2016,4,True
Austria,"Sales, retail, commerce, marketing",2022,4,True
Sri Lanka,"Sales, retail, commerce, marketing",2019,1,True
Singapore,"Sales, retail, commerce, marketing",2022,316,True
Romania,"Sales, retail, commerce, marketing",2024,1,True
Russia,"Sales, retail, commerce, marketing",2020,4,True
Belgium,"Sales, retail, commerce, marketing",2025,134,True
France,"Sales, retail, commerce, marketing",2023,371,True
Cyprus,"Sales, retail, commerce, marketing",2023,1,True
India,Semiconductor,2025,241,True
Taiwan,Semiconductor,2020,26,True
Israel,Semiconductor,2019,21,True
France,Semiconductor,2022,5,True
France,Simulation,2022,13,True
Singapore,Simulation,2021,4,True
Israel,Simulation,2025,80,True
Poland,Simulation,2022,0,True
Italy,Simulation,2022,3,True
Vietnam,Software,2017,0,True
Norway,Software,2017,49,True
Norway,Software,2022,172,True
Philippines,Software,2019,1,True
Thailand,Software,2026,6,False
Azerbaijan,Software,2023,0,True
Cyprus,Software,2023,2,True
Czechia,Software,2022,123,True
Czechia,Software,2025,590,True
Austria,Software,2023,333,True
Italy,Software,2026,287,False
Finland,Software,2018,57,True
Lithuania,Software,2020,4,True
Tunisia,Software,2024,2,True
Switzerland,Software,2019,671,True
Switzerland,Software,2022,998,True
Mexico,Software,2025,191,True
Pakistan,Software,2019,0,True
Taiwan,Software,2019,123,True
Thailand,Speech Recognition,2022,0,True
Denmark,Speech Recognition,2023,12,True
Germany,Speech Recognition,2026,359,False
Kenya,Sports,2016,1,True
Denmark,Sports,2019,2,True
South Korea,Sports,2018,1,True
Brazil,Sports,2021,2,True
United Arab Emirates,Sports,2017,1,True
Netherlands,Telecommunications,2026,9,False
Brazil,Telecommunications,2017,5,True
Brazil,Telecommunications,2021,8,True
Brazil,Telecommunications,2023,2,True
Saudi Arabia,Telecommunications,2020,1,True
Bangladesh,Transportation,2022,4,True
Turkey,Transportation,2020,0,True
Slovakia,Transportation,2021,0,True
Netherlands,Transportation,2023,19,True
Egypt,Transportation,2017,0,True
Poland,Transportation,2026,4,False
United States,Transportation,2018,3950,True
India,Agriculture,2026,3,False
Norway,Agriculture,2025,74,True
Canada,Agriculture,2018,14,True
South Korea,Agriculture,2018,0,True
Hungary,Agriculture,2024,2,True
Switzerland,Agriculture,2021,7,True
China,Agriculture,2018,17,True
Tanzania,Agriculture,2024,0,True
Hungary,All,2026,51,False
Greece,All,2017,58,True
Kazakhstan,All,2025,10,True
Israel,All,2017,591,True
Ukraine,All,2023,6,True
Turkey,All,2025,109,True
Russia,All,2016,8,True
Russia,All,2020,29,True
Egypt,All,2023,9,True
Finland,All,2024,1568,True
Jordan,All,2016,0,True
Poland,All,2021,154,True
Ghana,All,2016,3,True
Sri Lanka,All,2019,1,True
Peru,All,2020,3,True
United Kingdom,Biotechnology,2022,203,True
Australia,Biotechnology,2022,7,True
Sweden,Biotechnology,2024,3,True
Estonia,Biotechnology,2025,2,True
Portugal,Biotechnology,2019,3,True
Denmark,Biotechnology,2019,0,True
Hungary,Biotechnology,2024,4,True
Italy,Biotechnology,2022,1,True
Brazil,Community and Lifestyle,2017,1,True
South Korea,Community and Lifestyle,2025,461,True
Hungary,Community and Lifestyle,2016,0,True
Vietnam,Community and Lifestyle,2025,2,True
India,Community and Lifestyle,2018,2,True
Denmark,Community and Lifestyle,2017,0,True
Germany,Community and Lifestyle,2025,134,True
Romania,Computer Vision,2023,0,True
Saudi Arabia,Computer Vision,2026,1200,False
France,Computer Vision,2023,347,True
Denmark,Computer Vision,2019,0,True
Chile,Computer Vision,2022,0,True
Ukraine,Computer Vision,2023,0,True
Belgium,Computer Vision,2024,14,True
Saudi Arabia,Consumer goods,2024,0,True
Australia,Consumer goods,2026,43,False
Hungary,Consumer goods,2022,7,True
India,Consumer goods,2017,8,True
Belgium,Consumer goods,2021,1,True
Finland,Consumer goods,2022,1,True
Saint Kitts and Nevis,Consumer goods,2021,0,True
Germany,Cyber Security,2023,16,True
United Kingdom,Cyber Security,2021,234,True
China,Cyber Security,2026,42,False
France,Cyber Security,2024,25,True
Ecuador,Data and analytics,2026,3,False
Ireland,Data and analytics,2018,175,True
Estonia,Data and analytics,2018,22,True
Slovakia,Data and analytics,2016,1,True
Armenia,Data and analytics,2023,2,True
Vietnam,Data and analytics,2020,4,True
Thailand,Data and analytics,2018,1,True
Seychelles,Data and analytics,2021,1,True
Tunisia,Data and analytics,2019,1,True
South Africa,Data and analytics,2023,40,True
Zimbabwe,Data and analytics,2019,0,True
Spain,Data and analytics,2026,868,False
India,Data and analytics,2018,675,True
Switzerland,Data and analytics,2025,2921,True
Colombia,Data and analytics,2025,821,True
Sweden,Education,2016,1,True
Argentina,Education,2024,550,True
South Korea,Education,2017,5,True
Portugal,Education,2024,1,True
Japan,Education,2024,9,True
Brazil,Education,2020,2,True
Belgium,Education,2018,1,True
Finland,Education,2019,9,True
Germany,Education,2026,137,False
Sweden,Energy and natural resources,2021,14,True
Sweden,Energy and natural resources,2024,981,True
United States,Energy and natural resources,2021,7856,True
Singapore,Energy and natural resources,2017,2,True
Turkey,Energy and natural resources,2022,1,True
Peru,Energy and natural resources,2021,0,True
Estonia,Energy and natural resources,2021,40,True
Ghana,Energy and natural resources,2026,3,False
Saudi Arabia,Energy and natural resources,2018,0,True
South Africa,Energy and natural resources,2021,0,True
India,Energy and natural resources,2018,2,True
Czechia,Energy and natural resources,2020,1,True
Luxembourg,Facial Recognition,2020,0,True
United States,Facial Recognition,2018,178,True
Canada,Facial Recognition,2016,0,True
Ireland,Facial Recognition,2018,55,True
Luxembourg,Finance,2017,0,True
Finland,Finance,2021,0,True
United Arab Emirates,Finance,2020,197,True
United Arab Emirates,Finance,2022,129,True
Brazil,Finance,2026,207,False
Bosnia and Herzegovina,Finance,2023,0,True
United States,Finance,2021,14453,True
Georgia,Finance,2025,0,True
Singapore,Finance,2023,305,True
Sweden,Finance,2026,1648,False
Bulgaria,Gaming,2021,0,True
Netherlands,Gaming,2025,5,True
Cyprus,Gaming,2023,0,True
Japan,Gaming,2024,3,True
United States,Gaming,2023,391,True
Saudi Arabia,Gaming,2022,1,True
South Korea,General purpose,2016,62,True
Argentina,General purpose,2016,1,True
Ghana,General purpose,2023,12,True
Ireland,General purpose,2017,27,True
Australia,General purpose,2021,1972,True
China,General purpose,2025,10740,True
Vietnam,General purpose,2017,0,True
Vietnam,General purpose,2024,7,True
Greece,General purpose,2022,3,True
Ukraine,General purpose,2023,5,True
New Zealand,General purpose,2020,133,True
New Zealand,General purpose,2026,84,False
Spain,General purpose,2017,150,True
Spain,General purpose,2025,6849,True
Israel,General purpose,2016,579,True
Israel,General purpose,2018,607,True
Uruguay,General purpose,2021,102,True
Mexico,General purpose,2023,160,True
Switzerland,General purpose,2022,811,True
Egypt,Hardware,2026,0,False
Israel,Hardware,2024,1148,True
Japan,Hardware,2023,670,True
United States,Hardware,2026,44832,False
Colombia,Hardware,2022,1,True
Ireland,Hardware,2021,57,True
Brazil,Hardware,2018,15,True
Lithuania,Hardware,2019,2,True
Russia,Hardware,2024,0,True
Canada,Healthcare and Life Sciences,2019,44,True
Turkey,Healthcare and Life Sciences,2025,9,True
South Korea,Healthcare and Life Sciences,2023,800,True
New Zealand,Healthcare and Life Sciences,2023,7,True
New Zealand,Healthcare and Life Sciences,2025,8,True
Chile,Healthcare and Life Sciences,2019,0,True
United Kingdom,Healthcare and Life Sciences,2026,1168,False
Singapore,Healthcare and Life Sciences,2018,62,True
United States,Healthcare and Life Sciences,2023,6474,True
Sweden,Healthcare and Life Sciences,2026,31,False
Philippines,Information Technology,2023,0,True
Indonesia,Information Technology,2021,113,True
Japan,Information Technology,2022,115,True
Portugal,Information Technology,2018,120,True
India,Information Technology,2022,2148,True
Ireland,Information Technology,2023,95,True
Malaysia,Information Technology,2021,36,True
Bulgaria,Information Technology,2021,1,True
Brazil,Information Technology,2018,118,True
Spain,Information Technology,2023,209,True
Egypt,Information Technology,2023,0,True
United Kingdom,Information Technology,2024,2129,True
Hungary,Information Technology,2017,1,True
Nigeria,Information Technology,2025,3,True
Finland,Lending and Investments,2018,1,True
Japan,Lending and Investments,2025,8,True
Peru,Lending and Investments,2021,0,True
Mauritius,Lending and Investments,2026,2,False
Singapore,Manufacturing,2021,22,True
Austria,Manufacturing,2019,1,True
Czechia,Manufacturing,2024,3,True
Canada,Manufacturing,2018,2155,True
Indonesia,Media and Entertainment,2025,1,True
Austria,Media and Entertainment,2020,20,True
France,Media and Entertainment,2025,300,True
United Kingdom,Media and Entertainment,2018,1235,True
Australia,Media and Entertainment,2018,17,True
Canada,Media and Entertainment,2017,59,True
Canada,Media and Entertainment,2026,83,False
Brazil,Media and Entertainment,2025,48,True
Sweden,Media and Entertainment,2022,3,True
missing,Media and Entertainment,2021,1,True
Israel,Media and Entertainment,2019,2053,True
Spain,Media and Entertainment,2024,96,True
missing,"Military, public safety and government",2026,10,False
Iceland,"Military, public safety and government",2023,2,True
Brazil,"Military, public safety and government",2021,0,True
United Arab Emirates,"Military, public safety and government",2018,1,True
Japan,"Military, public safety and government",2023,0,True
United Kingdom,"Military, public safety and government",2023,12,True
Italy,"Military, public safety and government",2025,4,True
Australia,"Military, public safety and government",2016,2,True
Germany,"Military, public safety and government",2017,0,True
Bosnia and Herzegovina,"Mobile, platforms & Internet services",2024,0,True
South Korea,"Mobile, platforms & Internet services",2020,224,True
Argentina,"Mobile, platforms & Internet services",2021,1,True
Argentina,"Mobile, platforms & Internet services",2025,1,True
Belize,"Mobile, platforms & Internet services",2019,10,True
Mexico,"Mobile, platforms & Internet services",2018,1,True
Colombia,"Mobile, platforms & Internet services",2024,2,True
Ghana,"Mobile, platforms & Internet services",2018,1,True
Hungary,"Mobile, platforms & Internet services",2024,1,True
India,"Mobile, platforms & Internet services",2024,216,True
Germany,"Mobile, platforms & Internet services",2023,891,True
Panama,"Mobile, platforms & Internet services",2025,0,True
Australia,"Mobile, platforms & Internet services",2020,108,True
Indonesia,"Mobile, platforms & Internet services",2020,25,True
Switzerland,"Mobile, platforms & Internet services",2026,59,False
Saudi Arabia,"Mobile, platforms & Internet services",2017,2,True
Saudi Arabia,"Mobile, platforms & Internet services",2020,31,True
Taiwan,NLP,2022,13,True
France,NLP,2018,4,True
Norway,NLP,2025,0,True
Finland,NLP,2025,2,True
Indonesia,NLP,2018,0,True
Belgium,Navigation and mapping,2023,0,True
Estonia,Navigation and mapping,2020,0,True
Israel,Navigation and mapping,2023,8,True
Singapore,Navigation and mapping,2023,7,True
India,Other,2020,13,True
Switzerland,Other,2020,552,True
Austria,Other,2023,20,True
Austria,Other,2026,5,False
Egypt,Other,2026,0,False
Indonesia,Other,2025,0,True
Pakistan,Other,2017,0,True
Spain,Other,2018,7,True
Spain,Other,2021,112,True
Romania,Other,2023,1,True
Malaysia,Other,2016,3,True
Czechia,Other,2020,3,True
Austria,Privacy and Security,2018,0,True
Germany,Privacy and Security,2020,534,True
France,Privacy and Security,2017,6,True
India,Privacy and Security,2020,2,True
India,Privacy and Security,2023,54,True
India,Privacy and Security,2026,504,False
Taiwan,Privacy and Security,2024,20,True
Luxembourg,Privacy and Security,2020,6,True
Switzerland,Privacy and Security,2023,7,True
United Kingdom,Privacy and Security,2017,16,True
United Kingdom,Privacy and Security,2026,479,False
Hungary,Professional services,2016,0,True
Hungary,Professional services,2022,0,True
Spain,Professional services,2016,1,True
France,Professional services,2020,315,True
South Korea,Professional services,2017,13,True
Uruguay,Professional services,2021,100,True
Australia,Professional services,2016,5,True
Poland,Professional services,2024,6,True
Mexico,Professional services,2016,0,True
Argentina,Real estate,2026,0,False
Brazil,Real estate,2021,9,True
Spain,Real estate,2026,35,False
India,Real estate,2016,1,True
Norway,Real estate,2020,242,True
France,Real estate,2020,11,True
United Kingdom,Real estate,2026,374,False
New Zealand,Real estate,2023,2,True
Australia,Robotics,2020,1,True
Belgium,Robotics,2025,2,True
China,Robotics,2022,1493,True
Ireland,Robotics,2023,3,True
Japan,Robotics,2020,145,True
missing,Robotics,2016,0,True
Germany,Robotics,2023,262,True
Switzerland,Robotics,2019,44,True
Turkey,Robotics,2024,1,True
United Kingdom,Robotics,2023,52,True
Slovenia,Robotics,2025,2,True
South Korea,Robotics,2026,64,False
Portugal,"Sales, retail, commerce, marketing",2017,127,True
United States,"Sales, retail, commerce, marketing",2024,9030,True
Sri Lanka,"Sales, retail, commerce, marketing",2017,2,True
Indonesia,"Sales, retail, commerce, marketing",2019,5,True
Latvia,"Sales, retail, commerce, marketing",2018,0,True
Croatia,"Sales, retail, commerce, marketing",2020,1,True
Croatia,"Sales, retail, commerce, marketing",2022,2,True
Norway,"Sales, retail, commerce, marketing",2024,0,True
New Zealand,"Sales, retail, commerce, marketing",2017,0,True
South Africa,"Sales, retail, commerce, marketing",2018,2,True
South Africa,"Sales, retail, commerce, marketing",2020,0,True
Ukraine,"Sales, retail, commerce, marketing",2021,0,True
United Arab Emirates,"Sales, retail, commerce, marketing",2018,17,True
Taiwan,"Sales, retail, commerce, marketing",2018,2,True
Greece,Semiconductor,2016,2,True
Israel,Semiconductor,2016,6,True
South Korea,Semiconductor,2020,2,True
South Korea,Semiconductor,2026,244,False
France,Simulation,2019,2,True
South Korea,Simulation,2026,0,False
Malta,Software,2018,0,True
Greece,Software,2017,58,True
Norway,Software,2023,117,True
Spain,Software,2019,240,True
Spain,Software,2024,551,True
Belgium,Software,2016,68,True
Luxembourg,Software,2019,1,True
Singapore,Software,2025,9612,True
Sri Lanka,Software,2021,0,True
Argentina,Software,2022,14,True
Cyprus,Software,2024,37,True
Slovenia,Software,2022,3,True
Armenia,Software,2024,0,True
United Kingdom,Software,2017,828,True
Mexico,Software,2019,10,True
Brazil,Software,2019,358,True
Taiwan,Software,2016,20,True
Canada,Software,2017,340,True
Japan,Software,2016,150,True
India,Speech Recognition,2019,6,True
Serbia,Sports,2026,43,False
Australia,Sports,2024,0,True
Turkey,Sports,2020,0,True
Japan,Sports,2023,1,True
Argentina,Sports,2020,0,True
Netherlands,Telecommunications,2020,22,True
New Zealand,Telecommunications,2020,1,True
Vietnam,Telecommunications,2020,1,True
United Kingdom,Telecommunications,2019,16,True
Germany,Telecommunications,2019,39,True
Czechia,Telecommunications,2016,0,True
Switzerland,Telecommunications,2017,0,True
Sweden,Telecommunications,2019,0,True
Colombia,Telecommunications,2024,0,True
Portugal,Telecommunications,2025,2,True
United States,Telecommunications,2025,3324,True
South Korea,Transportation,2022,404,True
Lebanon,Transportation,2017,0,True
South Africa,Transportation,2017,8,True
Italy,Transportation,2016,1,True
Hungary,Transportation,2019,2,True
Singapore,Transportation,2023,15,True
Singapore,Transportation,2026,448,False
Nigeria,Transportation,2023,84,True
India,Transportation,2019,68,True
Poland,Transportation,2022,4,True
Poland,Transportation,2023,3,True
Qatar,Transportation,2025,1,True
Spain,Transportation,2024,34,True
Spain,Transportation,2025,6,True
Finland,Transportation,2026,11,False
Argentina,Transportation,2020,0,True
Norway,Transportation,2025,1,True
United Kingdom,Transportation,2018,76,True
