country,field,year,disclosed_investment,complete
Canada,Agriculture,2024,16,True
Tanzania,Agriculture,2025,1,True
Australia,Agriculture,2023,15,True
Chile,Agriculture,2024,0,True
Italy,Agriculture,2020,0,True
Poland,Agriculture,2022,0,True
Israel,Agriculture,2019,19,True
Israel,Agriculture,2023,16,True
Israel,Agriculture,2024,19,True
Saudi Arabia,Agriculture,2021,6,True
South Korea,Agriculture,2020,4,True
North Macedonia,All,2022,1,True
Uruguay,All,2020,2,True
Brazil,All,2022,1007,True
Qatar,All,2026,1,False
Hungary,All,2023,21,True
Slovakia,All,2017,25,True
Jordan,All,2024,1,True
Rwanda,All,2023,0,True
United Arab Emirates,All,2025,598,True
Romania,All,2025,77,True
Sweden,All,2020,3539,True
Zimbabwe,All,2019,0,True
Egypt,All,2018,0,True
Finland,All,2022,840,True
Australia,All,2016,59,True
Poland,All,2017,42,True
Taiwan,All,2025,76,True
Germany,All,2018,585,True
Denmark,All,2025,216,True
Austria,All,2023,206,True
Belgium,All,2020,265,True
United States,Biotechnology,2024,934,True
Brazil,Biotechnology,2023,1,True
Israel,Biotechnology,2026,9,False
Spain,Biotechnology,2024,2,True
Spain,Biotechnology,2025,10,True
Argentina,Biotechnology,2021,1,True
Austria,Biotechnology,2026,1,False
Italy,Biotechnology,2024,0,True
China,Biotechnology,2018,46,True
Singapore,Biotechnology,2021,54,True
Taiwan,Biotechnology,2023,7,True
Japan,Biotechnology,2021,4,True
Poland,Biotechnology,2024,1,True
Norway,Biotechnology,2022,5,True
Norway,Community and Lifestyle,2020,0,True
Norway,Community and Lifestyle,2022,1,True
Japan,Community and Lifestyle,2021,1,True
Switzerland,Community and Lifestyle,2016,0,True
Germany,Computer Vision,2020,13,True
Turkey,Computer Vision,2021,2,True
Netherlands,Computer Vision,2018,2,True
Estonia,Computer Vision,2018,5,True
Philippines,Computer Vision,2022,0,True
Italy,Computer Vision,2021,1,True
Romania,Consumer goods,2020,0,True
Belgium,Consumer goods,2021,1,True
Australia,Consumer goods,2025,8,True
Poland,Consumer goods,2024,0,True
Switzerland,Consumer goods,2020,3,True
Netherlands,Consumer goods,2017,18,True
Netherlands,Consumer goods,2023,5,True
Singapore,Cyber Security,2017,5,True
South Korea,Cyber Security,2023,4,True
Canada,Cyber Security,2021,1,True
Poland,Cyber Security,2026,0,False
Poland,Data and analytics,2023,11,True
Lebanon,Data and analytics,2018,0,True
Estonia,Data and analytics,2025,63,True
Iceland,Data and analytics,2019,7,True
Taiwan,Data and analytics,2020,46,True
Australia,Data and analytics,2024,1086,True
Jordan,Data and analytics,2019,0,True
Jordan,Data and analytics,2026,0,False
Mexico,Data and analytics,2024,10,True
Italy,Data and analytics,2026,83,False
Thailand,Data and analytics,2026,4,False
Ukraine,Data and analytics,2018,0,True
Chile,Data and analytics,2023,3,True
Luxembourg,Data and analytics,2026,4,False
Portugal,Data and analytics,2019,19,True
Portugal,Data and analytics,2022,35,True
Cyprus,Data and analytics,2016,1,True
Czechia,Data and analytics,2016,1,True
United Kingdom,Data and analytics,2025,5109,True
Nigeria,Data and analytics,2024,4,True
Japan,Data and analytics,2018,188,True
Japan,Data and analytics,2024,301,True
Singapore,Data and analytics,2023,1262,True
South Korea,Data and analytics,2016,12,True
Poland,Education,2018,0,True
Australia,Education,2020,0,True
Lebanon,Education,2020,0,True
Malaysia,Education,2019,0,True
New Zealand,Education,2022,0,True
Spain,Education,2025,2,True
Ireland,Education,2025,7,True
Poland,Energy and natural resources,2018,1,True
United States,Energy and natural resources,2021,6523,True
United Kingdom,Energy and natural resources,2026,252,False
Netherlands,Energy and natural resources,2024,13,True
Colombia,Energy and natural resources,2025,820,True
India,Energy and natural resources,2018,2,True
Turkey,Energy and natural resources,2023,14,True
China,Energy and natural resources,2017,4,True
Poland,Facial Recognition,2019,0,True
Sweden,Finance,2016,1,True
Czechia,Finance,2024,1,True
Uzbekistan,Finance,2025,0,True
Mexico,Finance,2018,0,True
New Zealand,Finance,2019,0,True
Côte d'Ivoire,Finance,2022,0,True
Kenya,Finance,2024,5,True
Kenya,Finance,2026,2,False
Egypt,Finance,2022,0,True
Norway,Finance,2019,8,True
United Kingdom,Finance,2025,854,True
Bulgaria,Finance,2021,0,True
Brazil,Finance,2025,85,True
Belgium,Finance,2019,33,True
Bosnia and Herzegovina,Finance,2023,0,True
Ireland,Gaming,2024,0,True
Italy,Gaming,2023,0,True
Finland,General purpose,2023,27,True
Kazakhstan,General purpose,2023,1,True
Slovenia,General purpose,2017,0,True
Vietnam,General purpose,2023,4,True
India,General purpose,2018,53,True
Netherlands,General purpose,2023,361,True
Bangladesh,General purpose,2025,0,True
Taiwan,General purpose,2018,21,True
Kenya,General purpose,2026,1,False
United Kingdom,General purpose,2021,1787,True
Malaysia,General purpose,2021,145,True
Zambia,General purpose,2022,0,True
Slovakia,General purpose,2023,22,True
Ukraine,General purpose,2021,0,True
Estonia,Hardware,2025,3,True
Ireland,Hardware,2026,1,False
South Africa,Hardware,2017,0,True
South Africa,Hardware,2019,2,True
Portugal,Hardware,2022,16,True
Bulgaria,Hardware,2017,2,True
Greece,Hardware,2021,2,True
Greece,Hardware,2025,1,True
United Kingdom,Hardware,2016,75,True
United States,Hardware,2017,2177,True
United States,Hardware,2025,26423,True
Singapore,Healthcare and Life Sciences,2016,0,True
Japan,Healthcare and Life Sciences,2023,19,True
China,Healthcare and Life Sciences,2021,407,True
Russia,Healthcare and Life Sciences,2019,2,True
Belgium,Healthcare and Life Sciences,2024,3,True
Zambia,Healthcare and Life Sciences,2026,0,False
Switzerland,Healthcare and Life Sciences,2023,13,True
Peru,Healthcare and Life Sciences,2024,0,True
Italy,Healthcare and Life Sciences,2016,0,True
Czechia,Information Technology,2024,10,True
China,Information Technology,2017,2929,True
Colombia,Information Technology,2016,0,True
Portugal,Information Technology,2019,7,True
Canada,Information Technology,2026,5581,False
Italy,Information Technology,2023,66,True
Nigeria,Information Technology,2017,0,True
Pakistan,Information Technology,2017,0,True
United States,Lending and Investments,2019,2021,True
United Kingdom,Lending and Investments,2024,100,True
Singapore,Lending and Investments,2024,106,True
Denmark,Lending and Investments,2021,36,True
Switzerland,Lending and Investments,2025,1,True
Belgium,Lending and Investments,2022,2,True
Japan,Lending and Investments,2019,2,True
United States,Manufacturing,2025,1922,True
Thailand,Manufacturing,2019,3,True
Austria,Manufacturing,2021,4,True
India,Manufacturing,2016,1,True
Brazil,Manufacturing,2021,0,True
Switzerland,Manufacturing,2017,1,True
Sri Lanka,Media and Entertainment,2023,1,True
Germany,Media and Entertainment,2026,5,False
Saudi Arabia,Media and Entertainment,2022,2,True
Estonia,Media and Entertainment,2025,0,True
Belgium,"Military, public safety and government",2020,1,True
Germany,"Military, public safety and government",2018,1,True
South Korea,"Military, public safety and government",2024,1,True
Greece,"Mobile, platforms & Internet services",2018,1,True
China,"Mobile, platforms & Internet services",2021,675,True
United States,"Mobile, platforms & Internet services",2016,2453,True
United States,"Mobile, platforms & Internet services",2018,12582,True
Honduras,"Mobile, platforms & Internet services",2024,0,True
South Africa,"Mobile, platforms & Internet services",2021,33,True
Colombia,"Mobile, platforms & Internet services",2020,0,True
Germany,"Mobile, platforms & Internet services",2022,227,True
United Kingdom,"Mobile, platforms & Internet services",2024,470,True
Austria,"Mobile, platforms & Internet services",2021,1,True
United Arab Emirates,NLP,2023,0,True
United States,NLP,2022,193,True
Ireland,NLP,2017,10,True
Australia,NLP,2019,0,True
Chile,NLP,2019,0,True
Spain,NLP,2026,13,False
Poland,NLP,2017,2,True
Singapore,NLP,2024,0,True
Russia,NLP,2018,1,True
Estonia,Navigation and mapping,2024,0,True
Chile,Navigation and mapping,2023,0,True
South Korea,Navigation and mapping,2023,12,True
Chile,Other,2022,0,True
Portugal,Other,2020,6,True
Germany,Other,2017,27,True
Indonesia,Other,2026,0,False
Nigeria,Other,2017,0,True
Romania,Other,2021,1,True
South Africa,Other,2021,1,True
China,Other,2016,2887,True
Egypt,Other,2018,0,True
Qatar,Other,2018,0,True
China,Privacy and Security,2018,158,True
Kenya,Privacy and Security,2025,0,True
United States,Privacy and Security,2021,4794,True
Ireland,Privacy and Security,2020,7,True
Tunisia,Privacy and Security,2021,0,True
Nigeria,Professional services,2025,5,True
Lithuania,Professional services,2023,0,True
Australia,Professional services,2020,0,True
Luxembourg,Professional services,2026,0,False
Italy,Professional services,2025,19,True
Spain,Professional services,2024,5,True
Saudi Arabia,Professional services,2022,7,True
China,Professional services,2016,20,True
Turkey,Professional services,2024,0,True
New Zealand,Professional services,2024,2,True
Taiwan,Professional services,2024,11,True
South Korea,Professional services,2019,21,True
Denmark,Real estate,2025,1,True
Turkey,Real estate,2020,0,True
Estonia,Real estate,2025,3,True
United States,Real estate,2023,412,True
Saudi Arabia,Real estate,2023,0,True
Israel,Real estate,2021,20,True
Sweden,Real estate,2020,1,True
Singapore,Robotics,2022,23,True
Denmark,Robotics,2021,0,True
Poland,Robotics,2021,2,True
Poland,Robotics,2026,3,False
Lebanon,Robotics,2016,0,True
Mexico,"Sales, retail, commerce, marketing",2017,0,True
Argentina,"Sales, retail, commerce, marketing",2026,0,False
Uruguay,"Sales, retail, commerce, marketing",2023,0,True
Ukraine,"Sales, retail, commerce, marketing",2019,4,True
Poland,"Sales, retail, commerce, marketing",2023,1,True
United Arab Emirates,"Sales, retail, commerce, marketing",2019,1,True
Croatia,"Sales, retail, commerce, marketing",2025,1,True
Lithuania,"Sales, retail, commerce, marketing",2025,1,True
France,"Sales, retail, commerce, marketing",2016,29,True
Romania,"Sales, retail, commerce, marketing",2022,0,True
Netherlands,"Sales, retail, commerce, marketing",2023,90,True
Israel,"Sales, retail, commerce, marketing",2017,12,True
Canada,"Sales, retail, commerce, marketing",2022,405,True
Hungary,"Sales, retail, commerce, marketing",2020,1,True
Switzerland,Semiconductor,2019,6,True
Switzerland,Semiconductor,2023,72,True
United Kingdom,Semiconductor,2017,11,True
France,Semiconductor,2017,1,True
Israel,Semiconductor,2017,15,True
Japan,Simulation,2019,1,True
Norway,Software,2020,350,True
Uruguay,Software,2025,1,True
Finland,Software,2021,85,True
Hungary,Software,2024,7,True
Japan,Software,2020,271,True
Portugal,Software,2019,19,True
Nigeria,Software,2020,1,True
Belgium,Software,2018,18,True
Belgium,Software,2025,58,True
India,Software,2017,53,True
India,Software,2021,519,True
Thailand,Software,2022,3,True
Spain,Software,2017,51,True
Lithuania,Software,2022,0,True
Israel,Software,2019,2290,True
Jordan,Software,2016,0,True
Jordan,Software,2019,0,True
Indonesia,Software,2023,9,True
Cyprus,Software,2024,37,True
Bosnia and Herzegovina,Software,2016,0,True
Kuwait,Software,2023,4,True
Saudi Arabia,Software,2024,83,True
Denmark,Software,2023,47,True
Belarus,Software,2017,1,True
Latvia,Software,2020,3,True
Turkey,Software,2024,80,True
Germany,Speech Recognition,2023,1,True
United States,Speech Recognition,2022,99,True
United States,Sports,2023,154,True
Portugal,Sports,2023,5,True
Hungary,Sports,2019,0,True
Czechia,Sports,2022,3,True
Czechia,Telecommunications,2020,2,True
Austria,Telecommunications,2024,6,True
Germany,Telecommunications,2020,6,True
Portugal,Telecommunications,2019,1,True
Ukraine,Transportation,2024,1,True
Bosnia and Herzegovina,Transportation,2016,0,True
Vietnam,Transportation,2022,0,True
Poland,Transportation,2021,1,True
Norway,Transportation,2023,0,True
Finland,Transportation,2020,11,True
Egypt,Transportation,2023,0,True
Hungary,Agriculture,2020,0,True
Canada,Agriculture,2025,78,True
Norway,Agriculture,2018,0,True
France,Agriculture,2021,4,True
Germany,Agriculture,2018,14,True
China,Agriculture,2017,12,True
Brazil,Agriculture,2024,15,True
Saudi Arabia,All,2021,2263,True
missing,All,2018,4,True
Slovakia,All,2021,9,True
Slovenia,All,2026,2,False
Tunisia,All,2019,0,True
El Salvador,All,2025,1,True
Estonia,All,2022,186,True
South Africa,All,2024,9,True
South Korea,All,2023,2626,True
United Arab Emirates,All,2020,50,True
Romania,All,2024,11,True
Panama,All,2023,0,True
Uganda,All,2022,0,True
Iraq,All,2026,2,False
Malta,All,2017,1,True
Austria,All,2022,435,True
Bulgaria,All,2017,3,True
Ireland,All,2024,378,True
Iceland,Biotechnology,2024,1,True
Spain,Biotechnology,2017,20,True
Sweden,Biotechnology,2018,1,True
Switzerland,Biotechnology,2022,12,True
Italy,Biotechnology,2020,1,True
China,Biotechnology,2024,25,True
Netherlands,Community and Lifestyle,2021,9,True
Bulgaria,Community and Lifestyle,2017,0,True
Chile,Community and Lifestyle,2018,0,True
Chile,Community and Lifestyle,2020,7,True
Japan,Community and Lifestyle,2019,7,True
New Zealand,Community and Lifestyle,2024,0,True
Brazil,Community and Lifestyle,2020,1,True
India,Community and Lifestyle,2018,2,True
United States,Community and Lifestyle,2020,351,True
United States,Community and Lifestyle,2024,329,True
Germany,Computer Vision,2018,17,True
India,Computer Vision,2019,4,True
India,Computer Vision,2021,12,True
Japan,Computer Vision,2023,37,True
Turkey,Computer Vision,2023,8,True
South Korea,Computer Vision,2021,18,True
Sweden,Computer Vision,2017,0,True
Denmark,Computer Vision,2019,0,True
Australia,Computer Vision,2017,1,True
Australia,Computer Vision,2020,1,True
Taiwan,Consumer goods,2016,4,True
Canada,Consumer goods,2021,96,True
Brazil,Consumer goods,2018,0,True
Switzerland,Consumer goods,2025,10,True
Finland,Consumer goods,2025,0,True
Brazil,Cyber Security,2025,9,True
Singapore,Cyber Security,2019,3,True
South Korea,Cyber Security,2019,3,True
South Korea,Cyber Security,2025,2,True
South Korea,Cyber Security,2026,4,False
Estonia,Cyber Security,2022,27,True
France,Cyber Security,2026,14,False
Poland,Data and analytics,2026,22,False
Austria,Data and analytics,2019,37,True
Iraq,Data and analytics,2025,15,True
Lithuania,Data and analytics,2020,1,True
Taiwan,Data and analytics,2022,79,True
Australia,Data and analytics,2016,24,True
Jordan,Data and analytics,2022,0,True
New Zealand,Data and analytics,2023,16,True
Sweden,Data and analytics,2017,28,True
Zambia,Data and analytics,2021,0,True
Russia,Data and analytics,2021,3,True
Luxembourg,Data and analytics,2022,5,True
Netherlands,Data and analytics,2025,397,True
Germany,Data and analytics,2020,280,True
Slovakia,Data and analytics,2018,2,True
Slovakia,Data and analytics,2019,2,True
Japan,Data and analytics,2025,268,True
South Korea,Data and analytics,2021,2292,True
Japan,Education,2023,1,True
France,Education,2017,0,True
Germany,Education,2021,22,True
Switzerland,Education,2026,4,False
Sweden,Education,2019,10,True
Ireland,Education,2024,0,True
Ireland,Education,2026,5,False
Germany,Energy and natural resources,2019,7,True
Luxembourg,Energy and natural resources,2023,2,True
Poland,Energy and natural resources,2019,1,True
Estonia,Energy and natural resources,2021,40,True
Netherlands,Energy and natural resources,2023,12,True
Netherlands,Energy and natural resources,2026,41,False
Switzerland,Energy and natural resources,2018,0,True
China,Energy and natural resources,2016,8,True
Chile,Facial Recognition,2021,0,True
Brazil,Facial Recognition,2024,0,True
Tunisia,Finance,2019,0,True
Tunisia,Finance,2022,0,True
Malaysia,Finance,2021,49,True
South Korea,Finance,2019,7,True
United Arab Emirates,Finance,2019,3,True
Rwanda,Finance,2024,1,True
Bulgaria,Finance,2022,0,True
Japan,Finance,2020,84,True
Germany,Gaming,2018,0,True
Denmark,Gaming,2022,2,True
Cyprus,Gaming,2018,1,True
missing,Gaming,2024,1,True
missing,Gaming,2025,1,True
Poland,Gaming,2016,0,True
Serbia,General purpose,2022,0,True
New Zealand,General purpose,2017,1,True
New Zealand,General purpose,2022,5,True
Slovenia,General purpose,2025,2,True
Argentina,General purpose,2018,0,True
Mexico,General purpose,2025,69,True
Tanzania,General purpose,2017,0,True
Australia,General purpose,2020,106,True
Panama,General purpose,2023,0,True
Pakistan,General purpose,2019,0,True
Japan,General purpose,2020,220,True
India,General purpose,2023,285,True
Netherlands,General purpose,2022,221,True
Bangladesh,General purpose,2019,0,True
Sri Lanka,General purpose,2025,3,True
Jordan,General purpose,2025,0,True
Indonesia,General purpose,2025,5,True
Slovakia,General purpose,2024,0,True
Chile,Hardware,2016,0,True
China,Hardware,2017,446,True
Norway,Hardware,2025,1,True
Vietnam,Hardware,2024,1,True
Australia,Hardware,2016,4,True
Australia,Hardware,2022,50,True
Australia,Hardware,2023,89,True
Denmark,Hardware,2017,2,True
Poland,Hardware,2017,2,True
Iceland,Hardware,2024,2,True
Germany,Hardware,2018,17,True
Saudi Arabia,Hardware,2022,3,True
Côte d'Ivoire,Healthcare and Life Sciences,2024,0,True
United Arab Emirates,Healthcare and Life Sciences,2025,5,True
China,Healthcare and Life Sciences,2022,257,True
Portugal,Healthcare and Life Sciences,2017,1,True
Argentina,Healthcare and Life Sciences,2022,5,True
Russia,Healthcare and Life Sciences,2016,3,True
Turkey,Healthcare and Life Sciences,2019,0,True
Belgium,Healthcare and Life Sciences,2019,2,True
Belgium,Healthcare and Life Sciences,2022,4,True
Mexico,Healthcare and Life Sciences,2024,2,True
Malaysia,Healthcare and Life Sciences,2026,0,False
Sweden,Healthcare and Life Sciences,2019,10,True
India,Information Technology,2019,256,True
Norway,Information Technology,2020,335,True
Bosnia and Herzegovina,Information Technology,2020,0,True
China,Information Technology,2020,1022,True
Colombia,Information Technology,2020,1,True
Switzerland,Information Technology,2018,45,True
Egypt,Information Technology,2026,4,False
missing,Information Technology,2025,440,True
Sri Lanka,Information Technology,2020,0,True
Argentina,Information Technology,2024,1,True
Italy,Information Technology,2016,6,True
Poland,Information Technology,2023,6,True
Czechia,Lending and Investments,2025,22,True
Vietnam,Lending and Investments,2018,0,True
South Africa,Lending and Investments,2021,31,True
China,Lending and Investments,2018,41,True
Canada,Manufacturing,2019,14,True
Czechia,Manufacturing,2025,2,True
Austria,Manufacturing,2018,3,True
China,Manufacturing,2025,648,True
Bulgaria,Manufacturing,2025,37,True
Poland,Manufacturing,2018,2,True
Brazil,Manufacturing,2019,0,True
United Arab Emirates,Manufacturing,2020,1,True
Portugal,Media and Entertainment,2024,0,True
Netherlands,Media and Entertainment,2022,2,True
Poland,Media and Entertainment,2016,0,True
China,Media and Entertainment,2016,52,True
Israel,Media and Entertainment,2025,54,True
Singapore,Media and Entertainment,2025,17,True
Canada,"Military, public safety and government",2021,2,True
United Kingdom,"Military, public safety and government",2022,8,True
Netherlands,"Military, public safety and government",2016,0,True
Trinidad and Tobago,"Military, public safety and government",2026,13,False
Sweden,"Military, public safety and government",2026,4,False
Turkey,"Military, public safety and government",2024,1,True
Israel,"Mobile, platforms & Internet services",2016,98,True
Sweden,"Mobile, platforms & Internet services",2023,3,True
Uganda,"Mobile, platforms & Internet services",2022,0,True
China,"Mobile, platforms & Internet services",2019,693,True
Vietnam,"Mobile, platforms & Internet services",2025,2,True
Russia,"Mobile, platforms & Internet services",2017,3,True
United States,"Mobile, platforms & Internet services",2021,9441,True
United States,"Mobile, platforms & Internet services",2026,13253,False
missing,"Mobile, platforms & Internet services",2023,2,True
Denmark,"Mobile, platforms & Internet services",2025,13,True
Colombia,"Mobile, platforms & Internet services",2022,2,True
Slovakia,"Mobile, platforms & Internet services",2016,1,True
Spain,"Mobile, platforms & Internet services",2021,22,True
Turkey,"Mobile, platforms & Internet services",2026,1,False
Lebanon,"Mobile, platforms & Internet services",2016,0,True
Brazil,NLP,2021,2,True
Canada,NLP,2017,11,True
Mongolia,NLP,2021,0,True
Singapore,NLP,2021,1,True
Italy,Navigation and mapping,2021,1,True
Australia,Other,2019,3,True
Germany,Other,2019,38,True
Indonesia,Other,2016,1,True
Singapore,Other,2021,33,True
United States,Other,2026,5494,False
Brazil,Other,2022,14,True
Estonia,Privacy and Security,2026,14,False
Portugal,Privacy and Security,2018,1,True
Philippines,Privacy and Security,2022,0,True
Germany,Privacy and Security,2025,52,True
Canada,Professional services,2024,118,True
Iceland,Professional services,2016,1,True
Pakistan,Professional services,2022,0,True
Spain,Professional services,2022,3,True
Ecuador,Professional services,2021,0,True
Portugal,Professional services,2025,15,True
Netherlands,Real estate,2020,1,True
Norway,Real estate,2024,3,True
Estonia,Real estate,2019,1,True
South Korea,Real estate,2017,4,True
Switzerland,Real estate,2024,2,True
Finland,Real estate,2025,2,True
Brazil,Real estate,2026,150,False
Israel,Real estate,2018,3,True
Italy,Real estate,2025,2,True
Australia,Robotics,2022,17,True
Belgium,Robotics,2021,0,True
Netherlands,Robotics,2020,0,True
Netherlands,Robotics,2026,15,False
Singapore,Robotics,2024,4,True
Ireland,Robotics,2024,1,True
Japan,Robotics,2016,8,True
Germany,Robotics,2019,1,True
Turkey,"Sales, retail, commerce, marketing",2023,6,True
Turkey,"Sales, retail, commerce, marketing",2026,3,False
Brazil,"Sales, retail, commerce, marketing",2016,3,True
Spain,"Sales, retail, commerce, marketing",2020,5,True
Denmark,"Sales, retail, commerce, marketing",2026,1,False
China,"Sales, retail, commerce, marketing",2024,37,True
Albania,"Sales, retail, commerce, marketing",2016,2,True
Belgium,"Sales, retail, commerce, marketing",2016,1,True
Sri Lanka,"Sales, retail, commerce, marketing",2017,2,True
Germany,"Sales, retail, commerce, marketing",2018,28,True
Italy,"Sales, retail, commerce, marketing",2020,10,True
Italy,"Sales, retail, commerce, marketing",2026,12,False
Japan,Semiconductor,2026,1,False
China,Simulation,2026,32,False
Germany,Simulation,2024,3,True
Canada,Simulation,2019,0,True
Germany,Software,2022,1000,True
China,Software,2022,1895,True
Nigeria,Software,2024,5,True
India,Software,2018,388,True
India,Software,2026,958,False
Morocco,Software,2026,0,False
Israel,Software,2026,4102,False
Romania,Software,2019,4,True
United Kingdom,Software,2026,4129,False
Bosnia and Herzegovina,Software,2025,0,True
Singapore,Software,2019,1656,True
Estonia,Software,2023,22,True
Italy,Software,2026,92,False
France,Speech Recognition,2023,1,True
Canada,Sports,2023,0,True
Hungary,Telecommunications,2017,0,True
France,Telecommunications,2024,6,True
Australia,Telecommunications,2020,0,True
United Kingdom,Transportation,2019,45,True
Philippines,Transportation,2026,6,False
Italy,Transportation,2019,1,True
Brazil,Transportation,2024,1,True
South Korea,Transportation,2025,40,True
United Arab Emirates,Transportation,2025,44,True
Ukraine,Transportation,2025,0,True
Czechia,Transportation,2024,1,True
Ireland,Transportation,2026,1,False
Bangladesh,Agriculture,2023,0,True
Greece,Agriculture,2024,0,True
India,Agriculture,2021,14,True
Uganda,Agriculture,2019,0,True
United States,Agriculture,2024,97,True
Saudi Arabia,All,2018,24,True
missing,All,2025,8818,True
Philippines,All,2022,62,True
China,All,2021,11569,True
France,All,2024,3418,True
Mexico,All,2021,162,True
Switzerland,All,2024,589,True
Azerbaijan,All,2025,0,True
Bangladesh,All,2020,0,True
Poland,All,2021,56,True
Taiwan,All,2020,104,True
Bosnia and Herzegovina,All,2016,0,True
Peru,All,2017,0,True
Ukraine,All,2025,20,True
Ireland,All,2023,225,True
South Korea,Biotechnology,2018,1,True
South Korea,Biotechnology,2023,711,True
India,Biotechnology,2022,1,True
Saudi Arabia,Biotechnology,2017,1,True
Austria,Community and Lifestyle,2016,0,True
Vietnam,Community and Lifestyle,2022,3,True
Malaysia,Community and Lifestyle,2021,2,True
South Korea,Community and Lifestyle,2022,11,True
Spain,Community and Lifestyle,2019,3,True
Bangladesh,Community and Lifestyle,2023,0,True
United States,Computer Vision,2026,444,False
Canada,Computer Vision,2017,2,True
Turkey,Computer Vision,2025,1,True
France,Computer Vision,2025,14,True
missing,Computer Vision,2020,1,True
Saudi Arabia,Computer Vision,2024,1,True
Singapore,Computer Vision,2022,5,True
Serbia,Computer Vision,2018,0,True
Serbia,Computer Vision,2019,0,True
Australia,Computer Vision,2022,9,True
China,Computer Vision,2017,244,True
Russia,Consumer goods,2019,1,True
Kenya,Consumer goods,2025,0,True
Switzerland,Consumer goods,2023,1,True
Netherlands,Consumer goods,2024,0,True
Portugal,Consumer goods,2022,2,True
Israel,Cyber Security,2022,89,True
Czechia,Cyber Security,2017,1,True
Czechia,Cyber Security,2025,22,True
Netherlands,Cyber Security,2019,88,True
Netherlands,Cyber Security,2024,4,True
Spain,Cyber Security,2025,11,True
Denmark,Cyber Security,2023,0,True
France,Cyber Security,2023,33,True
India,Cyber Security,2018,0,True
Germany,Cyber Security,2020,26,True
Germany,Cyber Security,2022,3,True
Poland,Data and analytics,2020,68,True
Indonesia,Data and analytics,2018,1,True
Pakistan,Data and analytics,2026,4,False
Mexico,Data and analytics,2023,91,True
Italy,Data and analytics,2020,24,True
India,Data and analytics,2024,384,True
Cyprus,Data and analytics,2022,3,True
Czechia,Data and analytics,2023,36,True
United States,Data and analytics,2016,5376,True
United States,Data and analytics,2017,6655,True
Canada,Data and analytics,2024,880,True
Malaysia,Data and analytics,2016,0,True
Belgium,Data and analytics,2025,55,True
Panama,Data and analytics,2026,1,False
Brazil,Education,2019,6,True
France,Education,2016,2,True
United States,Education,2022,682,True
Malaysia,Education,2023,0,True
China,Education,2019,68,True
Czechia,Energy and natural resources,2021,1,True
Estonia,Energy and natural resources,2022,11,True
Italy,Energy and natural resources,2023,45,True
Sweden,Energy and natural resources,2017,4,True
Canada,Energy and natural resources,2025,40,True
Austria,Energy and natural resources,2021,6,True
Brazil,Facial Recognition,2020,0,True
Portugal,Finance,2022,2,True
China,Finance,2017,126,True
Cyprus,Finance,2021,22,True
Australia,Finance,2020,34,True
El Salvador,Finance,2021,0,True
South Korea,Finance,2020,16,True
South Korea,Finance,2021,20,True
South Korea,Finance,2023,35,True
United Kingdom,Finance,2019,2566,True
Qatar,Finance,2020,0,True
Israel,Finance,2018,35,True
Russia,Finance,2021,2,True
China,Gaming,2024,5,True
Singapore,Gaming,2024,4,True
Finland,Gaming,2017,0,True
Cyprus,Gaming,2021,17,True
Norway,Gaming,2024,0,True
Iceland,Gaming,2018,1,True
Switzerland,Gaming,2025,4,True
Finland,General purpose,2026,102,False
Estonia,General purpose,2021,25,True
Israel,General purpose,2022,1304,True
China,General purpose,2023,2038,True
Ireland,General purpose,2019,84,True
Lithuania,General purpose,2019,1,True
Georgia,General purpose,2022,0,True
India,General purpose,2024,402,True
Chile,General purpose,2016,0,True
Chile,General purpose,2026,8,False
Thailand,General purpose,2018,0,True
Romania,General purpose,2016,0,True
Canada,General purpose,2022,2296,True
Ireland,Hardware,2021,4,True
Russia,Hardware,2017,0,True
Taiwan,Hardware,2018,19,True
Spain,Hardware,2017,9,True
Denmark,Hardware,2020,6,True
Hungary,Hardware,2023,5,True
Hungary,Hardware,2024,2,True
South Korea,Hardware,2016,8,True
South Korea,Hardware,2018,10,True
Saint Kitts and Nevis,Hardware,2021,0,True
Israel,Hardware,2026,2803,False
Finland,Hardware,2018,1,True
Turkey,Hardware,2020,1,True
Mongolia,Hardware,2025,4,True
Singapore,Healthcare and Life Sciences,2024,1,True
Poland,Healthcare and Life Sciences,2025,12,True
Chile,Healthcare and Life Sciences,2020,0,True
Chile,Healthcare and Life Sciences,2024,0,True
Argentina,Healthcare and Life Sciences,2023,1,True
Cyprus,Healthcare and Life Sciences,2020,2,True
Slovakia,Healthcare and Life Sciences,2020,0,True
Switzerland,Healthcare and Life Sciences,2024,25,True
Slovenia,Healthcare and Life Sciences,2023,20,True
Bahrain,Healthcare and Life Sciences,2024,0,True
Sweden,Healthcare and Life Sciences,2016,2,True
United States,Information Technology,2024,17553,True
Austria,Information Technology,2025,5,True
South Korea,Information Technology,2016,27,True
South Korea,Information Technology,2019,77,True
Egypt,Information Technology,2023,0,True
Saudi Arabia,Information Technology,2018,4,True
Argentina,Information Technology,2018,0,True
Indonesia,Information Technology,2023,1,True
Iceland,Information Technology,2024,4,True
Zambia,Information Technology,2025,0,True
Belgium,Information Technology,2026,1025,False
Iraq,Lending and Investments,2025,15,True
Thailand,Lending and Investments,2016,0,True
missing,Lending and Investments,2025,12,True
Canada,Manufacturing,2020,55,True
South Africa,Manufacturing,2023,1,True
Finland,Manufacturing,2019,6,True
United Arab Emirates,Media and Entertainment,2024,0,True
Norway,Media and Entertainment,2024,3,True
Poland,Media and Entertainment,2022,0,True
Saint Kitts and Nevis,Media and Entertainment,2021,0,True
Belgium,Media and Entertainment,2021,0,True
Turkey,Media and Entertainment,2023,1,True
United Kingdom,Media and Entertainment,2018,72,True
Thailand,Media and Entertainment,2021,1,True
Argentina,"Military, public safety and government",2023,0,True
United States,"Military, public safety and government",2025,1842,True
United Kingdom,"Military, public safety and government",2019,7,True
Belgium,"Military, public safety and government",2022,0,True
India,"Military, public safety and government",2025,17,True
United Arab Emirates,"Mobile, platforms & Internet services",2019,4,True
Poland,"Mobile, platforms & Internet services",2025,20,True
Australia,"Mobile, platforms & Internet services",2021,17,True
Sri Lanka,"Mobile, platforms & Internet services",2025,1,True
United States,"Mobile, platforms & Internet services",2020,2816,True
New Zealand,"Mobile, platforms & Internet services",2024,1,True
Portugal,"Mobile, platforms & Internet services",2018,2,True
Netherlands,"Mobile, platforms & Internet services",2016,7,True
Germany,"Mobile, platforms & Internet services",2018,80,True
Egypt,"Mobile, platforms & Internet services",2021,0,True
Egypt,"Mobile, platforms & Internet services",2025,0,True
France,NLP,2023,49,True
France,NLP,2024,44,True
Netherlands,NLP,2021,6,True
Israel,NLP,2023,8,True
Singapore,Navigation and mapping,2022,13,True
United Kingdom,Navigation and mapping,2018,3,True
Japan,Navigation and mapping,2026,0,False
Brazil,Navigation and mapping,2023,0,True
South Korea,Navigation and mapping,2021,13,True
Croatia,Other,2021,1,True
India,Other,2016,16,True
Indonesia,Other,2023,1,True
Norway,Other,2024,2,True
Netherlands,Other,2024,8,True
Belgium,Other,2026,7,False
Zambia,Other,2022,0,True
Switzerland,Other,2018,18,True
Lithuania,Other,2025,1,True
Mexico,Other,2016,0,True
Indonesia,Privacy and Security,2024,0,True
Portugal,Privacy and Security,2020,2,True
France,Privacy and Security,2017,4,True
Czechia,Privacy and Security,2017,1,True
Brazil,Privacy and Security,2017,1,True
Brazil,Privacy and Security,2018,3,True
United Kingdom,Privacy and Security,2023,41,True
Germany,Privacy and Security,2021,7,True
Argentina,Professional services,2024,1,True
China,Professional services,2020,69,True
Belgium,Professional services,2022,121,True
Belgium,Professional services,2024,241,True
Poland,Professional services,2025,0,True
Switzerland,Real estate,2019,0,True
Vietnam,Real estate,2021,1,True
Spain,Real estate,2022,3,True
Spain,Robotics,2018,2,True
Austria,Robotics,2024,0,True
Estonia,Robotics,2021,0,True
Switzerland,Robotics,2020,11,True
Norway,"Sales, retail, commerce, marketing",2019,1,True
Norway,"Sales, retail, commerce, marketing",2023,7,True
Indonesia,"Sales, retail, commerce, marketing",2025,0,True
Nigeria,"Sales, retail, commerce, marketing",2017,0,True
Taiwan,"Sales, retail, commerce, marketing",2025,2,True
Greece,"Sales, retail, commerce, marketing",2024,0,True
Cyprus,"Sales, retail, commerce, marketing",2022,1,True
Sweden,"Sales, retail, commerce, marketing",2018,24,True
United Kingdom,"Sales, retail, commerce, marketing",2017,56,True
Japan,"Sales, retail, commerce, marketing",2023,6,True
France,"Sales, retail, commerce, marketing",2026,64,False
Luxembourg,"Sales, retail, commerce, marketing",2016,0,True
Kenya,Semiconductor,2025,0,True
India,Semiconductor,2021,1,True
Singapore,Semiconductor,2022,25,True
France,Semiconductor,2025,43,True
South Korea,Semiconductor,2021,21,True
Israel,Semiconductor,2025,19,True
United States,Semiconductor,2016,405,True
United States,Semiconductor,2024,672,True
United States,Simulation,2024,135,True
Singapore,Simulation,2016,3,True
Finland,Software,2018,7,True
Germany,Software,2024,1014,True
Canada,Software,2026,1075,False
Azerbaijan,Software,2022,0,True
Thailand,Software,2020,1,True
Kazakhstan,Software,2026,0,False
Austria,Software,2022,90,True
Saudi Arabia,Software,2016,1001,True
Mexico,Software,2020,30,True
Mexico,Software,2022,53,True
Tajikistan,Software,2024,1,True
Estonia,Software,2021,25,True
India,Speech Recognition,2021,8,True
India,Speech Recognition,2026,5,False
South Africa,Speech Recognition,2022,1,True
China,Speech Recognition,2023,7,True
Saudi Arabia,Speech Recognition,2023,1,True
United States,Speech Recognition,2025,139,True
Malaysia,Speech Recognition,2025,0,True
Brazil,Sports,2020,1,True
China,Sports,2026,8,False
Canada,Sports,2016,0,True
Russia,Sports,2024,0,True
Netherlands,Telecommunications,2019,47,True
Switzerland,Telecommunications,2018,0,True
Slovakia,Transportation,2017,6,True
Czechia,Transportation,2021,1,True
Ireland,Transportation,2018,5,True
Estonia,Transportation,2016,8,True
Estonia,Transportation,2025,2,True
South Africa,Transportation,2018,0,True
Hungary,Transportation,2023,3,True
Hungary,Transportation,2025,0,True
Switzerland,Agriculture,2023,7,True
Argentina,Agriculture,2024,0,True
Italy,Agriculture,2024,0,True
Italy,Agriculture,2026,2,False
New Zealand,Agriculture,2021,0,True
Japan,Agriculture,2018,0,True
Saudi Arabia,All,2020,91,True
Burkina Faso,All,2023,0,True
Iceland,All,2018,6,True
Japan,All,2021,952,True
Malaysia,All,2020,24,True
Slovakia,All,2019,15,True
Norway,All,2025,546,True
South Korea,All,2017,126,True
Zambia,All,2021,0,True
New Zealand,All,2021,1108,True
Ecuador,All,2026,10,False
Singapore,All,2021,2545,True
United States,All,2016,13688,True
United States,All,2023,59585,True
Ghana,All,2022,38,True
Dominican Republic,All,2024,0,True
Thailand,All,2023,28,True
Serbia,All,2019,0,True
Portugal,All,2021,281,True
Brazil,Biotechnology,2018,2,True
Sweden,Biotechnology,2026,0,False
Chile,Biotechnology,2021,0,True
Austria,Biotechnology,2019,2,True
Saudi Arabia,Biotechnology,2019,2,True
Singapore,Biotechnology,2022,2,True
Estonia,Community and Lifestyle,2024,0,True
Portugal,Community and Lifestyle,2025,13,True
Egypt,Community and Lifestyle,2021,0,True
Oman,Community and Lifestyle,2024,3,True
India,Community and Lifestyle,2020,2,True
China,Community and Lifestyle,2017,69,True
Taiwan,Community and Lifestyle,2018,1,True
Germany,Community and Lifestyle,2016,20,True
Israel,Community and Lifestyle,2021,8,True
Nigeria,Community and Lifestyle,2019,0,True
Canada,Computer Vision,2022,8,True
South Korea,Computer Vision,2026,3,False
Spain,Computer Vision,2023,2,True
Italy,Consumer goods,2023,9,True
Australia,Consumer goods,2020,2,True
Ireland,Consumer goods,2022,0,True
India,Consumer goods,2018,322,True
Sweden,Consumer goods,2017,1,True
Brazil,Consumer goods,2024,0,True
Germany,Consumer goods,2021,157,True
Denmark,Consumer goods,2021,7,True
Japan,Consumer goods,2023,278,True
Spain,Cyber Security,2017,0,True
Hungary,Cyber Security,2025,3,True
France,Cyber Security,2020,11,True
Ireland,Data and analytics,2026,32,False
Jordan,Data and analytics,2018,0,True
Jordan,Data and analytics,2020,0,True
Bulgaria,Data and analytics,2019,3,True
Ukraine,Data and analytics,2024,2,True
Belarus,Data and analytics,2017,1,True
India,Data and analytics,2016,52,True
Switzerland,Data and analytics,2020,109,True
Netherlands,Data and analytics,2024,353,True
Finland,Data and analytics,2016,4,True
United States,Data and analytics,2026,140130,False
Germany,Data and analytics,2016,71,True
Kenya,Data and analytics,2021,11,True
United Kingdom,Data and analytics,2020,1054,True
Japan,Education,2020,13,True
India,Education,2017,9,True
France,Education,2024,21,True
Cyprus,Education,2016,1,True
Egypt,Education,2021,0,True
Israel,Education,2022,5,True
Spain,Education,2021,1,True
Canada,Education,2021,12,True
Chile,Education,2022,0,True
South Korea,Education,2019,22,True
Germany,Energy and natural resources,2024,18,True
Luxembourg,Energy and natural resources,2022,4,True
Estonia,Energy and natural resources,2020,10,True
United States,Energy and natural resources,2026,3244,False
Italy,Energy and natural resources,2024,115,True
Colombia,Energy and natural resources,2023,13,True
Israel,Energy and natural resources,2026,2,False
Japan,Energy and natural resources,2017,3,True
United Kingdom,Facial Recognition,2023,3,True
Colombia,Finance,2024,8,True
Taiwan,Finance,2022,4,True
United States,Finance,2019,2967,True
Cyprus,Finance,2017,2,True
Egypt,Finance,2024,0,True
Chile,Finance,2023,0,True
Canada,Finance,2023,98,True
Finland,Finance,2023,4,True
Israel,Finance,2016,7,True
Brazil,Finance,2022,267,True
China,Gaming,2022,18,True
Israel,Gaming,2017,0,True
Australia,Gaming,2021,32,True
United Kingdom,Gaming,2022,191,True
India,Gaming,2018,0,True
India,Gaming,2020,0,True
missing,Gaming,2026,55001,False
Estonia,Gaming,2020,0,True
Iceland,General purpose,2016,1,True
Iceland,General purpose,2024,2,True
Kazakhstan,General purpose,2022,1,True
Pakistan,General purpose,2026,4,False
Philippines,General purpose,2023,1,True
Lithuania,General purpose,2021,4,True
Austria,General purpose,2016,3,True
Austria,General purpose,2022,69,True
Brazil,General purpose,2019,63,True
Luxembourg,General purpose,2018,7,True
United Arab Emirates,General purpose,2024,1724,True
United Arab Emirates,General purpose,2025,405,True
Czechia,General purpose,2025,60,True
Italy,General purpose,2018,12,True
Norway,General purpose,2017,28,True
Canada,General purpose,2018,275,True
Latvia,Hardware,2018,8,True
Argentina,Hardware,2019,1,True
Taiwan,Hardware,2026,3,False
Bulgaria,Hardware,2020,1,True
Bahrain,Hardware,2024,0,True
United States,Hardware,2023,2045,True
Austria,Hardware,2019,0,True
Israel,Hardware,2016,41,True
Canada,Hardware,2026,5500,False
India,Hardware,2023,2361,True
Turkey,Hardware,2024,14,True
Switzerland,Hardware,2021,58,True
Czechia,Healthcare and Life Sciences,2023,1,True
Poland,Healthcare and Life Sciences,2017,3,True
United Kingdom,Healthcare and Life Sciences,2025,996,True
Belgium,Healthcare and Life Sciences,2021,2,True
Mexico,Healthcare and Life Sciences,2019,0,True
Italy,Healthcare and Life Sciences,2022,5,True
New Zealand,Healthcare and Life Sciences,2024,2,True
Brazil,Information Technology,2024,279,True
Denmark,Information Technology,2020,14,True
Vietnam,Information Technology,2025,80,True
Colombia,Information Technology,2017,0,True
Luxembourg,Information Technology,2017,1,True
Luxembourg,Information Technology,2018,1,True
Uganda,Information Technology,2022,0,True
Kenya,Information Technology,2024,5,True
Sri Lanka,Information Technology,2017,2,True
Russia,Information Technology,2024,0,True
Poland,Information Technology,2020,11,True
Chile,Information Technology,2019,0,True
Israel,Information Technology,2024,1429,True
Qatar,Information Technology,2023,0,True
China,Lending and Investments,2023,0,True
Estonia,Manufacturing,2026,21,False
Japan,Manufacturing,2022,4,True
Netherlands,Manufacturing,2023,3,True
Netherlands,Manufacturing,2024,12,True
India,Manufacturing,2022,28,True
Romania,Manufacturing,2022,0,True
United Kingdom,Manufacturing,2026,833,False
Bulgaria,Manufacturing,2023,5,True
Brazil,Manufacturing,2022,1,True
Brazil,Manufacturing,2023,1,True
Italy,Manufacturing,2018,0,True
Hungary,Manufacturing,2021,0,True
New Zealand,Manufacturing,2021,1,True
Finland,Media and Entertainment,2020,8,True
Hungary,Media and Entertainment,2020,2,True
Netherlands,Media and Entertainment,2025,3,True
Turkey,Media and Entertainment,2020,0,True
Honduras,Media and Entertainment,2024,0,True
Switzerland,"Military, public safety and government",2024,4,True
Ireland,"Military, public safety and government",2018,2,True
Belgium,"Military, public safety and government",2019,1,True
Latvia,"Mobile, platforms & Internet services",2022,0,True
Uganda,"Mobile, platforms & Internet services",2019,0,True
Uzbekistan,"Mobile, platforms & Internet services",2024,0,True
Bangladesh,"Mobile, platforms & Internet services",2026,0,False
New Zealand,"Mobile, platforms & Internet services",2020,2,True
South Africa,"Mobile, platforms & Internet services",2023,1,True
Serbia,"Mobile, platforms & Internet services",2022,0,True
Spain,"Mobile, platforms & Internet services",2025,1007,True
Taiwan,"Mobile, platforms & Internet services",2023,20,True
Belgium,"Mobile, platforms & Internet services",2019,33,True
Austria,"Mobile, platforms & Internet services",2020,9,True
Norway,"Mobile, platforms & Internet services",2016,1,True
Egypt,"Mobile, platforms & Internet services",2026,4,False
Netherlands,NLP,2017,0,True
United Kingdom,NLP,2020,31,True
South Africa,Navigation and mapping,2024,0,True
Sweden,Navigation and mapping,2024,4,True
Israel,Navigation and mapping,2022,8,True
Germany,Navigation and mapping,2022,22,True
Slovakia,Navigation and mapping,2023,1,True
Spain,Other,2017,3,True
Ireland,Other,2017,2,True
United States,Other,2017,479,True
United Arab Emirates,Other,2021,2,True
Israel,Other,2017,16,True
Czechia,Other,2021,2,True
Denmark,Other,2024,5,True
Canada,Other,2017,9,True
Brazil,Other,2018,1,True
Japan,Other,2018,4,True
missing,Privacy and Security,2025,2,True
Spain,Privacy and Security,2017,18,True
Romania,Privacy and Security,2017,0,True
France,Privacy and Security,2021,139,True
Slovenia,Privacy and Security,2017,0,True
New Zealand,Privacy and Security,2016,0,True
Japan,Privacy and Security,2020,47,True
United Kingdom,Privacy and Security,2021,205,True
Nigeria,Privacy and Security,2018,0,True
Lithuania,Professional services,2021,0,True
Colombia,Professional services,2026,0,False
Denmark,Professional services,2020,14,True
Denmark,Professional services,2023,6,True
Finland,Professional services,2026,6,False
Spain,Professional services,2025,1016,True
Indonesia,Professional services,2016,1,True
United States,Professional services,2023,3525,True
Brazil,Professional services,2022,260,True
Estonia,Professional services,2018,5,True
Estonia,Professional services,2024,6,True
Belgium,Professional services,2020,82,True
Germany,Professional services,2023,354,True
Sweden,Professional services,2024,37,True
Sweden,Professional services,2026,53,False
South Korea,Professional services,2025,394,True
Chile,Real estate,2023,1,True
South Korea,Real estate,2024,28,True
United Arab Emirates,Real estate,2022,3,True
Slovakia,Real estate,2023,0,True
China,Real estate,2016,46,True
Singapore,Real estate,2019,1,True
Australia,Robotics,2020,0,True
Denmark,Robotics,2023,1,True
India,Robotics,2022,18,True
Luxembourg,Robotics,2021,109,True
United Kingdom,Robotics,2023,28,True
Japan,Robotics,2023,64,True
Norway,Robotics,2022,3,True
Mexico,"Sales, retail, commerce, marketing",2019,1,True
Turkey,"Sales, retail, commerce, marketing",2022,23,True
Brazil,"Sales, retail, commerce, marketing",2024,15,True
Taiwan,"Sales, retail, commerce, marketing",2024,15,True
Greece,"Sales, retail, commerce, marketing",2018,0,True
Malaysia,"Sales, retail, commerce, marketing",2018,11,True
United Arab Emirates,"Sales, retail, commerce, marketing",2020,2,True
Japan,"Sales, retail, commerce, marketing",2022,39,True
Luxembourg,"Sales, retail, commerce, marketing",2023,1,True
Switzerland,Software,2017,93,True
New Zealand,Software,2024,19,True
Uruguay,Software,2023,0,True
Iceland,Software,2026,1,False
Brazil,Software,2018,18,True
South Africa,Software,2017,30,True
Thailand,Software,2018,1,True
Thailand,Software,2019,6,True
Spain,Software,2019,41,True
Spain,Software,2023,168,True
South Korea,Software,2018,121,True
Malta,Software,2025,0,True
Austria,Software,2025,44,True
Poland,Software,2024,17,True
Argentina,Software,2020,0,True
Cyprus,Software,2019,2,True
Zambia,Software,2021,0,True
Italy,Software,2022,30,True
Ireland,Speech Recognition,2020,2,True
Denmark,Sports,2017,0,True
Austria,Sports,2023,1,True
Hungary,Sports,2018,0,True
Bangladesh,Telecommunications,2026,0,False
Malaysia,Telecommunications,2020,2,True
Spain,Telecommunications,2025,1,True
Chile,Telecommunications,2026,5,False
Israel,Telecommunications,2017,2,True
United States,Telecommunications,2024,496,True
China,Telecommunications,2026,4,False
Saudi Arabia,Telecommunications,2018,4,True
Germany,Transportation,2024,446,True
Australia,Transportation,2021,12,True
Slovakia,Transportation,2019,3,True
United States,Transportation,2019,5292,True
Italy,Transportation,2020,5,True
Czechia,Transportation,2017,0,True
Saudi Arabia,Transportation,2021,3,True
Portugal,Transportation,2019,8,True
Slovenia,Transportation,2016,0,True
Hungary,Transportation,2018,4,True
South Africa,Agriculture,2018,1,True
Pakistan,Agriculture,2023,0,True
Netherlands,Agriculture,2020,2,True
Nigeria,Agriculture,2019,0,True
Brazil,Agriculture,2016,2,True
Japan,Agriculture,2023,7,True
Colombia,All,2022,49,True
Cyprus,All,2022,5,True
Italy,All,2021,109,True
Latvia,All,2025,2,True
Lithuania,All,2021,7,True
Switzerland,All,2018,346,True
United Arab Emirates,All,2026,775,False
Jamaica,All,2018,0,True
Netherlands,All,2025,1047,True
Panama,All,2025,15,True
Kenya,All,2020,16,True
Poland,All,2025,126,True
India,All,2016,96,True
Germany,All,2017,562,True
United States,All,2022,69782,True
Peru,All,2024,0,True
Austria,All,2026,124,False
Ireland,All,2016,30,True
Sweden,Biotechnology,2024,0,True
Singapore,Biotechnology,2017,0,True
Taiwan,Biotechnology,2021,0,True
Luxembourg,Community and Lifestyle,2018,6,True
New Zealand,Community and Lifestyle,2017,0,True
Spain,Community and Lifestyle,2017,2,True
Spain,Community and Lifestyle,2023,6,True
Denmark,Community and Lifestyle,2024,1,True
Israel,Community and Lifestyle,2017,11,True
Turkey,Community and Lifestyle,2017,0,True
Turkey,Community and Lifestyle,2023,1,True
Côte d'Ivoire,Community and Lifestyle,2025,0,True
Australia,Community and Lifestyle,2023,13,True
Czechia,Community and Lifestyle,2017,1,True
Hungary,Computer Vision,2025,0,True
Cyprus,Computer Vision,2022,1,True
Norway,Computer Vision,2026,4,False
Netherlands,Computer Vision,2021,99,True
Singapore,Computer Vision,2018,63,True
Singapore,Computer Vision,2019,100,True
Colombia,Computer Vision,2022,0,True
Greece,Computer Vision,2017,0,True
Greece,Computer Vision,2023,110,True
Italy,Computer Vision,2023,1,True
Italy,Computer Vision,2024,1,True
Peru,Computer Vision,2022,0,True
Peru,Consumer goods,2017,0,True
Sweden,Consumer goods,2021,6,True
Israel,Consumer goods,2018,17,True
Israel,Consumer goods,2025,11,True
Israel,Consumer goods,2026,22,False
United Arab Emirates,Consumer goods,2017,1,True
Austria,Consumer goods,2016,1,True
Japan,Consumer goods,2017,5,True
Lithuania,Cyber Security,2026,1,False
South Korea,Cyber Security,2022,4,True
Switzerland,Cyber Security,2016,0,True
Australia,Cyber Security,2025,67,True
Portugal,Cyber Security,2021,5,True
South Africa,Data and analytics,2020,34,True
Sri Lanka,Data and analytics,2017,2,True
Dominican Republic,Data and analytics,2024,0,True
Pakistan,Data and analytics,2022,1,True
Italy,Data and analytics,2019,5,True
Ukraine,Data and analytics,2023,2,True
Egypt,Data and analytics,2019,2,True
Tajikistan,Data and analytics,2024,1,True
Portugal,Data and analytics,2025,150,True
Latvia,Data and analytics,2019,0,True
Canada,Data and analytics,2026,520,False
Malaysia,Data and analytics,2019,2,True
Panama,Data and analytics,2025,15,True
United Kingdom,Data and analytics,2024,1844,True
Nigeria,Data and analytics,2019,8,True
Singapore,Data and analytics,2022,548,True
Peru,Education,2019,1,True
United Arab Emirates,Education,2023,0,True
Germany,Education,2024,51,True
Australia,Education,2018,1,True
Colombia,Education,2023,0,True
Bulgaria,Education,2022,0,True
Netherlands,Education,2019,2,True
United Kingdom,Education,2025,49,True
Germany,Energy and natural resources,2020,6,True
United States,Energy and natural resources,2025,1702,True
Colombia,Energy and natural resources,2024,14,True
Chile,Energy and natural resources,2016,0,True
Japan,Energy and natural resources,2025,12,True
Japan,Energy and natural resources,2026,26,False
Singapore,Finance,2023,201,True
Armenia,Finance,2024,0,True
Italy,Finance,2019,0,True
Colombia,Finance,2026,0,False
Ghana,Finance,2024,10,True
Sri Lanka,Finance,2024,0,True
Bolivia,Finance,2026,0,False
Kazakhstan,Finance,2023,1,True
Seychelles,Finance,2016,0,True
Turkey,Finance,2021,3,True
Russia,Finance,2016,3,True
Denmark,Gaming,2020,0,True
Sri Lanka,Gaming,2017,2,True
Japan,Gaming,2025,2,True
Finland,General purpose,2016,3,True
Iceland,General purpose,2021,3,True
Botswana,General purpose,2016,0,True
Croatia,General purpose,2019,2,True
Switzerland,General purpose,2018,59,True
Austria,General purpose,2024,26,True
Georgia,General purpose,2023,0,True
Spain,General purpose,2019,35,True
Spain,General purpose,2023,162,True
Azerbaijan,General purpose,2023,0,True
Luxembourg,General purpose,2021,113,True
Malaysia,General purpose,2018,10,True
Malaysia,General purpose,2022,6,True
Sweden,General purpose,2019,36,True
Uruguay,General purpose,2021,2,True
Uruguay,General purpose,2026,0,False
Thailand,General purpose,2016,0,True
Colombia,General purpose,2025,821,True
Nigeria,Hardware,2026,3,False
Spain,Hardware,2025,12,True
Spain,Hardware,2026,154,False
Slovenia,Hardware,2016,0,True
Poland,Hardware,2020,6,True
France,Hardware,2024,329,True
Hungary,Hardware,2020,1,True
Pakistan,Hardware,2022,1,True
Austria,Hardware,2024,11,True
Israel,Hardware,2022,223,True
India,Hardware,2026,486,False
Sri Lanka,Hardware,2025,0,True
Brazil,Hardware,2023,2,True
Morocco,Healthcare and Life Sciences,2022,0,True
Portugal,Healthcare and Life Sciences,2026,0,False
United Kingdom,Healthcare and Life Sciences,2019,2465,True
United Kingdom,Healthcare and Life Sciences,2020,91,True
South Korea,Healthcare and Life Sciences,2023,735,True
Mexico,Healthcare and Life Sciences,2020,0,True
Mexico,Healthcare and Life Sciences,2023,0,True
Romania,Healthcare and Life Sciences,2019,0,True
Finland,Healthcare and Life Sciences,2018,1,True
Switzerland,Healthcare and Life Sciences,2016,3,True
Hungary,Healthcare and Life Sciences,2019,2,True
Australia,Healthcare and Life Sciences,2024,8,True
Spain,Healthcare and Life Sciences,2024,21,True
Latvia,Information Technology,2023,0,True
Mexico,Information Technology,2023,56,True
Dominican Republic,Information Technology,2021,0,True
China,Information Technology,2019,800,True
Bahrain,Information Technology,2024,0,True
Spain,Information Technology,2024,24,True
Mongolia,Information Technology,2022,0,True
Iceland,Information Technology,2021,4,True
Israel,Information Technology,2021,770,True
Netherlands,Information Technology,2020,39,True
United Arab Emirates,Information Technology,2016,0,True
United Arab Emirates,Information Technology,2024,1587,True
France,Lending and Investments,2019,1,True
France,Lending and Investments,2026,17,False
Taiwan,Lending and Investments,2026,1,False
Nigeria,Lending and Investments,2023,0,True
Philippines,Lending and Investments,2022,2,True
United Kingdom,Lending and Investments,2021,90,True
China,Lending and Investments,2019,24,True
Israel,Lending and Investments,2016,4,True
Bulgaria,Lending and Investments,2023,0,True
Japan,Manufacturing,2023,347,True
Israel,Manufacturing,2023,28,True
Argentina,Manufacturing,2020,0,True
Ireland,Manufacturing,2021,0,True
Ireland,Manufacturing,2022,4,True
Poland,Manufacturing,2017,0,True
United Arab Emirates,Manufacturing,2026,10,False
New Zealand,Manufacturing,2019,0,True
Cyprus,Media and Entertainment,2022,0,True
Albania,Media and Entertainment,2019,7,True
Turkey,Media and Entertainment,2022,0,True
Serbia,Media and Entertainment,2018,0,True
United States,Media and Entertainment,2020,372,True
South Korea,Media and Entertainment,2019,6,True
Australia,"Military, public safety and government",2026,1,False
United States,"Military, public safety and government",2019,165,True
United States,"Military, public safety and government",2023,1086,True
Netherlands,"Military, public safety and government",2025,6,True
India,"Military, public safety and government",2024,3,True
Poland,"Military, public safety and government",2017,0,True
Israel,"Mobile, platforms & Internet services",2018,40,True
Estonia,"Mobile, platforms & Internet services",2018,0,True
Hungary,"Mobile, platforms & Internet services",2017,0,True
France,"Mobile, platforms & Internet services",2019,111,True
France,"Mobile, platforms & Internet services",2025,346,True
Germany,"Mobile, platforms & Internet services",2026,34,False
United Kingdom,"Mobile, platforms & Internet services",2017,181,True
France,NLP,2020,4,True
Vietnam,NLP,2023,2,True
Sweden,NLP,2020,1,True
Canada,NLP,2018,7,True
Czechia,NLP,2022,1,True
Germany,NLP,2023,59,True
Chile,NLP,2018,1,True
United Kingdom,Navigation and mapping,2024,6,True
India,Navigation and mapping,2021,2,True
Chile,Other,2025,2,True
Singapore,Other,2020,94,True
United States,Other,2021,2133,True
United Arab Emirates,Other,2023,8,True
Colombia,Other,2021,0,True
Canada,Other,2023,154,True
Japan,Other,2023,58,True
Singapore,Privacy and Security,2019,8,True
United Arab Emirates,Privacy and Security,2023,0,True
Poland,Privacy and Security,2021,1,True
Côte d'Ivoire,Privacy and Security,2024,0,True
Ireland,Privacy and Security,2018,2,True
Mexico,Privacy and Security,2020,2,True
Sri Lanka,Privacy and Security,2022,0,True
Sri Lanka,Privacy and Security,2024,0,True
Germany,Privacy and Security,2019,30,True
Germany,Privacy and Security,2024,18,True
Argentina,Professional services,2018,0,True
Argentina,Professional services,2026,0,False
Mexico,Professional services,2020,0,True
Romania,Professional services,2019,1,True
Italy,Professional services,2023,2,True
United Arab Emirates,Professional services,2018,3,True
Denmark,Professional services,2026,7,False
Switzerland,Professional services,2021,3,True
Saudi Arabia,Professional services,2021,2,True
Malaysia,Professional services,2023,58,True
South Africa,Professional services,2017,0,True
Egypt,Professional services,2022,0,True
United Kingdom,Real estate,2019,34,True
Hungary,Real estate,2022,7,True
Lebanon,Real estate,2016,0,True
France,Real estate,2016,8,True
Saudi Arabia,Real estate,2021,1,True
Italy,Real estate,2022,1,True
Spain,Robotics,2023,2,True
South Korea,Robotics,2023,17,True
South Korea,Robotics,2025,60,True
New Zealand,Robotics,2023,0,True
Switzerland,Robotics,2024,13,True
Greece,Robotics,2024,0,True
Norway,"Sales, retail, commerce, marketing",2025,2,True
Latvia,"Sales, retail, commerce, marketing",2021,0,True
Turkey,"Sales, retail, commerce, marketing",2020,1,True
Taiwan,"Sales, retail, commerce, marketing",2023,2,True
Switzerland,"Sales, retail, commerce, marketing",2019,2,True
South Korea,"Sales, retail, commerce, marketing",2025,44,True
Finland,"Sales, retail, commerce, marketing",2020,6,True
United Arab Emirates,"Sales, retail, commerce, marketing",2026,1,False
Qatar,"Sales, retail, commerce, marketing",2020,0,True
Germany,"Sales, retail, commerce, marketing",2019,14,True
Saudi Arabia,"Sales, retail, commerce, marketing",2020,11,True
Italy,"Sales, retail, commerce, marketing",2021,36,True
Jordan,"Sales, retail, commerce, marketing",2026,0,False
United Kingdom,Semiconductor,2022,14,True
Singapore,Semiconductor,2016,2,True
Taiwan,Semiconductor,2020,20,True
Singapore,Simulation,2022,3,True
Malaysia,Software,2025,2,True
Norway,Software,2025,471,True
Sweden,Software,2018,67,True
Switzerland,Software,2018,82,True
missing,Software,2022,5,True
Finland,Software,2024,688,True
Panama,Software,2023,0,True
Iceland,Software,2016,4,True
Iceland,Software,2022,11,True
Portugal,Software,2026,18,False
Nigeria,Software,2026,7,False
United Arab Emirates,Software,2024,1753,True
Tunisia,Software,2025,0,True
Rwanda,Software,2026,0,False
Uganda,Software,2023,0,True
Bulgaria,Software,2022,2,True
Australia,Software,2017,73,True
Lebanon,Software,2025,0,True
Latvia,Software,2016,0,True
United Kingdom,Sports,2022,38,True
Israel,Sports,2017,44,True
Austria,Sports,2017,0,True
China,Sports,2016,0,True
Brazil,Telecommunications,2020,50,True
Colombia,Telecommunications,2024,0,True
United Arab Emirates,Telecommunications,2016,0,True
Slovakia,Telecommunications,2019,2,True
Saudi Arabia,Telecommunications,2021,21,True
Spain,Transportation,2026,190,False
Mexico,Transportation,2021,16,True
India,Transportation,2017,8,True
India,Transportation,2024,41,True
Vietnam,Transportation,2020,1,True
Sweden,Transportation,2016,0,True
Saudi Arabia,Transportation,2018,0,True
Portugal,Transportation,2018,3,True
Netherlands,Transportation,2018,2,True
Egypt,Transportation,2017,0,True
Switzerland,Agriculture,2017,5,True
Ireland,Agriculture,2018,0,True
South Africa,Agriculture,2023,0,True
Chile,Agriculture,2018,0,True
Sweden,Agriculture,2026,3,False
Greece,Agriculture,2021,2,True
Kenya,Agriculture,2023,3,True
Israel,Agriculture,2017,5,True
Saudi Arabia,All,2022,1810,True
Cyprus,All,2024,37,True
Japan,All,2019,685,True
Uruguay,All,2023,0,True
Hungary,All,2016,11,True
Costa Rica,All,2022,0,True
Croatia,All,2022,6,True
Croatia,All,2023,197,True
Croatia,All,2025,3,True
Nigeria,All,2022,218,True
Spain,All,2023,418,True
Australia,All,2017,148,True
Taiwan,All,2023,122,True
Israel,All,2018,757,True
Germany,All,2019,948,True
Germany,All,2024,2670,True
Bulgaria,All,2019,3,True
Luxembourg,All,2021,114,True
Belgium,All,2024,857,True
Sri Lanka,All,2018,2,True
Morocco,All,2024,1,True
France,Biotechnology,2016,2,True
Switzerland,Biotechnology,2024,7,True
Germany,Biotechnology,2026,40,False
Colombia,Community and Lifestyle,2021,0,True
Portugal,Community and Lifestyle,2021,0,True
Pakistan,Community and Lifestyle,2022,0,True
France,Community and Lifestyle,2025,3,True
Uruguay,Community and Lifestyle,2023,0,True
Switzerland,Community and Lifestyle,2024,4,True
Malaysia,Community and Lifestyle,2020,2,True
Italy,Community and Lifestyle,2021,2,True
Sweden,Community and Lifestyle,2022,5,True
United Arab Emirates,Community and Lifestyle,2021,6,True
Mexico,Computer Vision,2026,2,False
Kenya,Computer Vision,2018,0,True
Austria,Computer Vision,2024,0,True
Greece,Computer Vision,2021,2,True
United Arab Emirates,Computer Vision,2018,1,True
Philippines,Computer Vision,2026,6,False
Israel,Computer Vision,2016,21,True
Lithuania,Consumer goods,2024,0,True
India,Consumer goods,2019,6,True
Brazil,Consumer goods,2020,3,True
Germany,Consumer goods,2025,1,True
Portugal,Consumer goods,2021,0,True
Japan,Consumer goods,2018,3,True
Austria,Cyber Security,2024,0,True
Canada,Cyber Security,2022,7,True
United States,Cyber Security,2021,1761,True
Colombia,Data and analytics,2026,7,False
Argentina,Data and analytics,2024,2,True
Vietnam,Data and analytics,2021,9,True
Taiwan,Data and analytics,2019,20,True
New Zealand,Data and analytics,2020,9,True
Thailand,Data and analytics,2016,0,True
Egypt,Data and analytics,2018,0,True
India,Data and analytics,2018,57,True
Portugal,Data and analytics,2024,29,True
United Arab Emirates,Data and analytics,2021,828,True
Turkey,Data and analytics,2018,4,True
China,Data and analytics,2017,3445,True
China,Data and analytics,2024,5327,True
Finland,Data and analytics,2026,102,False
United States,Data and analytics,2024,37711,True
United Kingdom,Data and analytics,2026,4175,False
Botswana,Data and analytics,2021,0,True
missing,Data and analytics,2023,15,True
missing,Data and analytics,2024,127,True
Japan,Education,2016,4,True
Japan,Education,2018,12,True
India,Education,2024,39,True
Peru,Education,2023,0,True
Bangladesh,Education,2021,0,True
Germany,Education,2025,92,True
Mexico,Education,2021,0,True
Poland,Education,2022,0,True
Austria,Education,2022,50,True
Hungary,Education,2023,0,True
United Kingdom,Education,2021,55,True
Spain,Education,2024,1,True
Chile,Education,2018,5,True
Netherlands,Energy and natural resources,2019,1,True
Israel,Energy and natural resources,2021,15,True
Japan,Energy and natural resources,2016,2,True
Turkey,Energy and natural resources,2018,0,True
China,Facial Recognition,2019,165,True
Sweden,Finance,2025,32,True
Switzerland,Finance,2022,17,True
Cyprus,Finance,2019,1,True
Canada,Finance,2020,285,True
Finland,Finance,2025,8,True
Israel,Finance,2019,36,True
India,Finance,2018,13,True
Japan,Gaming,2022,1,True
missing,Gaming,2022,0,True
Saudi Arabia,Gaming,2020,1,True
Saudi Arabia,Gaming,2024,0,True
France,Gaming,2017,1,True
Iceland,General purpose,2018,2,True
Australia,General purpose,2019,74,True
Australia,General purpose,2026,5687,False
Belarus,General purpose,2017,1,True
Pakistan,General purpose,2025,0,True
Lithuania,General purpose,2018,1,True
South Korea,General purpose,2024,614,True
Chile,General purpose,2021,34,True
Chile,General purpose,2024,6,True
Hungary,General purpose,2021,7,True
United Kingdom,General purpose,2017,237,True
Jordan,General purpose,2023,0,True
Czechia,General purpose,2023,36,True
Colombia,General purpose,2019,0,True
Greece,General purpose,2025,5,True
Estonia,Hardware,2019,1,True
Norway,Hardware,2017,12,True
Egypt,Hardware,2023,0,True
Mexico,Hardware,2019,0,True
missing,Hardware,2021,4,True
United Arab Emirates,Hardware,2021,2,True
United Kingdom,Hardware,2024,279,True
United States,Hardware,2026,17770,False
New Zealand,Hardware,2022,4,True
Romania,Hardware,2022,0,True
Canada,Hardware,2017,43,True
Ghana,Hardware,2017,0,True
Saudi Arabia,Hardware,2017,1,True
Israel,Healthcare and Life Sciences,2017,106,True
Japan,Healthcare and Life Sciences,2018,30,True
China,Healthcare and Life Sciences,2023,100,True
Egypt,Healthcare and Life Sciences,2023,0,True
South Korea,Healthcare and Life Sciences,2020,57,True
India,Healthcare and Life Sciences,2019,20,True
Germany,Healthcare and Life Sciences,2022,93,True
Italy,Healthcare and Life Sciences,2021,12,True
Italy,Healthcare and Life Sciences,2023,5,True
Denmark,Information Technology,2022,16,True
Czechia,Information Technology,2018,2,True
South Korea,Information Technology,2026,602,False
China,Information Technology,2026,1052,False
Kazakhstan,Information Technology,2022,1,True
Switzerland,Information Technology,2021,284,True
Azerbaijan,Information Technology,2023,0,True
Portugal,Information Technology,2023,13,True
Egypt,Information Technology,2016,0,True
Morocco,Information Technology,2026,0,False
Sweden,Information Technology,2025,64,True
Italy,Information Technology,2020,20,True
Israel,Information Technology,2016,89,True
Malta,Information Technology,2018,0,True
Romania,Information Technology,2025,10,True
Slovakia,Information Technology,2021,4,True
Slovakia,Information Technology,2024,5,True
Peru,Information Technology,2021,0,True
Norway,Lending and Investments,2018,1,True
Nigeria,Lending and Investments,2022,0,True
United States,Lending and Investments,2023,581,True
Japan,Lending and Investments,2020,48,True
Uzbekistan,Lending and Investments,2022,1,True
Germany,Manufacturing,2019,7,True
Estonia,Manufacturing,2023,40,True
Denmark,Manufacturing,2019,15,True
Australia,Manufacturing,2020,1,True
Iceland,Manufacturing,2023,5,True
Finland,Manufacturing,2025,326,True
Belgium,Manufacturing,2026,12,False
Luxembourg,Media and Entertainment,2017,1,True
Norway,Media and Entertainment,2018,0,True
Norway,Media and Entertainment,2026,4,False
Bangladesh,Media and Entertainment,2025,0,True
Turkey,Media and Entertainment,2025,2,True
Singapore,Media and Entertainment,2023,31,True
Romania,Media and Entertainment,2020,0,True
North Macedonia,Media and Entertainment,2024,0,True
Sweden,Media and Entertainment,2021,247,True
Nigeria,"Military, public safety and government",2026,3,False
Japan,"Military, public safety and government",2023,0,True
Romania,"Military, public safety and government",2025,3,True
United Arab Emirates,"Mobile, platforms & Internet services",2022,26,True
Thailand,"Mobile, platforms & Internet services",2020,0,True
Switzerland,"Mobile, platforms & Internet services",2023,20,True
Sri Lanka,"Mobile, platforms & Internet services",2024,2,True
United States,"Mobile, platforms & Internet services",2024,5699,True
South Africa,"Mobile, platforms & Internet services",2018,9,True
Kazakhstan,"Mobile, platforms & Internet services",2025,0,True
Slovakia,"Mobile, platforms & Internet services",2026,0,False
Netherlands,"Mobile, platforms & Internet services",2025,25,True
Belize,"Mobile, platforms & Internet services",2019,0,True
United Kingdom,"Mobile, platforms & Internet services",2016,290,True
Hungary,NLP,2020,1,True
India,NLP,2018,4,True
India,NLP,2024,1,True
Australia,NLP,2021,1,True
Taiwan,NLP,2021,35,True
Turkey,NLP,2023,0,True
Poland,NLP,2020,9,True
Israel,NLP,2025,13,True
Norway,Navigation and mapping,2021,7,True
New Zealand,Navigation and mapping,2021,1050,True
Estonia,Other,2025,1,True
Russia,Other,2017,0,True
Germany,Other,2021,36,True
Saudi Arabia,Other,2025,5,True
Spain,Other,2025,120,True
Netherlands,Other,2022,16,True
Ireland,Other,2020,5,True
France,Other,2026,3,False
China,Other,2023,141,True
Taiwan,Other,2025,0,True
Jordan,Other,2024,0,True
Mexico,Other,2024,0,True
China,Privacy and Security,2022,32,True
Poland,Privacy and Security,2019,1,True
Austria,Privacy and Security,2023,4,True
Czechia,Privacy and Security,2025,22,True
Switzerland,Privacy and Security,2017,8,True
Italy,Privacy and Security,2026,10,False
Nigeria,Professional services,2020,1,True
Slovakia,Professional services,2021,1,True
Finland,Professional services,2020,4,True
Switzerland,Professional services,2024,15,True
Switzerland,Professional services,2026,10,False
United States,Professional services,2022,3423,True
Israel,Professional services,2026,11,False
Malaysia,Professional services,2018,10,True
Poland,Professional services,2023,0,True
Germany,Real estate,2016,2,True
Italy,Real estate,2018,1,True
Italy,Real estate,2024,2,True
Singapore,Robotics,2025,125,True
Sweden,Robotics,2020,1,True
Croatia,Robotics,2020,0,True
Israel,Robotics,2023,6,True
Brazil,"Sales, retail, commerce, marketing",2023,7,True
Spain,"Sales, retail, commerce, marketing",2016,7,True
Denmark,"Sales, retail, commerce, marketing",2020,17,True
Portugal,"Sales, retail, commerce, marketing",2019,12,True
Poland,"Sales, retail, commerce, marketing",2022,24,True
Poland,"Sales, retail, commerce, marketing",2024,4,True
Belgium,"Sales, retail, commerce, marketing",2023,164,True
Italy,"Sales, retail, commerce, marketing",2025,12,True
Ireland,"Sales, retail, commerce, marketing",2019,3,True
Germany,Semiconductor,2023,1,True
Japan,Simulation,2021,1,True
Botswana,Software,2021,0,True
Norway,Software,2017,29,True
Switzerland,Software,2021,275,True
missing,Software,2021,17,True
Hungary,Software,2026,27,False
Tanzania,Software,2025,1,True
Philippines,Software,2018,1,True
Ecuador,Software,2021,0,True
Morocco,Software,2022,0,True
Israel,Software,2021,1462,True
France,Software,2019,454,True
Colombia,Software,2021,8,True
Russia,Software,2020,16,True
Canada,Speech Recognition,2019,1,True
Nigeria,Sports,2024,1,True
Argentina,Sports,2022,1,True
Canada,Sports,2021,3,True
Japan,Telecommunications,2021,3,True
France,Telecommunications,2025,147,True
Spain,Transportation,2020,5,True
Serbia,Transportation,2023,43,True
United States,Transportation,2018,2617,True
United Arab Emirates,Transportation,2024,54,True
India,Transportation,2016,5,True
Japan,Transportation,2020,7,True
Portugal,Transportation,2020,0,True
Netherlands,Transportation,2021,1,True
Netherlands,Transportation,2022,5,True
Ireland,Agriculture,2023,1,True
Nigeria,Agriculture,2022,0,True
Japan,Agriculture,2020,2,True
Saudi Arabia,Agriculture,2022,5,True
Iceland,All,2017,3,True
Hungary,All,2026,48,False
Tanzania,All,2024,0,True
Slovenia,All,2025,9,True
Estonia,All,2025,123,True
South Korea,All,2020,646,True
United Arab Emirates,All,2022,175,True
Jamaica,All,2025,50,True
Kazakhstan,All,2020,0,True
Kazakhstan,All,2021,1,True
Spain,All,2020,160,True
Turkey,All,2026,24,False
Singapore,All,2022,1453,True
Belgium,All,2022,627,True
Cambodia,All,2018,0,True
Spain,Biotechnology,2020,5,True
Sweden,Biotechnology,2020,3,True
India,Biotechnology,2019,1,True
Mexico,Biotechnology,2024,0,True
New Zealand,Biotechnology,2022,0,True
Indonesia,Biotechnology,2023,1,True
Japan,Biotechnology,2018,58,True
Japan,Biotechnology,2019,7,True
Romania,Community and Lifestyle,2019,0,True
Japan,Community and Lifestyle,2024,3,True
Brazil,Community and Lifestyle,2021,7,True
Denmark,Community and Lifestyle,2020,2,True
Germany,Community and Lifestyle,2024,126,True
missing,Community and Lifestyle,2019,0,True
Australia,Community and Lifestyle,2021,3,True
United Kingdom,Community and Lifestyle,2022,169,True
Hungary,Computer Vision,2020,2,True
Austria,Computer Vision,2018,1,True
Netherlands,Computer Vision,2020,2,True
missing,Computer Vision,2018,1,True
New Zealand,Computer Vision,2022,0,True
Singapore,Computer Vision,2017,84,True
Ireland,Computer Vision,2021,0,True
Israel,Computer Vision,2018,50,True
South Africa,Computer Vision,2022,8,True
Lithuania,Computer Vision,2024,0,True
New Zealand,Consumer goods,2023,0,True
France,Consumer goods,2020,11,True
France,Consumer goods,2026,77,False
Sweden,Consumer goods,2020,6,True
China,Consumer goods,2026,366,False
Sri Lanka,Cyber Security,2022,0,True
Canada,Cyber Security,2023,1,True
Estonia,Cyber Security,2025,10,True
Poland,Data and analytics,2019,15,True
Lithuania,Data and analytics,2025,13,True
Argentina,Data and analytics,2020,2,True
Hungary,Data and analytics,2021,7,True
Iceland,Data and analytics,2025,3,True
Australia,Data and analytics,2025,465,True
Rwanda,Data and analytics,2024,1,True
Bulgaria,Data and analytics,2025,39,True
Denmark,Data and analytics,2016,10,True
Italy,Data and analytics,2021,76,True
Italy,Data and analytics,2024,153,True
Oman,Data and analytics,2025,0,True
New Zealand,Data and analytics,2022,6,True
Serbia,Data and analytics,2022,0,True
Chile,Data and analytics,2025,9,True
missing,Data and analytics,2021,15,True
Portugal,Education,2022,0,True
Italy,Education,2016,0,True
Poland,Education,2024,10,True
United States,Education,2018,96,True
Lebanon,Education,2023,0,True
Canada,Energy and natural resources,2024,10,True
United Kingdom,Energy and natural resources,2019,38,True
Netherlands,Energy and natural resources,2020,2,True
India,Energy and natural resources,2021,11,True
Singapore,Energy and natural resources,2019,1,True
Singapore,Energy and natural resources,2026,2,False
Saudi Arabia,Energy and natural resources,2018,0,True
Vietnam,Energy and natural resources,2023,0,True
Thailand,Finance,2021,4,True
Mexico,Finance,2020,2,True
Austria,Finance,2021,19,True
United Kingdom,Finance,2016,41,True
Saudi Arabia,Finance,2024,18,True
Poland,Finance,2021,4,True
Turkey,Finance,2020,0,True
Turkey,Finance,2025,5,True
Turkey,Finance,2026,1,False
Germany,Finance,2023,78,True
Israel,Gaming,2016,27,True
United Arab Emirates,Gaming,2023,4,True
Australia,Gaming,2022,1,True
South Korea,Gaming,2023,1,True
Israel,General purpose,2016,166,True
Singapore,General purpose,2019,1652,True
Pakistan,General purpose,2017,0,True
Ghana,General purpose,2025,0,True
Germany,General purpose,2021,720,True
Jamaica,General purpose,2025,50,True
Taiwan,General purpose,2023,43,True
Kenya,General purpose,2023,0,True
Brazil,General purpose,2026,142,False
United Kingdom,General purpose,2019,2895,True
United Kingdom,General purpose,2020,1013,True
Algeria,General purpose,2022,0,True
Sweden,General purpose,2018,53,True
Czechia,General purpose,2024,12,True
Colombia,General purpose,2016,0,True
Chile,Hardware,2020,1,True
China,Hardware,2025,1177,True
Estonia,Hardware,2017,16,True
Kenya,Hardware,2026,0,False
Ukraine,Hardware,2025,0,True
Sweden,Hardware,2024,7,True
Bulgaria,Hardware,2021,14,True
France,Hardware,2018,77,True
France,Hardware,2023,93,True
France,Hardware,2026,171,False
Germany,Hardware,2021,357,True
Germany,Hardware,2023,182,True
Sri Lanka,Hardware,2024,0,True
Switzerland,Hardware,2020,58,True
Lithuania,Healthcare and Life Sciences,2019,1,True
Argentina,Healthcare and Life Sciences,2024,1,True
Russia,Healthcare and Life Sciences,2018,5,True
Egypt,Healthcare and Life Sciences,2022,1,True
Turkey,Healthcare and Life Sciences,2024,0,True
Ireland,Healthcare and Life Sciences,2020,1,True
Hungary,Healthcare and Life Sciences,2023,6,True
Australia,Healthcare and Life Sciences,2021,51,True
United Kingdom,Information Technology,2017,198,True
United States,Information Technology,2016,2695,True
missing,Information Technology,2019,0,True
Kenya,Information Technology,2022,3,True
Canada,Information Technology,2021,257,True
Spain,Information Technology,2025,78,True
Croatia,Information Technology,2021,1,True
Croatia,Information Technology,2023,0,True
Nigeria,Information Technology,2019,0,True
France,Lending and Investments,2021,1,True
Saudi Arabia,Lending and Investments,2022,1,True
Mexico,Lending and Investments,2020,1,True
China,Lending and Investments,2020,53,True
Singapore,Lending and Investments,2017,3,True
Denmark,Lending and Investments,2026,18,False
South Korea,Lending and Investments,2018,1,True
Israel,Lending and Investments,2018,8,True
India,Lending and Investments,2026,29,False
Germany,Manufacturing,2023,166,True
Japan,Manufacturing,2019,75,True
India,Manufacturing,2019,6,True
Croatia,Manufacturing,2020,1,True
Spain,Manufacturing,2021,1,True
Spain,Manufacturing,2023,4,True
Taiwan,Manufacturing,2023,2,True
Australia,Manufacturing,2017,2,True
Sweden,Manufacturing,2024,10,True
Sweden,Manufacturing,2025,3,True
Portugal,Media and Entertainment,2023,7,True
Germany,Media and Entertainment,2020,15,True
China,Media and Entertainment,2018,347,True
United States,Media and Entertainment,2023,600,True
France,Media and Entertainment,2016,4,True
France,Media and Entertainment,2025,44,True
Brazil,Media and Entertainment,2020,1,True
Sweden,Media and Entertainment,2016,3,True
Sweden,Media and Entertainment,2018,5,True
Italy,"Military, public safety and government",2023,2,True
United Kingdom,"Military, public safety and government",2017,2,True
Estonia,"Military, public safety and government",2023,1,True
Greece,"Mobile, platforms & Internet services",2021,0,True
United Arab Emirates,"Mobile, platforms & Internet services",2016,0,True
Chile,"Mobile, platforms & Internet services",2022,1,True
Finland,"Mobile, platforms & Internet services",2023,6,True
South Korea,"Mobile, platforms & Internet services",2022,342,True
United States,"Mobile, platforms & Internet services",2017,1662,True
missing,"Mobile, platforms & Internet services",2024,3,True
South Africa,"Mobile, platforms & Internet services",2019,2,True
Spain,"Mobile, platforms & Internet services",2022,15,True
Ukraine,"Mobile, platforms & Internet services",2025,18,True
Bahrain,"Mobile, platforms & Internet services",2020,0,True
Taiwan,"Mobile, platforms & Internet services",2017,2,True
Argentina,"Mobile, platforms & Internet services",2022,0,True
Argentina,"Mobile, platforms & Internet services",2026,0,False
United Kingdom,"Mobile, platforms & Internet services",2021,971,True
Finland,NLP,2025,2,True
Saudi Arabia,Navigation and mapping,2021,0,True
Estonia,Navigation and mapping,2018,0,True
Slovakia,Other,2019,1,True
Latvia,Other,2024,1,True
Belgium,Other,2020,23,True
Nigeria,Other,2022,0,True
Romania,Other,2019,0,True
China,Other,2025,86,True
Austria,Other,2017,0,True
Slovenia,Other,2019,0,True
China,Privacy and Security,2017,56,True
Singapore,Privacy and Security,2017,9,True
Estonia,Privacy and Security,2024,13,True
Portugal,Privacy and Security,2022,2,True
Argentina,Privacy and Security,2020,2,True
Japan,Privacy and Security,2021,9,True
Australia,Professional services,2026,2,False
Singapore,Professional services,2026,16,False
United Arab Emirates,Professional services,2019,5,True
Ireland,Professional services,2019,2,True
South Africa,Professional services,2024,3,True
Poland,Professional services,2018,3,True
Taiwan,Professional services,2023,1,True
Netherlands,Real estate,2016,1,True
Taiwan,Real estate,2026,1,False
Chile,Real estate,2024,1,True
Turkey,Real estate,2024,0,True
New Zealand,Real estate,2023,0,True
United Kingdom,Real estate,2022,34,True
Australia,Real estate,2016,16,True
Switzerland,Real estate,2020,1,True
India,Real estate,2026,5,False
Spain,Real estate,2017,1,True
Russia,Real estate,2024,1,True
Singapore,Real estate,2023,3,True
South Korea,Robotics,2024,65,True
South Korea,Robotics,2026,41,False
China,Robotics,2016,152,True
India,Robotics,2018,1,True
missing,Robotics,2018,1,True
Estonia,Robotics,2019,1,True
missing,"Sales, retail, commerce, marketing",2019,0,True
Brazil,"Sales, retail, commerce, marketing",2017,5,True
Nigeria,"Sales, retail, commerce, marketing",2023,1,True
Sweden,"Sales, retail, commerce, marketing",2022,17,True
Burkina Faso,"Sales, retail, commerce, marketing",2023,0,True
Belgium,"Sales, retail, commerce, marketing",2020,90,True
United Kingdom,"Sales, retail, commerce, marketing",2022,730,True
Japan,"Sales, retail, commerce, marketing",2018,48,True
Russia,"Sales, retail, commerce, marketing",2024,0,True
Romania,"Sales, retail, commerce, marketing",2018,0,True
Colombia,"Sales, retail, commerce, marketing",2019,2,True
Saudi Arabia,"Sales, retail, commerce, marketing",2019,8,True
Singapore,"Sales, retail, commerce, marketing",2020,84,True
United States,Semiconductor,2022,602,True
Austria,Simulation,2025,4,True
Canada,Simulation,2017,0,True
Spain,Simulation,2026,1,False
Taiwan,Software,2026,10,False
Norway,Software,2016,6,True
Kenya,Software,2020,6,True
Slovenia,Software,2022,3,True
Panama,Software,2026,1,False
Nigeria,Software,2021,1,True
Brazil,Software,2025,317,True
Pakistan,Software,2017,0,True
Ghana,Software,2017,0,True
Israel,Software,2024,2408,True
Kazakhstan,Software,2025,5,True
United Kingdom,Software,2023,1805,True
Bulgaria,Software,2023,10,True
Australia,Software,2021,872,True
Peru,Software,2017,0,True
Italy,Software,2017,7,True
Turkey,Software,2025,26,True
Ireland,Speech Recognition,2018,1,True
United Kingdom,Speech Recognition,2019,4,True
United Kingdom,Speech Recognition,2021,2,True
Finland,Sports,2025,0,True
Norway,Sports,2025,1,True
France,Telecommunications,2017,42,True
United Kingdom,Telecommunications,2018,12,True
United Kingdom,Telecommunications,2022,50,True
China,Telecommunications,2016,11,True
Cyprus,Transportation,2023,0,True
Russia,Transportation,2018,1,True
Italy,Transportation,2016,1,True
Denmark,Transportation,2023,2,True
India,Transportation,2023,31,True
Sweden,Transportation,2023,6,True
Estonia,Transportation,2026,11,False
Netherlands,Transportation,2020,0,True
Bulgaria,Transportation,2019,2,True
Hungary,Transportation,2019,2,True
Hungary,Transportation,2024,1,True
Hungary,Agriculture,2024,1,True
Paraguay,Agriculture,2024,0,True
France,Agriculture,2024,0,True
Japan,Agriculture,2019,1,True
United Kingdom,Agriculture,2020,12,True
Israel,Agriculture,2018,7,True
Botswana,All,2021,1,True
Lithuania,All,2026,146,False
Brazil,All,2023,439,True
Malaysia,All,2022,49,True
Pakistan,All,2019,0,True
Finland,All,2021,242,True
Spain,All,2022,673,True
Turkey,All,2025,70,True
Taiwan,All,2022,340,True
Singapore,All,2020,921,True
Austria,All,2016,7,True
Thailand,All,2025,9,True
Sri Lanka,All,2025,5,True
Portugal,All,2023,85,True
Chile,Biotechnology,2019,0,True
Switzerland,Biotechnology,2023,2,True
India,Biotechnology,2021,1,True
Poland,Biotechnology,2021,2,True
New Zealand,Community and Lifestyle,2021,3,True
India,Community and Lifestyle,2017,1,True
China,Community and Lifestyle,2026,59,False
South Korea,Community and Lifestyle,2016,3,True
South Korea,Community and Lifestyle,2021,1813,True
South Korea,Community and Lifestyle,2023,30,True
Hungary,Community and Lifestyle,2016,0,True
Israel,Community and Lifestyle,2023,36,True
Turkey,Community and Lifestyle,2022,1,True
Australia,Community and Lifestyle,2025,73,True
United Kingdom,Computer Vision,2017,22,True
Russia,Computer Vision,2017,0,True
Singapore,Computer Vision,2016,40,True
Brazil,Computer Vision,2019,0,True
Portugal,Computer Vision,2024,2,True
Italy,Computer Vision,2025,5,True
New Zealand,Consumer goods,2021,1,True
Norway,Consumer goods,2024,4,True
Colombia,Consumer goods,2023,2,True
Switzerland,Cyber Security,2017,6,True
Switzerland,Cyber Security,2018,3,True
China,Cyber Security,2019,7,True
China,Cyber Security,2026,24,False
United Arab Emirates,Cyber Security,2025,5,True
India,Cyber Security,2017,2,True
Philippines,Data and analytics,2018,1,True
Croatia,Data and analytics,2025,2,True
Lithuania,Data and analytics,2017,0,True
North Macedonia,Data and analytics,2024,0,True
Romania,Data and analytics,2024,3,True
Denmark,Data and analytics,2018,18,True
China,Data and analytics,2025,2485,True
Czechia,Data and analytics,2020,9,True
Belgium,Data and analytics,2016,3,True
Panama,Data and analytics,2023,0,True
missing,Data and analytics,2016,0,True
missing,Data and analytics,2022,5,True
Vietnam,Education,2021,0,True
Peru,Education,2018,0,True
Brazil,Education,2025,2,True
United States,Education,2020,346,True
Estonia,Education,2023,0,True
Israel,Education,2020,2,True
Canada,Education,2018,2005,True
Canada,Education,2020,10,True
Romania,Energy and natural resources,2019,0,True
France,Energy and natural resources,2019,2,True
South Africa,Energy and natural resources,2020,0,True
Portugal,Energy and natural resources,2020,1,True
Canada,Energy and natural resources,2023,27,True
Norway,Energy and natural resources,2020,5,True
Brazil,Energy and natural resources,2022,0,True
India,Energy and natural resources,2026,768,False
Turkey,Energy and natural resources,2017,0,True
Russia,Facial Recognition,2021,1,True
Nigeria,Finance,2018,5,True
New Zealand,Finance,2018,0,True
Switzerland,Finance,2021,11,True
Cyprus,Finance,2016,0,True
Cyprus,Finance,2020,1,True
Malta,Finance,2020,1,True
South Korea,Finance,2024,15,True
United Arab Emirates,Finance,2018,0,True
Romania,Finance,2020,0,True
Poland,Finance,2017,25,True
Poland,Finance,2019,1,True
Brazil,Finance,2017,2,True
Belgium,Finance,2020,4,True
Mauritius,Finance,2026,2,False
India,Finance,2022,118,True
Denmark,Gaming,2026,0,False
Finland,Gaming,2023,2,True
Italy,Gaming,2022,6,True
United States,Gaming,2020,85,True
Finland,General purpose,2020,143,True
Argentina,General purpose,2023,0,True
Vietnam,General purpose,2024,4,True
India,General purpose,2025,1833,True
Netherlands,General purpose,2016,48,True
Tajikistan,General purpose,2026,3,False
Cyprus,General purpose,2019,2,True
Brazil,General purpose,2022,516,True
Russia,General purpose,2017,5,True
Italy,General purpose,2021,76,True
Turkey,General purpose,2022,31,True
Turkey,General purpose,2026,9,False
Norway,General purpose,2019,32,True
Norway,General purpose,2020,347,True
Romania,General purpose,2026,4,False
Italy,Hardware,2016,2,True
Taiwan,Hardware,2016,8,True
Japan,Hardware,2019,117,True
France,Hardware,2025,292,True
Canada,Hardware,2020,147,True
Singapore,Healthcare and Life Sciences,2023,63,True
Portugal,Healthcare and Life Sciences,2025,1,True
Chile,Healthcare and Life Sciences,2016,0,True
Kenya,Healthcare and Life Sciences,2019,2,True
South Korea,Healthcare and Life Sciences,2025,72,True
Norway,Healthcare and Life Sciences,2026,1,False
Ireland,Healthcare and Life Sciences,2019,0,True
Romania,Healthcare and Life Sciences,2023,1,True
Romania,Healthcare and Life Sciences,2025,14,True
Belize,Healthcare and Life Sciences,2019,0,True
Italy,Healthcare and Life Sciences,2020,2,True
India,Information Technology,2016,45,True
India,Information Technology,2020,12053,True
United States,Information Technology,2019,9048,True
North Macedonia,Information Technology,2022,1,True
North Macedonia,Information Technology,2024,0,True
New Zealand,Information Technology,2021,1053,True
Italy,Information Technology,2026,28,False
Iceland,Information Technology,2026,1600,False
France,Information Technology,2021,379,True
France,Information Technology,2022,252,True
United Arab Emirates,Information Technology,2017,5,True
Nigeria,Lending and Investments,2017,0,True
Uruguay,Lending and Investments,2023,0,True
Russia,Lending and Investments,2017,1,True
Singapore,Lending and Investments,2019,7,True
Denmark,Lending and Investments,2019,11,True
Germany,Manufacturing,2016,2,True
Singapore,Manufacturing,2025,124,True
United States,Manufacturing,2018,3353,True
Estonia,Manufacturing,2024,8,True
China,Manufacturing,2017,77,True
Iceland,Manufacturing,2016,1,True
New Zealand,Manufacturing,2026,1,False
Japan,Media and Entertainment,2021,44,True
Nigeria,Media and Entertainment,2019,0,True
Singapore,Media and Entertainment,2016,9,True
India,Media and Entertainment,2026,18,False
Ireland,Media and Entertainment,2018,9,True
United States,"Military, public safety and government",2018,54,True
Colombia,"Military, public safety and government",2025,0,True
Estonia,"Military, public safety and government",2025,5,True
Poland,"Military, public safety and government",2021,0,True
Latvia,"Mobile, platforms & Internet services",2018,0,True
Australia,"Mobile, platforms & Internet services",2020,36,True
Nigeria,"Mobile, platforms & Internet services",2025,3,True
Czechia,"Mobile, platforms & Internet services",2017,2,True
Sri Lanka,"Mobile, platforms & Internet services",2017,0,True
Tunisia,"Mobile, platforms & Internet services",2018,1,True
Taiwan,"Mobile, platforms & Internet services",2019,14,True
Denmark,NLP,2016,2,True
Denmark,NLP,2019,0,True
Italy,NLP,2016,2,True
Tunisia,NLP,2023,0,True
Saudi Arabia,NLP,2020,0,True
China,NLP,2022,95,True
Spain,NLP,2016,7,True
Malaysia,NLP,2019,0,True
China,Navigation and mapping,2017,1,True
United Kingdom,Navigation and mapping,2023,9,True
Japan,Navigation and mapping,2024,1,True
Turkey,Navigation and mapping,2022,1,True
United States,Navigation and mapping,2020,91,True
Australia,Other,2026,1,False
Portugal,Other,2023,10,True
Croatia,Other,2019,0,True
Finland,Other,2017,0,True
Ireland,Other,2019,63,True
United States,Other,2018,714,True
United States,Other,2023,785,True
New Zealand,Other,2024,7,True
Israel,Other,2021,33,True
South Korea,Other,2019,4,True
Switzerland,Other,2023,2,True
Turkey,Other,2024,1,True
Canada,Other,2020,7,True
Portugal,Privacy and Security,2019,1,True
Switzerland,Privacy and Security,2023,4,True
United Kingdom,Privacy and Security,2017,11,True
United Kingdom,Privacy and Security,2018,21,True
Vietnam,Privacy and Security,2026,2,False
Chile,Professional services,2022,0,True
France,Professional services,2017,53,True
Canada,Professional services,2020,241,True
Romania,Professional services,2024,1,True
missing,Professional services,2024,62,True
Ireland,Professional services,2016,0,True
Croatia,Professional services,2019,0,True
Germany,Professional services,2022,67,True
Ukraine,Professional services,2026,1,False
Turkey,Real estate,2019,0,True
Australia,Real estate,2020,8,True
Austria,Real estate,2025,2,True
India,Real estate,2021,5,True
Sri Lanka,Real estate,2024,1,True
Ukraine,Robotics,2023,2,True
Ukraine,Robotics,2025,0,True
Italy,Robotics,2019,1,True
missing,"Sales, retail, commerce, marketing",2024,4,True
Taiwan,"Sales, retail, commerce, marketing",2017,0,True
Sweden,"Sales, retail, commerce, marketing",2016,9,True
United Arab Emirates,"Sales, retail, commerce, marketing",2018,4,True
Croatia,"Sales, retail, commerce, marketing",2019,2,True
Croatia,"Sales, retail, commerce, marketing",2021,1,True
Lithuania,"Sales, retail, commerce, marketing",2024,2,True
New Zealand,"Sales, retail, commerce, marketing",2024,4,True
Netherlands,"Sales, retail, commerce, marketing",2022,68,True
Canada,"Sales, retail, commerce, marketing",2021,360,True
Slovakia,"Sales, retail, commerce, marketing",2022,1,True
China,Semiconductor,2017,36,True
Japan,Semiconductor,2022,2,True
Israel,Semiconductor,2026,453,False
United States,Semiconductor,2025,10793,True
Switzerland,Simulation,2022,2,True
Malaysia,Software,2026,42,False
Taiwan,Software,2020,46,True
Norway,Software,2024,130,True
Norway,Software,2026,3135,False
Uruguay,Software,2022,3,True
missing,Software,2019,5,True
Chile,Software,2024,7,True
Honduras,Software,2024,0,True
Portugal,Software,2021,73,True
Belize,Software,2022,20,True
Romania,Software,2022,10,True
Austria,Software,2023,50,True
France,Software,2021,599,True
Cyprus,Software,2023,1,True
United States,Software,2020,15323,True
Lebanon,Software,2021,0,True
Singapore,Software,2017,462,True
Seychelles,Software,2016,0,True
Seychelles,Software,2021,1,True
Bolivia,Software,2026,0,False
Denmark,Software,2017,36,True
Serbia,Software,2024,2,True
Czechia,Software,2018,3,True
Croatia,Software,2019,2,True
Croatia,Software,2024,59,True
Turkey,Software,2017,20,True
Israel,Speech Recognition,2025,8,True
United States,Speech Recognition,2026,88,False
France,Speech Recognition,2024,2,True
Taiwan,Sports,2019,1,True
France,Sports,2020,2,True
Ireland,Sports,2020,6,True
Israel,Sports,2023,1,True
Brazil,Sports,2016,0,True
Brazil,Sports,2017,0,True
Italy,Sports,2022,0,True
Finland,Telecommunications,2016,1,True
Japan,Telecommunications,2019,4,True
Australia,Telecommunications,2019,6,True
United Arab Emirates,Telecommunications,2026,0,False
Ireland,Telecommunications,2023,3,True
Sweden,Telecommunications,2024,0,True
Sweden,Telecommunications,2026,0,False
Poland,Telecommunications,2019,0,True
Singapore,Telecommunications,2020,17,True
Saudi Arabia,Telecommunications,2024,5,True
New Zealand,Transportation,2022,2,True
Spain,Transportation,2018,1,True
China,Transportation,2020,449,True
Australia,Transportation,2018,6,True
Australia,Transportation,2026,12,False
South Korea,Transportation,2018,3,True
United Arab Emirates,Transportation,2021,20,True
Poland,Transportation,2020,4,True
Hungary,Agriculture,2022,0,True
Switzerland,Agriculture,2019,7,True
Argentina,Agriculture,2019,1,True
Sweden,Agriculture,2019,2,True
Sweden,Agriculture,2025,1,True
United Kingdom,Agriculture,2017,2,True
Kenya,Agriculture,2021,11,True
Saudi Arabia,Agriculture,2018,0,True
Colombia,All,2021,20,True
Cyprus,All,2020,27,True
Italy,All,2023,156,True
Albania,All,2016,2,True
Japan,All,2020,694,True
Slovakia,All,2026,4,False
United Kingdom,All,2019,3975,True
Tunisia,All,2025,1,True
Mexico,All,2018,0,True
Mexico,All,2026,192,False
South Korea,All,2022,2386,True
Finland,All,2019,276,True
Poland,All,2023,28,True
Israel,All,2019,2972,True
Israel,All,2022,4104,True
Thailand,All,2020,11,True
Ukraine,All,2022,0,True
Ireland,All,2025,411,True
South Korea,Biotechnology,2022,44,True
Ireland,Biotechnology,2017,6,True
Malaysia,Biotechnology,2024,0,True
Russia,Biotechnology,2019,0,True
Denmark,Biotechnology,2019,0,True
Japan,Biotechnology,2023,9,True
United Kingdom,Biotechnology,2016,4,True
Chile,Community and Lifestyle,2017,1,True
Brazil,Community and Lifestyle,2026,159,False
Saudi Arabia,Community and Lifestyle,2025,8,True
China,Community and Lifestyle,2016,27,True
Switzerland,Community and Lifestyle,2021,3,True
Canada,Community and Lifestyle,2022,148,True
South Korea,Community and Lifestyle,2020,4,True
Australia,Community and Lifestyle,2020,2,True
Thailand,Computer Vision,2019,0,True
Netherlands,Computer Vision,2026,17,False
Sri Lanka,Computer Vision,2024,0,True
Israel,Computer Vision,2021,390,True
Spain,Computer Vision,2025,1,True
New Zealand,Consumer goods,2020,0,True
Saudi Arabia,Consumer goods,2024,0,True
Spain,Consumer goods,2017,2,True
Poland,Consumer goods,2018,2,True
Sweden,Consumer goods,2018,1,True
Denmark,Consumer goods,2022,17,True
South Korea,Cyber Security,2024,7,True
Switzerland,Cyber Security,2023,0,True
Canada,Cyber Security,2025,23,True
China,Cyber Security,2024,30,True
Italy,Cyber Security,2026,3,False
Hungary,Cyber Security,2023,1,True
Romania,Data and analytics,2020,2,True
Hungary,Data and analytics,2019,7,True
Indonesia,Data and analytics,2026,0,False
Iceland,Data and analytics,2022,6,True
Mauritius,Data and analytics,2025,0,True
Bangladesh,Data and analytics,2024,1,True
Russia,Data and analytics,2016,3,True
Egypt,Data and analytics,2022,2,True
India,Data and analytics,2019,282,True
Kenya,Data and analytics,2024,5,True
Canada,Data and analytics,2018,360,True
United Kingdom,Data and analytics,2018,465,True
South Korea,Data and analytics,2020,228,True
South Korea,Data and analytics,2024,601,True
Denmark,Education,2019,1,True
Australia,Education,2022,7,True
Egypt,Education,2022,2,True
Nigeria,Education,2022,0,True
Israel,Education,2019,0,True
Philippines,Energy and natural resources,2024,0,True
Luxembourg,Energy and natural resources,2025,0,True
Spain,Energy and natural resources,2022,2,True
United Arab Emirates,Energy and natural resources,2019,0,True
United Arab Emirates,Energy and natural resources,2024,5,True
Estonia,Energy and natural resources,2019,0,True
New Zealand,Energy and natural resources,2022,0,True
Australia,Energy and natural resources,2022,16,True
Brazil,Energy and natural resources,2016,0,True
Netherlands,Facial Recognition,2021,95,True
Sweden,Finance,2024,8,True
Vietnam,Finance,2025,81,True
Uzbekistan,Finance,2022,1,True
Nigeria,Finance,2025,7,True
Mexico,Finance,2025,106,True
Taiwan,Finance,2024,10,True
Côte d'Ivoire,Finance,2024,0,True
Australia,Finance,2023,59,True
Australia,Finance,2025,10,True
Kenya,Finance,2020,4,True
Saudi Arabia,Finance,2026,30,False
India,Finance,2025,88,True
United Arab Emirates,Gaming,2021,0,True
South Korea,Gaming,2024,1,True
Poland,Gaming,2017,0,True
Israel,General purpose,2017,231,True
South Africa,General purpose,2018,1,True
South Africa,General purpose,2025,2,True
New Zealand,General purpose,2023,16,True
Argentina,General purpose,2021,3,True
Singapore,General purpose,2026,2118,False
China,General purpose,2025,2708,True
Vietnam,General purpose,2018,0,True
Austria,General purpose,2023,42,True
missing,General purpose,2018,4,True
Chile,General purpose,2023,3,True
Nigeria,General purpose,2023,2,True
Nigeria,General purpose,2024,4,True
Sweden,General purpose,2022,78,True
Colombia,General purpose,2024,26,True
Norway,Hardware,2026,13,False
Sweden,Hardware,2016,2,True
Australia,Hardware,2017,30,True
Spain,Hardware,2018,8,True
Denmark,Hardware,2026,1,False
New Zealand,Hardware,2019,1,True
New Zealand,Hardware,2026,1,False
Romania,Hardware,2020,1,True
Finland,Hardware,2020,15,True
Serbia,Hardware,2018,0,True
Saudi Arabia,Hardware,2016,1000,True
Canada,Healthcare and Life Sciences,2020,42,True
Israel,Healthcare and Life Sciences,2020,101,True
Zimbabwe,Healthcare and Life Sciences,2019,0,True
France,Healthcare and Life Sciences,2025,81,True
Pakistan,Healthcare and Life Sciences,2024,0,True
Portugal,Healthcare and Life Sciences,2021,3,True
Chile,Healthcare and Life Sciences,2021,0,True
United Kingdom,Healthcare and Life Sciences,2023,102,True
South Korea,Healthcare and Life Sciences,2026,34,False
Thailand,Healthcare and Life Sciences,2021,4,True
Finland,Healthcare and Life Sciences,2023,7,True
Italy,Healthcare and Life Sciences,2026,10,False
missing,Healthcare and Life Sciences,2020,3,True
Sweden,Healthcare and Life Sciences,2022,5,True
Denmark,Information Technology,2023,15,True
Mexico,Information Technology,2018,0,True
Switzerland,Information Technology,2023,100,True
Estonia,Information Technology,2018,6,True
missing,Information Technology,2024,16,True
Saudi Arabia,Information Technology,2022,100,True
Finland,Information Technology,2017,10,True
Italy,Information Technology,2019,2,True
Poland,Information Technology,2019,9,True
Singapore,Information Technology,2018,233,True
Croatia,Lending and Investments,2021,0,True
Denmark,Lending and Investments,2022,16,True
Netherlands,Lending and Investments,2026,1,False
Belgium,Lending and Investments,2018,2,True
Singapore,Manufacturing,2020,14,True
France,Manufacturing,2025,93,True
Luxembourg,Manufacturing,2026,2,False
Sweden,Manufacturing,2021,4538,True
Poland,Manufacturing,2019,0,True
Finland,Manufacturing,2017,4,True
Greece,Media and Entertainment,2016,5,True
Poland,Media and Entertainment,2021,0,True
Mexico,Media and Entertainment,2021,8,True
Czechia,Media and Entertainment,2021,3,True
Italy,Media and Entertainment,2026,5,False
Israel,Media and Entertainment,2023,11,True
missing,Media and Entertainment,2023,1,True
Lithuania,Media and Entertainment,2025,1,True
South Korea,Media and Entertainment,2026,8,False
United Kingdom,"Military, public safety and government",2020,24,True
Spain,"Military, public safety and government",2020,0,True
Poland,"Military, public safety and government",2025,1,True
Germany,"Military, public safety and government",2021,142,True
Saudi Arabia,"Mobile, platforms & Internet services",2023,2,True
Saudi Arabia,"Mobile, platforms & Internet services",2026,33,False
Chile,"Mobile, platforms & Internet services",2026,5,False
Finland,"Mobile, platforms & Internet services",2021,47,True
Estonia,"Mobile, platforms & Internet services",2024,2,True
China,"Mobile, platforms & Internet services",2020,1317,True
Vietnam,"Mobile, platforms & Internet services",2023,2,True
Bulgaria,"Mobile, platforms & Internet services",2019,0,True
Lithuania,"Mobile, platforms & Internet services",2024,0,True
Turkey,"Mobile, platforms & Internet services",2020,0,True
Bahrain,"Mobile, platforms & Internet services",2024,0,True
Taiwan,"Mobile, platforms & Internet services",2018,2,True
Canada,"Mobile, platforms & Internet services",2019,134,True
Jordan,"Mobile, platforms & Internet services",2016,0,True
Norway,"Mobile, platforms & Internet services",2019,0,True
Romania,"Mobile, platforms & Internet services",2018,0,True
Dominican Republic,NLP,2024,0,True
Nigeria,NLP,2019,0,True
Netherlands,NLP,2018,3,True
Germany,NLP,2025,5,True
Norway,Navigation and mapping,2024,0,True
United Kingdom,Navigation and mapping,2016,0,True
United Kingdom,Navigation and mapping,2019,2,True
Switzerland,Navigation and mapping,2020,1,True
Switzerland,Navigation and mapping,2022,7,True
South Korea,Navigation and mapping,2017,1,True
Germany,Other,2022,91,True
Saudi Arabia,Other,2019,1,True
Spain,Other,2019,4,True
New Zealand,Other,2023,0,True
France,Other,2025,51,True
Sweden,Other,2025,5,True
Denmark,Other,2019,0,True
Sweden,Privacy and Security,2017,1,True
Sweden,Privacy and Security,2018,1,True
Sweden,Privacy and Security,2026,8,False
United States,Privacy and Security,2025,7633,True
Poland,Privacy and Security,2020,0,True
Austria,Privacy and Security,2021,0,True
South Korea,Privacy and Security,2022,16,True
Finland,Professional services,2018,1,True
Hungary,Professional services,2016,0,True
Brazil,Professional services,2024,23,True
Canada,Real estate,2026,1,False
Germany,Real estate,2024,22,True
Switzerland,Real estate,2018,0,True
Austria,Real estate,2020,9,True
Brazil,Real estate,2023,95,True
China,Real estate,2017,21,True
Spain,Real estate,2025,4,True
Italy,Real estate,2020,4,True
Sri Lanka,Real estate,2023,0,True
Malaysia,Robotics,2017,0,True
New Zealand,Robotics,2021,1,True
United States,Robotics,2018,499,True
United States,Robotics,2019,1630,True
China,Robotics,2020,244,True
Israel,Robotics,2022,24,True
Taiwan,Robotics,2023,3,True
Greece,Robotics,2025,1,True
Japan,Robotics,2018,61,True
France,Robotics,2018,32,True
Egypt,"Sales, retail, commerce, marketing",2026,1,False
Mexico,"Sales, retail, commerce, marketing",2018,0,True
Mexico,"Sales, retail, commerce, marketing",2021,11,True
Indonesia,"Sales, retail, commerce, marketing",2024,0,True
Malaysia,"Sales, retail, commerce, marketing",2022,1,True
Japan,"Sales, retail, commerce, marketing",2020,19,True
Japan,"Sales, retail, commerce, marketing",2024,29,True
Russia,"Sales, retail, commerce, marketing",2019,5,True
Hungary,"Sales, retail, commerce, marketing",2022,0,True
Kenya,Semiconductor,2024,1,True
Switzerland,Semiconductor,2024,4,True
Switzerland,Simulation,2019,0,True
Poland,Simulation,2020,0,True
Slovenia,Simulation,2016,0,True
North Macedonia,Software,2024,0,True
Kenya,Software,2019,0,True
Bangladesh,Software,2022,2,True
Greece,Software,2016,6,True
Spain,Software,2021,115,True
South Korea,Software,2019,319,True
United Kingdom,Software,2018,622,True
Indonesia,Software,2016,2,True
Colombia,Software,2026,7,False
Cyprus,Software,2026,67,False
Sri Lanka,Software,2021,0,True
Israel,Sports,2024,18,True
Canada,Sports,2018,1,True
Israel,Telecommunications,2016,33,True
Israel,Telecommunications,2019,14,True
Poland,Telecommunications,2022,0,True
Romania,Telecommunications,2025,1,True
Nigeria,Telecommunications,2019,0,True
China,Telecommunications,2025,10,True
Italy,Transportation,2018,1,True
Nigeria,Transportation,2022,89,True
Qatar,Transportation,2018,0,True
Sweden,Transportation,2026,0,False
Saudi Arabia,Transportation,2023,2,True
Bulgaria,Transportation,2017,1,True
Egypt,Transportation,2025,0,True
Turkey,Agriculture,2023,1,True
Germany,Agriculture,2017,2,True
Peru,Agriculture,2021,1,True
Peru,Agriculture,2022,0,True
Singapore,Agriculture,2021,7,True
Japan,Agriculture,2026,3,False
Thailand,Agriculture,2020,1,True
Saudi Arabia,Agriculture,2017,0,True
Estonia,Agriculture,2020,0,True
Estonia,Agriculture,2024,3,True
Vietnam,All,2018,0,True
Lithuania,All,2025,76,True
Brazil,All,2025,818,True
Jordan,All,2018,0,True
Jordan,All,2023,0,True
France,All,2019,1076,True
Norway,All,2026,3223,False
Greece,All,2017,0,True
Sweden,All,2026,3554,False
Bangladesh,All,2025,0,True
Finland,All,2026,283,False
New Zealand,All,2019,7,True
India,All,2019,503,True
Bosnia and Herzegovina,All,2025,0,True
Chile,All,2026,8,False
Thailand,All,2021,23,True
Sri Lanka,All,2019,1,True
Israel,Biotechnology,2024,24,True
Australia,Biotechnology,2018,1,True
Italy,Biotechnology,2017,0,True
China,Biotechnology,2026,78,False
Belgium,Community and Lifestyle,2018,0,True
Estonia,Community and Lifestyle,2019,1,True
Portugal,Community and Lifestyle,2024,3,True
Egypt,Community and Lifestyle,2026,0,False
India,Community and Lifestyle,2023,10,True
Canada,Community and Lifestyle,2019,4,True
Germany,Community and Lifestyle,2022,42,True
Czechia,Community and Lifestyle,2018,0,True
Finland,Computer Vision,2024,0,True
Japan,Computer Vision,2017,7,True
Netherlands,Computer Vision,2023,6,True
missing,Computer Vision,2025,1,True
United Arab Emirates,Computer Vision,2025,1,True
Spain,Computer Vision,2016,0,True
France,Consumer goods,2023,15,True
Ireland,Consumer goods,2023,3,True
Estonia,Consumer goods,2023,1,True
Germany,Consumer goods,2023,4,True
South Korea,Consumer goods,2020,8,True
Singapore,Cyber Security,2016,0,True
Singapore,Cyber Security,2023,2,True
Hungary,Cyber Security,2021,0,True
missing,Cyber Security,2025,1,True
Argentina,Data and analytics,2025,79,True
Iceland,Data and analytics,2018,4,True
Sri Lanka,Data and analytics,2019,1,True
Sri Lanka,Data and analytics,2023,4,True
Dominican Republic,Data and analytics,2020,0,True
Pakistan,Data and analytics,2025,0,True
Mexico,Data and analytics,2019,101,True
Italy,Data and analytics,2023,92,True
Ukraine,Data and analytics,2026,3,False
Turkey,Data and analytics,2022,9,True
Peru,Data and analytics,2017,0,True
Czechia,Data and analytics,2021,32,True
Japan,Data and analytics,2017,202,True
Japan,Education,2025,5,True
Iraq,Education,2022,0,True
Pakistan,Education,2026,0,False
United States,Education,2016,91,True
Australia,Education,2026,1,False
Cyprus,Education,2018,1,True
Egypt,Education,2017,0,True
Egypt,Education,2019,1,True
China,Education,2023,84,True
Israel,Education,2021,6,True
Germany,Energy and natural resources,2026,70,False
France,Energy and natural resources,2025,77,True
Denmark,Energy and natural resources,2021,4,True
Estonia,Energy and natural resources,2016,8,True
Finland,Energy and natural resources,2026,5,False
Norway,Energy and natural resources,2021,3,True
Belgium,Energy and natural resources,2022,119,True
Switzerland,Energy and natural resources,2016,1,True
Switzerland,Energy and natural resources,2026,3,False
Singapore,Energy and natural resources,2021,6,True
India,Facial Recognition,2021,0,True
China,Facial Recognition,2016,176,True
China,Facial Recognition,2020,7,True
Singapore,Finance,2025,165,True
Italy,Finance,2026,8,False
China,Finance,2022,48,True
Mexico,Finance,2017,1,True
Uganda,Finance,2020,0,True
Cyprus,Finance,2025,0,True
Ghana,Finance,2026,6,False
missing,Finance,2020,400,True
Ukraine,Finance,2019,3,True
South Korea,Finance,2017,2,True
United Arab Emirates,Finance,2024,70,True
Kazakhstan,Finance,2025,0,True
Saudi Arabia,Finance,2018,1,True
Finland,Finance,2020,2,True
Brazil,Finance,2018,1,True
Portugal,Gaming,2023,5,True
Iceland,General purpose,2017,1,True
Estonia,General purpose,2019,5,True
Estonia,General purpose,2026,32,False
United States,General purpose,2019,14592,True
Poland,General purpose,2016,10,True
Australia,General purpose,2023,194,True
Lithuania,General purpose,2023,3,True
Bulgaria,General purpose,2025,39,True
Chile,General purpose,2025,9,True
Saudi Arabia,General purpose,2024,38,True
Sri Lanka,General purpose,2024,7,True
United Kingdom,General purpose,2018,1568,True
Qatar,General purpose,2020,0,True
Thailand,General purpose,2025,2,True
Ireland,Hardware,2025,1,True
Norway,Hardware,2016,5,True
Japan,Hardware,2022,11,True
South Korea,Hardware,2017,9,True
Peru,Hardware,2023,0,True
Austria,Hardware,2025,22,True
Finland,Hardware,2016,1,True
Brazil,Hardware,2018,5,True
France,Healthcare and Life Sciences,2021,182,True
Poland,Healthcare and Life Sciences,2018,2,True
Turkey,Healthcare and Life Sciences,2020,0,True
Slovakia,Healthcare and Life Sciences,2023,1,True
Germany,Healthcare and Life Sciences,2024,55,True
Sweden,Healthcare and Life Sciences,2020,10,True
Latvia,Information Technology,2024,0,True
Cyprus,Information Technology,2022,0,True
India,Information Technology,2021,85,True
Lithuania,Information Technology,2016,0,True
Venezuela,Information Technology,2019,1,True
Vietnam,Information Technology,2023,0,True
Azerbaijan,Information Technology,2022,0,True
Saudi Arabia,Information Technology,2016,1000,True
Saudi Arabia,Information Technology,2019,9,True
Sweden,Information Technology,2023,23,True
Kenya,Information Technology,2018,2,True
Kenya,Information Technology,2026,2,False
Argentina,Information Technology,2023,0,True
Canada,Information Technology,2016,442,True
South Africa,Information Technology,2026,7,False
Germany,Information Technology,2022,540,True
Ghana,Lending and Investments,2026,6,False
United States,Lending and Investments,2020,339,True
United Kingdom,Lending and Investments,2022,178,True
Iceland,Lending and Investments,2019,2,True
China,Lending and Investments,2024,0,True
China,Lending and Investments,2025,11,True
Germany,Lending and Investments,2020,27,True
Jordan,Lending and Investments,2022,0,True
South Korea,Lending and Investments,2016,0,True
Netherlands,Lending and Investments,2021,2,True
Austria,Lending and Investments,2020,1,True
Austria,Lending and Investments,2025,3,True
Uzbekistan,Lending and Investments,2021,0,True
Thailand,Manufacturing,2021,4,True
Netherlands,Manufacturing,2017,0,True
Israel,Manufacturing,2021,44,True
Switzerland,Manufacturing,2021,11,True
Switzerland,Manufacturing,2025,84,True
Australia,Media and Entertainment,2026,26,False
Norway,Media and Entertainment,2021,1,True
Germany,Media and Entertainment,2016,3,True
Mexico,Media and Entertainment,2023,0,True
China,Media and Entertainment,2021,106,True
Serbia,Media and Entertainment,2022,4,True
France,Media and Entertainment,2021,3,True
Egypt,Media and Entertainment,2020,0,True
Mexico,"Military, public safety and government",2017,0,True
Italy,"Military, public safety and government",2017,2,True
Japan,"Military, public safety and government",2025,0,True
France,"Military, public safety and government",2017,2,True
Singapore,"Military, public safety and government",2022,2,True
Poland,"Military, public safety and government",2022,3,True
Saudi Arabia,"Mobile, platforms & Internet services",2018,4,True
India,"Mobile, platforms & Internet services",2021,59,True
China,"Mobile, platforms & Internet services",2017,2697,True
Vietnam,"Mobile, platforms & Internet services",2019,0,True
Vietnam,"Mobile, platforms & Internet services",2022,3,True
Bulgaria,"Mobile, platforms & Internet services",2022,0,True
United States,"Mobile, platforms & Internet services",2023,3093,True
New Zealand,"Mobile, platforms & Internet services",2026,1,False
Turkey,"Mobile, platforms & Internet services",2016,8,True
Italy,"Mobile, platforms & Internet services",2025,80,True
Taiwan,"Mobile, platforms & Internet services",2026,5,False
Canada,"Mobile, platforms & Internet services",2021,220,True
Canada,"Mobile, platforms & Internet services",2026,732,False
Ireland,"Mobile, platforms & Internet services",2016,4,True
Ireland,"Mobile, platforms & Internet services",2024,27,True
Egypt,"Mobile, platforms & Internet services",2020,1,True
France,NLP,2018,4,True
Ireland,NLP,2018,3,True
Canada,NLP,2016,4,True
Japan,NLP,2018,8,True
United Kingdom,Navigation and mapping,2025,8,True
Australia,Navigation and mapping,2024,7,True
Switzerland,Navigation and mapping,2024,0,True
Israel,Navigation and mapping,2023,1,True
India,Navigation and mapping,2025,230,True
United States,Navigation and mapping,2024,235,True
South Korea,Navigation and mapping,2018,1,True
Russia,Other,2016,0,True
Sri Lanka,Other,2023,0,True
Kazakhstan,Other,2025,0,True
India,Other,2021,42,True
Lebanon,Other,2016,0,True
United Kingdom,Other,2016,18,True
Switzerland,Other,2026,1,False
China,Privacy and Security,2025,27,True
Norway,Privacy and Security,2023,2,True
Spain,Privacy and Security,2021,7,True
Spain,Privacy and Security,2024,2,True
Portugal,Privacy and Security,2017,17,True
Canada,Privacy and Security,2022,217,True
India,Privacy and Security,2026,445,False
Lithuania,Privacy and Security,2025,1,True
South Korea,Privacy and Security,2023,12,True
Denmark,Privacy and Security,2023,0,True
Italy,Privacy and Security,2024,5,True
France,Professional services,2022,52,True
Singapore,Professional services,2025,26,True
Colombia,Professional services,2016,0,True
Colombia,Professional services,2025,1,True
missing,Professional services,2025,9,True
Brazil,Professional services,2017,0,True
Brazil,Professional services,2023,43,True
Brazil,Professional services,2025,60,True
Malaysia,Professional services,2021,61,True
Portugal,Professional services,2018,3,True
New Zealand,Professional services,2019,0,True
Germany,Professional services,2016,3,True
Poland,Professional services,2021,2,True
Turkey,Real estate,2018,1,True
Canada,Real estate,2018,9,True
United Kingdom,Real estate,2018,18,True
Switzerland,Real estate,2022,3,True
Spain,Real estate,2024,9,True
Belgium,Real estate,2026,0,False
Poland,Real estate,2025,0,True
Spain,Robotics,2025,3,True
Australia,Robotics,2019,4,True
Sri Lanka,Robotics,2019,1,True
Mexico,Robotics,2024,0,True
United States,Robotics,2016,156,True
United Kingdom,Robotics,2019,17,True
Czechia,Robotics,2021,1,True
Norway,"Sales, retail, commerce, marketing",2024,0,True
India,"Sales, retail, commerce, marketing",2023,2389,True
South Africa,"Sales, retail, commerce, marketing",2021,0,True
Switzerland,"Sales, retail, commerce, marketing",2022,10,True
Portugal,"Sales, retail, commerce, marketing",2025,1,True
Croatia,"Sales, retail, commerce, marketing",2023,1,True
Sri Lanka,"Sales, retail, commerce, marketing",2023,1,True
Slovakia,"Sales, retail, commerce, marketing",2019,1,True
Taiwan,Semiconductor,2022,15,True
Finland,Simulation,2018,0,True
United States,Simulation,2021,44,True
Sweden,Simulation,2026,0,False
Taiwan,Software,2019,22,True
Sweden,Software,2026,168,False
Iran,Software,2020,0,True
Canada,Software,2017,148,True
Japan,Software,2024,321,True
Nigeria,Software,2025,9,True
United Arab Emirates,Software,2021,837,True
Brazil,Software,2021,198,True
Pakistan,Software,2020,0,True
Spain,Software,2022,421,True
Jordan,Software,2022,0,True
United Kingdom,Software,2024,1864,True
Bosnia and Herzegovina,Software,2020,0,True
Saudi Arabia,Software,2017,14,True
Netherlands,Software,2019,190,True
Canada,Speech Recognition,2025,0,True
China,Speech Recognition,2020,100,True
Serbia,Speech Recognition,2022,0,True
Russia,Speech Recognition,2018,1,True
Belgium,Speech Recognition,2019,0,True
United States,Sports,2017,51,True
Ireland,Sports,2021,26,True
Netherlands,Sports,2026,0,False
Norway,Sports,2024,1,True
Hungary,Sports,2020,1,True
South Korea,Telecommunications,2026,1,False
India,Telecommunications,2016,15,True
India,Telecommunications,2019,107,True
Israel,Transportation,2020,38,True
Israel,Transportation,2022,81,True
New Zealand,Transportation,2021,1,True
Australia,Transportation,2022,33,True
United Arab Emirates,Transportation,2018,13,True
Indonesia,Transportation,2025,0,True
Qatar,Transportation,2020,0,True
Ireland,Transportation,2022,4,True
Estonia,Transportation,2022,9,True
Bangladesh,Transportation,2018,0,True
Switzerland,Transportation,2016,2,True
Switzerland,Transportation,2019,56,True
Finland,Agriculture,2017,0,True
Denmark,Agriculture,2026,1,False
United Kingdom,Agriculture,2021,18,True
Colombia,All,2017,3,True
Brazil,All,2026,515,False
Qatar,All,2022,4,True
Slovakia,All,2020,7,True
Jordan,All,2019,0,True
Greece,All,2019,6,True
Greece,All,2022,113,True
Switzerland,All,2022,1302,True
United Arab Emirates,All,2021,971,True
Russia,All,2023,1,True
Azerbaijan,All,2023,0,True
New Zealand,All,2022,57,True
Denmark,All,2024,161,True
Argentina,All,2017,5,True
Argentina,All,2020,3,True
Indonesia,All,2016,2,True
Indonesia,All,2024,71,True
France,Biotechnology,2017,2,True
Hungary,Biotechnology,2022,3,True
Turkey,Biotechnology,2020,0,True
Belgium,Community and Lifestyle,2020,6,True
Kenya,Community and Lifestyle,2023,0,True
Portugal,Community and Lifestyle,2016,0,True
Chile,Community and Lifestyle,2021,29,True
Canada,Community and Lifestyle,2018,16,True
United States,Community and Lifestyle,2016,239,True
Poland,Community and Lifestyle,2021,2,True
Sweden,Community and Lifestyle,2020,1,True
Czechia,Community and Lifestyle,2021,1,True
United Kingdom,Community and Lifestyle,2016,16,True
Chile,Computer Vision,2020,0,True
India,Computer Vision,2018,1,True
India,Computer Vision,2026,4,False
Canada,Computer Vision,2025,18,True
Russia,Computer Vision,2019,0,True
Belgium,Computer Vision,2025,2,True
Italy,Computer Vision,2022,0,True
China,Computer Vision,2016,64,True
Mexico,Consumer goods,2016,0,True
United Kingdom,Consumer goods,2022,47,True
missing,Consumer goods,2019,0,True
Italy,Consumer goods,2019,1,True
Canada,Consumer goods,2022,4,True
United States,Consumer goods,2018,4156,True
United States,Consumer goods,2024,982,True
Sri Lanka,Cyber Security,2023,0,True
Estonia,Cyber Security,2024,5,True
Italy,Cyber Security,2022,0,True
Netherlands,Cyber Security,2023,3,True
Spain,Cyber Security,2020,3,True
France,Cyber Security,2019,0,True
missing,Cyber Security,2026,55000,False
Germany,Cyber Security,2018,8,True
Germany,Cyber Security,2019,4,True
Saudi Arabia,Data and analytics,2017,15,True
Austria,Data and analytics,2017,5,True
Qatar,Data and analytics,2023,1,True
Taiwan,Data and analytics,2018,21,True
Australia,Data and analytics,2023,195,True
Israel,Data and analytics,2023,336,True
Sweden,Data and analytics,2021,346,True
Bangladesh,Data and analytics,2019,0,True
Bangladesh,Data and analytics,2023,1,True
Thailand,Data and analytics,2019,6,True
Thailand,Data and analytics,2023,8,True
Thailand,Data and analytics,2024,47,True
Egypt,Data and analytics,2023,1,True
Tajikistan,Data and analytics,2022,0,True
United Arab Emirates,Data and analytics,2020,17,True
Belgium,Data and analytics,2020,124,True
Brazil,Data and analytics,2026,142,False
Japan,Education,2021,17,True
India,Education,2019,15,True
Bangladesh,Education,2024,0,True
France,Education,2025,14,True
Mexico,Education,2025,53,True
United States,Education,2024,464,True
Australia,Education,2021,6,True
New Zealand,Education,2023,0,True
China,Education,2024,81,True
Singapore,Education,2022,34,True
Saudi Arabia,Education,2016,0,True
Finland,Energy and natural resources,2022,3,True
Croatia,Facial Recognition,2024,3,True
France,Facial Recognition,2018,0,True
Russia,Facial Recognition,2020,8,True
Italy,Finance,2024,10,True
Uzbekistan,Finance,2021,0,True
Nigeria,Finance,2024,23,True
Australia,Finance,2022,18,True
South Korea,Finance,2016,2,True
South Korea,Finance,2025,39,True
Canada,Finance,2021,135,True
Saudi Arabia,Finance,2017,11,True
Slovakia,Finance,2020,5,True
Luxembourg,Finance,2024,0,True
India,Finance,2021,246,True
Japan,Finance,2018,22,True
Canada,Gaming,2026,1,False
Czechia,Gaming,2020,1,True
Seychelles,Gaming,2024,0,True
Cyprus,Gaming,2023,0,True
India,Gaming,2019,6,True
Iraq,General purpose,2025,15,True
Israel,General purpose,2021,1235,True
Slovenia,General purpose,2019,0,True
Slovenia,General purpose,2022,3,True
United States,General purpose,2017,6046,True
Singapore,General purpose,2025,3328,True
Poland,General purpose,2019,13,True
Japan,General purpose,2021,209,True
Vietnam,General purpose,2022,4,True
South Korea,General purpose,2026,1031,False
Russia,General purpose,2024,3,True
Sri Lanka,General purpose,2017,2,True
Côte d'Ivoire,General purpose,2022,0,True
Belgium,General purpose,2019,56,True
Malaysia,General purpose,2023,62,True
Uruguay,General purpose,2022,3,True
Slovakia,General purpose,2026,1,False
Greece,General purpose,2022,0,True
Qatar,Hardware,2023,0,True
Mexico,Hardware,2026,1,False
Denmark,Hardware,2016,0,True
Poland,Hardware,2018,3,True
United States,Hardware,2016,1803,True
Saudi Arabia,Hardware,2019,1,True
Saudi Arabia,Hardware,2025,267,True
Saudi Arabia,Hardware,2026,3,False
Switzerland,Hardware,2017,31,True
Pakistan,Healthcare and Life Sciences,2026,0,False
Portugal,Healthcare and Life Sciences,2019,2,True
India,Healthcare and Life Sciences,2021,37,True
Cyprus,Healthcare and Life Sciences,2025,18,True
Norway,Healthcare and Life Sciences,2020,2,True
Ireland,Healthcare and Life Sciences,2023,23,True
Romania,Healthcare and Life Sciences,2020,0,True
Finland,Healthcare and Life Sciences,2025,8,True
Germany,Healthcare and Life Sciences,2016,1,True
Brazil,Information Technology,2017,5,True
Mexico,Information Technology,2019,0,True
Norway,Information Technology,2023,52,True
Austria,Information Technology,2024,21,True
Australia,Information Technology,2020,54,True
Uganda,Information Technology,2020,0,True
Sweden,Information Technology,2016,7,True
Poland,Information Technology,2017,5,True
Croatia,Information Technology,2024,1,True
Israel,Information Technology,2020,152,True
Malta,Information Technology,2020,1,True
Czechia,Lending and Investments,2017,1,True
Czechia,Lending and Investments,2022,2,True
Kenya,Lending and Investments,2018,0,True
United States,Lending and Investments,2025,1460,True
Germany,Lending and Investments,2023,38,True
United States,Manufacturing,2026,12010,False
Japan,Manufacturing,2018,13,True
India,Manufacturing,2021,5,True
Spain,Manufacturing,2026,6,False
South Korea,Manufacturing,2019,7,True
Hungary,Media and Entertainment,2025,0,True
Ukraine,Media and Entertainment,2020,1,True
Lebanon,Media and Entertainment,2016,0,True
United Kingdom,Media and Entertainment,2025,1582,True
France,Media and Entertainment,2019,26,True
France,Media and Entertainment,2023,9,True
Seychelles,Media and Entertainment,2024,0,True
Israel,"Military, public safety and government",2024,20,True
Panama,"Military, public safety and government",2026,1,False
India,"Military, public safety and government",2017,13,True
South Korea,"Military, public safety and government",2022,4,True
Czechia,"Mobile, platforms & Internet services",2021,1,True
South Korea,"Mobile, platforms & Internet services",2019,31,True
United States,"Mobile, platforms & Internet services",2022,6354,True
Panama,"Mobile, platforms & Internet services",2025,0,True
South Africa,"Mobile, platforms & Internet services",2022,0,True
Singapore,"Mobile, platforms & Internet services",2024,212,True
Spain,"Mobile, platforms & Internet services",2026,30,False
Netherlands,"Mobile, platforms & Internet services",2022,135,True
Indonesia,"Mobile, platforms & Internet services",2016,2,True
Ukraine,"Mobile, platforms & Internet services",2020,1,True
Ukraine,"Mobile, platforms & Internet services",2026,7,False
Brazil,"Mobile, platforms & Internet services",2026,34,False
Norway,NLP,2017,8,True
Finland,NLP,2016,1,True
Israel,NLP,2021,4,True
Japan,Navigation and mapping,2023,0,True
Spain,Navigation and mapping,2019,1,True
India,Navigation and mapping,2018,1,True
Netherlands,Navigation and mapping,2016,1,True
Germany,Navigation and mapping,2021,24,True
Estonia,Other,2020,0,True
Saudi Arabia,Other,2022,13,True
Romania,Other,2022,0,True
United Arab Emirates,Other,2022,1,True
South Korea,Other,2017,4,True
Hungary,Other,2016,1,True
Taiwan,Other,2018,18,True
Taiwan,Other,2020,20,True
Jamaica,Other,2018,0,True
Japan,Other,2022,10,True
Singapore,Privacy and Security,2021,23,True
Spain,Privacy and Security,2019,2,True
Canada,Privacy and Security,2024,44,True
Israel,Privacy and Security,2019,55,True
Israel,Privacy and Security,2020,29,True
South Africa,Privacy and Security,2021,0,True
India,Privacy and Security,2021,10,True
Ireland,Privacy and Security,2023,14,True
Czechia,Privacy and Security,2023,11,True
Italy,Privacy and Security,2019,1,True
Italy,Privacy and Security,2021,3,True
Norway,Professional services,2018,8,True
France,Professional services,2019,32,True
France,Professional services,2024,208,True
Lebanon,Professional services,2020,0,True
India,Professional services,2019,104,True
Sri Lanka,Professional services,2023,0,True
Malaysia,Professional services,2020,0,True
Poland,Professional services,2024,1,True
South Korea,Professional services,2021,97,True
Netherlands,Real estate,2018,2,True
Estonia,Real estate,2021,1,True
missing,Real estate,2025,2,True
United Kingdom,Real estate,2017,17,True
Kenya,Real estate,2025,1,True
United Arab Emirates,Real estate,2025,2,True
United States,Real estate,2016,232,True
France,Real estate,2024,213,True
Brazil,Real estate,2021,9,True
India,Real estate,2024,11,True
Russia,Real estate,2023,0,True
Finland,Robotics,2022,1,True
Austria,Robotics,2023,0,True
Canada,Robotics,2016,4,True
Netherlands,Robotics,2018,1,True
China,Robotics,2025,844,True
Estonia,Robotics,2020,0,True
Estonia,"Sales, retail, commerce, marketing",2026,1,False
South Africa,"Sales, retail, commerce, marketing",2022,102,True
Nigeria,"Sales, retail, commerce, marketing",2021,0,True
Czechia,"Sales, retail, commerce, marketing",2017,1,True
Czechia,"Sales, retail, commerce, marketing",2018,1,True
Tunisia,"Sales, retail, commerce, marketing",2024,2,True
Lithuania,"Sales, retail, commerce, marketing",2020,0,True
Sri Lanka,"Sales, retail, commerce, marketing",2021,0,True
Japan,"Sales, retail, commerce, marketing",2021,19,True
Russia,"Sales, retail, commerce, marketing",2021,2,True
Panama,"Sales, retail, commerce, marketing",2023,0,True
Bolivia,"Sales, retail, commerce, marketing",2026,0,False
Ireland,"Sales, retail, commerce, marketing",2016,5,True
Israel,Semiconductor,2023,51,True
Taiwan,Semiconductor,2018,18,True
France,Simulation,2023,14,True
Taiwan,Software,2016,8,True
Kenya,Software,2018,2,True
Germany,Software,2021,979,True
Portugal,Software,2024,30,True
Pakistan,Software,2018,0,True
Philippines,Software,2022,24,True
South Korea,Software,2022,1217,True
Indonesia,Software,2018,1,True
Argentina,Software,2019,1,True
Cyprus,Software,2017,1,True
Bulgaria,Software,2016,0,True
Russia,Software,2017,5,True
Saudi Arabia,Software,2019,14,True
Jamaica,Software,2025,50,True
Thailand,Speech Recognition,2024,0,True
Colombia,Speech Recognition,2019,0,True
China,Speech Recognition,2016,21,True
United Kingdom,Speech Recognition,2023,1,True
Singapore,Sports,2017,6,True
United Kingdom,Sports,2024,3,True
Poland,Sports,2021,4,True
Japan,Sports,2019,2,True
Saudi Arabia,Sports,2020,1,True
Hungary,Telecommunications,2018,1,True
Canada,Telecommunications,2022,0,True
India,Telecommunications,2026,1,False
Israel,Transportation,2024,497,True
China,Transportation,2023,1400,True
Singapore,Transportation,2026,25,False
Slovakia,Transportation,2021,0,True
United Arab Emirates,Transportation,2017,1,True
Sweden,Agriculture,2018,0,True
China,Agriculture,2025,77,True
Japan,Agriculture,2022,0,True
United Kingdom,Agriculture,2024,2,True
United States,Agriculture,2025,121,True
Italy,All,2019,12,True
Philippines,All,2016,1,True
Belarus,All,2017,2,True
China,All,2017,6302,True
Norway,All,2024,214,True
Switzerland,All,2021,889,True
Croatia,All,2026,22,False
Netherlands,All,2021,390,True
Czechia,All,2019,26,True
India,All,2024,1074,True
Germany,All,2022,3638,True
Denmark,All,2019,104,True
Austria,All,2018,13,True
Chile,All,2024,23,True
Argentina,All,2025,84,True
Thailand,All,2016,1,True
Ukraine,All,2020,7,True
United States,Biotechnology,2021,2866,True
South Korea,Biotechnology,2024,9,True
Israel,Biotechnology,2017,3,True
Argentina,Biotechnology,2017,4,True
India,Biotechnology,2025,8,True
Italy,Biotechnology,2025,4,True
Canada,Biotechnology,2020,30,True
Estonia,Community and Lifestyle,2022,0,True
Portugal,Community and Lifestyle,2017,0,True
Ireland,Community and Lifestyle,2021,49,True
Singapore,Community and Lifestyle,2026,2,False
Malaysia,Community and Lifestyle,2023,0,True
Bangladesh,Community and Lifestyle,2024,0,True
Italy,Community and Lifestyle,2024,1,True
Australia,Community and Lifestyle,2024,2,True
United States,Computer Vision,2016,206,True
Chile,Computer Vision,2021,0,True
India,Computer Vision,2023,2,True
Netherlands,Computer Vision,2025,3,True
Sweden,Computer Vision,2025,2,True
Belgium,Computer Vision,2018,3,True
Turkey,Consumer goods,2018,0,True
United States,Consumer goods,2019,948,True
Israel,Consumer goods,2019,10,True
Austria,Consumer goods,2020,1,True
Portugal,Consumer goods,2019,3,True
Norway,Cyber Security,2025,2,True
United Kingdom,Cyber Security,2017,6,True
Saudi Arabia,Data and analytics,2024,73,True
Austria,Data and analytics,2024,26,True
Argentina,Data and analytics,2026,1,False
Lebanon,Data and analytics,2021,0,True
Iceland,Data and analytics,2024,6,True
Israel,Data and analytics,2017,203,True
Israel,Data and analytics,2018,212,True
Sweden,Data and analytics,2024,99,True
Egypt,Data and analytics,2020,1,True
Portugal,Data and analytics,2017,18,True
Slovakia,Data and analytics,2023,22,True
Slovakia,Data and analytics,2024,0,True
Canada,Data and analytics,2019,482,True
Belgium,Data and analytics,2022,272,True
Lithuania,Education,2021,0,True
Norway,Education,2025,26,True
Portugal,Education,2024,1,True
Germany,Education,2026,3,False
Mexico,Education,2023,16,True
United States,Education,2026,136,False
Australia,Education,2025,1,True
Cyprus,Education,2019,1,True
Netherlands,Education,2017,1,True
South Africa,Education,2021,1,True
Sweden,Education,2021,29,True
Denmark,Energy and natural resources,2023,8,True
Estonia,Energy and natural resources,2018,1,True
United States,Energy and natural resources,2016,374,True
Taiwan,Energy and natural resources,2024,4,True
Turkey,Energy and natural resources,2022,1,True
Slovakia,Energy and natural resources,2023,17,True
Canada,Facial Recognition,2019,4,True
Sweden,Finance,2023,2,True
Portugal,Finance,2023,0,True
Iceland,Finance,2020,2,True
Czechia,Finance,2025,54,True
Costa Rica,Finance,2025,1,True
Cyprus,Finance,2022,1,True
Hungary,Finance,2026,23,False
Malaysia,Finance,2026,2,False
Netherlands,Finance,2017,53,True
Belgium,Finance,2025,13,True
Luxembourg,Finance,2025,1,True
Israel,Gaming,2019,1,True
Spain,Gaming,2022,0,True
Australia,Gaming,2020,0,True
Iceland,General purpose,2023,5,True
Israel,General purpose,2019,2217,True
Kazakhstan,General purpose,2026,0,False
South Africa,General purpose,2019,5,True
New Zealand,General purpose,2021,1062,True
Mexico,General purpose,2022,17,True
Mexico,General purpose,2024,10,True
Japan,General purpose,2017,201,True
missing,General purpose,2025,6145,True
Belgium,General purpose,2025,55,True
Nigeria,General purpose,2018,5,True
United Arab Emirates,General purpose,2022,32,True
Egypt,General purpose,2017,0,True
Egypt,General purpose,2021,1,True
Turkey,General purpose,2016,0,True
Ireland,Hardware,2022,22,True
Latvia,Hardware,2019,2,True
Sweden,Hardware,2026,23,False
Australia,Hardware,2021,74,True
Portugal,Hardware,2020,2,True
Israel,Hardware,2019,2124,True
Zambia,Hardware,2021,0,True
Turkey,Hardware,2018,1,True
Israel,Healthcare and Life Sciences,2019,64,True
Poland,Healthcare and Life Sciences,2019,3,True
Croatia,Healthcare and Life Sciences,2020,0,True
Chile,Healthcare and Life Sciences,2022,0,True
Romania,Healthcare and Life Sciences,2024,0,True
Tunisia,Healthcare and Life Sciences,2024,0,True
Malaysia,Healthcare and Life Sciences,2022,3,True
Sweden,Healthcare and Life Sciences,2025,69,True
Georgia,Information Technology,2022,0,True
Austria,Information Technology,2020,17,True
South Korea,Information Technology,2025,506,True
China,Information Technology,2018,1370,True
Egypt,Information Technology,2021,0,True
Estonia,Information Technology,2026,11,False
Finland,Information Technology,2019,23,True
Sri Lanka,Information Technology,2022,0,True
Poland,Information Technology,2024,1,True
Spain,Information Technology,2018,15,True
Belgium,Information Technology,2019,22,True
Greece,Information Technology,2020,1,True
Qatar,Information Technology,2022,0,True
Sweden,Lending and Investments,2022,4,True
Mexico,Lending and Investments,2022,26,True
United States,Lending and Investments,2017,110,True
Philippines,Lending and Investments,2023,6,True
Switzerland,Lending and Investments,2024,2,True
Austria,Lending and Investments,2021,2,True
India,Lending and Investments,2022,11,True
United States,Manufacturing,2017,477,True
United States,Manufacturing,2019,726,True
Netherlands,Manufacturing,2021,19,True
China,Manufacturing,2020,121,True
China,Manufacturing,2022,1926,True
Denmark,Manufacturing,2017,1,True
France,Manufacturing,2024,37,True
Hungary,Manufacturing,2019,1,True
Belgium,Manufacturing,2021,185,True
Taiwan,Media and Entertainment,2022,1,True
Israel,Media and Entertainment,2017,8,True
missing,Media and Entertainment,2018,2,True
Canada,Media and Entertainment,2023,1,True
Romania,Media and Entertainment,2022,0,True
India,Media and Entertainment,2024,111,True
Switzerland,"Military, public safety and government",2019,8,True
Turkey,"Military, public safety and government",2022,0,True
Greece,"Mobile, platforms & Internet services",2019,0,True
Hungary,"Mobile, platforms & Internet services",2016,1,True
China,"Mobile, platforms & Internet services",2026,680,False
Russia,"Mobile, platforms & Internet services",2024,0,True
Bulgaria,"Mobile, platforms & Internet services",2017,0,True
Bulgaria,"Mobile, platforms & Internet services",2021,0,True
Bulgaria,"Mobile, platforms & Internet services",2023,0,True
missing,"Mobile, platforms & Internet services",2020,0,True
Denmark,"Mobile, platforms & Internet services",2021,1,True
Argentina,"Mobile, platforms & Internet services",2019,0,True
Malaysia,"Mobile, platforms & Internet services",2021,15,True
Azerbaijan,"Mobile, platforms & Internet services",2023,0,True
Norway,"Mobile, platforms & Internet services",2018,1,True
Brazil,NLP,2024,12,True
Italy,NLP,2021,32,True
Ireland,NLP,2023,13,True
Taiwan,NLP,2022,13,True
Spain,NLP,2019,4,True
Israel,NLP,2020,3,True
Canada,Navigation and mapping,2020,2,True
Estonia,Other,2021,1,True
Portugal,Other,2022,0,True
Spain,Other,2016,0,True
Singapore,Other,2017,0,True
Israel,Other,2020,34,True
Israel,Other,2023,15,True
Cyprus,Other,2022,1,True
China,Other,2019,147,True
Taiwan,Other,2021,16,True
Austria,Other,2026,2,False
Egypt,Other,2025,0,True
Croatia,Privacy and Security,2024,1,True
Iceland,Privacy and Security,2020,2,True
India,Privacy and Security,2019,1,True
Japan,Privacy and Security,2018,3,True
United Kingdom,Privacy and Security,2022,147,True
Argentina,Professional services,2022,1,True
Chile,Professional services,2026,0,False
Australia,Professional services,2017,28,True
Australia,Professional services,2021,758,True
Australia,Professional services,2025,36,True
Canada,Professional services,2019,167,True
Singapore,Professional services,2020,460,True
Italy,Professional services,2020,5,True
Czechia,Professional services,2022,18,True
United Kingdom,Professional services,2019,2583,True
Ireland,Professional services,2022,11,True
Netherlands,Professional services,2022,10,True
Norway,Real estate,2025,391,True
Turkey,Real estate,2021,6,True
France,Real estate,2022,33,True
China,Real estate,2019,11,True
Finland,Robotics,2020,0,True
Spain,Robotics,2016,1,True
Malaysia,Robotics,2019,1,True
Malaysia,Robotics,2021,1,True
Singapore,Robotics,2019,2,True
Denmark,Robotics,2016,0,True
Denmark,Robotics,2020,1,True
Poland,Robotics,2020,2,True
Argentina,"Sales, retail, commerce, marketing",2021,0,True
Spain,"Sales, retail, commerce, marketing",2026,34,False
Switzerland,"Sales, retail, commerce, marketing",2021,66,True
Ukraine,"Sales, retail, commerce, marketing",2021,0,True
Albania,"Sales, retail, commerce, marketing",2024,6,True
Japan,"Sales, retail, commerce, marketing",2026,30,False
Kenya,"Sales, retail, commerce, marketing",2024,0,True
Germany,"Sales, retail, commerce, marketing",2017,102,True
Bangladesh,"Sales, retail, commerce, marketing",2020,0,True
Romania,"Sales, retail, commerce, marketing",2020,0,True
Netherlands,"Sales, retail, commerce, marketing",2026,167,False
Israel,"Sales, retail, commerce, marketing",2024,20,True
Colombia,"Sales, retail, commerce, marketing",2017,0,True
Saudi Arabia,"Sales, retail, commerce, marketing",2018,0,True
Singapore,"Sales, retail, commerce, marketing",2016,49,True
Ireland,"Sales, retail, commerce, marketing",2023,63,True
Singapore,Semiconductor,2026,58,False
Belgium,Semiconductor,2018,6,True
Taiwan,Semiconductor,2017,2,True
Malaysia,Software,2022,22,True
Germany,Software,2017,318,True
Qatar,Software,2025,0,True
China,Software,2019,2005,True
Nigeria,Software,2019,8,True
Tanzania,Software,2017,0,True
United Arab Emirates,Software,2023,233,True
Brazil,Software,2020,170,True
Greece,Software,2020,12,True
South Africa,Software,2018,14,True
India,Software,2022,2210,True
Spain,Software,2016,25,True
Kazakhstan,Software,2024,1,True
Austria,Software,2016,4,True
Iraq,Software,2026,1,False
Ukraine,Software,2017,0,True
France,Software,2017,234,True
Cyprus,Software,2022,4,True
Australia,Software,2025,515,True
Russia,Software,2016,1,True
Sri Lanka,Software,2022,0,True
Netherlands,Software,2018,61,True
Peru,Software,2020,3,True
Canada,Speech Recognition,2018,1,True
Canada,Speech Recognition,2021,0,True
Colombia,Speech Recognition,2020,0,True
Estonia,Speech Recognition,2018,0,True
France,Speech Recognition,2017,5,True
Sri Lanka,Sports,2024,1,True
United States,Sports,2019,59,True
Israel,Sports,2018,33,True
Israel,Sports,2025,15,True
Croatia,Sports,2021,0,True
India,Sports,2022,6,True
South Korea,Telecommunications,2023,2,True
Brazil,Telecommunications,2024,14,True
Slovakia,Telecommunications,2016,1,True
Canada,Telecommunications,2017,1,True
France,Transportation,2022,34,True
China,Transportation,2021,791,True
China,Transportation,2024,3800,True
Singapore,Transportation,2019,5,True
United States,Transportation,2021,14385,True
Nigeria,Transportation,2023,84,True
Nigeria,Transportation,2026,25,False
Brazil,Transportation,2025,1,True
Denmark,Transportation,2017,0,True
India,Transportation,2026,55,False
Belgium,Transportation,2023,2,True
Qatar,Transportation,2024,4,True
Malaysia,Transportation,2026,0,False
Japan,Transportation,2022,4,True
Greece,Transportation,2021,1,True
Canada,Agriculture,2017,2,True
Finland,Agriculture,2022,1,True
France,Agriculture,2025,3,True
Sweden,Agriculture,2020,1,True
New Zealand,Agriculture,2023,0,True
Kenya,Agriculture,2024,6,True
Latvia,All,2016,0,True
Vietnam,All,2019,1,True
Iceland,All,2023,19,True
Malaysia,All,2024,20,True
Slovakia,All,2025,13,True
United Kingdom,All,2022,6215,True
Czechia,All,2025,104,True
Spain,All,2017,120,True
Spain,All,2025,1874,True
Spain,All,2026,1637,False
India,All,2023,4355,True
India,All,2025,4862,True
Israel,All,2024,3482,True
Ghana,All,2023,0,True
Thailand,All,2024,191,True
Indonesia,All,2017,5,True
Thailand,Biotechnology,2021,1,True
Belgium,Biotechnology,2025,2,True
Ireland,Biotechnology,2018,34,True
Cyprus,Biotechnology,2021,2,True
Italy,Biotechnology,2019,1,True
Netherlands,Community and Lifestyle,2020,1,True
Netherlands,Community and Lifestyle,2024,224,True
Belgium,Community and Lifestyle,2019,1,True
Belgium,Community and Lifestyle,2023,0,True
Egypt,Community and Lifestyle,2016,0,True
Cyprus,Community and Lifestyle,2025,18,True
Vietnam,Community and Lifestyle,2024,1,True
Poland,Community and Lifestyle,2023,1,True
Sweden,Community and Lifestyle,2017,9,True
Czechia,Community and Lifestyle,2024,0,True
Hungary,Computer Vision,2024,4,True
Netherlands,Computer Vision,2017,5,True
Belgium,Computer Vision,2026,1000,False
Israel,Computer Vision,2025,18,True
Australia,Computer Vision,2021,5,True
Slovakia,Computer Vision,2019,1,True
Lithuania,Consumer goods,2018,0,True
Poland,Consumer goods,2020,1,True
Canada,Consumer goods,2023,18,True
Hungary,Consumer goods,2017,0,True
Czechia,Cyber Security,2021,7,True
Portugal,Cyber Security,2022,2,True
Saudi Arabia,Data and analytics,2020,30,True
Austria,Data and analytics,2023,46,True
Qatar,Data and analytics,2020,0,True
Qatar,Data and analytics,2026,1,False
Armenia,Data and analytics,2026,0,False
Vietnam,Data and analytics,2025,90,True
South Africa,Data and analytics,2023,14,True
Bulgaria,Data and analytics,2018,0,True
France,Data and analytics,2024,1796,True
France,Data and analytics,2026,1111,False
Luxembourg,Data and analytics,2018,7,True
Iran,Data and analytics,2020,0,True
Turkey,Data and analytics,2023,37,True
Peru,Data and analytics,2019,1,True
Switzerland,Data and analytics,2019,224,True
Uganda,Data and analytics,2020,0,True
Malaysia,Data and analytics,2017,0,True
Belgium,Data and analytics,2017,120,True
United Kingdom,Data and analytics,2022,2290,True
Brazil,Data and analytics,2018,18,True
Brazil,Data and analytics,2023,114,True
Brazil,Data and analytics,2024,94,True
Singapore,Data and analytics,2026,2092,False
Japan,Education,2017,3,True
Norway,Education,2023,2,True
Brazil,Education,2018,1,True
Turkey,Education,2024,1,True
Jordan,Education,2024,0,True
Kenya,Education,2020,1,True
South Africa,Education,2019,0,True
United Kingdom,Education,2024,11,True
Sweden,Education,2022,1,True
Canada,Education,2019,11,True
Saudi Arabia,Education,2024,2,True
Denmark,Energy and natural resources,2022,10,True
Portugal,Energy and natural resources,2021,0,True
Sweden,Energy and natural resources,2024,980,True
United Kingdom,Energy and natural resources,2025,219,True
Belgium,Energy and natural resources,2024,0,True
Switzerland,Energy and natural resources,2019,0,True
Switzerland,Energy and natural resources,2022,3,True
Singapore,Energy and natural resources,2020,1,True
Zimbabwe,Energy and natural resources,2023,0,True
United States,Facial Recognition,2017,6,True
Nigeria,Facial Recognition,2025,2,True
Argentina,Finance,2021,0,True
Italy,Finance,2020,1,True
Italy,Finance,2021,9,True
Ireland,Finance,2020,2,True
Indonesia,Finance,2021,0,True
New Zealand,Finance,2024,2,True
Norway,Finance,2024,1,True
South Korea,Finance,2022,176,True
Romania,Finance,2019,0,True
Canada,Gaming,2016,0,True
United Kingdom,Gaming,2025,6,True
Sweden,Gaming,2024,1,True
Switzerland,Gaming,2026,1,False
Finland,General purpose,2019,240,True
Croatia,General purpose,2022,2,True
United States,General purpose,2024,36520,True
Mauritius,General purpose,2021,20,True
China,General purpose,2022,1884,True
Pakistan,General purpose,2020,0,True
Portugal,General purpose,2021,73,True
Denmark,General purpose,2020,46,True
Lithuania,General purpose,2026,133,False
France,General purpose,2026,1047,False
Netherlands,General purpose,2019,63,True
missing,General purpose,2024,73,True
Hungary,General purpose,2024,7,True
Jordan,General purpose,2021,0,True
Qatar,General purpose,2024,0,True
Belgium,General purpose,2021,481,True
Luxembourg,General purpose,2017,1,True
Sweden,General purpose,2021,342,True
Greece,General purpose,2023,110,True
Turkey,General purpose,2025,21,True
Chile,Hardware,2022,1,True
China,Hardware,2022,881,True
China,Hardware,2026,2559,False
Estonia,Hardware,2021,42,True
Ireland,Hardware,2016,4,True
Kuwait,Hardware,2023,4,True
South Africa,Hardware,2018,1,True
Cyprus,Hardware,2016,1,True
Spain,Hardware,2022,8,True
Denmark,Hardware,2022,77,True
Netherlands,Hardware,2018,8,True
United Kingdom,Hardware,2021,70,True
Austria,Hardware,2018,3,True
Belgium,Hardware,2021,11,True
Uruguay,Hardware,2017,0,True
Canada,Healthcare and Life Sciences,2019,16,True
Israel,Healthcare and Life Sciences,2016,33,True
Japan,Healthcare and Life Sciences,2019,22,True
Colombia,Healthcare and Life Sciences,2020,0,True
Chile,Healthcare and Life Sciences,2017,3,True
United Kingdom,Healthcare and Life Sciences,2022,367,True
Turkey,Healthcare and Life Sciences,2025,2,True
Finland,Healthcare and Life Sciences,2022,5,True
Australia,Healthcare and Life Sciences,2026,21,False
Ukraine,Information Technology,2019,4,True
Denmark,Information Technology,2016,3,True
India,Information Technology,2026,950,False
Albania,Information Technology,2019,7,True
United States,Information Technology,2023,18637,True
Jordan,Information Technology,2021,0,True
Vietnam,Information Technology,2020,1,True
Luxembourg,Information Technology,2016,0,True
Portugal,Information Technology,2020,6,True
Egypt,Information Technology,2019,1,True
Estonia,Information Technology,2023,39,True
Finland,Information Technology,2016,3,True
Sri Lanka,Information Technology,2018,0,True
Canada,Information Technology,2025,1623,True
Croatia,Information Technology,2020,1,True
Chile,Information Technology,2020,2,True
Pakistan,Information Technology,2021,3,True
Romania,Information Technology,2021,2,True
Bulgaria,Information Technology,2018,0,True
Netherlands,Information Technology,2018,32,True
Netherlands,Information Technology,2022,33,True
Seychelles,Lending and Investments,2021,1,True
Spain,Lending and Investments,2018,1,True
United Kingdom,Lending and Investments,2016,17,True
China,Lending and Investments,2026,49,False
Japan,Lending and Investments,2025,7,True
Canada,Manufacturing,2023,60,True
India,Manufacturing,2024,49,True
Croatia,Manufacturing,2019,0,True
Spain,Manufacturing,2022,7,True
Israel,Manufacturing,2020,30,True
Bulgaria,Manufacturing,2021,14,True
Australia,Manufacturing,2023,22,True
Italy,Manufacturing,2021,1,True
Switzerland,Manufacturing,2016,1,True
Switzerland,Manufacturing,2022,7,True
Poland,Media and Entertainment,2019,0,True
Italy,Media and Entertainment,2023,0,True
United Kingdom,Media and Entertainment,2017,41,True
Spain,Media and Entertainment,2024,1,True
New Zealand,Media and Entertainment,2023,0,True
Romania,Media and Entertainment,2023,0,True
Brazil,Media and Entertainment,2016,3,True
Canada,"Military, public safety and government",2016,33,True
Canada,"Military, public safety and government",2018,1,True
Finland,"Mobile, platforms & Internet services",2022,31,True
Czechia,"Mobile, platforms & Internet services",2022,5,True
Lithuania,"Mobile, platforms & Internet services",2021,0,True
Denmark,"Mobile, platforms & Internet services",2022,3,True
Denmark,"Mobile, platforms & Internet services",2026,5,False
Slovakia,"Mobile, platforms & Internet services",2019,2,True
Spain,"Mobile, platforms & Internet services",2024,37,True
Malaysia,"Mobile, platforms & Internet services",2016,0,True
Austria,"Mobile, platforms & Internet services",2017,3,True
Mexico,"Mobile, platforms & Internet services",2025,2,True
Norway,"Mobile, platforms & Internet services",2017,8,True
Luxembourg,"Mobile, platforms & Internet services",2016,0,True
Australia,NLP,2023,0,True
Canada,NLP,2024,216,True
South Korea,NLP,2018,3,True
Poland,NLP,2021,1,True
Estonia,Navigation and mapping,2021,1,True
Chile,Other,2026,3,False
Sri Lanka,Other,2025,0,True
Croatia,Other,2020,0,True
Indonesia,Other,2019,2,True
Ireland,Other,2021,1,True
United States,Other,2022,6244,True
Colombia,Other,2016,0,True
United Kingdom,Other,2026,121,False
China,Other,2017,25,True
Switzerland,Other,2022,1,True
Turkey,Other,2021,0,True
Denmark,Other,2022,13,True
Brazil,Other,2023,11,True
Spain,Privacy and Security,2023,1,True
Portugal,Privacy and Security,2024,1,True
Israel,Privacy and Security,2018,11,True
Switzerland,Privacy and Security,2018,3,True
Norway,Professional services,2023,7,True
Japan,Professional services,2025,61,True
Lithuania,Professional services,2020,0,True
Singapore,Professional services,2018,158,True
Colombia,Professional services,2018,0,True
Indonesia,Professional services,2022,5,True
Algeria,Professional services,2021,0,True
Turkey,Professional services,2021,7,True
Estonia,Professional services,2020,3,True
Poland,Professional services,2026,3,False
Finland,Real estate,2022,26,True
France,Real estate,2017,0,True
Bulgaria,Real estate,2023,0,True
Sweden,Real estate,2025,76,True
Singapore,Real estate,2025,1,True
South Korea,Robotics,2018,4,True
South Korea,Robotics,2019,5,True
China,Robotics,2019,463,True
Sweden,Robotics,2019,7,True
Turkey,Robotics,2024,1,True
Ireland,Robotics,2017,0,True
Norway,Robotics,2024,104,True
Uruguay,"Sales, retail, commerce, marketing",2020,2,True
Georgia,"Sales, retail, commerce, marketing",2025,1,True
Czechia,"Sales, retail, commerce, marketing",2025,1,True
Sweden,"Sales, retail, commerce, marketing",2019,3,True
Vietnam,"Sales, retail, commerce, marketing",2024,0,True
United Arab Emirates,"Sales, retail, commerce, marketing",2021,8,True
Lithuania,"Sales, retail, commerce, marketing",2022,0,True
Germany,Semiconductor,2021,0,True
United Kingdom,Semiconductor,2018,15,True
China,Semiconductor,2019,34,True
India,Semiconductor,2025,241,True
Netherlands,Semiconductor,2023,7,True
Switzerland,Software,2025,560,True
Germany,Software,2019,241,True
Germany,Software,2023,544,True
Chile,Software,2023,3,True
Iceland,Software,2024,7,True
Mongolia,Software,2021,0,True
Brazil,Software,2017,9,True
Belgium,Software,2016,3,True
Poland,Software,2018,13,True
Poland,Software,2022,55,True
Ukraine,Software,2019,7,True
Côte d'Ivoire,Software,2023,0,True
Lebanon,Software,2016,1,True
Vietnam,Software,2021,8,True
Zambia,Software,2026,0,False
Latvia,Software,2025,1,True
Turkey,Software,2021,24,True
Denmark,Speech Recognition,2018,2,True
United States,Sports,2018,103,True
France,Sports,2025,62,True
Argentina,Sports,2020,0,True
missing,Sports,2024,1,True
Spain,Sports,2021,0,True
Brazil,Telecommunications,2022,71,True
France,Telecommunications,2026,1,False
Ireland,Telecommunications,2018,3,True
Poland,Telecommunications,2021,1,True
Saudi Arabia,Telecommunications,2017,2,True
United Kingdom,Transportation,2017,26,True
Germany,Transportation,2022,176,True
Germany,Transportation,2025,223,True
Australia,Transportation,2024,5,True
United Arab Emirates,Transportation,2016,4,True
India,Transportation,2018,4,True
Indonesia,Transportation,2023,0,True
Sweden,Transportation,2018,0,True
Ireland,Transportation,2017,1,True
Estonia,Transportation,2023,38,True
Portugal,Transportation,2016,0,True
Netherlands,Transportation,2019,2,True
Greece,Transportation,2022,11,True
Brazil,Agriculture,2025,1,True
Israel,Agriculture,2025,18,True
Sri Lanka,Agriculture,2018,0,True
South Korea,Agriculture,2021,1,True
Colombia,All,2026,8,False
Brazil,All,2017,23,True
Malaysia,All,2023,67,True
Norway,All,2021,373,True
United Kingdom,All,2021,5410,True
United Arab Emirates,All,2024,1980,True
Croatia,All,2024,125,True
Bangladesh,All,2023,7,True
Pakistan,All,2023,0,True
New Zealand,All,2016,5,True
Taiwan,All,2026,58,False
Malta,All,2022,2,True
Germany,All,2026,7300,False
Luxembourg,All,2019,2,True
Portugal,All,2017,53,True
Portugal,All,2020,56,True
Cyprus,Biotechnology,2025,0,True
Canada,Biotechnology,2026,62,False
Singapore,Biotechnology,2026,41,False
United Kingdom,Biotechnology,2018,22,True
United Kingdom,Biotechnology,2026,349,False
New Zealand,Community and Lifestyle,2025,0,True
France,Community and Lifestyle,2022,3,True
Brazil,Community and Lifestyle,2023,124,True
China,Community and Lifestyle,2022,34,True
Switzerland,Community and Lifestyle,2020,2,True
Tunisia,Community and Lifestyle,2024,0,True
Germany,Community and Lifestyle,2023,11,True
France,Computer Vision,2022,24,True
Austria,Computer Vision,2026,1,False
Sweden,Computer Vision,2016,2,True
Bangladesh,Computer Vision,2019,0,True
Denmark,Computer Vision,2020,1,True
Poland,Computer Vision,2021,6,True
Lithuania,Consumer goods,2020,0,True
Taiwan,Consumer goods,2018,1,True
Kenya,Consumer goods,2024,0,True
France,Consumer goods,2022,3,True
Singapore,Consumer goods,2022,2,True
Turkey,Consumer goods,2021,0,True
Estonia,Consumer goods,2021,1,True
Switzerland,Consumer goods,2026,26,False
South Korea,Consumer goods,2017,3,True
South Korea,Consumer goods,2019,177,True
Estonia,Cyber Security,2018,1,True
Italy,Cyber Security,2024,3,True
South Africa,Cyber Security,2022,8,True
Turkey,Cyber Security,2020,0,True
France,Cyber Security,2024,19,True
Kazakhstan,Data and analytics,2020,0,True
Austria,Data and analytics,2021,168,True
Lithuania,Data and analytics,2021,4,True
Lithuania,Data and analytics,2022,0,True
Colombia,Data and analytics,2019,2,True
Argentina,Data and analytics,2016,0,True
Qatar,Data and analytics,2025,0,True
Ireland,Data and analytics,2020,44,True
Norway,Data and analytics,2023,70,True
Mexico,Data and analytics,2021,12,True
Mexico,Data and analytics,2025,69,True
Bangladesh,Data and analytics,2025,0,True
India,Data and analytics,2020,173,True
Greece,Data and analytics,2016,6,True
United States,Data and analytics,2022,27146,True
Canada,Data and analytics,2020,560,True
Georgia,Data and analytics,2022,0,True
Lithuania,Education,2024,0,True
Brazil,Education,2021,1,True
missing,Education,2024,4,True
Austria,Education,2023,12,True
Netherlands,Education,2018,3,True
Czechia,Education,2022,3,True
Chile,Education,2024,0,True
South Korea,Education,2025,46,True
Ireland,Energy and natural resources,2017,1,True
France,Energy and natural resources,2020,2,True
United States,Energy and natural resources,2019,967,True
Sweden,Energy and natural resources,2018,0,True
missing,Energy and natural resources,2023,0,True
Brazil,Energy and natural resources,2017,0,True
Brazil,Energy and natural resources,2020,1,True
China,Energy and natural resources,2020,8,True
Saudi Arabia,Energy and natural resources,2020,1,True
Croatia,Facial Recognition,2021,1,True
China,Facial Recognition,2022,2,True
Saudi Arabia,Facial Recognition,2026,1200,False
Portugal,Finance,2019,1,True
Ireland,Finance,2022,25,True
Switzerland,Finance,2025,16,True
United States,Finance,2025,7039,True
Norway,Finance,2023,2,True
United Arab Emirates,Finance,2023,178,True
United Arab Emirates,Finance,2026,284,False
Netherlands,Finance,2022,128,True
India,Finance,2024,100,True
Japan,Finance,2026,15,False
Germany,Gaming,2023,3,True
Canada,Gaming,2021,4,True
Canada,Gaming,2025,3,True
China,Gaming,2026,33,False
Singapore,Gaming,2026,1,False
Finland,Gaming,2022,1,True
Turkey,Gaming,2024,0,True
United Arab Emirates,Gaming,2024,0,True
Chile,Gaming,2022,0,True
Norway,Gaming,2025,25,True
India,Gaming,2023,2,True
Saint Kitts and Nevis,Gaming,2021,0,True
Slovenia,General purpose,2023,20,True
Croatia,General purpose,2024,57,True
Argentina,General purpose,2025,80,True
Mexico,General purpose,2021,10,True
Switzerland,General purpose,2021,213,True
Philippines,General purpose,2022,24,True
Portugal,General purpose,2025,150,True
Seychelles,General purpose,2021,1,True
missing,General purpose,2023,15,True
Latvia,General purpose,2026,0,False
Czechia,General purpose,2020,6,True
Estonia,Hardware,2023,40,True
Norway,Hardware,2020,22,True
Nigeria,Hardware,2023,1,True
Russia,Hardware,2019,4,True
Russia,Hardware,2021,2,True
Costa Rica,Hardware,2022,0,True
Mexico,Hardware,2020,0,True
Denmark,Hardware,2021,7,True
Taiwan,Healthcare and Life Sciences,2022,64,True
Mexico,Healthcare and Life Sciences,2022,7,True
Denmark,Healthcare and Life Sciences,2016,0,True
Austria,Healthcare and Life Sciences,2017,2,True
Germany,Healthcare and Life Sciences,2019,14,True
Nigeria,Healthcare and Life Sciences,2026,0,False
Malaysia,Healthcare and Life Sciences,2019,0,True
Mexico,Information Technology,2025,0,True
Norway,Information Technology,2016,0,True
Japan,Information Technology,2020,105,True
Turkey,Information Technology,2019,2,True
Vietnam,Information Technology,2021,1,True
South Korea,Information Technology,2022,386,True
China,Information Technology,2016,3371,True
China,Information Technology,2023,1004,True
Estonia,Information Technology,2022,39,True
Kenya,Information Technology,2021,11,True
Indonesia,Information Technology,2018,0,True
Indonesia,Information Technology,2019,0,True
Russia,Information Technology,2019,10,True
Ireland,Information Technology,2024,42,True
Netherlands,Information Technology,2026,223,False
France,Lending and Investments,2018,1,True
Australia,Lending and Investments,2024,0,True
United Arab Emirates,Lending and Investments,2016,0,True
United States,Lending and Investments,2016,148,True
United States,Lending and Investments,2021,2744,True
United Kingdom,Lending and Investments,2023,53,True
China,Lending and Investments,2016,61,True
India,Lending and Investments,2024,15,True
Germany,Manufacturing,2020,39,True
Singapore,Manufacturing,2021,16,True
Czechia,Manufacturing,2026,1,False
Norway,Manufacturing,2024,101,True
South Korea,Manufacturing,2023,37,True
South Korea,Manufacturing,2024,73,True
Slovenia,Media and Entertainment,2016,1,True
Ukraine,Media and Entertainment,2026,7,False
Italy,Media and Entertainment,2021,3,True
missing,Media and Entertainment,2026,1,False
Spain,Media and Entertainment,2022,6,True
United States,Media and Entertainment,2018,1233,True
Thailand,Media and Entertainment,2024,28,True
Estonia,"Military, public safety and government",2024,8,True
France,"Military, public safety and government",2025,8,True
Poland,"Mobile, platforms & Internet services",2021,2,True
Nigeria,"Mobile, platforms & Internet services",2021,0,True
Uganda,"Mobile, platforms & Internet services",2020,0,True
Hungary,"Mobile, platforms & Internet services",2023,3,True
Switzerland,"Mobile, platforms & Internet services",2018,49,True
Bulgaria,"Mobile, platforms & Internet services",2024,3,True
Bangladesh,"Mobile, platforms & Internet services",2021,0,True
Kazakhstan,"Mobile, platforms & Internet services",2022,0,True
Turkey,"Mobile, platforms & Internet services",2019,1,True
Netherlands,"Mobile, platforms & Internet services",2020,1,True
Austria,"Mobile, platforms & Internet services",2026,1,False
Luxembourg,"Mobile, platforms & Internet services",2018,1,True
United States,NLP,2026,6141,False
France,NLP,2022,1,True
United Kingdom,NLP,2017,10,True
South Korea,NLP,2024,32,True
Israel,NLP,2019,2,True
Slovakia,NLP,2025,1,True
Russia,NLP,2020,0,True
Sweden,Navigation and mapping,2018,1,True
Belgium,Navigation and mapping,2018,0,True
United States,Navigation and mapping,2018,105,True
United States,Navigation and mapping,2023,142,True
France,Navigation and mapping,2022,11,True
New Zealand,Other,2022,0,True
Colombia,Other,2024,0,True
South Africa,Other,2018,0,True
Sweden,Other,2020,3427,True
Czechia,Other,2017,0,True
Pakistan,Other,2020,0,True
China,Privacy and Security,2019,38,True
Kazakhstan,Privacy and Security,2023,1,True
Russia,Privacy and Security,2019,0,True
Spain,Privacy and Security,2020,5,True
Seychelles,Privacy and Security,2016,0,True
Canada,Privacy and Security,2021,25,True
Australia,Privacy and Security,2019,2,True
Argentina,Professional services,2023,0,True
Canada,Professional services,2018,2139,True
Kenya,Professional services,2022,0,True
Switzerland,Professional services,2025,37,True
missing,Professional services,2023,0,True
South Korea,Professional services,2022,21,True
United Kingdom,Real estate,2023,172,True
South Korea,Real estate,2020,6,True
Austria,Real estate,2016,0,True
Vietnam,Real estate,2023,0,True
Finland,Real estate,2019,11,True
India,Real estate,2017,1,True
India,Real estate,2025,11,True
Singapore,Real estate,2016,3,True
Singapore,Real estate,2026,2,False
Finland,Robotics,2026,1,False
China,Robotics,2021,715,True
Ireland,Robotics,2016,1,True
Germany,Robotics,2018,8,True
Kuwait,Robotics,2023,4,True
Austria,"Sales, retail, commerce, marketing",2026,1,False
Estonia,"Sales, retail, commerce, marketing",2025,0,True
Norway,"Sales, retail, commerce, marketing",2020,10,True
Brazil,"Sales, retail, commerce, marketing",2026,33,False
United Arab Emirates,"Sales, retail, commerce, marketing",2023,4,True
Belgium,"Sales, retail, commerce, marketing",2017,16,True
Japan,"Sales, retail, commerce, marketing",2016,11,True
Japan,"Sales, retail, commerce, marketing",2017,32,True
Tanzania,"Sales, retail, commerce, marketing",2025,0,True
Canada,"Sales, retail, commerce, marketing",2024,275,True
Italy,"Sales, retail, commerce, marketing",2016,1,True
Germany,Semiconductor,2020,3,True
United Kingdom,Semiconductor,2020,32,True
Finland,Semiconductor,2020,8,True
Netherlands,Semiconductor,2026,25,False
Norway,Simulation,2025,25,True
Taiwan,Software,2017,10,True
Finland,Software,2022,649,True
Hungary,Software,2023,16,True
Slovakia,Software,2024,5,True
United Arab Emirates,Software,2016,5,True
Brazil,Software,2026,322,False
Tunisia,Software,2020,0,True
Iraq,Software,2022,0,True
United Kingdom,Software,2021,2666,True
France,Software,2020,429,True
France,Software,2026,1122,False
Indonesia,Software,2026,0,False
United States,Software,2022,27833,True
Singapore,Software,2023,1297,True
Zambia,Software,2022,0,True
Mexico,Software,2023,95,True
Turkey,Software,2019,8,True
Canada,Speech Recognition,2016,2,True
Australia,Sports,2021,24,True
Sweden,Sports,2016,0,True
Switzerland,Telecommunications,2024,2,True
United States,Telecommunications,2025,716,True
Singapore,Transportation,2017,1,True
Burkina Faso,Transportation,2023,0,True
Mexico,Transportation,2025,1,True
Japan,Transportation,2019,73,True
Dominican Republic,Transportation,2023,2,True
Austria,Transportation,2021,0,True
Estonia,Transportation,2018,0,True
Croatia,Transportation,2023,195,True
Switzerland,Agriculture,2016,2,True
Canada,Agriculture,2020,10,True
Greece,Agriculture,2023,110,True
Denmark,Agriculture,2021,2,True
Spain,Agriculture,2023,2,True
Egypt,Agriculture,2023,0,True
Sri Lanka,Agriculture,2020,0,True
Colombia,All,2023,35,True
Brazil,All,2019,275,True
Slovenia,All,2022,10,True
United Kingdom,All,2026,19848,False
United Arab Emirates,All,2023,454,True
Sweden,All,2025,2498,True
Kenya,All,2021,12,True
Turkey,All,2017,180,True
Turkey,All,2021,36,True
Poland,All,2020,99,True
Taiwan,All,2018,28,True
Taiwan,All,2021,146,True
Luxembourg,All,2025,7,True
Indonesia,All,2022,77,True
United States,Biotechnology,2019,1379,True
Brazil,Biotechnology,2019,0,True
Turkey,Biotechnology,2025,2,True
India,Biotechnology,2023,2,True
Canada,Biotechnology,2019,16,True
Poland,Biotechnology,2023,2,True
Netherlands,Community and Lifestyle,2018,4,True
Sri Lanka,Community and Lifestyle,2023,0,True
Portugal,Community and Lifestyle,2023,2,True
New Zealand,Community and Lifestyle,2023,13,True
India,Community and Lifestyle,2024,25,True
Vietnam,Community and Lifestyle,2021,0,True
Canada,Community and Lifestyle,2016,10,True
Spain,Community and Lifestyle,2026,1,False
Germany,Computer Vision,2023,7,True
Norway,Computer Vision,2018,1,True
New Zealand,Computer Vision,2017,0,True
China,Computer Vision,2020,50,True
Czechia,Computer Vision,2019,1,True
United Kingdom,Consumer goods,2017,56,True
United Kingdom,Consumer goods,2025,570,True
Taiwan,Consumer goods,2025,13,True
India,Consumer goods,2016,5,True
Canada,Consumer goods,2024,7,True
Switzerland,Cyber Security,2025,10,True
Australia,Cyber Security,2017,0,True
Japan,Cyber Security,2021,3,True
Belgium,Cyber Security,2026,14,False
Qatar,Cyber Security,2022,0,True
Austria,Data and analytics,2018,7,True
Austria,Data and analytics,2022,71,True
Tanzania,Data and analytics,2024,0,True
Sri Lanka,Data and analytics,2022,0,True
Denmark,Data and analytics,2023,48,True
Israel,Data and analytics,2026,4013,False
Zambia,Data and analytics,2026,0,False
Bangladesh,Data and analytics,2020,0,True
Slovenia,Data and analytics,2023,20,True
Chile,Data and analytics,2024,6,True
Peru,Data and analytics,2018,0,True
China,Data and analytics,2018,2707,True
Netherlands,Data and analytics,2018,54,True
Finland,Data and analytics,2024,686,True
Germany,Data and analytics,2021,816,True
Kazakhstan,Education,2020,0,True
Italy,Education,2025,2,True
Estonia,Education,2022,2,True
Turkey,Education,2023,0,True
Canada,Education,2024,5,True
France,Energy and natural resources,2017,4,True
South Korea,Energy and natural resources,2016,0,True
Portugal,Energy and natural resources,2022,1,True
missing,Energy and natural resources,2020,13,True
Belgium,Energy and natural resources,2023,5,True
Singapore,Energy and natural resources,2024,7,True
China,Energy and natural resources,2025,39,True
Saudi Arabia,Energy and natural resources,2026,3,False
Japan,Facial Recognition,2017,0,True
Sweden,Finance,2020,3423,True
Ireland,Finance,2024,115,True
Nigeria,Finance,2017,0,True
Spain,Finance,2016,0,True
United States,Finance,2023,2376,True
Ghana,Finance,2021,0,True
France,Finance,2018,19,True
Norway,Finance,2017,2,True
United Kingdom,Finance,2020,412,True
Netherlands,Finance,2016,22,True
Estonia,Finance,2019,0,True
Poland,Finance,2016,1,True
Bulgaria,Finance,2024,1,True
Turkey,Finance,2018,0,True
South Africa,Finance,2023,3,True
Philippines,Finance,2021,1,True
Germany,Gaming,2022,0,True
Finland,Gaming,2024,1,True
United States,Gaming,2019,178,True
Estonia,General purpose,2022,35,True
Estonia,General purpose,2024,24,True
Ireland,General purpose,2026,32,False
Denmark,General purpose,2019,40,True
Denmark,General purpose,2026,46,False
Germany,General purpose,2017,156,True
North Macedonia,General purpose,2022,1,True
Mongolia,General purpose,2025,4,True
Hungary,General purpose,2017,2,True
Trinidad and Tobago,General purpose,2026,13,False
Indonesia,General purpose,2016,2,True
Belgium,General purpose,2020,123,True
Sweden,General purpose,2025,1320,True
Thailand,General purpose,2024,47,True
Czechia,General purpose,2026,9,False
Italy,General purpose,2022,27,True
Norway,General purpose,2021,257,True
Norway,General purpose,2024,128,True
Chile,Hardware,2018,1,True
China,Hardware,2023,568,True
Ukraine,Hardware,2016,0,True
Ukraine,Hardware,2026,3,False
Argentina,Hardware,2023,0,True
Spain,Hardware,2023,15,True
Denmark,Hardware,2025,17,True
Netherlands,Hardware,2020,4,True
Poland,Hardware,2016,0,True
Poland,Hardware,2024,1,True
Israel,Hardware,2025,793,True
Iceland,Hardware,2016,2,True
Israel,Healthcare and Life Sciences,2021,366,True
Singapore,Healthcare and Life Sciences,2026,41,False
Brazil,Healthcare and Life Sciences,2023,1,True
United States,Healthcare and Life Sciences,2019,1984,True
Germany,Healthcare and Life Sciences,2018,5,True
Hungary,Healthcare and Life Sciences,2016,1,True
New Zealand,Healthcare and Life Sciences,2017,0,True
South Africa,Healthcare and Life Sciences,2019,2,True
Czechia,Information Technology,2017,3,True
Jordan,Information Technology,2024,0,True
Switzerland,Information Technology,2017,67,True
Uganda,Information Technology,2023,0,True
Malaysia,Information Technology,2026,40,False
Thailand,Information Technology,2018,0,True
Canada,Information Technology,2023,253,True
Spain,Information Technology,2026,187,False
Mongolia,Information Technology,2025,4,True
South Africa,Information Technology,2021,3,True
Belgium,Information Technology,2016,1,True
Israel,Information Technology,2019,2145,True
Ireland,Information Technology,2021,41,True
Bulgaria,Information Technology,2023,0,True
Slovakia,Manufacturing,2019,3,True
Canada,Manufacturing,2022,1002,True
Estonia,Manufacturing,2020,13,True
India,Manufacturing,2017,4,True
United Kingdom,Manufacturing,2018,37,True
Malaysia,Manufacturing,2025,0,True
Russia,Manufacturing,2018,0,True
South Korea,Manufacturing,2020,9,True
United Arab Emirates,Media and Entertainment,2023,0,True
Australia,Media and Entertainment,2019,35,True
Greece,Media and Entertainment,2023,0,True
China,Media and Entertainment,2019,357,True
Canada,Media and Entertainment,2020,5,True
Singapore,Media and Entertainment,2017,2,True
Australia,"Military, public safety and government",2022,3,True
Italy,"Military, public safety and government",2025,4,True
Poland,"Military, public safety and government",2020,2,True
South Korea,"Military, public safety and government",2018,1,True
India,"Mobile, platforms & Internet services",2026,535,False
Sweden,"Mobile, platforms & Internet services",2026,26,False
Croatia,"Mobile, platforms & Internet services",2026,4,False
Portugal,"Mobile, platforms & Internet services",2023,1,True
Malaysia,"Mobile, platforms & Internet services",2024,0,True
United Kingdom,"Mobile, platforms & Internet services",2020,731,True
Canada,"Mobile, platforms & Internet services",2023,93,True
Zambia,"Mobile, platforms & Internet services",2023,0,True
Austria,"Mobile, platforms & Internet services",2025,1,True
Kenya,"Mobile, platforms & Internet services",2021,1,True
Luxembourg,"Mobile, platforms & Internet services",2023,1,True
Luxembourg,NLP,2022,0,True
United States,NLP,2018,94,True
Switzerland,NLP,2022,0,True
Italy,NLP,2018,0,True
Chile,NLP,2023,0,True
Canada,Navigation and mapping,2022,1,True
Singapore,Navigation and mapping,2020,8,True
South Africa,Navigation and mapping,2023,1,True
Australia,Navigation and mapping,2017,1,True
Australia,Navigation and mapping,2020,0,True
Estonia,Navigation and mapping,2022,0,True
New Zealand,Navigation and mapping,2022,1,True
Switzerland,Navigation and mapping,2019,5,True
Slovakia,Navigation and mapping,2020,1,True
Singapore,Other,2016,5,True
United States,Other,2019,2044,True
Iceland,Other,2024,2,True
New Zealand,Other,2019,0,True
Romania,Other,2025,1,True
South Korea,Other,2025,3,True
Poland,Other,2019,1,True
Bosnia and Herzegovina,Other,2016,0,True
Sweden,Other,2021,21,True
Turkey,Other,2018,0,True
United Arab Emirates,Privacy and Security,2026,6,False
Estonia,Privacy and Security,2025,15,True
Netherlands,Privacy and Security,2024,4,True
Ireland,Privacy and Security,2022,30,True
Belgium,Privacy and Security,2026,14,False
South Korea,Privacy and Security,2018,1,True
South Korea,Privacy and Security,2021,4,True
United Kingdom,Privacy and Security,2024,55,True
Norway,Professional services,2022,4,True
Luxembourg,Professional services,2019,1,True
United Arab Emirates,Professional services,2022,5,True
United Arab Emirates,Professional services,2025,46,True
Brazil,Professional services,2018,5,True
Portugal,Professional services,2024,5,True
Belgium,Professional services,2025,11,True
Chile,Real estate,2016,0,True
Denmark,Real estate,2026,1,False
South Africa,Real estate,2023,1,True
Australia,Real estate,2021,21,True
Australia,Real estate,2024,6,True
South Korea,Real estate,2022,11,True
Finland,Real estate,2020,119,True
China,Real estate,2025,18,True
Ireland,Real estate,2020,3,True
Ireland,Real estate,2026,0,False
Netherlands,Robotics,2025,0,True
China,Robotics,2024,255,True
India,Robotics,2020,2,True
United Kingdom,Robotics,2025,110,True
Norway,Robotics,2026,13,False
Ghana,"Sales, retail, commerce, marketing",2017,0,True
missing,"Sales, retail, commerce, marketing",2023,0,True
missing,"Sales, retail, commerce, marketing",2026,6,False
Indonesia,"Sales, retail, commerce, marketing",2019,2,True
Nigeria,"Sales, retail, commerce, marketing",2022,0,True
Spain,"Sales, retail, commerce, marketing",2019,31,True
South Korea,"Sales, retail, commerce, marketing",2026,13,False
Portugal,"Sales, retail, commerce, marketing",2018,3,True
China,"Sales, retail, commerce, marketing",2016,38,True
United Kingdom,"Sales, retail, commerce, marketing",2019,2518,True
United Kingdom,"Sales, retail, commerce, marketing",2024,102,True
Sri Lanka,"Sales, retail, commerce, marketing",2024,1,True
Kenya,"Sales, retail, commerce, marketing",2022,0,True
Luxembourg,"Sales, retail, commerce, marketing",2021,0,True
India,Semiconductor,2023,24,True
Singapore,Semiconductor,2023,2,True
United States,Simulation,2017,13,True
Taiwan,Software,2018,23,True
Sweden,Software,2022,97,True
Egypt,Software,2019,2,True
Canada,Software,2016,527,True
China,Software,2020,3307,True
Iceland,Software,2021,4,True
Slovakia,Software,2026,1,False
United Arab Emirates,Software,2026,399,False
Armenia,Software,2025,0,True
Oman,Software,2024,3,True
Israel,Software,2017,215,True
Austria,Software,2017,7,True
Poland,Software,2021,25,True
Uzbekistan,Software,2021,0,True
Jordan,Software,2026,1,False
France,Software,2024,1827,True
Indonesia,Software,2021,75,True
Costa Rica,Software,2022,0,True
Côte d'Ivoire,Software,2022,0,True
Lebanon,Software,2017,2,True
Serbia,Software,2018,0,True
Georgia,Software,2023,0,True
Germany,Speech Recognition,2018,0,True
Singapore,Sports,2020,1,True
Australia,Sports,2024,0,True
United Kingdom,Sports,2016,1,True
Saudi Arabia,Sports,2024,0,True
Sweden,Sports,2019,5,True
Cyprus,Sports,2020,2,True
South Korea,Telecommunications,2019,25,True
Australia,Telecommunications,2016,0,True
Australia,Telecommunications,2017,26,True
Germany,Telecommunications,2016,1,True
Singapore,Telecommunications,2018,16,True
United States,Telecommunications,2023,485,True
Romania,Transportation,2025,0,True
New Zealand,Transportation,2024,0,True
China,Transportation,2026,396,False
Germany,Transportation,2021,357,True
Italy,Transportation,2022,1,True
Canada,Transportation,2026,47,False
Sweden,Transportation,2017,0,True
Sweden,Transportation,2024,5,True
Saudi Arabia,Transportation,2025,8,True
Greece,Transportation,2020,10,True
Hungary,Transportation,2016,1,True
Egypt,Transportation,2024,1,True
Argentina,Agriculture,2021,1,True
Finland,Agriculture,2019,1,True
Denmark,Agriculture,2020,0,True
Tunisia,Agriculture,2023,0,True
Iceland,All,2021,6,True
Slovenia,All,2020,4,True
China,All,2019,5551,True
Norway,All,2020,361,True
Norway,All,2023,136,True
South Korea,All,2019,558,True
Sweden,All,2022,601,True
Pakistan,All,2018,0,True
New Zealand,All,2023,35,True
India,All,2018,1902,True
Malta,All,2025,0,True
Bosnia and Herzegovina,All,2020,0,True
United States,All,2020,41506,True
Peru,All,2020,3,True
Peru,All,2025,0,True
Denmark,All,2017,45,True
Venezuela,All,2019,1,True
Serbia,All,2022,8,True
Ireland,All,2021,605,True
Indonesia,All,2021,80,True
Sri Lanka,All,2024,11,True
South Korea,Biotechnology,2021,45,True
Spain,Biotechnology,2026,14,False
Turkey,Biotechnology,2018,0,True
Austria,Biotechnology,2025,1,True
Japan,Community and Lifestyle,2026,2,False
Singapore,Community and Lifestyle,2019,49,True
Indonesia,Community and Lifestyle,2025,0,True
Switzerland,Community and Lifestyle,2019,4,True
United Arab Emirates,Community and Lifestyle,2016,1,True
Norway,Computer Vision,2017,0,True
Turkey,Computer Vision,2018,1,True
Turkey,Computer Vision,2022,1,True
Belgium,Computer Vision,2017,0,True
Belgium,Consumer goods,2019,0,True
Brazil,Consumer goods,2022,3,True
Germany,Consumer goods,2017,0,True
Hungary,Consumer goods,2019,2,True
Hungary,Consumer goods,2020,1,True
Colombia,Consumer goods,2026,7,False
Singapore,Cyber Security,2018,5,True
Canada,Cyber Security,2019,5,True
missing,Cyber Security,2023,6,True
Poland,Data and analytics,2016,11,True
Philippines,Data and analytics,2022,24,True
Kazakhstan,Data and analytics,2025,5,True
Ghana,Data and analytics,2022,1,True
Lithuania,Data and analytics,2016,0,True
Romania,Data and analytics,2021,13,True
Bulgaria,Data and analytics,2016,0,True
Israel,Data and analytics,2019,2230,True
Slovenia,Data and analytics,2025,2,True
Luxembourg,Data and analytics,2020,4,True
Switzerland,Data and analytics,2022,280,True
Georgia,Data and analytics,2024,0,True
Singapore,Data and analytics,2017,458,True
Argentina,Education,2019,0,True
Turkey,Education,2017,0,True
Turkey,Education,2020,0,True
Finland,Education,2021,15,True
Ireland,Energy and natural resources,2022,1,True
Hungary,Energy and natural resources,2018,0,True
Australia,Energy and natural resources,2025,19,True
India,Energy and natural resources,2016,1,True
United States,Facial Recognition,2016,37,True
Brazil,Facial Recognition,2023,0,True
Australia,Facial Recognition,2020,0,True
Portugal,Finance,2017,17,True
Iceland,Finance,2022,3,True
Czechia,Finance,2017,2,True
Nigeria,Finance,2019,13,True
Switzerland,Finance,2026,60,False
United States,Finance,2018,636,True
Côte d'Ivoire,Finance,2023,0,True
Norway,Finance,2018,5,True
Norway,Finance,2025,4,True
Malaysia,Finance,2022,0,True
United Arab Emirates,Finance,2020,0,True
Saudi Arabia,Finance,2023,1184,True
Belgium,Finance,2022,223,True
South Africa,Finance,2018,13,True
India,Finance,2023,77,True
Japan,Finance,2021,81,True
Chile,Gaming,2018,0,True
Panama,Gaming,2025,0,True
Estonia,General purpose,2025,63,True
Pakistan,General purpose,2018,0,True
Japan,General purpose,2018,195,True
Austria,General purpose,2019,37,True
Honduras,General purpose,2024,0,True
missing,General purpose,2016,0,True
Taiwan,General purpose,2021,68,True
Russia,General purpose,2016,1,True
Latvia,General purpose,2021,0,True
Belgium,General purpose,2026,70,False
Thailand,General purpose,2022,3,True
Egypt,General purpose,2025,6,True
Ukraine,General purpose,2022,0,True
China,Hardware,2021,1456,True
Ukraine,Hardware,2017,0,True
Egypt,Hardware,2019,0,True
Mexico,Hardware,2016,0,True
Taiwan,Hardware,2020,20,True
Hungary,Hardware,2018,5,True
Germany,Hardware,2016,3,True
India,Hardware,2017,23,True
Serbia,Hardware,2023,43,True
Brazil,Hardware,2020,13,True
Morocco,Healthcare and Life Sciences,2026,0,False
Czechia,Healthcare and Life Sciences,2021,2,True
France,Healthcare and Life Sciences,2023,56,True
Egypt,Healthcare and Life Sciences,2018,0,True
Kenya,Healthcare and Life Sciences,2024,1,True
South Korea,Healthcare and Life Sciences,2017,1,True
Taiwan,Healthcare and Life Sciences,2017,2,True
Kazakhstan,Healthcare and Life Sciences,2022,1,True
Switzerland,Healthcare and Life Sciences,2025,22,True
Germany,Healthcare and Life Sciences,2020,21,True
Bulgaria,Healthcare and Life Sciences,2022,1,True
Lithuania,Information Technology,2021,0,True
United Kingdom,Information Technology,2016,92,True
Czechia,Information Technology,2026,4,False
Taiwan,Information Technology,2018,3,True
United States,Information Technology,2018,16138,True
United States,Information Technology,2026,38448,False
Australia,Information Technology,2022,286,True
Azerbaijan,Information Technology,2025,0,True
Portugal,Information Technology,2024,20,True
Egypt,Information Technology,2025,3,True
Estonia,Information Technology,2016,9,True
Estonia,Information Technology,2024,12,True
Kenya,Information Technology,2025,0,True
South Africa,Information Technology,2017,7,True
Ireland,Lending and Investments,2024,1,True
Taiwan,Lending and Investments,2016,0,True
Spain,Lending and Investments,2025,0,True
China,Lending and Investments,2017,42,True
Belgium,Lending and Investments,2019,2,True
Singapore,Manufacturing,2019,1,True
India,Manufacturing,2026,57,False
Spain,Manufacturing,2025,7,True
Israel,Manufacturing,2026,1333,False
Turkey,Manufacturing,2023,8,True
France,Manufacturing,2021,9,True
Iceland,Manufacturing,2020,3,True
Poland,Manufacturing,2022,0,True
Norway,Manufacturing,2020,75,True
Austria,Media and Entertainment,2019,1,True
Japan,Media and Entertainment,2022,16,True
Australia,Media and Entertainment,2020,10,True
Turkey,Media and Entertainment,2019,0,True
Turkey,Media and Entertainment,2021,0,True
Denmark,Media and Entertainment,2017,32,True
United Kingdom,Media and Entertainment,2016,166,True
Slovakia,Media and Entertainment,2026,0,False
India,Media and Entertainment,2019,8,True
Kenya,Media and Entertainment,2018,0,True
Brazil,"Military, public safety and government",2022,0,True
India,"Mobile, platforms & Internet services",2020,11987,True
Thailand,"Mobile, platforms & Internet services",2024,29,True
Australia,"Mobile, platforms & Internet services",2023,65,True
Sweden,"Mobile, platforms & Internet services",2018,14,True
Nigeria,"Mobile, platforms & Internet services",2017,0,True
Nigeria,"Mobile, platforms & Internet services",2024,1,True
Chile,"Mobile, platforms & Internet services",2021,2,True
New Zealand,"Mobile, platforms & Internet services",2019,0,True
Spain,"Mobile, platforms & Internet services",2019,29,True
Venezuela,"Mobile, platforms & Internet services",2019,1,True
Brazil,"Mobile, platforms & Internet services",2021,100,True
Kenya,"Mobile, platforms & Internet services",2024,0,True
Romania,"Mobile, platforms & Internet services",2021,2,True
Romania,"Mobile, platforms & Internet services",2023,10,True
Philippines,"Mobile, platforms & Internet services",2022,24,True
Philippines,"Mobile, platforms & Internet services",2025,96,True
Brazil,NLP,2017,0,True
Vietnam,NLP,2026,2,False
Netherlands,NLP,2023,3,True
Canada,NLP,2020,237,True
Turkey,NLP,2022,0,True
China,NLP,2018,172,True
Austria,NLP,2025,1,True
Chile,NLP,2020,1,True
Pakistan,NLP,2025,0,True
Singapore,Navigation and mapping,2021,31,True
Ireland,Navigation and mapping,2019,2,True
Germany,Navigation and mapping,2018,3,True
Germany,Other,2018,2,True
Norway,Other,2022,0,True
Norway,Other,2023,2,True
Finland,Other,2024,5,True
Singapore,Other,2018,20,True
Argentina,Other,2020,0,True
Austria,Other,2016,0,True
Brazil,Other,2017,0,True
United States,Privacy and Security,2019,1911,True
Estonia,Privacy and Security,2020,7,True
Estonia,Privacy and Security,2021,14,True
Netherlands,Privacy and Security,2019,89,True
Australia,Privacy and Security,2020,1,True
Greece,Privacy and Security,2025,3,True
India,Privacy and Security,2017,15,True
United Kingdom,Privacy and Security,2019,32,True
Nigeria,Professional services,2017,0,True
Mexico,Professional services,2023,0,True
Philippines,Professional services,2016,0,True
Singapore,Professional services,2016,1,True
Hungary,Professional services,2021,0,True
Ireland,Professional services,2021,359,True
Portugal,Professional services,2020,7,True
Germany,Professional services,2019,19,True
Germany,Professional services,2021,34,True
Austria,Professional services,2018,1,True
Austria,Professional services,2024,11,True
Netherlands,Real estate,2023,3,True
Estonia,Real estate,2018,1,True
Germany,Real estate,2017,3,True
Finland,Real estate,2024,0,True
Mexico,Real estate,2024,0,True
Italy,Robotics,2026,3,False
United States,Robotics,2023,530,True
Romania,Robotics,2020,1,True
Israel,Robotics,2025,1,True
Austria,"Sales, retail, commerce, marketing",2022,4,True
Mexico,"Sales, retail, commerce, marketing",2024,2,True
Pakistan,"Sales, retail, commerce, marketing",2025,0,True
Czechia,"Sales, retail, commerce, marketing",2024,2,True
Portugal,"Sales, retail, commerce, marketing",2017,0,True
Sweden,"Sales, retail, commerce, marketing",2023,3,True
Croatia,"Sales, retail, commerce, marketing",2020,1,True
Bulgaria,"Sales, retail, commerce, marketing",2023,0,True
Netherlands,"Sales, retail, commerce, marketing",2025,10,True
Singapore,"Sales, retail, commerce, marketing",2026,191,False
Hungary,"Sales, retail, commerce, marketing",2018,0,True
Italy,"Sales, retail, commerce, marketing",2022,2,True
Japan,Semiconductor,2023,8,True
Taiwan,Semiconductor,2021,16,True
Taiwan,Semiconductor,2024,2,True
Canada,Simulation,2023,2,True
Taiwan,Software,2023,44,True
Finland,Software,2019,259,True
Egypt,Software,2022,3,True
Japan,Software,2021,222,True
Pakistan,Software,2024,0,True
Philippines,Software,2025,96,True
Armenia,Software,2023,0,True
Lithuania,Software,2016,0,True
Algeria,Software,2022,0,True
Indonesia,Software,2025,5,True
Argentina,Software,2022,6,True
Bosnia and Herzegovina,Software,2021,0,True
Lebanon,Software,2018,0,True
Lebanon,Software,2022,0,True
Russia,Software,2018,5,True
Netherlands,Software,2023,363,True
Peru,Software,2022,0,True
Italy,Software,2020,27,True
Turkey,Software,2026,9,False
India,Speech Recognition,2017,0,True
Singapore,Speech Recognition,2022,3,True
Colombia,Speech Recognition,2017,0,True
Australia,Sports,2023,0,True
Poland,Sports,2023,0,True
China,Sports,2020,15,True
Finland,Telecommunications,2024,1,True
Japan,Telecommunications,2017,1,True
Canada,Telecommunications,2024,0,True
Nigeria,Telecommunications,2024,0,True
United Kingdom,Transportation,2016,10,True
Venezuela,Transportation,2019,1,True
France,Transportation,2025,26,True
Brazil,Transportation,2019,2,True
Qatar,Transportation,2022,1,True
Czechia,Transportation,2020,2,True
Czechia,Transportation,2025,1,True
Finland,Transportation,2017,12,True
Portugal,Transportation,2025,13,True
South Africa,Transportation,2017,1,True
Bulgaria,Transportation,2023,3,True
Switzerland,Transportation,2021,21,True
Switzerland,Transportation,2026,19,False
Canada,Agriculture,2023,14,True
Argentina,Agriculture,2017,1,True
Finland,Agriculture,2020,2,True
Finland,Agriculture,2023,2,True
Chile,Agriculture,2025,0,True
Kenya,Agriculture,2022,3,True
Vietnam,All,2025,109,True
Japan,All,2016,195,True
Malaysia,All,2018,23,True
Slovakia,All,2016,1,True
Switzerland,All,2025,1312,True
Netherlands,All,2020,177,True
Kenya,All,2025,2,True
Egypt,All,2025,19,True
Taiwan,All,2024,149,True
Israel,All,2023,1408,True
Germany,All,2020,1169,True
Georgia,All,2024,0,True
Dominican Republic,All,2023,2,True
Belgium,All,2019,211,True
Belgium,All,2025,211,True
Portugal,Biotechnology,2016,0,True
Belgium,Biotechnology,2017,0,True
Australia,Biotechnology,2019,3,True
Finland,Biotechnology,2020,1,True
Canada,Biotechnology,2023,60,True
Netherlands,Biotechnology,2021,96,True
Argentina,Community and Lifestyle,2022,0,True
Belgium,Community and Lifestyle,2022,21,True
Kenya,Community and Lifestyle,2025,0,True
Portugal,Community and Lifestyle,2020,1,True
Tunisia,Community and Lifestyle,2022,0,True
Germany,Community and Lifestyle,2019,15,True
Italy,Community and Lifestyle,2026,23,False
Australia,Community and Lifestyle,2022,11,True
United Kingdom,Community and Lifestyle,2018,25,True
Mexico,Computer Vision,2022,0,True
Finland,Computer Vision,2021,13,True
Canada,Computer Vision,2023,24,True
France,Computer Vision,2019,26,True
Nigeria,Computer Vision,2017,0,True
Russia,Computer Vision,2020,1,True
Saudi Arabia,Computer Vision,2019,1,True
Portugal,Computer Vision,2022,2,True
Estonia,Computer Vision,2022,0,True
Australia,Consumer goods,2018,7,True
Ireland,Consumer goods,2025,1,True
Singapore,Consumer goods,2016,0,True
Canada,Consumer goods,2018,12,True
Norway,Consumer goods,2022,7,True
United States,Consumer goods,2021,3023,True
Sri Lanka,Consumer goods,2021,0,True
Singapore,Cyber Security,2020,5,True
Israel,Cyber Security,2023,32,True
United States,Cyber Security,2023,2053,True
Philippines,Data and analytics,2020,0,True
Philippines,Data and analytics,2026,6,False
North Macedonia,Data and analytics,2022,1,True
Ireland,Data and analytics,2017,23,True
Israel,Data and analytics,2016,171,True
Serbia,Data and analytics,2024,3,True
Thailand,Data and analytics,2025,2,True
Greece,Data and analytics,2019,3,True
Peru,Data and analytics,2022,0,True
China,Data and analytics,2026,6131,False
Tunisia,Data and analytics,2022,2,True
Georgia,Data and analytics,2025,1,True
Japan,Data and analytics,2026,1743,False
Tunisia,Education,2020,0,True
Germany,Education,2018,1,True
Poland,Education,2019,2,True
Colombia,Education,2016,0,True
Estonia,Education,2017,1,True
Estonia,Education,2020,0,True
New Zealand,Education,2021,0,True
Ireland,Energy and natural resources,2024,0,True
France,Energy and natural resources,2022,18,True
France,Energy and natural resources,2024,18,True
Brazil,Energy and natural resources,2019,1,True
Switzerland,Energy and natural resources,2024,3,True
Israel,Energy and natural resources,2019,10,True
India,Energy and natural resources,2024,17,True
Singapore,Energy and natural resources,2017,1,True
Turkey,Energy and natural resources,2024,1,True
Canada,Facial Recognition,2016,0,True
Russia,Facial Recognition,2018,1,True
Italy,Finance,2018,2,True
Italy,Finance,2025,18,True
France,Finance,2016,11,True
Chile,Finance,2019,0,True
Denmark,Finance,2016,2,True
Denmark,Finance,2024,4,True
Netherlands,Finance,2020,6,True
Turkey,Finance,2024,5,True
India,Finance,2026,92,False
Spain,Gaming,2025,2,True
United Kingdom,Gaming,2018,5,True
United Kingdom,Gaming,2024,20,True
South Korea,Gaming,2025,129,True
Estonia,Gaming,2023,0,True
United States,Gaming,2021,212,True
Mexico,General purpose,2020,2,True
Poland,General purpose,2018,14,True
Poland,General purpose,2021,21,True
Australia,General purpose,2025,473,True
Denmark,General purpose,2018,166,True
Austria,General purpose,2026,60,False
Germany,General purpose,2025,3035,True
Spain,General purpose,2022,372,True
Bangladesh,General purpose,2018,0,True
Bulgaria,General purpose,2017,3,True
Hungary,General purpose,2019,4,True
Brazil,General purpose,2021,80,True
Russia,General purpose,2019,24,True
Sri Lanka,General purpose,2018,2,True
Indonesia,General purpose,2020,6,True
Latvia,General purpose,2024,2,True
Malaysia,General purpose,2020,6,True
Sweden,General purpose,2020,3452,True
Tunisia,General purpose,2021,0,True
Canada,General purpose,2019,392,True
Slovakia,Hardware,2018,1,True
Slovakia,Hardware,2023,1,True
Ukraine,Hardware,2021,0,True
Cyprus,Hardware,2023,0,True
Bahrain,Hardware,2020,0,True
Poland,Hardware,2025,26,True
Lebanon,Hardware,2016,0,True
Japan,Hardware,2020,37,True
Germany,Hardware,2026,562,False
Switzerland,Hardware,2016,20,True
France,Healthcare and Life Sciences,2018,18,True
Denmark,Healthcare and Life Sciences,2026,1,False
Austria,Healthcare and Life Sciences,2018,2,True
Hungary,Healthcare and Life Sciences,2022,3,True
New Zealand,Healthcare and Life Sciences,2016,1,True
Australia,Healthcare and Life Sciences,2016,2,True
Brazil,Information Technology,2016,3,True
Latvia,Information Technology,2017,0,True
United Kingdom,Information Technology,2025,3949,True
Japan,Information Technology,2017,143,True
Japan,Information Technology,2018,123,True
Japan,Information Technology,2025,118,True
Taiwan,Information Technology,2022,20,True
Austria,Information Technology,2019,3,True
Turkey,Information Technology,2022,29,True
Philippines,Information Technology,2023,0,True
Colombia,Information Technology,2022,1,True
Poland,Information Technology,2022,8,True
Ghana,Information Technology,2021,0,True
Belgium,Information Technology,2020,107,True
Ireland,Information Technology,2025,43,True
United Arab Emirates,Information Technology,2021,806,True
Czechia,Lending and Investments,2024,1,True
Mexico,Lending and Investments,2021,0,True
South Korea,Lending and Investments,2022,1,True
Belgium,Lending and Investments,2025,3,True
India,Lending and Investments,2025,43,True
Estonia,Manufacturing,2025,5,True
United Kingdom,Manufacturing,2022,41,True
Luxembourg,Manufacturing,2021,109,True
Sweden,Manufacturing,2019,4,True
Chile,Manufacturing,2024,0,True
Finland,Manufacturing,2022,1,True
Saudi Arabia,Media and Entertainment,2018,0,True
United Kingdom,Media and Entertainment,2021,517,True
Indonesia,Media and Entertainment,2025,1,True
Spain,Media and Entertainment,2020,12,True
United States,Media and Entertainment,2019,1355,True
Ireland,Media and Entertainment,2021,3,True
Canada,"Military, public safety and government",2017,0,True
United Arab Emirates,"Military, public safety and government",2024,0,True
Romania,"Military, public safety and government",2023,1,True
Germany,"Military, public safety and government",2023,109,True
South Korea,"Military, public safety and government",2023,4,True
Chile,"Mobile, platforms & Internet services",2018,2,True
Peru,"Mobile, platforms & Internet services",2017,0,True
Switzerland,"Mobile, platforms & Internet services",2019,197,True
Bulgaria,"Mobile, platforms & Internet services",2018,0,True
Slovakia,"Mobile, platforms & Internet services",2020,0,True
Spain,"Mobile, platforms & Internet services",2023,17,True
Germany,"Mobile, platforms & Internet services",2021,164,True
United Kingdom,"Mobile, platforms & Internet services",2026,341,False
Austria,"Mobile, platforms & Internet services",2019,1,True
Mexico,"Mobile, platforms & Internet services",2020,25,True
Japan,"Mobile, platforms & Internet services",2018,73,True
Serbia,NLP,2020,0,True
South Africa,NLP,2022,1,True
Ireland,Navigation and mapping,2018,0,True
United Kingdom,Navigation and mapping,2022,36,True
Israel,Navigation and mapping,2024,17,True
Germany,Navigation and mapping,2024,20,True
Australia,Other,2016,15,True
missing,Other,2024,1,True
missing,Other,2026,62,False
Kazakhstan,Other,2026,0,False
Netherlands,Other,2021,1,True
Belgium,Other,2022,22,True
New Zealand,Other,2016,0,True
Romania,Other,2020,1,True
United Arab Emirates,Other,2025,29,True
United Kingdom,Other,2018,46,True
Austria,Other,2018,0,True
Qatar,Other,2024,4,True
Singapore,Privacy and Security,2025,18,True
Poland,Privacy and Security,2025,1,True
Thailand,Privacy and Security,2018,1,True
Belgium,Privacy and Security,2018,2,True
Japan,Privacy and Security,2023,104,True
Denmark,Privacy and Security,2024,1,True
Germany,Privacy and Security,2026,93,False
Australia,Professional services,2018,33,True
Canada,Professional services,2017,34,True
Finland,Professional services,2024,4,True
Bulgaria,Professional services,2022,0,True
Bulgaria,Professional services,2024,3,True
Spain,Professional services,2016,0,True
Croatia,Professional services,2020,0,True
Turkey,Professional services,2016,1,True
Turkey,Professional services,2022,10,True
Portugal,Professional services,2019,10,True
Poland,Professional services,2020,4,True
Egypt,Professional services,2023,0,True
South Africa,Real estate,2019,1,True
Hungary,Real estate,2021,0,True
Germany,Real estate,2022,25,True
Spain,Real estate,2019,9,True
Italy,Real estate,2016,0,True
United States,Robotics,2017,279,True
Brazil,Robotics,2021,0,True
Turkey,Robotics,2019,0,True
Peru,Robotics,2021,0,True
Switzerland,Robotics,2021,9,True
Switzerland,Robotics,2025,48,True
United Kingdom,Robotics,2021,9,True
Austria,"Sales, retail, commerce, marketing",2023,4,True
United States,"Sales, retail, commerce, marketing",2021,11855,True
Norway,"Sales, retail, commerce, marketing",2018,1,True
South Africa,"Sales, retail, commerce, marketing",2023,1,True
Brazil,"Sales, retail, commerce, marketing",2022,303,True
Taiwan,"Sales, retail, commerce, marketing",2018,2,True
Switzerland,"Sales, retail, commerce, marketing",2020,21,True
Portugal,"Sales, retail, commerce, marketing",2021,4,True
Japan,"Sales, retail, commerce, marketing",2025,29,True
France,"Sales, retail, commerce, marketing",2020,90,True
Germany,"Sales, retail, commerce, marketing",2016,4,True
Israel,"Sales, retail, commerce, marketing",2020,23,True
Israel,"Sales, retail, commerce, marketing",2026,32,False
Singapore,"Sales, retail, commerce, marketing",2021,644,True
United Kingdom,Semiconductor,2025,242,True
United Kingdom,Semiconductor,2026,1483,False
United States,Semiconductor,2017,94,True
Switzerland,Simulation,2021,1,True
Singapore,Simulation,2018,2,True
Malaysia,Software,2017,0,True
Sweden,Software,2017,31,True
New Zealand,Software,2019,3,True
Canada,Software,2018,2382,True
Chile,Software,2022,9,True
Lithuania,Software,2018,1,True
Jordan,Software,2020,0,True
Ukraine,Software,2024,2,True
United Kingdom,Software,2020,1764,True
Cyprus,Software,2018,2,True
Bulgaria,Software,2017,3,True
Singapore,Software,2018,375,True
Saudi Arabia,Software,2020,26,True
Luxembourg,Software,2024,21,True
Czechia,Software,2021,33,True
Turkey,Software,2020,3,True
Canada,Speech Recognition,2022,0,True
United States,Speech Recognition,2018,589,True
Taiwan,Speech Recognition,2021,0,True
Australia,Speech Recognition,2018,7,True
Germany,Sports,2018,1,True
Australia,Sports,2022,2,True
France,Sports,2022,5,True
India,Sports,2025,0,True
Japan,Sports,2025,0,True
Finland,Telecommunications,2023,0,True
South Korea,Telecommunications,2021,20,True
Malaysia,Telecommunications,2026,40,False
New Zealand,Telecommunications,2022,1,True
United States,Telecommunications,2022,366,True
Chile,Transportation,2020,1,True
Chile,Transportation,2022,0,True
Israel,Transportation,2021,109,True
United States,Transportation,2024,8221,True
Belgium,Transportation,2021,8,True
Argentina,Transportation,2020,0,True
Finland,Transportation,2018,0,True
Austria,Transportation,2024,11,True
Hungary,Transportation,2020,1,True
Egypt,Transportation,2018,0,True
Finland,Agriculture,2018,0,True
France,Agriculture,2022,7,True
Chile,Agriculture,2019,0,True
Bangladesh,Agriculture,2022,0,True
Italy,Agriculture,2018,0,True
Japan,Agriculture,2024,7,True
Israel,Agriculture,2021,328,True
North Macedonia,All,2024,0,True
Lithuania,All,2023,8,True
Hungary,All,2025,23,True
Slovenia,All,2016,1,True
United Kingdom,All,2023,4395,True
Sweden,All,2021,5059,True
Pakistan,All,2026,7,False
Australia,All,2026,13138,False
Poland,All,2026,54,False
Canada,All,2023,1979,True
Thailand,All,2018,1,True
Serbia,All,2023,43,True
United States,Biotechnology,2023,1128,True
South Korea,Biotechnology,2025,20,True
Sweden,Biotechnology,2016,1,True
India,Biotechnology,2017,0,True
China,Biotechnology,2020,140,True
Singapore,Biotechnology,2016,0,True
Singapore,Biotechnology,2025,18,True
United Kingdom,Biotechnology,2021,43,True
missing,Biotechnology,2026,55000,False
Norway,Biotechnology,2024,1,True
Ireland,Community and Lifestyle,2018,10,True
Japan,Community and Lifestyle,2017,4,True
Brazil,Community and Lifestyle,2025,67,True
Austria,Community and Lifestyle,2017,0,True
South Africa,Community and Lifestyle,2017,1,True
Canada,Community and Lifestyle,2020,51,True
Israel,Community and Lifestyle,2019,11,True
Israel,Community and Lifestyle,2020,19,True
Hungary,Computer Vision,2022,7,True
India,Computer Vision,2025,15,True
Turkey,Computer Vision,2019,0,True
Austria,Computer Vision,2019,1,True
Netherlands,Computer Vision,2024,6,True
South Korea,Computer Vision,2022,11,True
missing,Computer Vision,2023,1,True
New Zealand,Computer Vision,2021,1,True
Saudi Arabia,Computer Vision,2018,0,True
China,Computer Vision,2022,126,True
Lithuania,Computer Vision,2021,0,True
Lithuania,Computer Vision,2025,0,True
United Kingdom,Consumer goods,2023,37,True
Taiwan,Consumer goods,2019,1,True
Italy,Consumer goods,2025,1,True
Turkey,Consumer goods,2025,1,True
Canada,Consumer goods,2017,8,True
Japan,Consumer goods,2019,7,True
Japan,Consumer goods,2020,8,True
Austria,Cyber Security,2023,0,True
United States,Cyber Security,2022,1098,True
Italy,Cyber Security,2020,1,True
Portugal,Cyber Security,2024,1,True
Sweden,Cyber Security,2026,1,False
United Kingdom,Cyber Security,2026,63,False
Germany,Cyber Security,2025,26,True
Kazakhstan,Data and analytics,2021,1,True
Croatia,Data and analytics,2021,2,True
Romania,Data and analytics,2017,0,True
Indonesia,Data and analytics,2021,76,True
Indonesia,Data and analytics,2023,9,True
Vietnam,Data and analytics,2023,4,True
Sweden,Data and analytics,2023,73,True
Malta,Data and analytics,2025,0,True
Slovenia,Data and analytics,2016,1,True
Slovenia,Data and analytics,2020,1,True
Azerbaijan,Data and analytics,2025,0,True
Portugal,Data and analytics,2021,72,True
Kenya,Data and analytics,2025,1,True
Slovakia,Data and analytics,2022,3,True
Slovakia,Data and analytics,2025,10,True
Malaysia,Data and analytics,2018,11,True
Singapore,Data and analytics,2025,3323,True
India,Education,2016,4,True
France,Education,2026,127,False
United States,Education,2019,128,True
Estonia,Education,2025,1,True
Turkey,Education,2026,0,False
Sweden,Education,2020,1,True
Canada,Education,2016,387,True
Spain,Energy and natural resources,2019,5,True
United Arab Emirates,Energy and natural resources,2022,0,True
Switzerland,Energy and natural resources,2021,4,True
Russia,Energy and natural resources,2017,2,True
China,Facial Recognition,2023,13,True
Colombia,Finance,2016,1,True
Mexico,Finance,2026,171,False
Spain,Finance,2021,13,True
Indonesia,Finance,2020,1,True
New Zealand,Finance,2020,2,True
United States,Finance,2021,7470,True
Ghana,Finance,2022,11,True
Chile,Finance,2021,1,True
Rwanda,Finance,2023,0,True
Canada,Finance,2025,82,True
Canada,Finance,2026,65,False
Estonia,Finance,2022,2,True
Turkey,Finance,2023,0,True
Belgium,Finance,2017,24,True
Canada,Gaming,2019,4,True
Canada,Gaming,2024,3,True
Malta,Gaming,2020,1,True
missing,Gaming,2021,2,True
Iceland,Gaming,2016,1,True
United States,Gaming,2023,30,True
Serbia,General purpose,2019,0,True
New Zealand,General purpose,2019,4,True
New Zealand,General purpose,2024,19,True
Switzerland,General purpose,2024,210,True
Tanzania,General purpose,2024,0,True
Poland,General purpose,2025,65,True
Philippines,General purpose,2021,0,True
Lithuania,General purpose,2025,13,True
Kenya,General purpose,2018,0,True
Indonesia,General purpose,2022,6,True
Belgium,General purpose,2018,16,True
Italy,General purpose,2019,5,True
Romania,General purpose,2022,6,True
Qatar,Hardware,2024,0,True
Panama,Hardware,2026,1,False
Lithuania,Hardware,2020,0,True
Sweden,Hardware,2023,1,True
Australia,Hardware,2020,10,True
Croatia,Hardware,2019,0,True
missing,Hardware,2018,1,True
Czechia,Hardware,2024,1,True
Austria,Hardware,2023,2,True
Belgium,Hardware,2016,1,True
Canada,Hardware,2022,1032,True
Sri Lanka,Hardware,2019,1,True
Turkey,Hardware,2022,24,True
Ukraine,Healthcare and Life Sciences,2024,0,True
Lithuania,Healthcare and Life Sciences,2025,0,True
South Korea,Healthcare and Life Sciences,2022,111,True
Mexico,Healthcare and Life Sciences,2025,10,True
United States,Healthcare and Life Sciences,2017,1166,True
Denmark,Healthcare and Life Sciences,2021,6,True
Saudi Arabia,Healthcare and Life Sciences,2018,0,True
Ukraine,Information Technology,2021,0,True
Lithuania,Information Technology,2022,0,True
Rwanda,Information Technology,2026,0,False
Norway,Information Technology,2021,252,True
Japan,Information Technology,2016,44,True
Australia,Information Technology,2024,111,True
Colombia,Information Technology,2025,0,True
Kazakhstan,Information Technology,2024,2,True
Uganda,Information Technology,2019,0,True
missing,Information Technology,2016,0,True
Thailand,Information Technology,2020,1,True
Canada,Information Technology,2017,51,True
Russia,Information Technology,2023,1,True
Poland,Information Technology,2018,5,True
France,Information Technology,2024,452,True
Nigeria,Information Technology,2025,0,True
Ireland,Information Technology,2019,28,True
Netherlands,Information Technology,2017,43,True
Burkina Faso,Lending and Investments,2023,0,True
Mexico,Lending and Investments,2017,0,True
Denmark,Lending and Investments,2016,2,True
Switzerland,Lending and Investments,2022,0,True
Brazil,Lending and Investments,2020,2,True
Singapore,Manufacturing,2022,29,True
Austria,Manufacturing,2016,1,True
Spain,Manufacturing,2019,2,True
Spain,Manufacturing,2024,2,True
Denmark,Manufacturing,2024,3,True
Denmark,Manufacturing,2025,16,True
United Kingdom,Manufacturing,2021,19,True
Luxembourg,Manufacturing,2022,4,True
Australia,Manufacturing,2019,3,True
Australia,Manufacturing,2026,14,False
Iceland,Manufacturing,2018,2,True
Italy,Manufacturing,2022,6,True
Saudi Arabia,Manufacturing,2020,1,True
Japan,Media and Entertainment,2019,38,True
Colombia,Media and Entertainment,2016,0,True
Norway,Media and Entertainment,2019,0,True
Poland,Media and Entertainment,2024,0,True
Saudi Arabia,Media and Entertainment,2017,11,True
Israel,Media and Entertainment,2020,39,True
Belgium,Media and Entertainment,2022,1,True
missing,Media and Entertainment,2022,0,True
Lithuania,Media and Entertainment,2016,0,True
United Kingdom,Media and Entertainment,2023,66,True
Singapore,Media and Entertainment,2018,152,True
South Korea,Media and Entertainment,2017,1,True
Jamaica,Media and Entertainment,2025,50,True
Romania,Media and Entertainment,2019,0,True
India,Media and Entertainment,2020,16,True
India,Media and Entertainment,2023,8,True
China,"Military, public safety and government",2018,8,True
Canada,"Military, public safety and government",2024,2,True
Lithuania,"Military, public safety and government",2024,0,True
Norway,"Military, public safety and government",2022,0,True
Ireland,"Military, public safety and government",2023,13,True
Poland,"Military, public safety and government",2019,0,True
Poland,"Mobile, platforms & Internet services",2020,5,True
Australia,"Mobile, platforms & Internet services",2022,233,True
Bangladesh,"Mobile, platforms & Internet services",2022,1,True
New Zealand,"Mobile, platforms & Internet services",2025,42,True
Portugal,"Mobile, platforms & Internet services",2020,2,True
Denmark,"Mobile, platforms & Internet services",2023,6,True
Denmark,"Mobile, platforms & Internet services",2024,5,True
Singapore,"Mobile, platforms & Internet services",2021,585,True
Serbia,"Mobile, platforms & Internet services",2018,0,True
Turkey,"Mobile, platforms & Internet services",2023,21,True
Germany,"Mobile, platforms & Internet services",2017,57,True
Germany,"Mobile, platforms & Internet services",2019,40,True
Japan,"Mobile, platforms & Internet services",2026,17,False
Colombia,NLP,2022,1,True
Croatia,NLP,2025,0,True
Taiwan,NLP,2018,18,True
United Kingdom,NLP,2025,23,True
Germany,NLP,2024,1,True
Canada,Navigation and mapping,2026,2,False
Ireland,Navigation and mapping,2021,1,True
Australia,Navigation and mapping,2023,9,True
Estonia,Navigation and mapping,2020,0,True
France,Navigation and mapping,2017,3,True
Russia,Other,2024,0,True
Australia,Other,2024,20,True
Germany,Other,2023,31,True
Finland,Other,2019,1,True
China,Other,2024,81,True
Taiwan,Other,2023,6,True
Austria,Other,2021,0,True
Austria,Other,2023,0,True
Egypt,Other,2017,0,True
Canada,Other,2024,24,True
Lithuania,Other,2024,2,True
Iceland,Privacy and Security,2024,0,True
Japan,Privacy and Security,2017,0,True
Switzerland,Privacy and Security,2021,98,True
Canada,Professional services,2026,93,False
United Arab Emirates,Professional services,2024,47,True
Czechia,Professional services,2018,1,True
Finland,Professional services,2025,8,True
Indonesia,Professional services,2019,0,True
United States,Professional services,2026,6183,False
Hungary,Professional services,2018,0,True
Saudi Arabia,Professional services,2017,0,True
Estonia,Professional services,2025,3,True
Egypt,Professional services,2019,0,True
Sweden,Professional services,2025,1145,True
Brazil,Real estate,2022,152,True
Australia,Robotics,2025,1,True
Singapore,Robotics,2020,20,True
Denmark,Robotics,2024,3,True
Turkey,Robotics,2020,0,True
Estonia,Robotics,2026,16,False
United Kingdom,Robotics,2026,212,False
Mexico,"Sales, retail, commerce, marketing",2022,2,True
Estonia,"Sales, retail, commerce, marketing",2022,0,True
missing,"Sales, retail, commerce, marketing",2018,1,True
Turkey,"Sales, retail, commerce, marketing",2025,0,True
India,"Sales, retail, commerce, marketing",2024,126,True
Poland,"Sales, retail, commerce, marketing",2026,1,False
Lithuania,"Sales, retail, commerce, marketing",2021,1,True
Serbia,"Sales, retail, commerce, marketing",2017,0,True
Serbia,"Sales, retail, commerce, marketing",2018,0,True
Bulgaria,"Sales, retail, commerce, marketing",2018,0,True
Israel,"Sales, retail, commerce, marketing",2016,88,True
Israel,"Sales, retail, commerce, marketing",2018,24,True
Hungary,"Sales, retail, commerce, marketing",2019,2,True
Japan,Semiconductor,2017,1,True
Singapore,Semiconductor,2024,1388,True
France,Semiconductor,2021,5,True
Israel,Simulation,2018,1,True
Canada,Simulation,2021,1,True
Malaysia,Software,2016,0,True
Taiwan,Software,2022,80,True
Sweden,Software,2023,80,True
Kenya,Software,2024,6,True
Slovenia,Software,2025,2,True
Egypt,Software,2018,0,True
Hungary,Software,2025,15,True
Iceland,Software,2019,7,True
Philippines,Software,2023,7,True
Austria,Software,2020,30,True
Mauritius,Software,2025,0,True
Poland,Software,2019,16,True
Poland,Software,2023,12,True
Cyprus,Software,2016,1,True
Cyprus,Software,2020,25,True
United States,Software,2017,6512,True
Bulgaria,Software,2021,15,True
Peru,Software,2019,1,True
Italy,Software,2019,6,True
Finland,Speech Recognition,2021,0,True
United States,Speech Recognition,2021,99,True
China,Sports,2019,6,True
France,Telecommunications,2021,0,True
Australia,Telecommunications,2023,15,True
Italy,Telecommunications,2024,3,True
Switzerland,Telecommunications,2020,2,True
India,Telecommunications,2022,46,True
Germany,Telecommunications,2017,1,True
Poland,Telecommunications,2016,3,True
Singapore,Telecommunications,2021,1,True
Singapore,Telecommunications,2023,800,True
Nigeria,Telecommunications,2020,0,True
China,Transportation,2017,119,True
Germany,Transportation,2018,11,True
South Korea,Transportation,2026,16,False
Finland,Transportation,2021,1,True
South Africa,Transportation,2021,0,True
Switzerland,Agriculture,2018,4,True
Canada,Agriculture,2021,27,True
Norway,Agriculture,2019,3,True
Finland,Agriculture,2021,3,True
Australia,Agriculture,2020,4,True
Germany,Agriculture,2026,11,False
China,Agriculture,2024,7,True
Vietnam,All,2026,4,False
Lithuania,All,2018,2,True
missing,All,2019,5,True
Lebanon,All,2022,0,True
Norway,All,2022,264,True
Iran,All,2020,0,True
Estonia,All,2019,18,True
United Arab Emirates,All,2017,21,True
Nigeria,All,2019,18,True
Kazakhstan,All,2023,5,True
Pakistan,All,2025,1,True
New Zealand,All,2018,3,True
Spain,All,2016,51,True
Singapore,All,2016,96,True
Singapore,All,2019,1947,True
Ghana,All,2017,0,True
Ghana,All,2018,1,True
Côte d'Ivoire,All,2023,0,True
Belgium,All,2026,1275,False
Sri Lanka,All,2022,0,True
Portugal,Biotechnology,2019,2,True
Chile,Biotechnology,2022,0,True
France,Biotechnology,2025,24,True
Argentina,Biotechnology,2025,0,True
Australia,Biotechnology,2024,1,True
Hungary,Biotechnology,2020,2,True
Denmark,Biotechnology,2022,1,True
Germany,Biotechnology,2020,2,True
Poland,Biotechnology,2019,1,True
Belgium,Community and Lifestyle,2025,0,True
Chile,Community and Lifestyle,2025,0,True
France,Community and Lifestyle,2019,2,True
Israel,Community and Lifestyle,2026,300,False
Czechia,Community and Lifestyle,2026,1,False
United States,Computer Vision,2018,379,True
Canada,Computer Vision,2020,11,True
France,Computer Vision,2021,1,True
New Zealand,Computer Vision,2020,3,True
Portugal,Computer Vision,2019,1,True
Spain,Computer Vision,2024,1,True
Singapore,Consumer goods,2018,11,True
Canada,Consumer goods,2025,38,True
Sweden,Consumer goods,2026,1,False
United States,Consumer goods,2022,958,True
South Korea,Consumer goods,2026,15,False
Austria,Consumer goods,2019,0,True
Hungary,Consumer goods,2018,0,True
China,Consumer goods,2024,14,True
Brazil,Cyber Security,2022,17,True
Czechia,Cyber Security,2016,0,True
United States,Cyber Security,2017,322,True
United States,Cyber Security,2024,4032,True
France,Cyber Security,2016,1,True
India,Cyber Security,2025,0,True
Germany,Cyber Security,2017,0,True
Argentina,Data and analytics,2017,4,True
Norway,Data and analytics,2017,29,True
Norway,Data and analytics,2019,32,True
Bulgaria,Data and analytics,2017,3,True
Zambia,Data and analytics,2023,0,True
France,Data and analytics,2019,421,True
Serbia,Data and analytics,2019,0,True
Chile,Data and analytics,2022,9,True
Morocco,Data and analytics,2022,0,True
Switzerland,Data and analytics,2025,559,True
Czechia,Data and analytics,2025,61,True
Finland,Data and analytics,2017,22,True
Tunisia,Data and analytics,2025,0,True
Brazil,Data and analytics,2025,148,True
missing,Data and analytics,2018,4,True
Japan,Data and analytics,2022,117,True
Romania,Education,2017,0,True
Poland,Education,2023,0,True
Nigeria,Education,2018,0,True
Finland,Education,2022,0,True
Saudi Arabia,Education,2022,0,True
Germany,Energy and natural resources,2021,51,True
Mexico,Energy and natural resources,2024,0,True
Luxembourg,Energy and natural resources,2018,0,True
South Korea,Energy and natural resources,2026,2,False
Sweden,Energy and natural resources,2022,31,True
United Kingdom,Energy and natural resources,2021,43,True
Norway,Energy and natural resources,2023,0,True
Norway,Energy and natural resources,2024,8,True
Australia,Energy and natural resources,2024,17,True
Lithuania,Energy and natural resources,2024,0,True
India,Energy and natural resources,2025,41,True
Singapore,Energy and natural resources,2018,1,True
Saudi Arabia,Energy and natural resources,2025,2,True
Netherlands,Facial Recognition,2016,6,True
Chile,Facial Recognition,2019,0,True
Czechia,Finance,2023,20,True
China,Finance,2018,242,True
China,Finance,2021,119,True
Ireland,Finance,2026,18,False
Switzerland,Finance,2023,3,True
Ghana,Finance,2025,0,True
Canada,Finance,2017,38,True
Saudi Arabia,Finance,2020,7,True
Seychelles,Finance,2021,1,True
South Africa,Finance,2025,8,True
Lebanon,Finance,2017,0,True
Japan,Finance,2025,10,True
Spain,Gaming,2021,0,True
Australia,Gaming,2023,0,True
South Africa,General purpose,2017,6,True
New Zealand,General purpose,2018,1,True
Slovenia,General purpose,2026,0,False
Ghana,General purpose,2022,1,True
Ireland,General purpose,2023,122,True
Germany,General purpose,2016,47,True
Netherlands,General purpose,2017,109,True
Spain,General purpose,2016,39,True
Chile,General purpose,2018,6,True
Chile,General purpose,2019,6,True
Saudi Arabia,General purpose,2025,884,True
Saudi Arabia,General purpose,2026,1235,False
Belgium,General purpose,2017,116,True
Nigeria,General purpose,2017,0,True
Nigeria,General purpose,2019,8,True
Sweden,General purpose,2016,14,True
Czechia,General purpose,2022,47,True
Zambia,General purpose,2023,0,True
Greece,General purpose,2018,1,True
Saint Kitts and Nevis,General purpose,2021,0,True
Estonia,Hardware,2024,8,True
Egypt,Hardware,2018,0,True
Egypt,Hardware,2025,3,True
Germany,Hardware,2025,436,True
Netherlands,Healthcare and Life Sciences,2016,3,True
Israel,Healthcare and Life Sciences,2022,144,True
France,Healthcare and Life Sciences,2024,226,True
Japan,Healthcare and Life Sciences,2017,11,True
United Kingdom,Healthcare and Life Sciences,2018,75,True
Belgium,Healthcare and Life Sciences,2018,0,True
Belgium,Healthcare and Life Sciences,2026,3,False
Norway,Healthcare and Life Sciences,2025,0,True
Switzerland,Healthcare and Life Sciences,2020,10,True
Tunisia,Healthcare and Life Sciences,2020,0,True
Denmark,Information Technology,2024,12,True
Mexico,Information Technology,2017,1,True
Japan,Information Technology,2023,203,True
Japan,Information Technology,2024,197,True
Luxembourg,Information Technology,2019,1,True
Switzerland,Information Technology,2025,60,True
New Zealand,Information Technology,2025,44,True
Malaysia,Information Technology,2023,5,True
Pakistan,Information Technology,2019,0,True
Pakistan,Information Technology,2020,0,True
Romania,Information Technology,2016,1,True
Canada,Lending and Investments,2025,4,True
United Kingdom,Lending and Investments,2018,114,True
Germany,Lending and Investments,2022,5,True
Singapore,Lending and Investments,2023,1,True
Singapore,Lending and Investments,2026,3,False
Brazil,Lending and Investments,2017,0,True
Singapore,Manufacturing,2023,34,True
Japan,Manufacturing,2021,13,True
Ukraine,Manufacturing,2023,2,True
Poland,Manufacturing,2020,2,True
Switzerland,Media and Entertainment,2018,2,True
Hungary,Media and Entertainment,2024,4,True
Germany,Media and Entertainment,2017,22,True
Saudi Arabia,Media and Entertainment,2025,4,True
Italy,Media and Entertainment,2020,5,True
Denmark,Media and Entertainment,2025,1,True
Lithuania,Media and Entertainment,2020,0,True
South Korea,Media and Entertainment,2020,7,True
Israel,"Military, public safety and government",2025,32,True
United Arab Emirates,"Mobile, platforms & Internet services",2021,808,True
Sweden,"Mobile, platforms & Internet services",2021,7,True
Croatia,"Mobile, platforms & Internet services",2019,0,True
Croatia,"Mobile, platforms & Internet services",2021,1,True
Slovakia,"Mobile, platforms & Internet services",2024,5,True
Turkey,"Mobile, platforms & Internet services",2018,500,True
Indonesia,"Mobile, platforms & Internet services",2018,0,True
Brazil,"Mobile, platforms & Internet services",2017,4,True
Mexico,"Mobile, platforms & Internet services",2022,2,True
Norway,"Mobile, platforms & Internet services",2026,9,False
Egypt,"Mobile, platforms & Internet services",2024,0,True
France,NLP,2016,1,True
Denmark,NLP,2017,0,True
India,NLP,2020,4,True
Taiwan,NLP,2024,1,True
Czechia,NLP,2023,0,True
Indonesia,NLP,2017,0,True
Slovakia,NLP,2022,1,True
Canada,Navigation and mapping,2021,0,True
New Zealand,Navigation and mapping,2026,0,False
Switzerland,Navigation and mapping,2025,0,True
Spain,Navigation and mapping,2025,45,True
Netherlands,Navigation and mapping,2017,1,True
Spain,Other,2018,6,True
Netherlands,Other,2018,3,True
Belgium,Other,2018,0,True
Ireland,Other,2025,1,True
Israel,Other,2022,177,True
Hungary,Other,2020,1,True
China,Other,2020,83,True
Denmark,Other,2017,0,True
Austria,Other,2025,0,True
Japan,Other,2019,7,True
Japan,Other,2020,22,True
Mexico,Other,2020,0,True
Netherlands,Privacy and Security,2018,18,True
Canada,Privacy and Security,2018,19,True
Israel,Privacy and Security,2021,145,True
India,Privacy and Security,2024,19,True
Mexico,Privacy and Security,2023,0,True
Saudi Arabia,Privacy and Security,2026,3,False
Mexico,Professional services,2025,1,True
Iceland,Professional services,2019,2,True
Hungary,Professional services,2019,1,True
Netherlands,Professional services,2024,70,True
Estonia,Professional services,2023,2,True
Peru,Professional services,2017,0,True
Netherlands,Real estate,2026,61,False
Japan,Real estate,2020,8,True
Portugal,Real estate,2019,2,True
Czechia,Real estate,2021,0,True
United Arab Emirates,Real estate,2016,0,True
United States,Real estate,2020,391,True
Italy,Real estate,2026,19,False
Belgium,Real estate,2019,2,True
Cyprus,Real estate,2026,0,False
Singapore,Real estate,2018,2,True
Singapore,Real estate,2024,1,True
Netherlands,Robotics,2024,6,True
China,Robotics,2022,385,True
Hungary,Robotics,2016,1,True
Egypt,"Sales, retail, commerce, marketing",2023,0,True
Mexico,"Sales, retail, commerce, marketing",2020,25,True
Latvia,"Sales, retail, commerce, marketing",2024,0,True
India,"Sales, retail, commerce, marketing",2022,223,True
Spain,"Sales, retail, commerce, marketing",2022,301,True
Uruguay,"Sales, retail, commerce, marketing",2017,0,True
Czechia,"Sales, retail, commerce, marketing",2023,1,True
Lithuania,"Sales, retail, commerce, marketing",2026,2,False
New Zealand,"Sales, retail, commerce, marketing",2017,0,True
Bulgaria,"Sales, retail, commerce, marketing",2016,0,True
Germany,"Sales, retail, commerce, marketing",2026,100,False
Colombia,"Sales, retail, commerce, marketing",2018,0,True
Singapore,"Sales, retail, commerce, marketing",2019,128,True
Chile,"Sales, retail, commerce, marketing",2025,3,True
Hungary,"Sales, retail, commerce, marketing",2025,3,True
Ireland,"Sales, retail, commerce, marketing",2025,58,True
Japan,Semiconductor,2021,5,True
South Korea,Semiconductor,2026,243,False
United Kingdom,Simulation,2022,1,True
Israel,Simulation,2019,0,True
Sweden,Software,2016,20,True
Kenya,Software,2026,3,False
Egypt,Software,2026,5,False
Bangladesh,Software,2020,0,True
Thailand,Software,2023,8,True
South Korea,Software,2020,254,True
Lithuania,Software,2021,5,True
Kazakhstan,Software,2019,0,True
Malta,Software,2018,0,True
Malta,Software,2020,1,True
Zambia,Software,2023,0,True
Denmark,Software,2019,41,True
Israel,Speech Recognition,2023,13,True
China,Speech Recognition,2022,55,True
United States,Speech Recognition,2024,163,True
Germany,Sports,2022,7,True
Italy,Sports,2025,0,True
Canada,Telecommunications,2021,55,True
Singapore,Telecommunications,2025,7,True
France,Transportation,2026,32,False
Israel,Transportation,2017,44,True
Australia,Transportation,2020,5,True
United States,Transportation,2023,3435,True
Brazil,Transportation,2023,17,True
India,Transportation,2025,88,True
Ecuador,Transportation,2021,0,True
Japan,Transportation,2023,52,True
Taiwan,Transportation,2019,5,True
Malaysia,Agriculture,2019,0,True
Argentina,Agriculture,2023,0,True
Turkey,Agriculture,2022,0,True
Greece,Agriculture,2025,0,True
United Kingdom,Agriculture,2019,7,True
Lithuania,All,2016,0,True
Lithuania,All,2019,5,True
Uruguay,All,2025,5,True
Qatar,All,2020,0,True
Philippines,All,2023,7,True
Belarus,All,2022,0,True
Greece,All,2023,110,True
Estonia,All,2020,75,True
Kuwait,All,2023,7,True
Netherlands,All,2016,65,True
Ecuador,All,2021,0,True
Argentina,All,2018,1,True
Ukraine,All,2023,3,True
Brazil,Biotechnology,2025,0,True
Portugal,Biotechnology,2022,10,True
Portugal,Biotechnology,2025,0,True
Israel,Biotechnology,2025,32,True
Lithuania,Biotechnology,2024,2,True
Australia,Biotechnology,2020,10,True
Germany,Biotechnology,2018,2,True
Belgium,Community and Lifestyle,2021,7,True
Mexico,Community and Lifestyle,2019,0,True
Japan,Community and Lifestyle,2022,10,True
New Zealand,Community and Lifestyle,2022,0,True
France,Community and Lifestyle,2018,0,True
United States,Community and Lifestyle,2019,673,True
United Arab Emirates,Community and Lifestyle,2025,0,True
Finland,Computer Vision,2017,6,True
India,Computer Vision,2024,8,True
Switzerland,Computer Vision,2017,12,True
Switzerland,Computer Vision,2024,3,True
France,Computer Vision,2016,4,True
Austria,Computer Vision,2021,4,True
Iceland,Computer Vision,2025,1,True
Colombia,Computer Vision,2016,0,True
Ireland,Computer Vision,2026,1,False
Romania,Computer Vision,2022,0,True
Israel,Computer Vision,2022,44,True
Malaysia,Consumer goods,2020,2,True
Saudi Arabia,Consumer goods,2016,1000,True
Czechia,Consumer goods,2020,1,True
Australia,Consumer goods,2017,28,True
Australia,Consumer goods,2024,0,True
India,Consumer goods,2022,223,True
Sweden,Consumer goods,2022,4,True
South Korea,Consumer goods,2022,8,True
United Arab Emirates,Consumer goods,2018,2,True
China,Consumer goods,2023,110,True
Japan,Cyber Security,2024,1,True
Greece,Cyber Security,2025,3,True
Netherlands,Cyber Security,2025,7,True
Norway,Cyber Security,2023,2,True
United Kingdom,Cyber Security,2021,158,True
Poland,Data and analytics,2018,12,True
Lithuania,Data and analytics,2024,6,True
Romania,Data and analytics,2016,1,True
Lebanon,Data and analytics,2017,1,True
Estonia,Data and analytics,2019,5,True
Australia,Data and analytics,2017,47,True
Ireland,Data and analytics,2022,193,True
Pakistan,Data and analytics,2024,0,True
Denmark,Data and analytics,2017,38,True
Denmark,Data and analytics,2020,47,True
Sweden,Data and analytics,2018,52,True
Spain,Data and analytics,2019,35,True
Malta,Data and analytics,2023,0,True
Ukraine,Data and analytics,2020,1,True
Egypt,Data and analytics,2025,6,True
United Arab Emirates,Data and analytics,2019,16,True
Turkey,Data and analytics,2017,2,True
China,Data and analytics,2019,1944,True
Kenya,Data and analytics,2020,5,True
Japan,Education,2019,12,True
Brazil,Education,2020,1,True
Bangladesh,Education,2020,0,True
Estonia,Education,2021,1,True
Hungary,Education,2018,1,True
China,Education,2018,255,True
United States,Energy and natural resources,2024,315,True
Norway,Energy and natural resources,2017,12,True
Australia,Energy and natural resources,2021,9,True
Brazil,Energy and natural resources,2024,4,True
China,Energy and natural resources,2024,4,True
Vietnam,Finance,2023,0,True
Thailand,Finance,2016,0,True
Panama,Finance,2024,0,True
Indonesia,Finance,2023,2,True
Switzerland,Finance,2020,51,True
Norway,Finance,2021,21,True
Netherlands,Finance,2023,198,True
Croatia,Finance,2020,0,True
Israel,Finance,2023,28,True
South Africa,Finance,2021,33,True
Luxembourg,Finance,2021,1,True
Mauritius,Finance,2019,2,True
Greece,Finance,2024,0,True
India,Finance,2017,13,True
China,Gaming,2021,50,True
Japan,Gaming,2024,0,True
United Kingdom,Gaming,2026,20,False
Brazil,Gaming,2020,0,True
Brazil,Gaming,2024,0,True
United States,Gaming,2018,44,True
Poland,Gaming,2021,2,True
Poland,Gaming,2022,0,True
Belize,General purpose,2019,0,True
Malta,General purpose,2018,0,True
Croatia,General purpose,2020,1,True
Argentina,General purpose,2022,3,True
Portugal,General purpose,2023,22,True
Ireland,General purpose,2025,109,True
Taiwan,General purpose,2026,10,False
Saudi Arabia,General purpose,2023,1188,True
Luxembourg,General purpose,2025,1,True
Sweden,General purpose,2017,25,True
United Arab Emirates,General purpose,2019,16,True
United Arab Emirates,General purpose,2026,391,False
Slovakia,General purpose,2019,3,True
Egypt,General purpose,2020,1,True
Greece,General purpose,2021,4,True
Canada,General purpose,2016,75,True
Kenya,Hardware,2025,0,True
Slovakia,Hardware,2020,1,True
Latvia,Hardware,2017,0,True
Norway,Hardware,2019,14,True
Italy,Hardware,2017,5,True
Nigeria,Hardware,2018,5,True
Australia,Hardware,2026,5600,False
missing,Hardware,2022,0,True
missing,Hardware,2026,5,False
Georgia,Hardware,2025,0,True
South Korea,Hardware,2021,102,True
Belgium,Hardware,2020,7,True
India,Hardware,2024,93,True
Switzerland,Hardware,2023,126,True
Israel,Healthcare and Life Sciences,2023,49,True
Brazil,Healthcare and Life Sciences,2025,17,True
Portugal,Healthcare and Life Sciences,2024,1,True
United Kingdom,Healthcare and Life Sciences,2016,17,True
Kenya,Healthcare and Life Sciences,2025,1,True
India,Healthcare and Life Sciences,2022,42,True
United States,Healthcare and Life Sciences,2018,682,True
United States,Healthcare and Life Sciences,2021,4145,True
Denmark,Healthcare and Life Sciences,2018,3,True
Peru,Healthcare and Life Sciences,2025,0,True
Australia,Healthcare and Life Sciences,2023,11,True
Malaysia,Healthcare and Life Sciences,2020,0,True
India,Information Technology,2023,2440,True
Rwanda,Information Technology,2023,0,True
Mexico,Information Technology,2022,8,True
Japan,Information Technology,2022,44,True
Taiwan,Information Technology,2019,14,True
United States,Information Technology,2017,3478,True
Philippines,Information Technology,2026,6,False
Colombia,Information Technology,2021,1,True
Colombia,Information Technology,2024,0,True
Finland,Information Technology,2024,671,True
Sri Lanka,Information Technology,2025,4,True
Argentina,Information Technology,2019,0,True
France,Information Technology,2020,141,True
Nigeria,Information Technology,2026,5,False
South Korea,Lending and Investments,2026,6,False
Netherlands,Lending and Investments,2022,128,True
Germany,Manufacturing,2024,143,True
Portugal,Manufacturing,2019,0,True
Portugal,Manufacturing,2025,13,True
Nigeria,Manufacturing,2026,0,False
Denmark,Manufacturing,2023,1,True
Italy,Manufacturing,2025,10,True
Finland,Manufacturing,2026,1,False
New Zealand,Manufacturing,2020,0,True
Norway,Manufacturing,2019,2,True
Cyprus,Media and Entertainment,2020,2,True
Austria,Media and Entertainment,2025,0,True
Japan,Media and Entertainment,2023,380,True
Germany,Media and Entertainment,2022,45,True
Israel,Media and Entertainment,2021,32,True
Spain,Media and Entertainment,2018,3,True
Ireland,Media and Entertainment,2024,0,True
United Kingdom,"Military, public safety and government",2025,58,True
South Korea,"Military, public safety and government",2025,1,True
Uruguay,"Mobile, platforms & Internet services",2023,0,True
Australia,"Mobile, platforms & Internet services",2025,224,True
Nigeria,"Mobile, platforms & Internet services",2023,1,True
Albania,"Mobile, platforms & Internet services",2019,7,True
Finland,"Mobile, platforms & Internet services",2018,1,True
Malta,"Mobile, platforms & Internet services",2018,0,True
Germany,"Mobile, platforms & Internet services",2025,159,True
Malaysia,"Mobile, platforms & Internet services",2018,0,True
Austria,"Mobile, platforms & Internet services",2016,1,True
Mexico,"Mobile, platforms & Internet services",2021,11,True
Egypt,"Mobile, platforms & Internet services",2022,0,True
Luxembourg,NLP,2018,0,True
Hungary,NLP,2017,1,True
India,NLP,2017,3,True
Czechia,NLP,2021,1,True
United Kingdom,NLP,2024,4,True
Serbia,NLP,2022,0,True
Finland,NLP,2021,2,True
Austria,NLP,2021,15,True
Chile,NLP,2021,2,True
Pakistan,NLP,2026,1,False
Japan,NLP,2024,30,True
Switzerland,Navigation and mapping,2023,0,True
Australia,Other,2017,4,True
Germany,Other,2020,33,True
Ireland,Other,2022,22,True
Iceland,Other,2026,1600,False
Sweden,Other,2024,11,True
China,Privacy and Security,2023,15,True
United States,Privacy and Security,2020,1162,True
Finland,Privacy and Security,2025,1,True
Canada,Privacy and Security,2025,25,True
Australia,Privacy and Security,2018,3,True
India,Privacy and Security,2022,10,True
Switzerland,Privacy and Security,2022,135,True
Hungary,Privacy and Security,2023,1,True
Norway,Professional services,2026,4,False
Chile,Professional services,2024,2,True
Singapore,Professional services,2023,5,True
Colombia,Professional services,2021,0,True
Lebanon,Professional services,2018,0,True
United Arab Emirates,Professional services,2017,1,True
Malaysia,Professional services,2022,0,True
Netherlands,Professional services,2023,7,True
Turkey,Professional services,2019,0,True
New Zealand,Professional services,2021,0,True
Belgium,Professional services,2023,166,True
Ukraine,Professional services,2025,0,True
Austria,Professional services,2022,2,True
Austria,Professional services,2026,7,False
South Korea,Professional services,2026,18,False
Chile,Real estate,2021,0,True
Mauritius,Real estate,2022,2,True
Vietnam,Real estate,2022,0,True
Finland,Real estate,2018,1,True
France,Real estate,2018,11,True
Spain,Real estate,2020,1,True
Italy,Robotics,2025,14,True
Canada,Robotics,2026,45,False
Belgium,Robotics,2018,1,True
Malaysia,Robotics,2020,2,True
Sweden,Robotics,2021,30,True
Switzerland,Robotics,2022,6,True
France,Robotics,2026,54,False
United States,"Sales, retail, commerce, marketing",2025,2028,True
Saint Kitts and Nevis,"Sales, retail, commerce, marketing",2023,1,True
Uruguay,"Sales, retail, commerce, marketing",2025,1,True
United Kingdom,"Sales, retail, commerce, marketing",2016,104,True
France,"Sales, retail, commerce, marketing",2025,231,True
Saudi Arabia,"Sales, retail, commerce, marketing",2021,1831,True
Chile,"Sales, retail, commerce, marketing",2024,1,True
Luxembourg,"Sales, retail, commerce, marketing",2025,1,True
Slovakia,"Sales, retail, commerce, marketing",2016,0,True
France,Semiconductor,2018,8,True
United States,Semiconductor,2020,90,True
United States,Simulation,2018,6,True
France,Simulation,2018,3,True
New Zealand,Software,2022,8,True
missing,Software,2025,398,True
Slovenia,Software,2026,0,False
Qatar,Software,2020,0,True
Bangladesh,Software,2024,1,True
Chile,Software,2020,10,True
Azerbaijan,Software,2023,0,True
Brazil,Software,2024,325,True
Ireland,Software,2020,70,True
Spain,Software,2025,1284,True
Ghana,Software,2024,0,True
Oman,Software,2025,0,True
France,Software,2018,212,True
Argentina,Software,2021,2,True
Argentina,Software,2024,2,True
Estonia,Software,2024,27,True
Netherlands,Software,2024,462,True
Latvia,Software,2019,2,True
Romania,Speech Recognition,2021,0,True
Australia,Sports,2018,1,True
Netherlands,Sports,2020,0,True
Netherlands,Sports,2025,0,True
South Korea,Sports,2019,0,True
Saudi Arabia,Sports,2023,0,True
Spain,Telecommunications,2018,1,True
Israel,Telecommunications,2021,83,True
Vietnam,Telecommunications,2020,1,True
India,Telecommunications,2017,1,True
Germany,Telecommunications,2024,1,True
Turkey,Transportation,2022,2,True
Canada,Transportation,2017,8,True
Mexico,Transportation,2022,14,True
Japan,Transportation,2016,5,True
Hungary,Agriculture,2021,0,True
Switzerland,Agriculture,2021,3,True
South Korea,Agriculture,2025,17,True
Latvia,All,2020,4,True
Lithuania,All,2022,1,True
Tajikistan,All,2022,1,True
Qatar,All,2019,1,True
Bahrain,All,2024,0,True
Malaysia,All,2017,1,True
Slovenia,All,2023,20,True
China,All,2016,4692,True
France,All,2021,2315,True
Mexico,All,2022,298,True
Zambia,All,2026,0,False
Romania,All,2016,1,True
Romania,All,2018,0,True
Russia,All,2019,25,True
Czechia,All,2017,8,True
Finland,All,2016,13,True
Spain,All,2019,114,True
India,All,2026,2493,False
Singapore,All,2018,769,True
United States,All,2026,476574,False
Serbia,All,2017,0,True
Portugal,All,2022,100,True
Portugal,Biotechnology,2020,5,True
Spain,Biotechnology,2023,5,True
Australia,Biotechnology,2022,3,True
Finland,Biotechnology,2021,15,True
Poland,Biotechnology,2018,1,True
Poland,Biotechnology,2025,6,True
Slovenia,Biotechnology,2016,0,True
Bulgaria,Community and Lifestyle,2018,0,True
Estonia,Community and Lifestyle,2021,1,True
missing,Community and Lifestyle,2026,3,False
Norway,Computer Vision,2022,6,True
South Korea,Computer Vision,2020,22,True
Ireland,Computer Vision,2022,3,True
Belgium,Consumer goods,2025,4,True
Saudi Arabia,Consumer goods,2022,0,True
France,Consumer goods,2016,2,True
France,Consumer goods,2024,5,True
Italy,Consumer goods,2026,18,False
Czechia,Consumer goods,2023,1,True
Turkey,Consumer goods,2022,1,True
Sweden,Consumer goods,2019,3,True
Estonia,Consumer goods,2022,0,True
Austria,Consumer goods,2017,1,True
Portugal,Consumer goods,2017,1,True
Sri Lanka,Cyber Security,2024,0,True
India,Cyber Security,2020,0,True
Seychelles,Data and analytics,2021,1,True
Croatia,Data and analytics,2023,196,True
Jordan,Data and analytics,2021,0,True
Mexico,Data and analytics,2017,1,True
Israel,Data and analytics,2020,838,True
Chile,Data and analytics,2018,7,True
Egypt,Data and analytics,2026,5,False
India,Data and analytics,2017,38,True
United Arab Emirates,Data and analytics,2016,5,True
Cyprus,Data and analytics,2020,25,True
Czechia,Data and analytics,2018,2,True
Czechia,Data and analytics,2019,14,True
Slovakia,Data and analytics,2021,1,True
Tunisia,Data and analytics,2023,0,True
Nigeria,Data and analytics,2021,0,True
Romania,Education,2024,0,True
India,Education,2025,57,True
India,Education,2026,55,False
Peru,Education,2020,3,True
Australia,Education,2019,1,True
Estonia,Education,2016,2,True
Iceland,Education,2023,0,True
Belgium,Education,2023,1,True
Sweden,Education,2016,1,True
Chile,Education,2023,0,True
South Korea,Education,2018,10,True
South Korea,Education,2021,204,True
Mexico,Energy and natural resources,2019,0,True
Netherlands,Energy and natural resources,2016,0,True
Brazil,Energy and natural resources,2023,1,True
Belgium,Energy and natural resources,2017,94,True
Belgium,Energy and natural resources,2025,2,True
China,Facial Recognition,2017,90,True
Luxembourg,Facial Recognition,2016,0,True
Spain,Finance,2020,3,True
Switzerland,Finance,2024,7,True
Taiwan,Finance,2021,0,True
Taiwan,Finance,2023,6,True
Austria,Finance,2023,13,True
Denmark,Finance,2025,8,True
Romania,Finance,2023,2,True
Turkey,Finance,2016,3,True
Romania,Gaming,2024,1,True
Australia,Gaming,2018,1,True
United Kingdom,Gaming,2021,16,True
Netherlands,Gaming,2025,3,True
Estonia,General purpose,2018,8,True
Israel,General purpose,2020,476,True
Lebanon,General purpose,2017,1,True
Mexico,General purpose,2016,1,True
Portugal,General purpose,2024,27,True
Ireland,General purpose,2018,52,True
Lithuania,General purpose,2017,0,True
India,General purpose,2021,345,True
Spain,General purpose,2024,152,True
Saudi Arabia,General purpose,2019,11,True
Latvia,General purpose,2025,1,True
Belgium,General purpose,2022,170,True
Belgium,General purpose,2024,289,True
Nigeria,General purpose,2020,1,True
United Arab Emirates,General purpose,2023,220,True
Uruguay,General purpose,2023,0,True
Czechia,General purpose,2016,1,True
Colombia,General purpose,2022,12,True
Turkey,General purpose,2019,3,True
Canada,General purpose,2017,133,True
Chile,Hardware,2024,0,True
Estonia,Hardware,2018,0,True
Estonia,Hardware,2020,14,True
Latvia,Hardware,2016,0,True
Russia,Hardware,2020,1,True
Sweden,Hardware,2020,13,True
Croatia,Hardware,2020,0,True
Croatia,Hardware,2021,2,True
Denmark,Hardware,2024,8,True
United States,Hardware,2022,3459,True
Austria,Hardware,2020,9,True
Thailand,Hardware,2026,4,False
Belgium,Hardware,2023,2,True
Canada,Hardware,2018,43,True
India,Hardware,2022,256,True
Brazil,Hardware,2024,254,True
Singapore,Healthcare and Life Sciences,2018,49,True
Singapore,Healthcare and Life Sciences,2019,5,True
Uganda,Healthcare and Life Sciences,2023,0,True
Poland,Healthcare and Life Sciences,2023,3,True
United Kingdom,Healthcare and Life Sciences,2024,312,True
India,Healthcare and Life Sciences,2016,2,True
Taiwan,Healthcare and Life Sciences,2018,19,True
Estonia,Healthcare and Life Sciences,2022,0,True
Bulgaria,Healthcare and Life Sciences,2023,0,True
Latvia,Information Technology,2016,0,True
Latvia,Information Technology,2026,0,False
Georgia,Information Technology,2025,0,True
Mexico,Information Technology,2016,0,True
Norway,Information Technology,2025,6,True
Hungary,Information Technology,2021,0,True
Luxembourg,Information Technology,2020,7,True
Malaysia,Information Technology,2024,1,True
Sri Lanka,Information Technology,2024,4,True
Canada,Information Technology,2019,219,True
Russia,Information Technology,2018,2,True
France,Information Technology,2017,91,True
Israel,Information Technology,2018,71,True
Slovenia,Information Technology,2017,0,True
Slovakia,Information Technology,2020,6,True
Australia,Lending and Investments,2019,0,True
Sweden,Lending and Investments,2021,0,True
Singapore,Lending and Investments,2022,5,True
Singapore,Lending and Investments,2025,6,True
Italy,Lending and Investments,2024,0,True
Portugal,Manufacturing,2022,2,True
Singapore,Manufacturing,2024,1393,True
India,Manufacturing,2025,58,True
Turkey,Manufacturing,2021,0,True
Denmark,Manufacturing,2020,2,True
Portugal,Media and Entertainment,2026,14,False
Finland,Media and Entertainment,2017,1,True
Hungary,Media and Entertainment,2017,0,True
Denmark,Media and Entertainment,2026,6,False
South Korea,Media and Entertainment,2025,154,True
Romania,Media and Entertainment,2025,1,True
Brazil,Media and Entertainment,2017,2,True
United States,"Military, public safety and government",2017,64,True
Portugal,"Military, public safety and government",2025,107,True
Singapore,"Military, public safety and government",2021,3,True
Latvia,"Mobile, platforms & Internet services",2021,0,True
Thailand,"Mobile, platforms & Internet services",2019,3,True
Czechia,"Mobile, platforms & Internet services",2025,3,True
Mongolia,"Mobile, platforms & Internet services",2018,0,True
Russia,"Mobile, platforms & Internet services",2019,0,True
Croatia,"Mobile, platforms & Internet services",2022,0,True
Ghana,"Mobile, platforms & Internet services",2023,0,True
Turkey,"Mobile, platforms & Internet services",2025,11,True
Kenya,"Mobile, platforms & Internet services",2018,1,True
Romania,"Mobile, platforms & Internet services",2019,1,True
India,NLP,2016,1,True
missing,NLP,2020,1,True
Canada,NLP,2019,20,True
Germany,NLP,2017,0,True
Cyprus,NLP,2022,1,True
Indonesia,NLP,2016,1,True
Singapore,Navigation and mapping,2019,6,True
Sweden,Navigation and mapping,2016,2,True
Japan,Navigation and mapping,2025,1,True
Saudi Arabia,Other,2021,22,True
Norway,Other,2021,34,True
Belgium,Other,2017,22,True
United States,Other,2025,3322,True
New Zealand,Other,2025,1,True
Ghana,Other,2022,0,True
Switzerland,Other,2017,0,True
Egypt,Other,2019,0,True
Canada,Other,2016,23,True
Mexico,Other,2023,1,True
Singapore,Privacy and Security,2023,7,True
Sweden,Privacy and Security,2020,4,True
Turkey,Privacy and Security,2018,2,True
Turkey,Privacy and Security,2019,0,True
Turkey,Privacy and Security,2020,0,True
Poland,Privacy and Security,2018,3,True
Estonia,Privacy and Security,2022,30,True
Argentina,Privacy and Security,2021,1,True
France,Privacy and Security,2019,11,True
Ireland,Privacy and Security,2021,7,True
Switzerland,Privacy and Security,2025,10,True
Brazil,Privacy and Security,2022,53,True
Brazil,Privacy and Security,2024,2,True
Chile,Professional services,2021,0,True
Japan,Professional services,2021,65,True
Philippines,Professional services,2026,6,False
Italy,Professional services,2018,0,True
Denmark,Professional services,2021,32,True
United Kingdom,Professional services,2023,191,True
China,Professional services,2022,29,True
Netherlands,Professional services,2026,10,False
Estonia,Professional services,2021,1,True
Poland,Professional services,2017,4,True
Chile,Real estate,2018,0,True
Turkey,Real estate,2022,1,True
Japan,Real estate,2023,1,True
Estonia,Real estate,2023,2,True
Austria,Real estate,2017,3,True
Finland,Real estate,2017,0,True
China,Real estate,2021,38,True
Spain,Robotics,2021,2,True
Canada,Robotics,2023,33,True
Australia,Robotics,2017,2,True
New Zealand,Robotics,2022,0,True
South Africa,Robotics,2022,4,True
Israel,Robotics,2018,6,True
Germany,Robotics,2021,156,True
Germany,Robotics,2022,88,True
Mexico,"Sales, retail, commerce, marketing",2016,1,True
Mexico,"Sales, retail, commerce, marketing",2025,0,True
United States,"Sales, retail, commerce, marketing",2016,1136,True
Estonia,"Sales, retail, commerce, marketing",2024,2,True
Denmark,"Sales, retail, commerce, marketing",2023,0,True
Pakistan,"Sales, retail, commerce, marketing",2021,3,True
Portugal,"Sales, retail, commerce, marketing",2020,7,True
Vietnam,"Sales, retail, commerce, marketing",2025,5,True
New Zealand,"Sales, retail, commerce, marketing",2021,3,True
Kenya,"Sales, retail, commerce, marketing",2018,0,True
Saudi Arabia,"Sales, retail, commerce, marketing",2016,1000,True
Singapore,"Sales, retail, commerce, marketing",2017,89,True
Australia,"Sales, retail, commerce, marketing",2022,38,True
Canada,"Sales, retail, commerce, marketing",2023,18,True
Hungary,"Sales, retail, commerce, marketing",2021,2,True
Hungary,"Sales, retail, commerce, marketing",2023,9,True
Italy,"Sales, retail, commerce, marketing",2017,3,True
Netherlands,Semiconductor,2025,84,True
United States,Semiconductor,2019,146,True
United States,Semiconductor,2021,695,True
France,Simulation,2017,1,True
Azerbaijan,Simulation,2022,0,True
Malaysia,Software,2024,10,True
New Zealand,Software,2023,16,True
Kenya,Software,2017,0,True
Kenya,Software,2021,11,True
Bangladesh,Software,2021,0,True
Slovakia,Software,2020,7,True
Ireland,Software,2023,186,True
Belgium,Software,2026,1072,False
Thailand,Software,2025,2,True
Philippines,Software,2016,1,True
Tunisia,Software,2021,0,True
Zimbabwe,Software,2023,0,True
Australia,Software,2024,1123,True
Saudi Arabia,Software,2021,1936,True
Peru,Software,2021,1,True
India,Speech Recognition,2024,1,True
Singapore,Sports,2024,0,True
United States,Sports,2024,43,True
United Kingdom,Sports,2018,7,True
United Kingdom,Sports,2021,0,True
Belgium,Sports,2021,0,True
India,Sports,2017,0,True
Japan,Sports,2023,1,True
Hungary,Sports,2021,1,True
South Korea,Telecommunications,2020,2,True
Norway,Telecommunications,2021,30,True
India,Telecommunications,2020,11960,True
Germany,Telecommunications,2023,1,True
United Kingdom,Transportation,2018,56,True
Israel,Transportation,2018,61,True
Singapore,Transportation,2023,6,True
United States,Transportation,2026,2406,False
Italy,Transportation,2026,9,False
Canada,Transportation,2020,45,True
Brazil,Transportation,2026,6,False
Vietnam,Transportation,2024,0,True
Poland,Transportation,2025,21,True
Sweden,Transportation,2019,3,True
Portugal,Transportation,2021,6,True
Uzbekistan,Transportation,2024,0,True
Argentina,Agriculture,2026,0,False
Australia,Agriculture,2024,5,True
France,Agriculture,2020,4,True
Belize,Agriculture,2022,20,True
Israel,Agriculture,2026,0,False
Ukraine,Agriculture,2016,0,True
Jordan,All,2025,0,True
Kazakhstan,All,2025,10,True
Egypt,All,2016,0,True
Bosnia and Herzegovina,All,2021,0,True
United States,All,2019,35690,True
Austria,All,2025,111,True
Ghana,All,2026,6,False
Bulgaria,All,2018,0,True
Bulgaria,All,2020,1,True
Côte d'Ivoire,All,2025,0,True
Brazil,Biotechnology,2021,0,True
Peru,Biotechnology,2021,0,True
Turkey,Biotechnology,2022,12,True
Turkey,Biotechnology,2024,0,True
Austria,Biotechnology,2018,1,True
Netherlands,Biotechnology,2022,1,True
Japan,Biotechnology,2016,3,True
Norway,Community and Lifestyle,2021,1,True
Egypt,Community and Lifestyle,2024,1,True
Canada,Community and Lifestyle,2023,9,True
Canada,Community and Lifestyle,2025,1,True
Spain,Community and Lifestyle,2018,4,True
Taiwan,Community and Lifestyle,2017,2,True
United States,Community and Lifestyle,2021,414,True
India,Computer Vision,2016,1,True
India,Computer Vision,2022,8,True
Argentina,Computer Vision,2018,0,True
Norway,Computer Vision,2025,1,True
France,Computer Vision,2026,50,False
Italy,Computer Vision,2018,1,True
Ireland,Consumer goods,2024,0,True
Turkey,Consumer goods,2024,0,True
Sweden,Consumer goods,2024,0,True
Japan,Consumer goods,2024,1,True
Singapore,Cyber Security,2026,10,False
Ireland,Cyber Security,2019,8,True
United States,Cyber Security,2016,90,True
Portugal,Cyber Security,2023,0,True
Belgium,Cyber Security,2020,79,True
Sweden,Cyber Security,2022,0,True
Uruguay,Data and analytics,2025,1,True
Seychelles,Data and analytics,2024,0,True
Hungary,Data and analytics,2025,15,True
Indonesia,Data and analytics,2025,5,True
Iceland,Data and analytics,2020,9,True
Pakistan,Data and analytics,2019,0,True
Pakistan,Data and analytics,2021,3,True
Sweden,Data and analytics,2025,1329,True
Ukraine,Data and analytics,2021,0,True
India,Data and analytics,2025,1824,True
Luxembourg,Data and analytics,2016,0,True
Cyprus,Data and analytics,2019,2,True
Switzerland,Data and analytics,2021,276,True
Canada,Data and analytics,2025,1591,True
Nigeria,Data and analytics,2023,2,True
Singapore,Data and analytics,2018,361,True
Denmark,Education,2016,2,True
Mongolia,Education,2021,0,True
United Arab Emirates,Education,2021,4,True
Colombia,Education,2025,0,True
Ghana,Education,2025,0,True
New Zealand,Education,2020,0,True
Spain,Education,2019,0,True
Sweden,Education,2023,6,True
Singapore,Education,2018,1,True
Singapore,Education,2026,2,False
Finland,Energy and natural resources,2020,1,True
Norway,Energy and natural resources,2019,9,True
Lithuania,Energy and natural resources,2018,0,True
Israel,Energy and natural resources,2020,21,True
China,Energy and natural resources,2019,1,True
China,Energy and natural resources,2023,52,True
Singapore,Finance,2022,225,True
Portugal,Finance,2018,1,True
Argentina,Finance,2024,0,True
Iceland,Finance,2019,3,True
Ireland,Finance,2019,1,True
Ireland,Finance,2021,357,True
Nigeria,Finance,2021,22,True
Nigeria,Finance,2022,91,True
Panama,Finance,2025,10,True
Uruguay,Finance,2023,0,True
Austria,Finance,2019,0,True
United Arab Emirates,Finance,2025,54,True
Netherlands,Finance,2024,58,True
Croatia,Finance,2021,0,True
Finland,Finance,2019,0,True
Belgium,Finance,2023,165,True
Russia,Finance,2018,4,True
Israel,Gaming,2021,81,True
Singapore,Gaming,2021,2,True
Malta,Gaming,2025,0,True
Ireland,Gaming,2021,0,True
Australia,Gaming,2017,0,True
Saudi Arabia,Gaming,2025,8,True
Serbia,General purpose,2018,0,True
Mexico,General purpose,2023,70,True
Singapore,General purpose,2017,458,True
Singapore,General purpose,2021,1019,True
Australia,General purpose,2021,623,True
China,General purpose,2026,6348,False
Ireland,General purpose,2016,13,True
Lithuania,General purpose,2020,1,True
Bulgaria,General purpose,2023,10,True
Cyprus,General purpose,2020,25,True
Jordan,General purpose,2022,0,True
Dominican Republic,General purpose,2024,0,True
Luxembourg,General purpose,2024,21,True
Czechia,General purpose,2018,2,True
Tunisia,General purpose,2023,0,True
Tunisia,General purpose,2025,0,True
Turkey,General purpose,2018,4,True
Norway,General purpose,2016,6,True
Estonia,Hardware,2026,26,False
Ukraine,Hardware,2023,2,True
Portugal,Hardware,2019,5,True
Denmark,Hardware,2023,2,True
United Arab Emirates,Hardware,2018,8,True
United Kingdom,Hardware,2022,166,True
United States,Hardware,2019,3811,True
South Korea,Hardware,2023,109,True
Israel,Hardware,2024,97,True
Germany,Hardware,2019,12,True
Canada,Hardware,2025,951,True
Turkey,Hardware,2016,0,True
Turkey,Hardware,2021,6,True
China,Healthcare and Life Sciences,2025,203,True
Colombia,Healthcare and Life Sciences,2024,0,True
South Korea,Healthcare and Life Sciences,2016,1,True
Taiwan,Healthcare and Life Sciences,2021,22,True
Mexico,Healthcare and Life Sciences,2021,1,True
United States,Healthcare and Life Sciences,2025,23694,True
Qatar,Healthcare and Life Sciences,2023,0,True
Switzerland,Healthcare and Life Sciences,2017,7,True
Switzerland,Healthcare and Life Sciences,2018,9,True
Switzerland,Healthcare and Life Sciences,2019,9,True
Austria,Healthcare and Life Sciences,2016,1,True
Austria,Healthcare and Life Sciences,2022,3,True
Austria,Healthcare and Life Sciences,2025,9,True
Hungary,Healthcare and Life Sciences,2020,0,True
Italy,Healthcare and Life Sciences,2018,4,True
New Zealand,Healthcare and Life Sciences,2018,0,True
New Zealand,Healthcare and Life Sciences,2023,5,True
Uruguay,Healthcare and Life Sciences,2021,2,True
India,Information Technology,2017,12,True
Mexico,Information Technology,2021,3,True
Norway,Information Technology,2024,18,True
Tunisia,Information Technology,2019,0,True
Taiwan,Information Technology,2025,15,True
Hungary,Information Technology,2019,1,True
Estonia,Information Technology,2019,3,True
missing,Information Technology,2021,15,True
Malaysia,Information Technology,2021,35,True
Sweden,Information Technology,2022,35,True
Italy,Information Technology,2021,14,True
Singapore,Information Technology,2017,35,True
Nigeria,Information Technology,2024,3,True
Greece,Information Technology,2018,1,True
France,Lending and Investments,2020,4,True
Mexico,Lending and Investments,2024,3,True
Mexico,Lending and Investments,2026,2,False
Spain,Lending and Investments,2020,1,True
Spain,Lending and Investments,2023,6,True
India,Lending and Investments,2021,51,True
Croatia,Manufacturing,2024,0,True
Egypt,Manufacturing,2025,0,True
Latvia,Manufacturing,2023,0,True
United Arab Emirates,Manufacturing,2021,0,True
Switzerland,Manufacturing,2024,43,True
United Arab Emirates,Media and Entertainment,2018,0,True
Japan,Media and Entertainment,2025,21,True
Portugal,Media and Entertainment,2016,2,True
Russia,Media and Entertainment,2016,0,True
Czechia,Media and Entertainment,2025,1,True
Italy,Media and Entertainment,2025,10,True
Israel,Media and Entertainment,2024,20,True
Serbia,Media and Entertainment,2017,0,True
Spain,Media and Entertainment,2016,0,True
New Zealand,Media and Entertainment,2022,2,True
New Zealand,Media and Entertainment,2026,1,False
Romania,Media and Entertainment,2021,0,True
Canada,"Military, public safety and government",2020,0,True
India,"Military, public safety and government",2018,0,True
India,"Military, public safety and government",2026,1,False
Saudi Arabia,"Mobile, platforms & Internet services",2022,55,True
Greece,"Mobile, platforms & Internet services",2016,2,True
Poland,"Mobile, platforms & Internet services",2024,1,True
Israel,"Mobile, platforms & Internet services",2020,73,True
Australia,"Mobile, platforms & Internet services",2016,3,True
Australia,"Mobile, platforms & Internet services",2018,33,True
Nigeria,"Mobile, platforms & Internet services",2020,0,True
Switzerland,"Mobile, platforms & Internet services",2024,67,True
Switzerland,"Mobile, platforms & Internet services",2026,32,False
Portugal,"Mobile, platforms & Internet services",2022,2,True
Singapore,"Mobile, platforms & Internet services",2016,18,True
Serbia,"Mobile, platforms & Internet services",2023,43,True
Indonesia,"Mobile, platforms & Internet services",2020,2,True
Indonesia,"Mobile, platforms & Internet services",2024,0,True
Italy,"Mobile, platforms & Internet services",2022,5,True
Argentina,"Mobile, platforms & Internet services",2021,1,True
Malaysia,"Mobile, platforms & Internet services",2026,40,False
Ireland,"Mobile, platforms & Internet services",2017,3,True
Ireland,"Mobile, platforms & Internet services",2019,76,True
Kenya,"Mobile, platforms & Internet services",2020,0,True
Kenya,"Mobile, platforms & Internet services",2022,0,True
Japan,"Mobile, platforms & Internet services",2021,72,True
United Arab Emirates,NLP,2017,1,True
Canada,NLP,2026,9,False
Finland,NLP,2019,1,True
Poland,NLP,2022,8,True
Japan,NLP,2020,4,True
Australia,Navigation and mapping,2021,10,True
Italy,Navigation and mapping,2024,6,True
Brazil,Navigation and mapping,2021,0,True
Indonesia,Navigation and mapping,2024,0,True
France,Navigation and mapping,2025,2,True
Indonesia,Other,2018,1,True
Norway,Other,2025,3,True
Ghana,Other,2021,0,True
Brazil,Other,2019,1,True
Japan,Other,2024,9,True
Japan,Other,2025,11,True
China,Privacy and Security,2021,142,True
Poland,Privacy and Security,2017,2,True
Australia,Privacy and Security,2016,3,True
Israel,Privacy and Security,2024,413,True
Italy,Privacy and Security,2023,7,True
Vietnam,Privacy and Security,2023,1,True
Norway,Professional services,2021,31,True
Japan,Professional services,2016,24,True
Nigeria,Professional services,2026,0,False
France,Professional services,2021,85,True
Canada,Professional services,2023,75,True
Romania,Professional services,2022,0,True
Denmark,Professional services,2016,1,True
India,Professional services,2022,967,True
United States,Professional services,2021,6338,True
Rwanda,Professional services,2023,0,True
Germany,Professional services,2024,186,True
New Zealand,Real estate,2019,0,True
United States,Real estate,2019,689,True
Vietnam,Real estate,2025,80,True
Jordan,Real estate,2024,0,True
China,Real estate,2026,243,False
Belgium,Real estate,2022,2,True
Australia,Robotics,2023,7,True
Qatar,Robotics,2024,0,True
France,Robotics,2017,7,True
Austria,"Sales, retail, commerce, marketing",2018,0,True
United States,"Sales, retail, commerce, marketing",2024,3131,True
Norway,"Sales, retail, commerce, marketing",2021,7,True
India,"Sales, retail, commerce, marketing",2020,11981,True
Nigeria,"Sales, retail, commerce, marketing",2018,5,True
Oman,"Sales, retail, commerce, marketing",2025,0,True
South Korea,"Sales, retail, commerce, marketing",2018,1,True
Pakistan,"Sales, retail, commerce, marketing",2019,0,True
Portugal,"Sales, retail, commerce, marketing",2016,2,True
China,"Sales, retail, commerce, marketing",2020,57,True
Belgium,"Sales, retail, commerce, marketing",2019,32,True
New Zealand,"Sales, retail, commerce, marketing",2023,2,True
New Zealand,"Sales, retail, commerce, marketing",2025,1,True
France,"Sales, retail, commerce, marketing",2017,53,True
France,"Sales, retail, commerce, marketing",2024,32,True
Netherlands,"Sales, retail, commerce, marketing",2017,34,True
Netherlands,"Sales, retail, commerce, marketing",2021,9,True
Australia,"Sales, retail, commerce, marketing",2016,26,True
Ireland,"Sales, retail, commerce, marketing",2018,9,True
Israel,Semiconductor,2019,21,True
United States,Semiconductor,2018,82,True
United States,Semiconductor,2026,3795,False
Germany,Simulation,2016,1,True
Slovenia,Simulation,2017,0,True
Switzerland,Software,2019,225,True
Switzerland,Software,2024,186,True
missing,Software,2020,417,True
Germany,Software,2020,321,True
Bangladesh,Software,2023,1,True
Iceland,Software,2017,2,True
Iceland,Software,2025,3,True
Portugal,Software,2023,26,True
Slovakia,Software,2022,3,True
Ireland,Software,2016,15,True
Greece,Software,2024,2,True
Philippines,Software,2024,16,True
Tunisia,Software,2024,2,True
Romania,Software,2021,16,True
Cambodia,Software,2018,0,True
Jordan,Software,2023,0,True
Indonesia,Software,2024,24,True
Côte d'Ivoire,Software,2024,0,True
Singapore,Software,2025,3339,True
Vietnam,Software,2019,0,True
Dominican Republic,Software,2024,0,True
Colombia,Speech Recognition,2022,1,True
Spain,Speech Recognition,2023,2,True
Saudi Arabia,Speech Recognition,2022,0,True
Singapore,Sports,2019,2,True
Australia,Sports,2026,3,False
Israel,Sports,2019,16,True
Switzerland,Sports,2019,0,True
Poland,Sports,2019,0,True
Spain,Sports,2020,0,True
France,Telecommunications,2018,3,True
Taiwan,Telecommunications,2019,0,True
China,Telecommunications,2018,20,True
New Zealand,Transportation,2026,6,False
Nigeria,Transportation,2019,5,True
India,Transportation,2019,57,True
Colombia,Transportation,2018,0,True
South Africa,Transportation,2023,1,True
Switzerland,Transportation,2017,28,True
South Africa,Agriculture,2022,1,True
Germany,Agriculture,2022,7,True
Brazil,Agriculture,2017,2,True
United Arab Emirates,Agriculture,2025,0,True
United Kingdom,Agriculture,2025,8,True
Cyprus,All,2017,3,True
Albania,All,2019,7,True
Albania,All,2024,6,True
Japan,All,2026,2183,False
Malaysia,All,2016,0,True
Hungary,All,2019,11,True
Nigeria,All,2020,4,True
Kazakhstan,All,2026,0,False
Czechia,All,2016,2,True
Pakistan,All,2020,0,True
Pakistan,All,2021,3,True
Uganda,All,2020,0,True
Australia,All,2022,760,True
Israel,All,2026,7746,False
Armenia,All,2025,1,True
Austria,All,2024,164,True
Mongolia,All,2018,0,True
Bulgaria,All,2024,11,True
Luxembourg,All,2023,5,True
Israel,Biotechnology,2022,49,True
Sri Lanka,Biotechnology,2025,0,True
Australia,Biotechnology,2026,7,False
Uruguay,Biotechnology,2026,0,False
Turkey,Biotechnology,2019,1,True
New Zealand,Biotechnology,2016,1,True
China,Biotechnology,2021,127,True
Japan,Biotechnology,2024,34,True
Iceland,Community and Lifestyle,2022,1,True
Singapore,Community and Lifestyle,2017,1,True
Vietnam,Community and Lifestyle,2025,2,True
Canada,Community and Lifestyle,2021,74,True
South Korea,Community and Lifestyle,2019,5,True
South Korea,Community and Lifestyle,2024,10,True
South Korea,Community and Lifestyle,2025,408,True
United Arab Emirates,Community and Lifestyle,2019,0,True
Germany,Computer Vision,2019,8,True
Canada,Computer Vision,2019,25,True
Japan,Computer Vision,2022,1,True
Japan,Computer Vision,2025,41,True
Norway,Computer Vision,2024,4,True
South Korea,Computer Vision,2024,6,True
missing,Computer Vision,2026,0,False
Portugal,Computer Vision,2018,0,True
Romania,Computer Vision,2021,0,True
Greece,Computer Vision,2016,2,True
Italy,Computer Vision,2016,5,True
Israel,Computer Vision,2020,50,True
China,Computer Vision,2023,21,True
Belarus,Computer Vision,2017,1,True
Saudi Arabia,Consumer goods,2021,1700,True
Czechia,Consumer goods,2017,1,True
India,Consumer goods,2017,8,True
Netherlands,Consumer goods,2022,9,True
Netherlands,Consumer goods,2025,2,True
Denmark,Consumer goods,2019,3,True
Japan,Consumer goods,2016,4,True
Chile,Cyber Security,2022,0,True
Spain,Cyber Security,2024,1,True
Belgium,Cyber Security,2023,218,True
Belgium,Cyber Security,2025,2,True
India,Cyber Security,2021,0,True
Poland,Data and analytics,2021,23,True
Uruguay,Data and analytics,2023,0,True
Colombia,Data and analytics,2016,0,True
Romania,Data and analytics,2022,10,True
Qatar,Data and analytics,2021,4,True
Mongolia,Data and analytics,2025,4,True
Trinidad and Tobago,Data and analytics,2026,13,False
Luxembourg,Data and analytics,2023,3,True
Portugal,Data and analytics,2020,8,True
Portugal,Data and analytics,2026,18,False
Turkey,Data and analytics,2020,3,True
Bahrain,Data and analytics,2020,0,True
China,Data and analytics,2016,3677,True
China,Data and analytics,2023,1924,True
Cyprus,Data and analytics,2017,1,True
Canada,Data and analytics,2017,139,True
Malaysia,Data and analytics,2026,42,False
Tunisia,Data and analytics,2024,2,True
Norway,Education,2018,0,True
Taiwan,Education,2022,2,True
Italy,Education,2021,0,True
Italy,Education,2023,2,True
France,Education,2018,1,True
France,Education,2022,22,True
Ghana,Education,2021,0,True
Netherlands,Education,2022,16,True
China,Education,2026,18,False
Sri Lanka,Education,2025,0,True
Canada,Education,2022,22,True
Singapore,Education,2020,1,True
Singapore,Education,2025,4,True
Finland,Energy and natural resources,2023,2,True
New Zealand,Energy and natural resources,2021,1050,True
Brazil,Energy and natural resources,2025,0,True
Belgium,Energy and natural resources,2020,2,True
Belgium,Energy and natural resources,2026,1000,False
Singapore,Finance,2024,393,True
Sweden,Finance,2021,2,True
Slovenia,Finance,2026,0,False
Serbia,Finance,2019,0,True
Indonesia,Finance,2025,1,True
South Korea,Finance,2026,10,False
United Kingdom,Finance,2021,368,True
Kazakhstan,Finance,2022,0,True
Qatar,Finance,2022,2,True
Bulgaria,Finance,2023,1,True
Israel,Finance,2024,290,True
Slovakia,Finance,2025,9,True
Mauritius,Finance,2025,0,True
India,Finance,2016,1,True
China,Gaming,2025,3,True
Israel,Gaming,2020,6,True
Cyprus,Gaming,2016,1,True
India,Gaming,2017,0,True
Switzerland,Gaming,2021,6,True
Poland,General purpose,2022,53,True
Australia,General purpose,2022,334,True
Pakistan,General purpose,2024,0,True
Japan,General purpose,2016,77,True
Denmark,General purpose,2016,8,True
Vietnam,General purpose,2025,90,True
Germany,General purpose,2022,737,True
Cyprus,General purpose,2023,2,True
United Kingdom,General purpose,2025,4057,True
Belgium,General purpose,2023,396,True
Colombia,General purpose,2023,17,True
Greece,General purpose,2017,0,True
Romania,General purpose,2017,0,True
Chile,Hardware,2023,1,True
Italy,Hardware,2019,2,True
Italy,Hardware,2026,23,False
Cyprus,Hardware,2024,3,True
Netherlands,Hardware,2019,11,True
United Kingdom,Hardware,2018,116,True
United Kingdom,Hardware,2026,1884,False
Hungary,Hardware,2021,3,True
Sri Lanka,Hardware,2017,2,True
Turkey,Hardware,2017,1,True
Switzerland,Hardware,2018,31,True
Switzerland,Hardware,2024,44,True
Canada,Healthcare and Life Sciences,2025,2397,True
Japan,Healthcare and Life Sciences,2025,40,True
United Arab Emirates,Healthcare and Life Sciences,2017,1,True
United Arab Emirates,Healthcare and Life Sciences,2020,0,True
United Arab Emirates,Healthcare and Life Sciences,2022,11,True
United Kingdom,Healthcare and Life Sciences,2021,139,True
Egypt,Healthcare and Life Sciences,2016,0,True
Thailand,Healthcare and Life Sciences,2024,5,True
Ireland,Healthcare and Life Sciences,2021,1,True
Saudi Arabia,Healthcare and Life Sciences,2019,3,True
Italy,Healthcare and Life Sciences,2019,2,True
missing,Healthcare and Life Sciences,2026,22,False
South Africa,Healthcare and Life Sciences,2025,0,True
Brazil,Information Technology,2023,78,True
Denmark,Information Technology,2021,2,True
Czechia,Information Technology,2020,6,True
Japan,Information Technology,2019,70,True
Taiwan,Information Technology,2016,6,True
Sweden,Information Technology,2021,71,True
Singapore,Information Technology,2022,247,True
Zambia,Information Technology,2021,0,True
Nigeria,Information Technology,2023,2,True
South Africa,Information Technology,2023,1,True
Nigeria,Lending and Investments,2019,8,True
India,Lending and Investments,2018,8,True
Lithuania,Manufacturing,2024,0,True
China,Manufacturing,2026,1119,False
Ukraine,Manufacturing,2024,1,True
Australia,Manufacturing,2022,28,True
United Arab Emirates,Manufacturing,2016,0,True
Cyprus,Manufacturing,2024,3,True
South Korea,Manufacturing,2018,2,True
Austria,Media and Entertainment,2024,0,True
Taiwan,Media and Entertainment,2023,13,True
Netherlands,Media and Entertainment,2018,7,True
Czechia,Media and Entertainment,2023,1,True
Albania,Media and Entertainment,2016,2,True
China,Media and Entertainment,2026,260,False
Belgium,Media and Entertainment,2018,0,True
Nigeria,Media and Entertainment,2021,0,True
United Kingdom,Media and Entertainment,2024,8,True
South Korea,Media and Entertainment,2016,25,True
Argentina,Media and Entertainment,2016,0,True
Sweden,Media and Entertainment,2022,3,True
Panama,Media and Entertainment,2024,0,True
United States,"Military, public safety and government",2022,649,True
Switzerland,"Military, public safety and government",2017,6,True
Switzerland,"Mobile, platforms & Internet services",2020,12,True
Czechia,"Mobile, platforms & Internet services",2026,4,False
South Africa,"Mobile, platforms & Internet services",2025,19,True
Kazakhstan,"Mobile, platforms & Internet services",2021,1,True
Spain,"Mobile, platforms & Internet services",2018,18,True
Indonesia,"Mobile, platforms & Internet services",2019,1,True
Germany,"Mobile, platforms & Internet services",2020,77,True
Italy,"Mobile, platforms & Internet services",2018,4,True
Italy,"Mobile, platforms & Internet services",2026,3,False
Luxembourg,"Mobile, platforms & Internet services",2024,20,True
Japan,"Mobile, platforms & Internet services",2022,23,True
United Arab Emirates,NLP,2021,0,True
United Arab Emirates,NLP,2026,0,False
Netherlands,NLP,2024,3,True
Serbia,NLP,2018,0,True
United Kingdom,Navigation and mapping,2017,13,True
New Zealand,Navigation and mapping,2024,0,True
missing,Navigation and mapping,2024,0,True
Bulgaria,Other,2019,2,True
Germany,Other,2024,49,True
Italy,Other,2017,0,True
Belgium,Other,2019,22,True
Romania,Other,2018,0,True
France,Other,2019,7,True
France,Other,2024,31,True
Poland,Other,2026,0,False
Cyprus,Other,2024,0,True
Norway,Privacy and Security,2025,3,True
Chile,Privacy and Security,2022,0,True
Canada,Privacy and Security,2023,22,True
Luxembourg,Privacy and Security,2020,6,True
United Kingdom,Privacy and Security,2016,12,True
Chile,Professional services,2025,4,True
France,Professional services,2020,214,True
France,Professional services,2023,73,True
Belgium,Professional services,2021,229,True
Philippines,Real estate,2024,0,True
Canada,Real estate,2023,72,True
Estonia,Real estate,2024,6,True
Australia,Real estate,2025,1,True
Austria,Real estate,2023,1,True
Croatia,Real estate,2023,0,True
France,Real estate,2019,16,True
Israel,Real estate,2017,1,True
Ireland,Real estate,2024,4,True
Belgium,Real estate,2017,2,True
Italy,Robotics,2022,2,True
Australia,Robotics,2018,0,True
United States,Robotics,2021,1501,True
India,Robotics,2017,0,True
Panama,Robotics,2026,1,False
Turkey,Robotics,2025,1,True
Switzerland,Robotics,2018,7,True
Greece,Robotics,2021,0,True
Czechia,Robotics,2019,2,True
India,"Sales, retail, commerce, marketing",2017,11,True
India,"Sales, retail, commerce, marketing",2018,330,True
Denmark,"Sales, retail, commerce, marketing",2025,2,True
South Korea,"Sales, retail, commerce, marketing",2022,17,True
Belgium,"Sales, retail, commerce, marketing",2026,23,False
United Kingdom,"Sales, retail, commerce, marketing",2026,1477,False
Serbia,"Sales, retail, commerce, marketing",2019,0,True
Germany,"Sales, retail, commerce, marketing",2023,24,True
Colombia,"Sales, retail, commerce, marketing",2020,2,True
Cambodia,"Sales, retail, commerce, marketing",2018,0,True
China,Semiconductor,2016,10,True
Australia,Semiconductor,2024,2,True
South Korea,Semiconductor,2019,1,True
South Korea,Semiconductor,2023,43,True
Germany,Simulation,2022,2,True
United States,Simulation,2019,5,True
Denmark,Simulation,2025,3,True
North Macedonia,Software,2022,1,True
Finland,Software,2026,108,False
Portugal,Software,2018,9,True
Brazil,Software,2022,707,True
Ghana,Software,2025,0,True
Jordan,Software,2018,0,True
Sri Lanka,Software,2018,2,True
Luxembourg,Software,2016,0,True
Luxembourg,Software,2023,3,True
Luxembourg,Software,2025,1,True
Dominican Republic,Software,2022,0,True
Paraguay,Software,2024,0,True
India,Speech Recognition,2022,47,True
Canada,Speech Recognition,2023,8,True
Thailand,Speech Recognition,2018,0,True
Singapore,Speech Recognition,2020,2,True
Germany,Sports,2023,1,True
Denmark,Sports,2025,0,True
missing,Sports,2026,0,False
Spain,Telecommunications,2026,3,False
Israel,Telecommunications,2026,1300,False
Sweden,Telecommunications,2019,0,True
United States,Telecommunications,2020,191,True
United States,Telecommunications,2026,1440,False
China,Telecommunications,2020,1,True
France,Transportation,2021,36,True
United States,Transportation,2022,4902,True
United Arab Emirates,Transportation,2023,13,True
Denmark,Transportation,2016,0,True
Qatar,Transportation,2021,4,True
Taiwan,Transportation,2023,2,True
Finland,Transportation,2023,1,True
Ireland,Transportation,2019,1,True
South Africa,Transportation,2026,0,False
Hungary,Transportation,2022,8,True
France,Agriculture,2017,2,True
Singapore,Agriculture,2025,0,True
Japan,Agriculture,2021,0,True
Lebanon,All,2019,0,True
Seychelles,All,2017,1,True
France,All,2020,1605,True
Norway,All,2018,29,True
South Africa,All,2019,15,True
Zambia,All,2023,0,True
Nigeria,All,2026,289,False
Netherlands,All,2024,887,True
Australia,All,2021,1614,True
Chile,All,2017,6,True
Argentina,All,2016,0,True
Ireland,All,2019,140,True
Belgium,All,2023,433,True
Sweden,Biotechnology,2017,0,True
France,Biotechnology,2024,43,True
Vietnam,Biotechnology,2026,2,False
Finland,Biotechnology,2019,2,True
Hungary,Biotechnology,2021,1,True
Switzerland,Biotechnology,2016,0,True
Austria,Biotechnology,2017,0,True
Saudi Arabia,Biotechnology,2018,0,True
Italy,Biotechnology,2022,0,True
Germany,Biotechnology,2024,17,True
Mexico,Community and Lifestyle,2023,0,True
Singapore,Community and Lifestyle,2022,1,True
Egypt,Community and Lifestyle,2017,0,True
Kazakhstan,Community and Lifestyle,2026,0,False
Malaysia,Community and Lifestyle,2018,0,True
Canada,Community and Lifestyle,2017,3,True
Hungary,Community and Lifestyle,2021,0,True
missing,Community and Lifestyle,2023,0,True
Germany,Computer Vision,2022,22,True
New Zealand,Computer Vision,2023,0,True
Russia,Computer Vision,2018,1,True
Saudi Arabia,Computer Vision,2026,1200,False
Israel,Computer Vision,2019,22,True
Serbia,Computer Vision,2022,0,True
United Kingdom,Consumer goods,2021,47,True
missing,Consumer goods,2025,7,True
Malaysia,Consumer goods,2017,0,True
Ireland,Consumer goods,2017,1,True
Singapore,Consumer goods,2017,0,True
Norway,Consumer goods,2019,9,True
Portugal,Consumer goods,2024,1,True
Bangladesh,Cyber Security,2025,0,True
Switzerland,Cyber Security,2024,7,True
Italy,Cyber Security,2023,4,True
Japan,Cyber Security,2025,0,True
Taiwan,Cyber Security,2024,20,True
United Kingdom,Cyber Security,2020,21,True
United Kingdom,Cyber Security,2023,26,True
Saudi Arabia,Data and analytics,2026,1235,False
Lithuania,Data and analytics,2023,3,True
Qatar,Data and analytics,2024,0,True
Tanzania,Data and analytics,2017,0,True
Côte d'Ivoire,Data and analytics,2023,0,True
Norway,Data and analytics,2025,471,True
Saint Kitts and Nevis,Data and analytics,2023,1,True
Mexico,Data and analytics,2020,27,True
Bangladesh,Data and analytics,2022,2,True
Slovenia,Data and analytics,2026,0,False
Tajikistan,Data and analytics,2025,1,True
Portugal,Data and analytics,2018,9,True
Turkey,Data and analytics,2019,2,True
Germany,Data and analytics,2019,218,True
Nigeria,Data and analytics,2025,9,True
Malta,Education,2020,1,True
Italy,Education,2020,0,True
Switzerland,Education,2024,3,True
Ukraine,Education,2020,0,True
Spain,Education,2023,7,True
Ireland,Education,2021,354,True
South Korea,Education,2023,14,True
Ireland,Energy and natural resources,2020,0,True
Portugal,Energy and natural resources,2019,1,True
Australia,Energy and natural resources,2016,0,True
Chile,Energy and natural resources,2023,0,True
Switzerland,Energy and natural resources,2020,0,True
Taiwan,Energy and natural resources,2021,6,True
Brazil,Facial Recognition,2022,3,True
Australia,Facial Recognition,2025,6,True
Colombia,Finance,2017,0,True
Nigeria,Finance,2020,1,True
Austria,Finance,2025,3,True
France,Finance,2017,21,True
Canada,Finance,2019,60,True
Qatar,Finance,2021,4,True
Seychelles,Finance,2017,1,True
Belgium,Finance,2021,228,True
Czechia,Gaming,2021,2,True
Israel,Gaming,2018,8,True
United States,Gaming,2017,24,True
Poland,Gaming,2020,3,True
Kazakhstan,General purpose,2019,0,True
Poland,General purpose,2023,12,True
France,General purpose,2016,76,True
Tajikistan,General purpose,2023,0,True
Bangladesh,General purpose,2026,0,False
Hungary,General purpose,2022,5,True
Brazil,General purpose,2025,148,True
Rwanda,General purpose,2024,1,True
Nigeria,General purpose,2025,8,True
Thailand,General purpose,2023,8,True
Zambia,General purpose,2026,0,False
Slovakia,General purpose,2018,1,True
Turkey,General purpose,2023,35,True
Romania,General purpose,2025,27,True
Chile,Hardware,2019,0,True
Estonia,Hardware,2022,12,True
Lithuania,Hardware,2024,0,True
Egypt,Hardware,2020,1,True
Taiwan,Hardware,2019,5,True
Denmark,Hardware,2019,19,True
Netherlands,Hardware,2025,103,True
Greece,Hardware,2024,0,True
Georgia,Hardware,2024,0,True
Czechia,Hardware,2022,19,True
South Korea,Hardware,2024,158,True
Germany,Hardware,2024,397,True
Belgium,Hardware,2026,11,False
India,Hardware,2025,1324,True
Singapore,Healthcare and Life Sciences,2021,5,True
Sri Lanka,Healthcare and Life Sciences,2019,0,True
Tanzania,Healthcare and Life Sciences,2025,0,True
Peru,Healthcare and Life Sciences,2021,0,True
Sweden,Healthcare and Life Sciences,2018,13,True
Spain,Healthcare and Life Sciences,2022,41,True
South Africa,Healthcare and Life Sciences,2024,0,True
Latvia,Information Technology,2020,3,True
United States,Information Technology,2025,63214,True
Hungary,Information Technology,2023,4,True
Turkey,Information Technology,2021,5,True
Saudi Arabia,Information Technology,2023,7,True
Bahrain,Information Technology,2020,0,True
Thailand,Information Technology,2024,42,True
Italy,Information Technology,2018,8,True
Poland,Information Technology,2016,10,True
Israel,Information Technology,2022,818,True
Greece,Information Technology,2022,7,True
Serbia,Information Technology,2017,0,True
Canada,Lending and Investments,2020,6,True
United Arab Emirates,Lending and Investments,2024,1,True
missing,Lending and Investments,2022,0,True
Saudi Arabia,Lending and Investments,2025,60,True
Iceland,Lending and Investments,2021,0,True
India,Lending and Investments,2016,1,True
Canada,Manufacturing,2016,655,True
Japan,Manufacturing,2020,26,True
South Africa,Manufacturing,2022,9,True
Ireland,Manufacturing,2024,1,True
Finland,Manufacturing,2021,3,True
Finland,Manufacturing,2023,2,True
United Arab Emirates,Manufacturing,2024,2,True
Switzerland,Media and Entertainment,2017,0,True
Austria,Media and Entertainment,2021,16,True
Japan,Media and Entertainment,2016,18,True
Australia,Media and Entertainment,2016,5,True
Netherlands,Media and Entertainment,2023,30,True
Saudi Arabia,Media and Entertainment,2020,1,True
Spain,Media and Entertainment,2021,0,True
Sweden,Media and Entertainment,2020,4,True
India,Media and Entertainment,2016,1,True
Norway,"Military, public safety and government",2019,0,True
Australia,"Mobile, platforms & Internet services",2026,5640,False
Finland,"Mobile, platforms & Internet services",2026,6,False
Costa Rica,"Mobile, platforms & Internet services",2025,1,True
Indonesia,"Mobile, platforms & Internet services",2021,75,True
Taiwan,"Mobile, platforms & Internet services",2021,42,True
Malaysia,"Mobile, platforms & Internet services",2022,3,True
Brazil,"Mobile, platforms & Internet services",2023,11,True
Belgium,"Mobile, platforms & Internet services",2020,83,True
Canada,"Mobile, platforms & Internet services",2020,125,True
Ireland,"Mobile, platforms & Internet services",2023,32,True
Romania,"Mobile, platforms & Internet services",2024,1,True
France,NLP,2025,215,True
Brazil,NLP,2018,1,True
Iceland,NLP,2020,0,True
Iceland,NLP,2021,0,True
Taiwan,NLP,2023,6,True
Canada,NLP,2025,70,True
Mongolia,NLP,2018,0,True
Turkey,NLP,2025,0,True
Saudi Arabia,Navigation and mapping,2017,0,True
Australia,Navigation and mapping,2019,6,True
United States,Navigation and mapping,2022,195,True
Australia,Other,2020,2,True
Australia,Other,2022,19,True
Kazakhstan,Other,2023,0,True
Israel,Other,2019,21,True
Sweden,Other,2026,1,False
Denmark,Other,2020,1,True
Poland,Privacy and Security,2022,0,True
Spain,Privacy and Security,2018,2,True
Portugal,Privacy and Security,2021,57,True
South Africa,Privacy and Security,2022,8,True
Slovenia,Privacy and Security,2016,0,True
New Zealand,Privacy and Security,2021,3,True
Brazil,Privacy and Security,2016,0,True
Mexico,Professional services,2017,0,True
United States,Professional services,2024,5189,True
Saudi Arabia,Professional services,2024,8,True
Israel,Professional services,2020,37,True
Turkey,Professional services,2020,0,True
South Africa,Professional services,2025,1,True
Egypt,Professional services,2025,3,True
Egypt,Professional services,2026,0,False
Austria,Professional services,2020,1,True
Austria,Professional services,2021,0,True
Austria,Professional services,2025,3,True
Norway,Real estate,2020,242,True
Mauritius,Real estate,2021,20,True
Czechia,Real estate,2017,1,True
United States,Real estate,2021,3089,True
Austria,Real estate,2026,2,False
France,Real estate,2025,4,True
Brazil,Real estate,2016,6,True
China,Real estate,2022,4,True
Canada,Robotics,2024,3,True
South Korea,Robotics,2021,13,True
Sri Lanka,Robotics,2017,2,True
United States,Robotics,2024,4954,True
Singapore,Robotics,2018,11,True
Singapore,Robotics,2026,1,False
India,Robotics,2023,3,True
India,Robotics,2026,12,False
Switzerland,Robotics,2023,13,True
Slovenia,Robotics,2025,2,True
United States,"Sales, retail, commerce, marketing",2017,1026,True
Moldova,"Sales, retail, commerce, marketing",2025,0,True
Turkey,"Sales, retail, commerce, marketing",2019,2,True
India,"Sales, retail, commerce, marketing",2025,187,True
South Africa,"Sales, retail, commerce, marketing",2017,1,True
Denmark,"Sales, retail, commerce, marketing",2022,4,True
South Korea,"Sales, retail, commerce, marketing",2024,24,True
Cyprus,"Sales, retail, commerce, marketing",2018,1,True
Croatia,"Sales, retail, commerce, marketing",2022,2,True
Canada,"Sales, retail, commerce, marketing",2016,11,True
Canada,Semiconductor,2024,68,True
China,Semiconductor,2026,258,False
Switzerland,Simulation,2018,0,True
Germany,Simulation,2017,1,True
South Korea,Simulation,2024,0,True
Malaysia,Software,2020,7,True
Taiwan,Software,2021,71,True
Hungary,Software,2017,4,True
Canada,Software,2019,504,True
Canada,Software,2023,740,True
China,Software,2024,5308,True
Portugal,Software,2020,6,True
Ireland,Software,2025,167,True
South Korea,Software,2017,44,True
Poland,Software,2016,11,True
United States,Software,2021,44817,True
Bulgaria,Software,2025,39,True
Lebanon,Software,2023,0,True
Vietnam,Software,2026,2,False
Italy,Software,2024,155,True
Spain,Speech Recognition,2022,0,True
Germany,Sports,2021,3,True
Kenya,Sports,2019,2,True
France,Sports,2017,1,True
Ireland,Sports,2025,2,True
Switzerland,Sports,2021,0,True
Saudi Arabia,Sports,2021,0,True
Japan,Telecommunications,2024,2,True
Ireland,Telecommunications,2021,1,True
Israel,Telecommunications,2025,4,True
China,Telecommunications,2024,1,True
China,Transportation,2019,269,True
Brazil,Transportation,2022,3,True
South Korea,Transportation,2021,28,True
Mexico,Transportation,2016,0,True
Colombia,Transportation,2022,1,True
Bangladesh,Transportation,2024,0,True
Switzerland,Transportation,2020,3,True
Egypt,Transportation,2016,0,True
Canada,Agriculture,2019,36,True
Ireland,Agriculture,2022,0,True
Germany,Agriculture,2024,5,True
Germany,Agriculture,2025,16,True
New Zealand,Agriculture,2019,0,True
Spain,Agriculture,2016,2,True
Saudi Arabia,Agriculture,2019,1,True
Colombia,All,2025,822,True
Latvia,All,2017,1,True
Latvia,All,2018,10,True
missing,All,2020,417,True
Mexico,All,2024,62,True
South Korea,All,2024,1897,True
Kenya,All,2026,3,False
Bangladesh,All,2026,0,False
Czechia,All,2022,164,True
Finland,All,2024,724,True
Malta,All,2023,0,True
Canada,All,2018,2744,True
Singapore,All,2017,566,True
United States,All,2018,38571,True
Argentina,All,2021,16,True
Dominican Republic,All,2021,0,True
Ukraine,All,2024,4,True
Armenia,Biotechnology,2026,0,False
Austria,Biotechnology,2016,1,True
Netherlands,Biotechnology,2023,10,True
Taiwan,Biotechnology,2018,0,True
Slovenia,Biotechnology,2017,0,True
Kenya,Community and Lifestyle,2022,0,True
Malaysia,Community and Lifestyle,2019,1,True
Canada,Community and Lifestyle,2024,2,True
Spain,Community and Lifestyle,2022,4,True
Czechia,Community and Lifestyle,2023,0,True
Mexico,Computer Vision,2025,55,True
Sweden,Computer Vision,2026,4,False
Brazil,Computer Vision,2016,3,True
Belgium,Computer Vision,2019,0,True
Belgium,Computer Vision,2020,1,True
Italy,Computer Vision,2020,4,True
Serbia,Computer Vision,2017,0,True
Taiwan,Consumer goods,2024,4,True
Ireland,Consumer goods,2020,3,True
Ireland,Consumer goods,2021,4,True
India,Consumer goods,2020,11954,True
Germany,Consumer goods,2024,0,True
Finland,Consumer goods,2023,1,True
United Arab Emirates,Consumer goods,2021,2,True
United Arab Emirates,Consumer goods,2025,255,True
Denmark,Consumer goods,2017,0,True
China,Consumer goods,2020,107,True
Singapore,Cyber Security,2024,3,True
Estonia,Cyber Security,2020,3,True
Italy,Cyber Security,2021,2,True
Spain,Cyber Security,2016,0,True
Poland,Cyber Security,2019,1,True
Poland,Data and analytics,2025,66,True
Philippines,Data and analytics,2016,0,True
Lithuania,Data and analytics,2018,1,True
Colombia,Data and analytics,2025,821,True
Estonia,Data and analytics,2023,9,True
Sri Lanka,Data and analytics,2025,3,True
France,Data and analytics,2020,262,True
Thailand,Data and analytics,2022,3,True
Spain,Data and analytics,2017,49,True
Spain,Data and analytics,2022,404,True
Chile,Data and analytics,2019,6,True
India,Data and analytics,2026,1255,False
Peru,Data and analytics,2023,1,True
Cyprus,Data and analytics,2025,18,True
Netherlands,Data and analytics,2017,109,True
Finland,Data and analytics,2018,7,True
Japan,Data and analytics,2023,250,True
India,Education,2022,170,True
China,Education,2020,1149,True
Sri Lanka,Education,2021,0,True
Sri Lanka,Education,2024,1,True
Germany,Energy and natural resources,2025,33,True
Egypt,Energy and natural resources,2024,0,True
Luxembourg,Energy and natural resources,2026,2,False
Spain,Energy and natural resources,2016,18,True
Spain,Energy and natural resources,2025,4,True
Spain,Energy and natural resources,2026,21,False
United Arab Emirates,Energy and natural resources,2023,3,True
Portugal,Energy and natural resources,2024,3,True
Kenya,Energy and natural resources,2017,0,True
United Kingdom,Energy and natural resources,2024,95,True
Switzerland,Energy and natural resources,2017,0,True
Switzerland,Energy and natural resources,2023,11,True
Austria,Energy and natural resources,2022,2,True
Austria,Energy and natural resources,2023,4,True
Portugal,Finance,2021,55,True
Taiwan,Finance,2019,5,True
United States,Finance,2016,764,True
Australia,Finance,2018,14,True
Denmark,Finance,2020,12,True
Canada,Finance,2024,53,True
Brazil,Finance,2024,24,True
Belgium,Finance,2016,1,True
Spain,Gaming,2026,0,False
Italy,Gaming,2025,0,True
Japan,Gaming,2020,15,True
United Kingdom,Gaming,2017,26,True
Hungary,Gaming,2020,0,True
Serbia,General purpose,2023,43,True
New Zealand,General purpose,2016,1,True
Switzerland,General purpose,2022,273,True
Tanzania,General purpose,2025,1,True
Singapore,General purpose,2024,2307,True
China,General purpose,2020,3266,True
Philippines,General purpose,2024,16,True
India,General purpose,2019,267,True
Spain,General purpose,2020,49,True
Cyprus,General purpose,2021,24,True
Saudi Arabia,General purpose,2016,1000,True
Sri Lanka,General purpose,2022,0,True
Qatar,General purpose,2021,4,True
Côte d'Ivoire,General purpose,2023,0,True
Bahrain,General purpose,2020,0,True
Chile,Hardware,2021,1,True
Italy,Hardware,2018,2,True
Italy,Hardware,2022,8,True
Lithuania,Hardware,2022,0,True
Sweden,Hardware,2022,13,True
Israel,Hardware,2018,81,True
Ghana,Hardware,2023,0,True
Switzerland,Hardware,2019,37,True
Switzerland,Hardware,2022,39,True
Canada,Healthcare and Life Sciences,2018,2011,True
Czechia,Healthcare and Life Sciences,2026,0,False
Ukraine,Healthcare and Life Sciences,2021,0,True
India,Healthcare and Life Sciences,2024,38,True
Turkey,Healthcare and Life Sciences,2018,0,True
Saudi Arabia,Healthcare and Life Sciences,2021,2,True
Uruguay,Healthcare and Life Sciences,2025,0,True
Rwanda,Information Technology,2024,1,True
Tunisia,Information Technology,2022,0,True
Czechia,Information Technology,2022,20,True
Australia,Information Technology,2026,5671,False
Turkey,Information Technology,2025,10,True
Vietnam,Information Technology,2022,0,True
Colombia,Information Technology,2018,0,True
Luxembourg,Information Technology,2024,20,True
Portugal,Information Technology,2018,2,True
Portugal,Information Technology,2026,1,False
Estonia,Information Technology,2020,14,True
New Zealand,Information Technology,2022,3,True
Italy,Information Technology,2024,136,True
France,Information Technology,2025,574,True
Slovenia,Information Technology,2022,3,True
Ireland,Information Technology,2023,81,True
Slovakia,Information Technology,2025,9,True
Bulgaria,Information Technology,2017,0,True
Mauritius,Lending and Investments,2021,20,True
United States,Lending and Investments,2022,1486,True
Spain,Lending and Investments,2022,0,True
Turkey,Lending and Investments,2016,2,True
Turkey,Lending and Investments,2021,0,True
Lithuania,Manufacturing,2019,0,True
Lithuania,Manufacturing,2023,0,True
China,Manufacturing,2016,41,True
Sri Lanka,Manufacturing,2024,0,True
Switzerland,Manufacturing,2023,35,True
Norway,Manufacturing,2017,1,True
Japan,Media and Entertainment,2024,9,True
Finland,Media and Entertainment,2019,18,True
Netherlands,Media and Entertainment,2016,10,True
Canada,Media and Entertainment,2018,2049,True
Canada,Media and Entertainment,2025,73,True
United States,Media and Entertainment,2021,1292,True
United States,Media and Entertainment,2024,2745,True
Kazakhstan,Media and Entertainment,2024,0,True
South Korea,Media and Entertainment,2021,1756,True
Argentina,Media and Entertainment,2023,0,True
Brazil,Media and Entertainment,2023,1,True
Thailand,Media and Entertainment,2022,0,True
Belgium,"Military, public safety and government",2024,0,True
Slovenia,"Mobile, platforms & Internet services",2020,1,True
United Arab Emirates,"Mobile, platforms & Internet services",2020,4,True
Finland,"Mobile, platforms & Internet services",2016,1,True
Denmark,"Mobile, platforms & Internet services",2016,2,True
Denmark,"Mobile, platforms & Internet services",2020,3,True
Colombia,"Mobile, platforms & Internet services",2017,1,True
Italy,"Mobile, platforms & Internet services",2024,9,True
Belgium,"Mobile, platforms & Internet services",2018,0,True
Kenya,"Mobile, platforms & Internet services",2023,0,True
Switzerland,NLP,2026,1,False
India,NLP,2019,1,True
Ireland,NLP,2016,0,True
Iceland,NLP,2023,0,True
Taiwan,NLP,2020,21,True
Saudi Arabia,NLP,2019,0,True
Poland,NLP,2016,3,True
Canada,Navigation and mapping,2025,62,True
China,Navigation and mapping,2019,19,True
Sweden,Navigation and mapping,2026,4,False
United States,Navigation and mapping,2016,46,True
Chile,Other,2018,1,True
Portugal,Other,2026,14,False
Italy,Other,2021,1,True
Italy,Other,2023,46,True
Spain,Other,2022,19,True
India,Other,2017,1,True
Finland,Other,2025,3,True
Nigeria,Other,2018,0,True
Taiwan,Other,2026,1,False
Denmark,Other,2016,0,True
Canada,Other,2018,16,True
Malaysia,Privacy and Security,2023,0,True
Romania,Privacy and Security,2023,1,True
Lithuania,Privacy and Security,2021,0,True
Denmark,Privacy and Security,2022,1,True
Germany,Privacy and Security,2022,86,True
United Arab Emirates,Professional services,2021,0,True
Finland,Professional services,2022,0,True
India,Professional services,2023,41,True
Switzerland,Professional services,2023,5,True
Bulgaria,Professional services,2025,2,True
Sri Lanka,Professional services,2024,1,True
Indonesia,Professional services,2023,6,True
Thailand,Professional services,2026,4,False
United States,Professional services,2016,567,True
Kazakhstan,Professional services,2022,1,True
Russia,Professional services,2018,1,True
Israel,Professional services,2024,142,True
China,Professional services,2017,50,True
Belgium,Professional services,2026,42,False
Egypt,Professional services,2024,1,True
Ukraine,Professional services,2024,0,True
Cyprus,Professional services,2025,0,True
Netherlands,Real estate,2021,6,True
Japan,Real estate,2016,16,True
South Korea,Real estate,2026,10,False
United Arab Emirates,Real estate,2018,0,True
Germany,Real estate,2018,4,True
Germany,Real estate,2020,8,True
Germany,Real estate,2026,37,False
Saudi Arabia,Real estate,2019,1,True
India,Real estate,2019,0,True
Sweden,Real estate,2022,31,True
South Korea,Robotics,2016,2,True
South Korea,Robotics,2022,26,True
Singapore,Robotics,2021,5,True
Denmark,Robotics,2019,16,True
Poland,Robotics,2018,1,True
India,Robotics,2016,0,True
Switzerland,Robotics,2016,3,True
United Kingdom,Robotics,2016,9,True
Germany,Robotics,2020,10,True
Austria,"Sales, retail, commerce, marketing",2021,17,True
Norway,"Sales, retail, commerce, marketing",2017,3,True
Greece,"Sales, retail, commerce, marketing",2017,0,True
Czechia,"Sales, retail, commerce, marketing",2022,56,True
Czechia,"Sales, retail, commerce, marketing",2026,1,False
Finland,"Sales, retail, commerce, marketing",2022,572,True
United Arab Emirates,"Sales, retail, commerce, marketing",2022,1,True
Lithuania,"Sales, retail, commerce, marketing",2023,0,True
Qatar,"Sales, retail, commerce, marketing",2021,4,True
Israel,"Sales, retail, commerce, marketing",2022,97,True
Colombia,"Sales, retail, commerce, marketing",2016,0,True
Australia,"Sales, retail, commerce, marketing",2017,2,True
Hungary,"Sales, retail, commerce, marketing",2024,1,True
Canada,Semiconductor,2017,6,True
Germany,Semiconductor,2018,5,True
Singapore,Semiconductor,2025,3,True
Netherlands,Semiconductor,2024,14,True
Taiwan,Semiconductor,2025,10,True
Qatar,Software,2018,0,True
Canada,Software,2024,913,True
Nigeria,Software,2022,3,True
South Korea,Software,2025,866,True
Lithuania,Software,2017,0,True
Indonesia,Software,2017,1,True
Uganda,Software,2022,0,True
Colombia,Software,2020,4,True
Tajikistan,Software,2026,3,False
Estonia,Software,2016,2,True
Netherlands,Software,2025,412,True
Latvia,Software,2017,0,True
Latvia,Software,2023,0,True
Latvia,Software,2024,2,True
Italy,Software,2021,77,True
Denmark,Speech Recognition,2021,10,True
United Arab Emirates,Speech Recognition,2017,1,True
Denmark,Sports,2021,6,True
United Kingdom,Sports,2025,3,True
Switzerland,Sports,2016,0,True
Switzerland,Sports,2020,0,True
India,Sports,2024,1,True
United Arab Emirates,Sports,2017,1,True
Colombia,Telecommunications,2017,0,True
Israel,Telecommunications,2022,308,True
Switzerland,Telecommunications,2023,0,True
Poland,Telecommunications,2020,1,True
Germany,Transportation,2019,20,True
Australia,Transportation,2017,0,True
India,Transportation,2021,143,True
Belgium,Transportation,2024,5,True
Poland,Transportation,2022,4,True
Bahrain,Transportation,2020,0,True
Peru,Transportation,2022,0,True
Switzerland,Transportation,2024,12,True
Italy,Agriculture,2023,2,True
India,Agriculture,2018,6,True
New Zealand,Agriculture,2024,0,True
Mexico,Agriculture,2016,0,True
Tunisia,Agriculture,2021,0,True
Spain,Agriculture,2017,0,True
United States,Agriculture,2018,2146,True
Colombia,All,2016,2,True
Vietnam,All,2024,11,True
missing,All,2021,21,True
Philippines,All,2025,112,True
China,All,2023,5714,True
Moldova,All,2025,0,True
Uzbekistan,All,2025,0,True
Greece,All,2024,2,True
South Africa,All,2026,85,False
South Korea,All,2021,3619,True
Romania,All,2022,28,True
Kenya,All,2024,18,True
Egypt,All,2017,0,True
Finland,All,2017,39,True
Australia,All,2020,254,True
Iraq,All,2022,0,True
Bosnia and Herzegovina,All,2023,0,True
Peru,All,2019,1,True
Peru,All,2021,1,True
United States,Biotechnology,2022,924,True
Israel,Biotechnology,2020,12,True
Sweden,Biotechnology,2021,3,True
Sweden,Biotechnology,2022,3,True
Finland,Biotechnology,2018,0,True
Germany,Biotechnology,2025,30,True
Netherlands,Community and Lifestyle,2026,50,False
Ireland,Community and Lifestyle,2022,100,True
Romania,Community and Lifestyle,2024,1,True
Brazil,Community and Lifestyle,2016,6,True
India,Community and Lifestyle,2016,1,True
Spain,Community and Lifestyle,2020,5,True
Australia,Community and Lifestyle,2018,0,True
United Kingdom,Community and Lifestyle,2021,39,True
Hungary,Computer Vision,2018,4,True
Canada,Computer Vision,2021,71,True
Switzerland,Computer Vision,2020,31,True
Austria,Computer Vision,2017,1,True
South Korea,Computer Vision,2017,2,True
Sweden,Computer Vision,2024,2,True
Romania,Computer Vision,2023,0,True
United Arab Emirates,Computer Vision,2020,1,True
Spain,Computer Vision,2021,1,True
China,Computer Vision,2024,55,True
United Kingdom,Consumer goods,2026,25,False
Spain,Consumer goods,2024,0,True
Italy,Consumer goods,2018,0,True
Italy,Consumer goods,2021,1,True
India,Consumer goods,2021,6,True
Israel,Consumer goods,2024,8,True
Finland,Consumer goods,2022,1,True
Ireland,Cyber Security,2024,11,True
China,Cyber Security,2023,2,True
United States,Cyber Security,2025,3525,True
Argentina,Cyber Security,2026,0,False
Kazakhstan,Data and analytics,2023,2,True
Argentina,Data and analytics,2021,3,True
Hungary,Data and analytics,2016,3,True
Vietnam,Data and analytics,2020,2,True
Mexico,Data and analytics,2016,1,True
Denmark,Data and analytics,2019,40,True
Italy,Data and analytics,2016,8,True
Serbia,Data and analytics,2018,0,True
Russia,Data and analytics,2018,8,True
Netherlands,Data and analytics,2016,48,True
Netherlands,Data and analytics,2022,233,True
Belgium,Data and analytics,2019,58,True
Nigeria,Data and analytics,2020,1,True
missing,Data and analytics,2019,5,True
South Korea,Data and analytics,2025,703,True
Romania,Education,2021,0,True
Denmark,Education,2024,1,True
Poland,Education,2025,2,True
Turkey,Education,2016,0,True
Belgium,Education,2025,0,True
United Kingdom,Education,2016,4,True
Ireland,Education,2022,0,True
Germany,Energy and natural resources,2023,32,True
Denmark,Energy and natural resources,2020,2,True
Sweden,Energy and natural resources,2016,1,True
Sweden,Energy and natural resources,2021,10,True
Switzerland,Energy and natural resources,2025,23,True
Japan,Energy and natural resources,2021,1,True
Japan,Energy and natural resources,2024,57,True
Argentina,Finance,2022,0,True
Italy,Finance,2016,1,True
Colombia,Finance,2023,0,True
Mexico,Finance,2016,1,True
Panama,Finance,2023,0,True
Indonesia,Finance,2022,5,True
Switzerland,Finance,2016,0,True
United States,Finance,2020,5469,True
missing,Finance,2021,2,True
missing,Finance,2026,6,False
France,Finance,2021,106,True
Estonia,Finance,2023,0,True
Brazil,Finance,2019,8,True
South Africa,Finance,2024,0,True
Mauritius,Finance,2022,11,True
Chile,Gaming,2021,0,True
Switzerland,Gaming,2022,0,True
Poland,Gaming,2019,3,True
Estonia,General purpose,2017,1,True
Lebanon,General purpose,2018,0,True
Slovenia,General purpose,2020,1,True
United States,General purpose,2016,5056,True
Switzerland,General purpose,2023,174,True
Panama,General purpose,2025,15,True
Philippines,General purpose,2025,96,True
Vietnam,General purpose,2020,2,True
Georgia,General purpose,2024,0,True
India,General purpose,2020,154,True
Bangladesh,General purpose,2023,1,True
Sri Lanka,General purpose,2019,1,True
Latvia,General purpose,2022,0,True
Nigeria,General purpose,2022,2,True
Luxembourg,General purpose,2022,5,True
Malaysia,General purpose,2024,7,True
United Arab Emirates,General purpose,2016,5,True
Egypt,General purpose,2024,0,True
Italy,General purpose,2025,143,True
Norway,General purpose,2026,3133,False
Ireland,Hardware,2017,1,True
Ireland,Hardware,2023,6,True
United Arab Emirates,Hardware,2020,1,True
Japan,Hardware,2016,27,True
Colombia,Hardware,2023,0,True
Hungary,Hardware,2017,0,True
Hungary,Hardware,2025,0,True
Peru,Hardware,2017,0,True
Malaysia,Hardware,2022,15,True
Malaysia,Hardware,2026,8,False
Saudi Arabia,Hardware,2018,0,True
Netherlands,Healthcare and Life Sciences,2019,6,True
Brazil,Healthcare and Life Sciences,2021,7,True
United Kingdom,Healthcare and Life Sciences,2017,47,True
India,Healthcare and Life Sciences,2018,7,True
India,Healthcare and Life Sciences,2023,16,True
Denmark,Healthcare and Life Sciences,2025,10,True
Hungary,Healthcare and Life Sciences,2018,0,True
Brazil,Information Technology,2026,91,False
Taiwan,Information Technology,2023,18,True
Switzerland,Information Technology,2024,125,True
New Zealand,Information Technology,2017,0,True
Sweden,Information Technology,2026,28,False
Finland,Information Technology,2026,85,False
Kenya,Information Technology,2020,6,True
Argentina,Information Technology,2026,1,False
Iceland,Information Technology,2018,0,True
Ecuador,Information Technology,2026,3,False
Greece,Information Technology,2021,0,True
Bulgaria,Information Technology,2021,1,True
Ireland,Lending and Investments,2020,0,True
Switzerland,Lending and Investments,2021,1,True
Austria,Lending and Investments,2019,0,True
India,Lending and Investments,2020,7,True
Italy,Lending and Investments,2023,2,True
Brazil,Lending and Investments,2024,5,True
Canada,Manufacturing,2018,2019,True
United States,Manufacturing,2024,4927,True
Japan,Manufacturing,2026,67,False
Spain,Manufacturing,2020,3,True
Australia,Manufacturing,2021,2,True
Finland,Manufacturing,2016,2,True
Hungary,Manufacturing,2018,0,True
Switzerland,Media and Entertainment,2016,0,True
Malaysia,Media and Entertainment,2021,2,True
Luxembourg,Media and Entertainment,2024,20,True
Denmark,Media and Entertainment,2019,3,True
United Kingdom,Media and Entertainment,2026,57,False
United States,Media and Entertainment,2026,698,False
South Korea,Media and Entertainment,2022,154,True
Sweden,Media and Entertainment,2019,2,True
Ireland,Media and Entertainment,2025,55,True
United Kingdom,"Military, public safety and government",2016,1,True
Switzerland,"Military, public safety and government",2018,4,True
United Arab Emirates,"Mobile, platforms & Internet services",2024,1533,True
India,"Mobile, platforms & Internet services",2016,38,True
Latvia,"Mobile, platforms & Internet services",2019,0,True
Thailand,"Mobile, platforms & Internet services",2022,0,True
Sweden,"Mobile, platforms & Internet services",2017,2,True
Chile,"Mobile, platforms & Internet services",2020,1,True
Estonia,"Mobile, platforms & Internet services",2026,1,False
China,"Mobile, platforms & Internet services",2024,122,True
Czechia,"Mobile, platforms & Internet services",2019,1,True
Czechia,"Mobile, platforms & Internet services",2020,4,True
Malta,"Mobile, platforms & Internet services",2020,1,True
France,"Mobile, platforms & Internet services",2026,28,False
missing,"Mobile, platforms & Internet services",2017,3,True
missing,"Mobile, platforms & Internet services",2021,17,True
Portugal,"Mobile, platforms & Internet services",2017,0,True
Colombia,"Mobile, platforms & Internet services",2016,1,True
Kazakhstan,"Mobile, platforms & Internet services",2023,0,True
Singapore,"Mobile, platforms & Internet services",2023,951,True
Italy,"Mobile, platforms & Internet services",2017,1,True
Belgium,"Mobile, platforms & Internet services",2025,5,True
Lebanon,"Mobile, platforms & Internet services",2017,1,True
Brazil,NLP,2020,51,True
Australia,NLP,2016,1,True
Ireland,Navigation and mapping,2023,1,True
Australia,Navigation and mapping,2026,21,False
Slovakia,Navigation and mapping,2018,1,True
India,Other,2019,147,True
Nigeria,Other,2024,0,True
United Arab Emirates,Other,2018,0,True
France,Other,2017,22,True
Turkey,Other,2017,0,True
Turkey,Other,2020,0,True
Vietnam,Other,2021,6,True
United Arab Emirates,Privacy and Security,2022,10,True
Norway,Privacy and Security,2026,1,False
Bangladesh,Privacy and Security,2025,0,True
Czechia,Privacy and Security,2021,7,True
Brazil,Privacy and Security,2019,2,True
Tunisia,Professional services,2025,0,True
Czechia,Professional services,2023,3,True
Denmark,Professional services,2024,7,True
Finland,Professional services,2021,5,True
Switzerland,Professional services,2020,2,True
United States,Professional services,2020,3115,True
United States,Professional services,2025,6483,True
China,Professional services,2021,92,True
Estonia,Professional services,2022,4,True
New Zealand,Professional services,2018,0,True
Germany,Professional services,2018,9,True
Poland,Professional services,2019,1,True
Brazil,Real estate,2024,2,True
Israel,Real estate,2022,147,True
Israel,Real estate,2024,28,True
Spain,Robotics,2019,1,True
Spain,Robotics,2022,0,True
Canada,Robotics,2019,7,True
Taiwan,Robotics,2024,3,True
Austria,"Sales, retail, commerce, marketing",2024,0,True
missing,"Sales, retail, commerce, marketing",2025,5,True
Saint Kitts and Nevis,"Sales, retail, commerce, marketing",2021,0,True
Ukraine,"Sales, retail, commerce, marketing",2025,1,True
Czechia,"Sales, retail, commerce, marketing",2016,0,True
United Arab Emirates,"Sales, retail, commerce, marketing",2024,6,True
France,"Sales, retail, commerce, marketing",2023,153,True
Chile,"Sales, retail, commerce, marketing",2019,0,True
Hungary,"Sales, retail, commerce, marketing",2017,1,True
Canada,Semiconductor,2026,1,False
China,Semiconductor,2022,122,True
Denmark,Semiconductor,2024,0,True
France,Semiconductor,2019,4,True
Netherlands,Semiconductor,2021,3,True
India,Simulation,2022,165,True
Netherlands,Simulation,2025,2,True
Norway,Software,2019,32,True
missing,Software,2024,156,True
Hungary,Software,2022,14,True
Canada,Software,2020,573,True
Japan,Software,2025,276,True
Chile,Software,2016,0,True
Slovakia,Software,2023,22,True
Belgium,Software,2019,60,True
Thailand,Software,2016,0,True
Thailand,Software,2024,75,True
Tunisia,Software,2019,0,True
Israel,Software,2016,167,True
Romania,Software,2017,0,True
Romania,Software,2023,18,True
Ukraine,Software,2016,0,True
Colombia,Software,2016,1,True
Vietnam,Software,2018,0,True
Denmark,Software,2020,49,True
Georgia,Software,2022,0,True
Ireland,Speech Recognition,2016,0,True
United States,Speech Recognition,2019,29,True
United States,Speech Recognition,2023,39,True
South Korea,Sports,2024,5,True
Bulgaria,Sports,2019,0,True
China,Sports,2021,48,True
Japan,Sports,2020,0,True
United Arab Emirates,Sports,2022,11,True
Canada,Sports,2020,1,True
Turkey,Telecommunications,2021,5,True
Spain,Telecommunications,2021,10,True
Egypt,Telecommunications,2026,0,False
Italy,Transportation,2017,3,True
Canada,Transportation,2018,9,True
South Korea,Transportation,2023,505,True
Malaysia,Transportation,2019,1,True
Austria,Transportation,2017,1,True
Saudi Arabia,Transportation,2020,9,True
Slovenia,Transportation,2017,0,True
Greece,Transportation,2016,0,True
Turkey,Agriculture,2024,1,True
Australia,Agriculture,2025,58,True
Germany,Agriculture,2021,232,True
India,Agriculture,2025,10,True
Brazil,Agriculture,2026,5,False
Trinidad and Tobago,All,2026,40,False
Saudi Arabia,All,2025,2526,True
Lithuania,All,2017,0,True
Japan,All,2022,513,True
missing,All,2017,3,True
Lebanon,All,2018,0,True
Tanzania,All,2025,2,True
France,All,2017,439,True
France,All,2026,4725,False
Greece,All,2021,14,True
United Arab Emirates,All,2019,35,True
Sweden,All,2024,5449,True
Netherlands,All,2017,158,True
Netherlands,All,2018,117,True
Kazakhstan,All,2019,0,True
Paraguay,All,2024,0,True
Mauritius,All,2020,3,True
Chile,All,2016,0,True
Chile,All,2025,24,True
Mongolia,All,2025,4,True
Indonesia,All,2023,28,True
Ghana,Biotechnology,2021,0,True
Spain,Biotechnology,2016,1,True
France,Biotechnology,2018,0,True
France,Biotechnology,2020,13,True
Hungary,Biotechnology,2018,0,True
Italy,Biotechnology,2023,3,True
China,Biotechnology,2019,46,True
Taiwan,Biotechnology,2024,2,True
Indonesia,Biotechnology,2024,24,True
India,Community and Lifestyle,2026,2,False
China,Community and Lifestyle,2020,485,True
Vietnam,Community and Lifestyle,2023,1,True
Italy,Community and Lifestyle,2023,7,True
United Arab Emirates,Community and Lifestyle,2018,2,True
United Kingdom,Computer Vision,2023,207,True
Germany,Computer Vision,2024,5,True
Cyprus,Computer Vision,2021,0,True
Norway,Computer Vision,2021,1,True
Turkey,Computer Vision,2017,1,True
Portugal,Computer Vision,2020,0,True
Belgium,Computer Vision,2024,14,True
Mexico,Consumer goods,2022,2,True
Czechia,Consumer goods,2019,1,True
Portugal,Consumer goods,2020,0,True
Colombia,Consumer goods,2024,3,True
Switzerland,Cyber Security,2026,8,False
Canada,Cyber Security,2020,6,True
Australia,Cyber Security,2021,50,True
China,Cyber Security,2018,31,True
Italy,Cyber Security,2025,43,True
Spain,Cyber Security,2018,2,True
Poland,Cyber Security,2017,2,True
Dominican Republic,Data and analytics,2022,0,True
Ireland,Data and analytics,2019,96,True
Norway,Data and analytics,2021,257,True
Thailand,Data and analytics,2020,1,True
Luxembourg,Data and analytics,2017,1,True
United Arab Emirates,Data and analytics,2024,1726,True
Turkey,Data and analytics,2016,1,True
Cyprus,Data and analytics,2023,1,True
Canada,Data and analytics,2021,699,True
Belgium,Data and analytics,2024,296,True
United Kingdom,Data and analytics,2021,2231,True
South Korea,Data and analytics,2023,675,True
France,Education,2021,9,True
Poland,Education,2016,0,True
Poland,Education,2021,2,True
Australia,Education,2017,2,True
Turkey,Education,2021,8,True
China,Education,2022,20,True
China,Education,2025,9,True
Israel,Education,2023,2,True
Saudi Arabia,Education,2021,1,True
Estonia,Energy and natural resources,2025,1,True
Estonia,Energy and natural resources,2026,12,False
South Korea,Energy and natural resources,2019,2,True
United States,Energy and natural resources,2023,494,True
Finland,Energy and natural resources,2017,0,True
Belgium,Energy and natural resources,2016,1,True
Nigeria,Energy and natural resources,2022,0,True
Austria,Energy and natural resources,2020,5,True
Spain,Facial Recognition,2017,15,True
Serbia,Finance,2021,0,True
Czechia,Finance,2020,2,True
China,Finance,2026,57,False
Spain,Finance,2024,158,True
Hungary,Finance,2020,0,True
France,Finance,2019,118,True
Romania,Finance,2021,0,True
Turkey,Finance,2019,0,True
Philippines,Finance,2020,0,True
Philippines,Finance,2022,24,True
Turkey,Gaming,2020,0,True
India,Gaming,2024,7,True
South Korea,Gaming,2018,0,True
Sweden,Gaming,2026,2,False
Finland,General purpose,2024,687,True
Iceland,General purpose,2025,3,True
Argentina,General purpose,2024,2,True
Singapore,General purpose,2022,549,True
Australia,General purpose,2017,70,True
Portugal,General purpose,2018,9,True
Costa Rica,General purpose,2025,1,True
France,General purpose,2022,388,True
France,General purpose,2024,1757,True
missing,General purpose,2019,5,True
missing,General purpose,2020,417,True
South Korea,General purpose,2018,98,True
South Korea,General purpose,2023,1384,True
Kenya,General purpose,2020,0,True
Bulgaria,General purpose,2020,1,True
Cyprus,General purpose,2018,2,True
Sri Lanka,General purpose,2023,4,True
Indonesia,General purpose,2021,75,True
Nigeria,General purpose,2026,4,False
Malaysia,General purpose,2019,1,True
Egypt,General purpose,2022,2,True
Italy,General purpose,2023,95,True
Greece,General purpose,2024,2,True
Norway,Hardware,2018,4,True
Italy,Hardware,2023,78,True
Ukraine,Hardware,2020,0,True
Spain,Hardware,2024,3,True
Singapore,Hardware,2020,44,True
France,Hardware,2019,40,True
France,Hardware,2022,62,True
Peru,Hardware,2022,0,True
Malaysia,Hardware,2017,0,True
Malta,Hardware,2018,0,True
Sri Lanka,Hardware,2021,0,True
Czechia,Healthcare and Life Sciences,2024,0,True
Singapore,Healthcare and Life Sciences,2020,21,True
Singapore,Healthcare and Life Sciences,2022,15,True
China,Healthcare and Life Sciences,2019,186,True
Cyprus,Healthcare and Life Sciences,2023,0,True
Norway,Healthcare and Life Sciences,2016,0,True
Saudi Arabia,Healthcare and Life Sciences,2025,11,True
South Africa,Healthcare and Life Sciences,2023,1,True
Latvia,Information Technology,2022,1,True
Cyprus,Information Technology,2017,1,True
Norway,Information Technology,2026,3114,False
South Korea,Information Technology,2020,158,True
missing,Information Technology,2017,3,True
missing,Information Technology,2026,55284,False
Algeria,Information Technology,2021,0,True
Canada,Lending and Investments,2018,3,True
United Arab Emirates,Lending and Investments,2022,0,True
Spain,Lending and Investments,2026,2,False
Lithuania,Lending and Investments,2024,100,True
United Kingdom,Lending and Investments,2017,82,True
South Africa,Lending and Investments,2025,8,True
Qatar,Lending and Investments,2022,2,True
Germany,Lending and Investments,2017,128,True
India,Lending and Investments,2017,3,True
Japan,Lending and Investments,2024,13,True
Estonia,Manufacturing,2022,12,True
Turkey,Manufacturing,2024,1,True
Kenya,Manufacturing,2025,0,True
Italy,Manufacturing,2017,2,True
United Arab Emirates,Manufacturing,2025,1,True
Norway,Manufacturing,2026,3100,False
South Korea,Manufacturing,2016,2,True
Austria,Media and Entertainment,2022,1,True
Australia,Media and Entertainment,2024,995,True
Luxembourg,Media and Entertainment,2020,2,True
Italy,Media and Entertainment,2022,1,True
Albania,Media and Entertainment,2024,6,True
Belgium,Media and Entertainment,2019,2,True
Nigeria,Media and Entertainment,2018,5,True
United States,Media and Entertainment,2025,2501,True
Vietnam,Media and Entertainment,2021,0,True
Switzerland,"Mobile, platforms & Internet services",2021,172,True
South Korea,"Mobile, platforms & Internet services",2018,86,True
Lithuania,"Mobile, platforms & Internet services",2026,130,False
Cyprus,"Mobile, platforms & Internet services",2022,1,True
Cyprus,"Mobile, platforms & Internet services",2024,3,True
South Africa,"Mobile, platforms & Internet services",2024,0,True
Colombia,"Mobile, platforms & Internet services",2021,1,True
Ghana,"Mobile, platforms & Internet services",2017,0,True
Kazakhstan,"Mobile, platforms & Internet services",2019,0,True
Malaysia,"Mobile, platforms & Internet services",2023,0,True
United Kingdom,"Mobile, platforms & Internet services",2019,202,True
Japan,"Mobile, platforms & Internet services",2016,30,True
United Arab Emirates,NLP,2022,0,True
France,NLP,2019,15,True
India,NLP,2022,9,True
Ireland,NLP,2020,2,True
Germany,NLP,2020,5,True
Qatar,NLP,2024,0,True
Malaysia,NLP,2024,3,True
Singapore,Navigation and mapping,2024,0,True
Turkey,Navigation and mapping,2018,0,True
Germany,Navigation and mapping,2016,5,True
Germany,Navigation and mapping,2019,4,True
Italy,Other,2026,0,False
Finland,Other,2016,1,True
Ireland,Other,2016,2,True
Singapore,Other,2023,3,True
Singapore,Other,2024,27,True
Israel,Other,2018,9,True
South Korea,Other,2016,2,True
United Kingdom,Other,2019,2490,True
China,Other,2018,96,True
Brazil,Other,2020,74,True
Japan,Other,2016,17,True
Netherlands,Privacy and Security,2016,11,True
Austria,Privacy and Security,2019,0,True
Germany,Privacy and Security,2018,10,True
Bangladesh,Professional services,2025,0,True
United Kingdom,Professional services,2026,1360,False
Portugal,Professional services,2016,4,True
Taiwan,Professional services,2019,5,True
South Korea,Professional services,2018,12,True
Canada,Real estate,2017,3,True
Canada,Real estate,2019,9,True
missing,Real estate,2023,0,True
Indonesia,Real estate,2026,0,False
Australia,Real estate,2018,4,True
United Arab Emirates,Real estate,2019,0,True
Ireland,Real estate,2018,1,True
Belgium,Real estate,2018,3,True
Poland,Real estate,2026,1,False
Sweden,Real estate,2019,3,True
Spain,Robotics,2026,6,False
Malaysia,Robotics,2024,0,True
China,Robotics,2023,165,True
Poland,Robotics,2023,2,True
Romania,Robotics,2024,1,True
Philippines,Robotics,2022,0,True
Sweden,Robotics,2017,1,True
Ireland,Robotics,2023,3,True
Egypt,"Sales, retail, commerce, marketing",2020,1,True
Taiwan,"Sales, retail, commerce, marketing",2016,3,True
Denmark,"Sales, retail, commerce, marketing",2019,7,True
Switzerland,"Sales, retail, commerce, marketing",2025,5,True
United Kingdom,"Sales, retail, commerce, marketing",2023,162,True
Netherlands,"Sales, retail, commerce, marketing",2024,107,True
Colombia,"Sales, retail, commerce, marketing",2024,3,True
Tanzania,"Sales, retail, commerce, marketing",2023,0,True
Chile,"Sales, retail, commerce, marketing",2018,0,True
Switzerland,Semiconductor,2020,5,True
United Kingdom,Semiconductor,2016,4,True
Japan,Semiconductor,2024,26,True
France,Semiconductor,2023,60,True
Greece,Semiconductor,2019,0,True
United States,Simulation,2020,12,True
Sweden,Software,2025,1337,True
Uruguay,Software,2024,1,True
Qatar,Software,2026,1,False
Iceland,Software,2020,9,True
Portugal,Software,2016,3,True
Slovakia,Software,2019,4,True
Ireland,Software,2021,111,True
Ireland,Software,2022,197,True
Pakistan,Software,2019,0,True
Lithuania,Software,2020,1,True
Jordan,Software,2021,0,True
Singapore,Software,2020,557,True
Luxembourg,Software,2021,4,True
Tajikistan,Software,2023,0,True
Netherlands,Software,2016,48,True
Italy,Software,2016,8,True
Canada,Speech Recognition,2017,21,True
Romania,Speech Recognition,2019,0,True
Vietnam,Sports,2023,0,True
New Zealand,Sports,2020,0,True
Nigeria,Sports,2025,0,True
Australia,Sports,2025,0,True
Denmark,Sports,2024,0,True
Brazil,Sports,2023,0,True
Poland,Sports,2017,1,True
India,Sports,2019,0,True
Saudi Arabia,Sports,2018,0,True
Canada,Sports,2025,6,True
Japan,Telecommunications,2026,5,False
Colombia,Telecommunications,2020,0,True
United Kingdom,Telecommunications,2019,14,True
Spain,Transportation,2024,2,True
Germany,Transportation,2026,179,False
Cyprus,Transportation,2017,1,True
Russia,Transportation,2020,3,True
Italy,Transportation,2024,4,True
Canada,Transportation,2021,30,True
Nigeria,Transportation,2020,0,True
South Korea,Transportation,2016,1,True
Denmark,Transportation,2020,2,True
Belgium,Transportation,2019,1,True
Poland,Transportation,2026,4,False
Czechia,Transportation,2022,17,True
Iceland,Transportation,2024,0,True
Netherlands,Transportation,2026,4,False
Egypt,Transportation,2020,0,True
Sweden,Agriculture,2022,5,True
India,Agriculture,2016,3,True
India,Agriculture,2019,7,True
India,Agriculture,2026,3,False
Netherlands,Agriculture,2016,0,True
United States,Agriculture,2016,22,True
United States,Agriculture,2019,123,True
missing,All,2016,0,True
missing,All,2024,223,True
Hungary,All,2020,11,True
Greece,All,2018,2,True
Romania,All,2019,5,True
Mauritius,All,2019,2,True
Mauritius,All,2021,21,True
Singapore,All,2023,1642,True
Luxembourg,All,2020,13,True
United States,Biotechnology,2016,276,True
France,Biotechnology,2021,25,True
Hungary,Biotechnology,2019,1,True
Uruguay,Biotechnology,2025,0,True
Bulgaria,Biotechnology,2019,0,True
Japan,Community and Lifestyle,2016,3,True
Pakistan,Community and Lifestyle,2023,0,True
India,Community and Lifestyle,2022,827,True
Finland,Computer Vision,2023,0,True
Germany,Computer Vision,2026,5,False
India,Computer Vision,2017,17,True
Cyprus,Computer Vision,2020,2,True
Singapore,Computer Vision,2021,72,True
Brazil,Computer Vision,2023,1,True
Ireland,Computer Vision,2025,19,True
Poland,Computer Vision,2022,1,True
Slovakia,Computer Vision,2016,1,True
Uruguay,Consumer goods,2017,0,True
India,Consumer goods,2026,1,False
Turkey,Consumer goods,2017,0,True
South Korea,Consumer goods,2025,8,True
Switzerland,Cyber Security,2020,1,True
Japan,Cyber Security,2019,1,True
Saudi Arabia,Cyber Security,2022,40,True
Bosnia and Herzegovina,Data and analytics,2020,0,True
Austria,Data and analytics,2020,26,True
Austria,Data and analytics,2025,44,True
Argentina,Data and analytics,2022,4,True
Indonesia,Data and analytics,2024,24,True
Armenia,Data and analytics,2025,0,True
Mauritius,Data and analytics,2022,2,True
Norway,Data and analytics,2026,3129,False
Belize,Data and analytics,2022,20,True
Bangladesh,Data and analytics,2018,0,True
Mongolia,Data and analytics,2022,0,True
Spain,Data and analytics,2023,160,True
Malta,Data and analytics,2018,0,True
Cyprus,Data and analytics,2026,67,False
Czechia,Data and analytics,2017,4,True
Kenya,Data and analytics,2017,0,True
Canada,Data and analytics,2022,1843,True
Paraguay,Data and analytics,2024,0,True
South Korea,Data and analytics,2022,1161,True
Argentina,Education,2018,0,True
Tunisia,Education,2022,0,True
Mexico,Education,2020,1,True
United States,Education,2025,502,True
New Zealand,Education,2019,0,True
Belgium,Education,2022,2,True
Canada,Education,2023,12,True
Romania,Energy and natural resources,2023,1,True
United States,Energy and natural resources,2020,343,True
Israel,Energy and natural resources,2016,0,True
Japan,Energy and natural resources,2022,2,True
South Africa,Facial Recognition,2022,8,True
United States,Facial Recognition,2025,6,True
Czechia,Finance,2022,3,True
Nigeria,Finance,2023,86,True
New Zealand,Finance,2026,7,False
Switzerland,Finance,2019,1,True
Austria,Finance,2022,2,True
Kenya,Finance,2021,11,True
Kenya,Finance,2023,3,True
Egypt,Finance,2021,6,True
Norway,Finance,2020,5,True
Chile,Finance,2020,0,True
Israel,Finance,2026,2011,False
India,Finance,2019,9,True
Japan,Finance,2016,3,True
Russia,Finance,2019,5,True
Brazil,Gaming,2021,0,True
Saudi Arabia,Gaming,2022,1,True
Thailand,Gaming,2024,28,True
Denmark,General purpose,2025,69,True
Kenya,General purpose,2021,0,True
Saudi Arabia,General purpose,2020,13,True
Paraguay,General purpose,2024,0,True
United Kingdom,General purpose,2026,5494,False
Peru,General purpose,2023,1,True
Colombia,General purpose,2021,8,True
Norway,General purpose,2018,12,True
Canada,General purpose,2020,533,True
Latvia,Hardware,2021,0,True
South Africa,Hardware,2023,0,True
Portugal,Hardware,2023,2,True
Denmark,Hardware,2018,155,True
United Kingdom,Hardware,2020,457,True
United Kingdom,Hardware,2023,153,True
Colombia,Hardware,2020,2,True
France,Hardware,2016,14,True
France,Hardware,2021,76,True
Germany,Hardware,2022,172,True
Finland,Hardware,2019,201,True
Brazil,Hardware,2022,10,True
Vietnam,Healthcare and Life Sciences,2021,0,True
Japan,Healthcare and Life Sciences,2022,42,True
Japan,Healthcare and Life Sciences,2024,53,True
United Arab Emirates,Healthcare and Life Sciences,2023,2,True
Lithuania,Healthcare and Life Sciences,2017,0,True
Lithuania,Healthcare and Life Sciences,2023,2,True
Argentina,Healthcare and Life Sciences,2021,0,True
Taiwan,Healthcare and Life Sciences,2020,25,True
Norway,Healthcare and Life Sciences,2019,2,True
Norway,Information Technology,2017,13,True
Japan,Information Technology,2021,63,True
Austria,Information Technology,2016,3,True
Australia,Information Technology,2025,331,True
Portugal,Information Technology,2017,17,True
New Zealand,Information Technology,2019,0,True
Malaysia,Information Technology,2018,1,True
Malaysia,Information Technology,2020,4,True
Sweden,Information Technology,2018,2,True
Sri Lanka,Information Technology,2019,1,True
Argentina,Information Technology,2021,3,True
France,Information Technology,2018,116,True
Chile,Information Technology,2018,2,True
Ireland,Information Technology,2016,4,True
Germany,Information Technology,2018,167,True
Netherlands,Information Technology,2025,79,True
United Arab Emirates,Information Technology,2025,302,True
missing,Lending and Investments,2023,3,True
Ghana,Lending and Investments,2022,10,True
Ghana,Lending and Investments,2024,10,True
Mauritius,Lending and Investments,2022,11,True
Finland,Lending and Investments,2018,1,True
Brazil,Lending and Investments,2022,0,True
Canada,Manufacturing,2025,78,True
United States,Manufacturing,2020,458,True
Thailand,Manufacturing,2018,0,True
Netherlands,Manufacturing,2019,1,True
Netherlands,Manufacturing,2022,5,True
Israel,Manufacturing,2022,165,True
Denmark,Manufacturing,2021,0,True
France,Manufacturing,2019,22,True
Iceland,Manufacturing,2021,2,True
Sweden,Manufacturing,2022,23,True
missing,Manufacturing,2024,1,True
missing,Manufacturing,2025,5,True
Italy,Manufacturing,2019,1,True
Norway,Manufacturing,2023,5,True
Hungary,Media and Entertainment,2018,1,True
Norway,Media and Entertainment,2023,0,True
China,Media and Entertainment,2023,212,True
missing,Media and Entertainment,2024,7,True
Denmark,Media and Entertainment,2022,17,True
United Kingdom,Media and Entertainment,2019,77,True
United States,Media and Entertainment,2016,429,True
Slovakia,Media and Entertainment,2023,1,True
Mexico,"Military, public safety and government",2025,0,True
Israel,"Military, public safety and government",2019,2,True
Netherlands,"Military, public safety and government",2023,0,True
Bangladesh,"Military, public safety and government",2019,0,True
United Arab Emirates,"Mobile, platforms & Internet services",2023,16,True
Israel,"Mobile, platforms & Internet services",2023,53,True
Thailand,"Mobile, platforms & Internet services",2021,1,True
Sweden,"Mobile, platforms & Internet services",2020,5,True
Chile,"Mobile, platforms & Internet services",2016,0,True
Estonia,"Mobile, platforms & Internet services",2020,0,True
Estonia,"Mobile, platforms & Internet services",2023,1,True
United States,"Mobile, platforms & Internet services",2025,28667,True
France,"Mobile, platforms & Internet services",2023,33,True
Colombia,"Mobile, platforms & Internet services",2024,1,True
Turkey,"Mobile, platforms & Internet services",2024,55,True
Malaysia,"Mobile, platforms & Internet services",2019,0,True
Malaysia,"Mobile, platforms & Internet services",2025,2,True
United Kingdom,"Mobile, platforms & Internet services",2023,331,True
Austria,"Mobile, platforms & Internet services",2022,2,True
Vietnam,NLP,2025,2,True
United Kingdom,NLP,2026,3,False
Turkey,NLP,2021,0,True
Saudi Arabia,NLP,2024,6,True
Portugal,NLP,2018,3,True
South Korea,NLP,2025,14,True
Finland,Navigation and mapping,2021,0,True
United Arab Emirates,Navigation and mapping,2019,0,True
Japan,Navigation and mapping,2019,0,True
Luxembourg,Navigation and mapping,2018,1,True
New Zealand,Navigation and mapping,2023,0,True
Germany,Navigation and mapping,2017,2,True
United States,Navigation and mapping,2019,118,True
South Korea,Navigation and mapping,2024,22,True
Bulgaria,Other,2023,3,True
India,Other,2023,11,True
India,Other,2026,427,False
Lebanon,Other,2017,1,True
Lebanon,Other,2020,0,True
Finland,Other,2026,3,False
Netherlands,Other,2016,5,True
Iceland,Other,2021,3,True
United Arab Emirates,Other,2024,9,True
Switzerland,Other,2019,6,True
Switzerland,Other,2025,49,True
Egypt,Other,2016,0,True
Canada,Other,2021,37,True
Lithuania,Other,2023,0,True
United Arab Emirates,Privacy and Security,2024,2,True
Spain,Privacy and Security,2026,19,False
Australia,Privacy and Security,2021,50,True
Australia,Privacy and Security,2022,3,True
Israel,Privacy and Security,2016,67,True
Ireland,Privacy and Security,2026,3,False
Switzerland,Privacy and Security,2020,4,True
Brazil,Privacy and Security,2025,11,True
Singapore,Professional services,2022,23,True
United Arab Emirates,Professional services,2016,0,True
India,Professional services,2017,9,True
United Kingdom,Professional services,2017,157,True
United Kingdom,Professional services,2025,960,True
Israel,Professional services,2016,6,True
Germany,Professional services,2026,437,False
Sweden,Professional services,2022,31,True
Netherlands,Real estate,2022,104,True
Venezuela,Real estate,2019,1,True
Czechia,Real estate,2025,0,True
Germany,Real estate,2021,23,True
Spain,Real estate,2018,4,True
Canada,Robotics,2021,6,True
Singapore,Robotics,2023,7,True
India,Robotics,2024,25,True
France,Robotics,2020,8,True
Germany,Robotics,2026,327,False
Egypt,"Sales, retail, commerce, marketing",2025,0,True
Turkey,"Sales, retail, commerce, marketing",2021,8,True
South Africa,"Sales, retail, commerce, marketing",2024,0,True
Brazil,"Sales, retail, commerce, marketing",2020,73,True
Czechia,"Sales, retail, commerce, marketing",2020,4,True
United Arab Emirates,"Sales, retail, commerce, marketing",2025,77,True
Belgium,"Sales, retail, commerce, marketing",2018,1,True
Belgium,"Sales, retail, commerce, marketing",2025,3,True
Australia,"Sales, retail, commerce, marketing",2023,24,True
Switzerland,Semiconductor,2025,32,True
France,Semiconductor,2022,5,True
Israel,Semiconductor,2021,69,True
China,Simulation,2023,1,True
Turkey,Simulation,2024,0,True
Switzerland,Software,2023,146,True
Finland,Software,2020,160,True
Slovenia,Software,2016,0,True
Egypt,Software,2021,6,True
Japan,Software,2018,198,True
Ireland,Software,2024,198,True
Greece,Software,2025,5,True
Thailand,Software,2026,4,False
Singapore,Speech Recognition,2023,5,True
Belgium,Speech Recognition,2018,0,True
Israel,Sports,2022,57,True
United Arab Emirates,Sports,2019,0,True
Cyprus,Sports,2025,18,True
Brazil,Telecommunications,2023,2,True
Australia,Telecommunications,2025,4,True
Spain,Telecommunications,2019,1,True
United Kingdom,Telecommunications,2021,272,True
Austria,Telecommunications,2025,1,True
Sweden,Telecommunications,2022,0,True
France,Transportation,2019,45,True
Cyprus,Transportation,2026,0,False
Singapore,Transportation,2018,2,True
Poland,Transportation,2019,0,True
Sweden,Transportation,2022,12,True
Japan,Transportation,2025,75,True
Norway,Agriculture,2022,9,True
Australia,Agriculture,2017,2,True
Indonesia,Agriculture,2018,0,True
Greece,Agriculture,2018,1,True
New Zealand,Agriculture,2026,1,False
Denmark,Agriculture,2023,7,True
Mexico,Agriculture,2020,0,True
Japan,Agriculture,2016,1,True
United States,Agriculture,2026,99,False
Italy,All,2025,582,True
Brazil,All,2016,33,True
Lebanon,All,2020,2,True
Lebanon,All,2025,0,True
Slovenia,All,2017,0,True
Jordan,All,2022,0,True
Jordan,All,2026,2,False
Switzerland,All,2020,291,True
Romania,All,2020,4,True
Kenya,All,2022,41,True
Pakistan,All,2017,1,True
New Zealand,All,2026,109,False
Singapore,All,2025,4098,True
Denmark,All,2021,455,True
Denmark,All,2023,217,True
Argentina,All,2024,6,True
Bulgaria,All,2022,4,True
Luxembourg,All,2022,7,True
Ireland,All,2026,189,False
Morocco,All,2022,0,True
Morocco,All,2026,0,False
Thailand,Biotechnology,2020,0,True
Brazil,Biotechnology,2017,1,True
South Korea,Biotechnology,2026,11,False
Portugal,Biotechnology,2018,0,True
France,Biotechnology,2023,19,True
Argentina,Biotechnology,2022,1,True
Switzerland,Biotechnology,2017,7,True
Italy,Biotechnology,2026,5,False
Bulgaria,Biotechnology,2017,0,True
United Kingdom,Biotechnology,2022,161,True
New Zealand,Community and Lifestyle,2020,3,True
France,Community and Lifestyle,2021,3,True
United States,Computer Vision,2020,761,True
Canada,Computer Vision,2018,50,True
Japan,Computer Vision,2020,3,True
Portugal,Computer Vision,2021,2,True
Italy,Computer Vision,2017,0,True
Australia,Computer Vision,2025,14,True
Lithuania,Consumer goods,2025,0,True
missing,Consumer goods,2024,0,True
Saudi Arabia,Consumer goods,2025,250,True
Argentina,Consumer goods,2026,0,False
South Africa,Consumer goods,2020,0,True
Singapore,Consumer goods,2019,4,True
India,Consumer goods,2024,32,True
United States,Consumer goods,2025,931,True
Israel,Consumer goods,2016,4,True
Switzerland,Consumer goods,2021,6,True
Colombia,Consumer goods,2021,0,True
Ireland,Cyber Security,2022,15,True
South Korea,Cyber Security,2018,1,True
China,Cyber Security,2020,25,True
United States,Cyber Security,2019,1410,True
United States,Cyber Security,2026,1455,False
Netherlands,Cyber Security,2016,5,True
Netherlands,Cyber Security,2017,16,True
Colombia,Data and analytics,2023,17,True
Ecuador,Data and analytics,2026,3,False
Mexico,Data and analytics,2018,0,True
Italy,Data and analytics,2018,15,True
Belize,Data and analytics,2019,0,True
Israel,Data and analytics,2022,1409,True
France,Data and analytics,2025,972,True
Spain,Data and analytics,2026,529,False
Ukraine,Data and analytics,2022,0,True
Ukraine,Data and analytics,2025,19,True
Egypt,Data and analytics,2021,1,True
Luxembourg,Data and analytics,2021,2,True
Germany,Data and analytics,2017,295,True
Tunisia,Data and analytics,2019,0,True
Brazil,Data and analytics,2017,7,True
Brazil,Data and analytics,2019,68,True
India,Education,2021,91,True
Norway,Education,2021,9,True
France,Education,2023,13,True
Colombia,Education,2021,0,True
Malaysia,Education,2022,0,True
Netherlands,Education,2023,2,True
Nigeria,Education,2025,1,True
Hungary,Education,2024,1,True
China,Education,2021,56,True
Iceland,Education,2020,2,True
France,Energy and natural resources,2026,4,False
Sweden,Energy and natural resources,2025,46,True
Singapore,Energy and natural resources,2025,5,True
France,Facial Recognition,2022,0,True
Costa Rica,Finance,2026,0,False
Indonesia,Finance,2024,6,True
Ghana,Finance,2019,0,True
United Arab Emirates,Finance,2022,23,True
Netherlands,Finance,2018,21,True
Netherlands,Finance,2021,23,True
Philippines,Finance,2023,6,True
Singapore,Gaming,2022,16,True
United Arab Emirates,Gaming,2026,4,False
Sweden,Gaming,2020,1,True
Switzerland,Gaming,2019,0,True
Thailand,Gaming,2022,0,True
Malta,General purpose,2025,0,True
Slovenia,General purpose,2016,1,True
Croatia,General purpose,2023,196,True
United States,General purpose,2020,12169,True
Argentina,General purpose,2019,1,True
Mauritius,General purpose,2022,2,True
Mexico,General purpose,2019,0,True
Poland,General purpose,2017,12,True
Denmark,General purpose,2021,87,True
Austria,General purpose,2018,9,True
South Korea,General purpose,2020,231,True
United Arab Emirates,General purpose,2020,17,True
Peru,General purpose,2022,0,True
Colombia,General purpose,2026,7,False
Saint Kitts and Nevis,General purpose,2023,1,True
Sweden,Hardware,2018,11,True
Singapore,Hardware,2021,98,True
United Arab Emirates,Hardware,2025,255,True
Japan,Hardware,2021,31,True
Iceland,Hardware,2023,5,True
Canada,Hardware,2019,118,True
Japan,Healthcare and Life Sciences,2021,19,True
Portugal,Healthcare and Life Sciences,2020,1,True
Portugal,Healthcare and Life Sciences,2022,11,True
Luxembourg,Healthcare and Life Sciences,2022,0,True
Denmark,Healthcare and Life Sciences,2020,8,True
Kazakhstan,Healthcare and Life Sciences,2024,1,True
Australia,Healthcare and Life Sciences,2022,10,True
Lithuania,Information Technology,2024,102,True
Norway,Information Technology,2022,139,True
United States,Information Technology,2020,5674,True
Hungary,Information Technology,2024,1,True
Mauritius,Information Technology,2021,0,True
Philippines,Information Technology,2016,1,True
Kazakhstan,Information Technology,2020,0,True
Portugal,Information Technology,2022,16,True
Estonia,Information Technology,2025,30,True
Malaysia,Information Technology,2022,4,True
Croatia,Information Technology,2019,0,True
South Africa,Information Technology,2025,0,True
Greece,Information Technology,2025,3,True
Pakistan,Information Technology,2022,0,True
Slovakia,Information Technology,2023,1,True
Cambodia,Lending and Investments,2018,0,True
Philippines,Lending and Investments,2024,11,True
Singapore,Lending and Investments,2016,1,True
Netherlands,Lending and Investments,2018,0,True
Japan,Manufacturing,2025,75,True
Netherlands,Manufacturing,2018,1,True
Malaysia,Manufacturing,2022,15,True
Egypt,Manufacturing,2024,0,True
Ukraine,Manufacturing,2025,0,True
Brazil,Manufacturing,2024,5,True
Cyprus,Media and Entertainment,2021,0,True
Sri Lanka,Media and Entertainment,2017,2,True
Israel,Media and Entertainment,2018,63,True
Belgium,Media and Entertainment,2025,0,True
missing,Media and Entertainment,2025,12,True
Denmark,Media and Entertainment,2021,6,True
United Kingdom,Media and Entertainment,2020,97,True
Indonesia,Media and Entertainment,2019,1,True
Austria,"Military, public safety and government",2021,0,True
United States,"Military, public safety and government",2024,4565,True
Italy,"Military, public safety and government",2024,2,True
Israel,"Military, public safety and government",2023,20,True
Netherlands,"Military, public safety and government",2026,75,False
France,"Military, public safety and government",2021,1,True
Zambia,"Military, public safety and government",2025,0,True
Poland,"Mobile, platforms & Internet services",2018,1,True
Israel,"Mobile, platforms & Internet services",2019,2086,True
Switzerland,"Mobile, platforms & Internet services",2016,1,True
China,"Mobile, platforms & Internet services",2018,851,True
Croatia,"Mobile, platforms & Internet services",2020,0,True
Cyprus,"Mobile, platforms & Internet services",2025,18,True
North Macedonia,"Mobile, platforms & Internet services",2022,1,True
Serbia,"Mobile, platforms & Internet services",2017,0,True
Belgium,"Mobile, platforms & Internet services",2023,164,True
Lebanon,"Mobile, platforms & Internet services",2020,0,True
Philippines,"Mobile, platforms & Internet services",2024,16,True
Brazil,NLP,2022,70,True
Ireland,NLP,2019,4,True
Norway,NLP,2024,0,True
Netherlands,NLP,2016,0,True
Germany,NLP,2019,3,True
Saudi Arabia,NLP,2023,1,True
Israel,NLP,2022,16,True
Japan,NLP,2019,8,True
Singapore,Navigation and mapping,2016,1,True
India,Navigation and mapping,2017,2,True
Serbia,Navigation and mapping,2019,0,True
Australia,Other,2021,9,True
Slovakia,Other,2020,1,True
Spain,Other,2021,16,True
Netherlands,Other,2026,14,False
Ireland,Other,2018,7,True
New Zealand,Other,2021,3,True
Argentina,Other,2023,0,True
France,Other,2018,21,True
Japan,Other,2017,12,True
Singapore,Privacy and Security,2020,8,True
Sweden,Privacy and Security,2022,4,True
Austria,Privacy and Security,2024,1,True
Israel,Privacy and Security,2017,7,True
Norway,Professional services,2019,1,True
France,Professional services,2018,30,True
Colombia,Professional services,2019,0,True
Colombia,Professional services,2022,3,True
Switzerland,Professional services,2016,0,True
Russia,Professional services,2021,3,True
Netherlands,Professional services,2019,9,True
Netherlands,Professional services,2025,38,True
Rwanda,Professional services,2024,1,True
Netherlands,Real estate,2017,1,True
South Korea,Real estate,2023,11,True
Lithuania,Real estate,2024,0,True
Italy,Robotics,2018,1,True
Malaysia,Robotics,2022,0,True
United Kingdom,Robotics,2018,36,True
Japan,Robotics,2020,16,True
Latvia,"Sales, retail, commerce, marketing",2018,0,True
Latvia,"Sales, retail, commerce, marketing",2019,0,True
Turkey,"Sales, retail, commerce, marketing",2018,502,True
South Africa,"Sales, retail, commerce, marketing",2018,0,True
South Korea,"Sales, retail, commerce, marketing",2023,63,True
United Kingdom,"Sales, retail, commerce, marketing",2020,145,True
Netherlands,"Sales, retail, commerce, marketing",2016,30,True
Netherlands,"Sales, retail, commerce, marketing",2018,19,True
Netherlands,"Sales, retail, commerce, marketing",2019,8,True
Kazakhstan,"Sales, retail, commerce, marketing",2022,0,True
Germany,Semiconductor,2025,42,True
Poland,Simulation,2017,0,True
Norway,Software,2022,165,True
Uruguay,Software,2026,0,False
Panama,Software,2024,0,True
Slovakia,Software,2016,1,True
Brazil,Software,2016,13,True
Moldova,Software,2025,0,True
Ghana,Software,2023,0,True
Lithuania,Software,2025,15,True
Tunisia,Software,2022,2,True
Kazakhstan,Software,2020,0,True
Rwanda,Software,2024,1,True
United States,Software,2023,34159,True
Mexico,Software,2016,2,True
Denmark,Software,2018,18,True
Netherlands,Software,2017,113,True
Romania,Speech Recognition,2022,0,True
France,Speech Recognition,2018,0,True
Belgium,Speech Recognition,2020,1,True
Spain,Sports,2024,1,True
Japan,Telecommunications,2020,7,True
Bangladesh,Telecommunications,2024,0,True
Brazil,Telecommunications,2021,8,True
India,Telecommunications,2024,1,True
United States,Telecommunications,2016,95,True
Saudi Arabia,Telecommunications,2023,2,True
United Kingdom,Transportation,2020,73,True
Spain,Transportation,2022,1,True
Spain,Transportation,2025,5,True
South Korea,Transportation,2022,390,True
Japan,Transportation,2017,15,True
Taiwan,Transportation,2025,13,True
Austria,Transportation,2022,1,True
South Africa,Transportation,2022,0,True
Ireland,Agriculture,2021,0,True
Chile,Agriculture,2021,1,True
Bangladesh,Agriculture,2019,0,True
Germany,Agriculture,2016,3,True
Colombia,Agriculture,2022,0,True
United Kingdom,Agriculture,2016,1,True
Kenya,Agriculture,2025,0,True
United States,Agriculture,2017,59,True
Iceland,All,2019,14,True
Saint Kitts and Nevis,All,2021,3,True
Slovakia,All,2023,23,True
Jordan,All,2021,0,True
China,All,2022,8579,True
South Africa,All,2025,22,True
Romania,All,2021,27,True
Jamaica,All,2026,6,False
Netherlands,All,2022,783,True
Kenya,All,2023,9,True
Bangladesh,All,2022,6,True
Pakistan,All,2022,1,True
Pakistan,All,2024,0,True
Finland,All,2025,621,True
New Zealand,All,2025,73,True
Poland,All,2019,30,True
Canada,All,2017,445,True
Georgia,All,2023,0,True
Chile,All,2020,89,True
Mongolia,All,2019,0,True
Dominican Republic,All,2022,0,True
Thailand,All,2026,7,False
Serbia,All,2020,0,True
Sri Lanka,All,2023,5,True
South Korea,Biotechnology,2019,11,True
Belgium,Biotechnology,2019,1,True
Finland,Biotechnology,2026,23,False
Denmark,Biotechnology,2016,0,True
Japan,Biotechnology,2020,7,True
Japan,Biotechnology,2025,5,True
Netherlands,Community and Lifestyle,2023,3,True
Ireland,Community and Lifestyle,2016,5,True
Egypt,Community and Lifestyle,2018,0,True
Malta,Community and Lifestyle,2017,1,True
Brazil,Community and Lifestyle,2019,0,True
Saudi Arabia,Community and Lifestyle,2024,0,True
South Africa,Community and Lifestyle,2020,0,True
Malaysia,Community and Lifestyle,2017,0,True
Malaysia,Community and Lifestyle,2026,0,False
Tunisia,Community and Lifestyle,2019,0,True
Germany,Community and Lifestyle,2021,157,True
Israel,Community and Lifestyle,2025,63,True
Sweden,Community and Lifestyle,2018,8,True
Czechia,Community and Lifestyle,2019,1,True
United Kingdom,Community and Lifestyle,2020,33,True
United Kingdom,Community and Lifestyle,2025,17,True
Malaysia,Computer Vision,2021,20,True
Cyprus,Computer Vision,2017,1,True
missing,Computer Vision,2021,0,True
Saudi Arabia,Computer Vision,2016,0,True
Portugal,Computer Vision,2025,2,True
Saudi Arabia,Consumer goods,2018,0,True
Ghana,Consumer goods,2017,0,True
South Korea,Consumer goods,2024,22,True
Netherlands,Consumer goods,2021,1,True
China,Cyber Security,2016,3,True
Spain,Cyber Security,2019,1,True
United Kingdom,Cyber Security,2019,15,True
Ghana,Data and analytics,2023,0,True
Croatia,Data and analytics,2019,2,True
Colombia,Data and analytics,2017,0,True
Argentina,Data and analytics,2023,0,True
Estonia,Data and analytics,2022,35,True
Taiwan,Data and analytics,2023,43,True
Australia,Data and analytics,2026,5800,False
Sri Lanka,Data and analytics,2021,0,True
Denmark,Data and analytics,2024,76,True
Denmark,Data and analytics,2025,57,True
Denmark,Data and analytics,2026,47,False
Serbia,Data and analytics,2017,0,True
Russia,Data and analytics,2017,7,True
Russia,Data and analytics,2023,1,True
Spain,Data and analytics,2021,113,True
Spain,Data and analytics,2024,150,True
Spain,Data and analytics,2025,1270,True
Greece,Data and analytics,2021,4,True
Switzerland,Data and analytics,2017,93,True
Czechia,Data and analytics,2026,9,False
United States,Data and analytics,2023,33176,True
Denmark,Education,2023,10,True
Austria,Education,2018,2,True
Lebanon,Education,2016,0,True
Nigeria,Education,2021,0,True
Israel,Education,2018,2,True
Canada,Education,2025,11,True
Ireland,Energy and natural resources,2019,1,True
South Korea,Energy and natural resources,2022,14,True
Italy,Energy and natural resources,2021,1,True
Singapore,Energy and natural resources,2022,123,True
Turkey,Energy and natural resources,2025,1,True
Saudi Arabia,Energy and natural resources,2023,0,True
Croatia,Facial Recognition,2019,2,True
Spain,Facial Recognition,2022,0,True
Spain,Finance,2018,3,True
Japan,Finance,2017,7,True
Spain,Gaming,2016,0,True
Turkey,Gaming,2018,0,True
United Arab Emirates,Gaming,2025,2,True
India,Gaming,2022,6,True
Estonia,Gaming,2022,1,True
Malta,General purpose,2022,2,True
Australia,General purpose,2018,54,True
Philippines,General purpose,2018,1,True
Austria,General purpose,2020,24,True
Austria,General purpose,2021,166,True
India,General purpose,2026,935,False
Cyprus,General purpose,2022,1,True
Saudi Arabia,General purpose,2018,5,True
Dominican Republic,General purpose,2020,0,True
Indonesia,General purpose,2017,1,True
Luxembourg,General purpose,2020,4,True
Peru,General purpose,2018,0,True
Egypt,General purpose,2018,0,True
Egypt,General purpose,2026,5,False
Romania,General purpose,2018,0,True
Canada,General purpose,2023,737,True
Italy,Hardware,2021,2,True
Russia,Hardware,2024,0,True
South Africa,Hardware,2020,16,True
Sweden,Hardware,2025,25,True
Australia,Hardware,2018,12,True
Portugal,Hardware,2025,107,True
Netherlands,Hardware,2022,33,True
Netherlands,Hardware,2026,130,False
Poland,Hardware,2026,4,False
United Arab Emirates,Hardware,2017,5,True
Belgium,Hardware,2018,9,True
Canada,Hardware,2016,20,True
Brazil,Hardware,2016,0,True
Israel,Healthcare and Life Sciences,2025,105,True
Zambia,Healthcare and Life Sciences,2022,0,True
Ireland,Healthcare and Life Sciences,2025,29,True
Italy,Healthcare and Life Sciences,2025,10,True
Malaysia,Healthcare and Life Sciences,2021,1,True
Latvia,Information Technology,2021,0,True
Albania,Information Technology,2024,6,True
Hungary,Information Technology,2020,2,True
Hungary,Information Technology,2022,3,True
Philippines,Information Technology,2024,0,True
Egypt,Information Technology,2024,0,True
Nigeria,Information Technology,2021,0,True
South Africa,Information Technology,2019,1,True
Germany,Information Technology,2021,445,True
Côte d'Ivoire,Information Technology,2024,0,True
Norway,Lending and Investments,2017,2,True
United States,Lending and Investments,2024,362,True
Estonia,Lending and Investments,2021,0,True
India,Lending and Investments,2019,4,True
Italy,Lending and Investments,2026,2,False
Brazil,Lending and Investments,2023,0,True
Brazil,Lending and Investments,2025,2,True
United States,Manufacturing,2022,911,True
Netherlands,Manufacturing,2026,22,False
Israel,Manufacturing,2016,6,True
France,Manufacturing,2018,18,True
Luxembourg,Manufacturing,2023,2,True
Ecuador,Manufacturing,2021,0,True
Australia,Manufacturing,2025,53,True
Poland,Manufacturing,2021,2,True
Finland,Manufacturing,2020,1,True
Belgium,Manufacturing,2022,12,True
Japan,Media and Entertainment,2017,4,True
Finland,Media and Entertainment,2021,0,True
Netherlands,Media and Entertainment,2024,1,True
Germany,Media and Entertainment,2023,18,True
Israel,Media and Entertainment,2026,2014,False
Canada,Media and Entertainment,2016,385,True
Canada,Media and Entertainment,2017,23,True
Singapore,Media and Entertainment,2020,17,True
Spain,Media and Entertainment,2017,0,True
France,Media and Entertainment,2020,14,True
Israel,"Military, public safety and government",2021,9,True
Germany,"Military, public safety and government",2019,0,True
Saudi Arabia,"Mobile, platforms & Internet services",2025,18,True
Poland,"Mobile, platforms & Internet services",2017,1,True
Portugal,"Mobile, platforms & Internet services",2024,3,True
Portugal,"Mobile, platforms & Internet services",2025,6,True
Singapore,"Mobile, platforms & Internet services",2025,159,True
Spain,"Mobile, platforms & Internet services",2016,10,True
Germany,"Mobile, platforms & Internet services",2016,30,True
United Kingdom,"Mobile, platforms & Internet services",2022,453,True
Japan,"Mobile, platforms & Internet services",2023,123,True
Japan,"Mobile, platforms & Internet services",2024,79,True
Australia,NLP,2018,7,True
United Kingdom,NLP,2019,49,True
United Kingdom,NLP,2023,24,True
Germany,NLP,2021,18,True
Netherlands,Navigation and mapping,2023,2,True
Slovakia,Other,2016,1,True
Malaysia,Other,2023,0,True
India,Other,2022,47,True
Norway,Other,2019,0,True
Belgium,Other,2021,35,True
Singapore,Other,2022,24,True
Sweden,Other,2018,4,True
Czechia,Other,2019,0,True
missing,Privacy and Security,2024,0,True
Nigeria,Privacy and Security,2025,2,True
Hungary,Privacy and Security,2021,0,True
Japan,Professional services,2023,18,True
Japan,Professional services,2024,48,True
Slovakia,Professional services,2020,1,True
Australia,Professional services,2019,2,True
Thailand,Professional services,2016,0,True
Ireland,Professional services,2025,15,True
Israel,Professional services,2023,32,True
New Zealand,Professional services,2023,1,True
Belgium,Professional services,2017,25,True
Sweden,Professional services,2023,9,True
Cyprus,Professional services,2024,0,True
Turkey,Real estate,2016,0,True
Japan,Real estate,2026,16,False
Australia,Real estate,2017,5,True
United Arab Emirates,Real estate,2024,5,True
Germany,Real estate,2019,12,True
China,Real estate,2018,70,True
China,Real estate,2023,25,True
Israel,Real estate,2023,15,True
Spain,Robotics,2017,4,True
Australia,Robotics,2024,2,True
Pakistan,Robotics,2026,3,False
France,Robotics,2016,8,True
Czechia,Robotics,2022,19,True
Argentina,"Sales, retail, commerce, marketing",2016,0,True
Spain,"Sales, retail, commerce, marketing",2023,9,True
Cyprus,"Sales, retail, commerce, marketing",2020,1,True
Portugal,"Sales, retail, commerce, marketing",2024,11,True
Albania,"Sales, retail, commerce, marketing",2019,7,True
Poland,"Sales, retail, commerce, marketing",2020,42,True
Croatia,"Sales, retail, commerce, marketing",2024,3,True
United Kingdom,"Sales, retail, commerce, marketing",2025,817,True
France,"Sales, retail, commerce, marketing",2019,37,True
Kazakhstan,"Sales, retail, commerce, marketing",2020,0,True
Australia,"Sales, retail, commerce, marketing",2018,8,True
Canada,"Sales, retail, commerce, marketing",2017,34,True
Ireland,"Sales, retail, commerce, marketing",2026,1,False
Switzerland,Simulation,2024,5,True
Czechia,Simulation,2024,1,True
Sweden,Software,2019,41,True
Switzerland,Software,2026,942,False
Qatar,Software,2024,4,True
Bangladesh,Software,2025,0,True
Japan,Software,2016,82,True
Iceland,Software,2018,4,True
Ireland,Software,2026,33,False
South Africa,Software,2023,14,True
Philippines,Software,2026,6,False
Spain,Software,2024,165,True
Ghana,Software,2022,2,True
Israel,Software,2020,850,True
Rwanda,Software,2023,0,True
Romania,Software,2026,4,False
Austria,Software,2024,28,True
Mauritius,Software,2021,20,True
Jordan,Software,2025,0,True
Russia,Software,2019,21,True
Russia,Software,2021,4,True
Mexico,Software,2019,5,True
Latvia,Software,2026,0,False
Italy,Software,2025,154,True
Finland,Speech Recognition,2018,0,True
United States,Sports,2021,313,True
Ireland,Sports,2023,3,True
Israel,Sports,2020,14,True
Brazil,Sports,2018,0,True
India,Sports,2023,0,True
Italy,Sports,2026,0,False
China,Sports,2018,4,True
Japan,Sports,2017,3,True
South Korea,Telecommunications,2024,2,True
Spain,Telecommunications,2022,0,True
Ireland,Telecommunications,2019,5,True
United Kingdom,Transportation,2024,435,True
China,Transportation,2018,870,True
Singapore,Transportation,2021,22,True
Mexico,Transportation,2024,1,True
Taiwan,Transportation,2022,0,True
Hungary,Agriculture,2018,0,True
Hungary,Agriculture,2023,1,True
Sweden,Agriculture,2023,3,True
Germany,Agriculture,2023,1,True
New Zealand,Agriculture,2022,0,True
Singapore,Agriculture,2024,2,True
Denmark,Agriculture,2022,8,True
Israel,Agriculture,2020,19,True
Italy,All,2018,18,True
Lithuania,All,2020,2,True
Iceland,All,2026,1601,False
Malaysia,All,2021,151,True
Hungary,All,2017,4,True
Costa Rica,All,2026,0,False
Uganda,All,2019,0,True
Australia,All,2025,1321,True
Mauritius,All,2026,2,False
Spain,Biotechnology,2021,18,True
Switzerland,Biotechnology,2025,4,True
Turkey,Biotechnology,2026,0,False
Austria,Biotechnology,2020,3,True
India,Biotechnology,2024,5,True
Canada,Biotechnology,2018,8,True
Canada,Biotechnology,2024,44,True
Japan,Biotechnology,2017,100,True
Colombia,Community and Lifestyle,2023,1,True
Ireland,Community and Lifestyle,2023,1,True
Russia,Community and Lifestyle,2020,3,True
Cyprus,Community and Lifestyle,2020,2,True
Jordan,Community and Lifestyle,2018,0,True
Spain,Community and Lifestyle,2025,1,True
Japan,Computer Vision,2026,0,False
Turkey,Computer Vision,2016,0,True
Israel,Computer Vision,2024,354,True
Poland,Computer Vision,2025,3,True
Lithuania,Consumer goods,2019,0,True
United Kingdom,Consumer goods,2016,3,True
India,Consumer goods,2023,2321,True
United States,Consumer goods,2026,3252,False
Germany,Consumer goods,2018,3,True
Switzerland,Consumer goods,2022,5,True
Japan,Consumer goods,2021,3,True
Spain,Cyber Security,2026,3,False
United Arab Emirates,Cyber Security,2026,5,False
Uruguay,Data and analytics,2024,1,True
Uruguay,Data and analytics,2026,0,False
Croatia,Data and analytics,2020,1,True
South Africa,Data and analytics,2024,7,True
Australia,Data and analytics,2022,334,True
Norway,Data and analytics,2024,126,True
New Zealand,Data and analytics,2016,1,True
Russia,Data and analytics,2019,21,True
Malta,Data and analytics,2022,2,True
Belarus,Data and analytics,2022,0,True
Portugal,Data and analytics,2016,3,True
United Arab Emirates,Data and analytics,2018,20,True
United Arab Emirates,Data and analytics,2023,221,True
Greece,Data and analytics,2025,5,True
Peru,Data and analytics,2020,3,True
United States,Data and analytics,2019,15625,True
Uganda,Data and analytics,2022,0,True
United Kingdom,Data and analytics,2019,2980,True
Botswana,Data and analytics,2016,0,True
missing,Data and analytics,2026,55423,False
Egypt,Education,2024,0,True
Netherlands,Education,2024,4,True
South Africa,Education,2023,0,True
South Africa,Education,2025,0,True
United Kingdom,Education,2023,15,True
Sweden,Education,2018,0,True
Canada,Education,2017,5,True
Singapore,Education,2023,8,True
South Korea,Education,2020,17,True
Saudi Arabia,Education,2023,1,True
Sri Lanka,Energy and natural resources,2025,0,True
United Kingdom,Energy and natural resources,2020,12,True
Lithuania,Energy and natural resources,2019,0,True
Israel,Energy and natural resources,2022,33,True
China,Facial Recognition,2018,20,True
Russia,Facial Recognition,2017,2,True
Sweden,Finance,2019,0,True
Portugal,Finance,2025,15,True
Spain,Finance,2022,5,True
Taiwan,Finance,2026,1,False
United States,Finance,2024,3921,True
Austria,Finance,2017,0,True
Cyprus,Finance,2023,0,True
Hungary,Finance,2025,11,True
Zambia,Finance,2022,0,True
United Arab Emirates,Finance,2017,0,True
United Kingdom,Finance,2017,168,True
Philippines,Finance,2024,16,True
Germany,Finance,2024,41,True
Canada,Gaming,2023,6,True
Australia,Gaming,2019,1,True
Saudi Arabia,Gaming,2019,0,True
United States,Gaming,2016,25,True
Belize,General purpose,2022,20,True
Israel,General purpose,2026,4472,False
Lebanon,General purpose,2021,0,True
Singapore,General purpose,2018,348,True
Poland,General purpose,2020,27,True
China,General purpose,2016,3673,True
China,General purpose,2017,3408,True
Panama,General purpose,2026,1,False
Pakistan,General purpose,2021,3,True
Portugal,General purpose,2026,18,False
Japan,General purpose,2023,261,True
Austria,General purpose,2017,5,True
France,General purpose,2025,1018,True
Uganda,General purpose,2019,0,True
South Korea,General purpose,2022,1180,True
Hungary,General purpose,2020,4,True
Russia,General purpose,2023,1,True
United Kingdom,General purpose,2024,1753,True
El Salvador,General purpose,2021,0,True
Zimbabwe,General purpose,2023,0,True
Latvia,General purpose,2019,0,True
United Arab Emirates,General purpose,2017,7,True
Thailand,General purpose,2026,4,False
Slovakia,General purpose,2017,6,True
Tunisia,General purpose,2019,0,True
Canada,General purpose,2024,893,True
Slovakia,Hardware,2016,1,True
Vietnam,Hardware,2025,3,True
Philippines,Hardware,2022,0,True
Czechia,Hardware,2019,3,True
Colombia,Hardware,2024,1,True
Hungary,Hardware,2019,2,True
Malaysia,Hardware,2024,0,True
Netherlands,Healthcare and Life Sciences,2025,5,True
Canada,Healthcare and Life Sciences,2021,146,True
Canada,Healthcare and Life Sciences,2024,32,True
Czechia,Healthcare and Life Sciences,2025,0,True
Taiwan,Healthcare and Life Sciences,2023,18,True
Thailand,Healthcare and Life Sciences,2025,2,True
Turkey,Healthcare and Life Sciences,2026,0,False
Belgium,Healthcare and Life Sciences,2016,0,True
United States,Healthcare and Life Sciences,2022,2209,True
United States,Healthcare and Life Sciences,2024,2516,True
Ireland,Healthcare and Life Sciences,2024,1,True
Finland,Healthcare and Life Sciences,2021,20,True
Estonia,Healthcare and Life Sciences,2025,1,True
Cyprus,Information Technology,2021,19,True
Mexico,Information Technology,2020,1,True
Hungary,Information Technology,2016,2,True
Hungary,Information Technology,2018,5,True
Luxembourg,Information Technology,2021,111,True
Egypt,Information Technology,2018,0,True
Canada,Information Technology,2022,348,True
Canada,Information Technology,2024,445,True
Spain,Information Technology,2023,36,True
Bangladesh,Information Technology,2026,0,False
Israel,Information Technology,2025,1249,True
United Arab Emirates,Information Technology,2019,0,True
Malaysia,Lending and Investments,2021,49,True
United States,Lending and Investments,2018,132,True
Germany,Lending and Investments,2019,17,True
Netherlands,Lending and Investments,2023,165,True
Germany,Manufacturing,2017,2,True
Austria,Manufacturing,2024,4,True
Netherlands,Manufacturing,2025,26,True
United Kingdom,Manufacturing,2023,39,True
Belgium,Manufacturing,2025,6,True
Switzerland,Media and Entertainment,2019,12,True
Switzerland,Media and Entertainment,2025,6,True
Austria,Media and Entertainment,2018,1,True
Côte d'Ivoire,Media and Entertainment,2025,0,True
Portugal,Media and Entertainment,2017,1,True
Finland,Media and Entertainment,2016,2,True
Netherlands,Media and Entertainment,2020,0,True
China,Media and Entertainment,2020,674,True
China,Media and Entertainment,2022,72,True
China,Media and Entertainment,2025,152,True
Turkey,Media and Entertainment,2018,0,True
Chile,Media and Entertainment,2022,0,True
Brazil,Media and Entertainment,2022,0,True
Ireland,Media and Entertainment,2020,4,True
Germany,"Military, public safety and government",2017,0,True
Saudi Arabia,"Mobile, platforms & Internet services",2021,22,True
Sweden,"Mobile, platforms & Internet services",2024,11,True
Albania,"Mobile, platforms & Internet services",2024,6,True
Estonia,"Mobile, platforms & Internet services",2019,0,True
Georgia,"Mobile, platforms & Internet services",2025,0,True
Bangladesh,"Mobile, platforms & Internet services",2025,0,True
Croatia,"Mobile, platforms & Internet services",2023,0,True
Panama,"Mobile, platforms & Internet services",2023,0,True
Norway,"Mobile, platforms & Internet services",2022,3,True
Luxembourg,"Mobile, platforms & Internet services",2021,2,True
Japan,"Mobile, platforms & Internet services",2017,120,True
South Korea,NLP,2020,2,True
Israel,Navigation and mapping,2016,1,True
India,Navigation and mapping,2024,25,True
South Korea,Navigation and mapping,2026,1,False
Australia,Other,2025,9,True
Portugal,Other,2019,10,True
Uzbekistan,Other,2024,0,True
India,Other,2018,9,True
Luxembourg,Other,2023,1,True
Colombia,Other,2022,1,True
South Africa,Other,2017,0,True
South Africa,Other,2019,2,True
Sweden,Other,2023,7,True
United Kingdom,Other,2023,153,True
United Kingdom,Other,2025,745,True
Taiwan,Other,2022,10,True
Czechia,Other,2016,1,True
Canada,Other,2026,7,False
Brazil,Other,2024,1,True
Mexico,Other,2019,0,True
Turkey,Privacy and Security,2021,0,True
Canada,Privacy and Security,2016,21,True
India,Privacy and Security,2025,23,True
Switzerland,Privacy and Security,2026,8,False
Italy,Privacy and Security,2017,1,True
Saudi Arabia,Privacy and Security,2022,40,True
Nigeria,Privacy and Security,2022,0,True
Nigeria,Privacy and Security,2023,0,True
Nigeria,Privacy and Security,2026,5,False
Singapore,Professional services,2019,1456,True
Bulgaria,Professional services,2023,1,True
United Kingdom,Professional services,2022,225,True
Saudi Arabia,Professional services,2026,2,False
China,Professional services,2024,112,True
Portugal,Professional services,2021,52,True
New Zealand,Professional services,2026,2,False
Germany,Professional services,2025,1013,True
Ukraine,Professional services,2021,0,True
Taiwan,Real estate,2025,0,True
Turkey,Real estate,2023,1,True
South Africa,Real estate,2020,0,True
Portugal,Real estate,2024,6,True
South Korea,Real estate,2021,25,True
South Korea,Real estate,2025,2,True
Saudi Arabia,Real estate,2020,0,True
Spain,Real estate,2016,3,True
Ireland,Real estate,2017,1,True
Ireland,Real estate,2021,0,True
Mexico,Robotics,2025,1,True
Poland,Robotics,2016,0,True
Brazil,Robotics,2020,5,True
Indonesia,"Sales, retail, commerce, marketing",2023,1,True
Czechia,"Sales, retail, commerce, marketing",2021,3,True
China,"Sales, retail, commerce, marketing",2021,320,True
China,"Sales, retail, commerce, marketing",2022,44,True
United Arab Emirates,"Sales, retail, commerce, marketing",2017,1,True
Japan,"Sales, retail, commerce, marketing",2019,18,True
Kenya,"Sales, retail, commerce, marketing",2025,0,True
Romania,"Sales, retail, commerce, marketing",2025,1,True
Canada,"Sales, retail, commerce, marketing",2019,144,True
Italy,"Sales, retail, commerce, marketing",2024,2,True
Panama,"Sales, retail, commerce, marketing",2025,0,True
Ireland,"Sales, retail, commerce, marketing",2021,61,True
Slovakia,"Sales, retail, commerce, marketing",2020,1,True
Switzerland,Semiconductor,2026,48,False
Sweden,Semiconductor,2016,1,True
France,Simulation,2025,17,True
Norway,Software,2021,290,True
Switzerland,Software,2016,74,True
Slovenia,Software,2020,1,True
Canada,Software,2025,4732,True
China,Software,2021,3035,True
Greece,Software,2018,2,True
Belize,Software,2019,0,True
France,Software,2025,1073,True
Colombia,Software,2017,1,True
Costa Rica,Software,2025,1,True
Saudi Arabia,Software,2023,1194,True
Estonia,Software,2020,9,True
Georgia,Software,2024,0,True
Netherlands,Software,2020,79,True
Netherlands,Software,2026,408,False
Czechia,Software,2020,10,True
Saudi Arabia,Speech Recognition,2024,5,True
United States,Sports,2020,239,True
United States,Sports,2026,253,False
Luxembourg,Sports,2023,1,True
South Korea,Sports,2020,0,True
Italy,Sports,2024,6,True
Romania,Sports,2020,0,True
Mexico,Sports,2022,0,True
Czechia,Telecommunications,2022,1,True
Georgia,Telecommunications,2025,0,True
Netherlands,Telecommunications,2020,22,True
Canada,Telecommunications,2016,385,True
Italy,Telecommunications,2023,1,True
United Kingdom,Transportation,2022,236,True
Israel,Transportation,2026,0,False
Spain,Transportation,2021,2,True
China,Transportation,2022,361,True
Nigeria,Transportation,2021,21,True
Mexico,Transportation,2019,1,True
Belgium,Transportation,2025,10,True
Japan,Transportation,2018,6,True
Austria,Transportation,2023,3,True
Switzerland,Transportation,2025,255,True
Slovenia,Agriculture,2022,3,True
Canada,Agriculture,2016,4,True
Nigeria,Agriculture,2024,0,True
Colombia,All,2018,0,True
Saudi Arabia,All,2016,1002,True
Vietnam,All,2023,10,True
Tajikistan,All,2024,1,True
missing,All,2023,35,True
Philippines,All,2021,5,True
Lebanon,All,2023,0,True
Rwanda,All,2024,1,True
China,All,2024,9637,True
Tunisia,All,2020,0,True
Bangladesh,All,2018,0,True
Uganda,All,2023,0,True
India,All,2020,20513,True
Israel,All,2017,519,True
Ghana,All,2019,0,True
Bulgaria,All,2023,18,True
Bulgaria,All,2025,154,True
Indonesia,All,2018,1,True
Israel,Biotechnology,2021,3,True
Malaysia,Biotechnology,2025,0,True
France,Biotechnology,2019,9,True
Denmark,Biotechnology,2024,5,True
Canada,Biotechnology,2021,30,True
Netherlands,Biotechnology,2019,0,True
missing,Biotechnology,2020,3,True
Ireland,Community and Lifestyle,2017,1,True
Ireland,Community and Lifestyle,2019,0,True
Romania,Community and Lifestyle,2020,0,True
Chile,Community and Lifestyle,2022,8,True
Greece,Community and Lifestyle,2019,0,True
Singapore,Community and Lifestyle,2020,1,True
Saudi Arabia,Community and Lifestyle,2019,1,True
Saudi Arabia,Community and Lifestyle,2022,1025,True
Austria,Community and Lifestyle,2023,0,True
South Africa,Community and Lifestyle,2023,1,True
Germany,Community and Lifestyle,2026,16,False
Czechia,Community and Lifestyle,2022,3,True
United Kingdom,Community and Lifestyle,2023,182,True
United Kingdom,Computer Vision,2019,55,True
Canada,Computer Vision,2024,3,True
Belgium,Computer Vision,2021,0,True
United Arab Emirates,Computer Vision,2021,2,True
Israel,Computer Vision,2017,30,True
Belgium,Consumer goods,2026,3,False
Spain,Consumer goods,2019,1,True
Italy,Consumer goods,2022,0,True
Germany,Consumer goods,2020,10,True
Chile,Consumer goods,2019,1,True
China,Consumer goods,2025,52,True
China,Cyber Security,2021,134,True
China,Cyber Security,2022,24,True
United States,Cyber Security,2018,10077,True
Norway,Cyber Security,2022,0,True
Germany,Cyber Security,2021,6,True
Saudi Arabia,Data and analytics,2016,1001,True
Saudi Arabia,Data and analytics,2021,1946,True
Hungary,Data and analytics,2026,27,False
South Africa,Data and analytics,2026,13,False
Taiwan,Data and analytics,2017,9,True
Mexico,Data and analytics,2022,36,True
New Zealand,Data and analytics,2021,1065,True
Sweden,Data and analytics,2016,16,True
France,Data and analytics,2016,87,True
Latvia,Data and analytics,2025,1,True
Kenya,Data and analytics,2018,2,True
Malaysia,Data and analytics,2024,7,True
Singapore,Data and analytics,2021,1042,True
Romania,Education,2019,0,True
India,Education,2020,36,True
Tunisia,Education,2021,0,True
United States,Education,2021,1898,True
Switzerland,Education,2016,0,True
Nigeria,Education,2019,0,True
Nigeria,Education,2026,0,False
Ireland,Energy and natural resources,2021,1,True
Poland,Energy and natural resources,2021,0,True
Poland,Energy and natural resources,2026,1,False
Finland,Energy and natural resources,2021,3,True
Italy,Energy and natural resources,2022,1,True
missing,Energy and natural resources,2024,0,True
Australia,Energy and natural resources,2018,2,True
Colombia,Energy and natural resources,2022,5,True
Lithuania,Energy and natural resources,2025,1,True
Serbia,Energy and natural resources,2024,2,True
Japan,Energy and natural resources,2019,1,True
South Korea,Facial Recognition,2021,0,True
United States,Facial Recognition,2022,11,True
Belize,Finance,2022,20,True
Ghana,Finance,2023,0,True
Egypt,Finance,2025,1,True
France,Finance,2025,62,True
Saudi Arabia,Finance,2022,160,True
Israel,Finance,2022,53,True
Belgium,Finance,2026,1035,False
South Africa,Finance,2019,2,True
Germany,Finance,2017,142,True
Germany,Gaming,2020,0,True
Germany,Gaming,2025,6,True
Canada,Gaming,2020,3,True
China,Gaming,2018,5,True
Israel,Gaming,2026,5,False
Singapore,Gaming,2023,5,True
Spain,Gaming,2023,4,True
Serbia,General purpose,2024,2,True
Kazakhstan,General purpose,2021,1,True
United States,General purpose,2018,18920,True
United States,General purpose,2022,23178,True
Singapore,General purpose,2023,1291,True
Japan,General purpose,2022,87,True
Spain,General purpose,2017,50,True
Spain,General purpose,2021,99,True
Taiwan,General purpose,2022,79,True
Kenya,General purpose,2019,0,True
Jordan,General purpose,2016,0,True
Morocco,General purpose,2024,1,True
Peru,General purpose,2019,1,True
Estonia,Hardware,2016,8,True
Lithuania,Hardware,2021,0,True
Ukraine,Hardware,2024,2,True
Australia,Hardware,2019,20,True
Croatia,Hardware,2024,2,True
Poland,Hardware,2019,3,True
Greece,Hardware,2019,2,True
South Korea,Hardware,2022,95,True
Argentina,Healthcare and Life Sciences,2019,1,True
Argentina,Healthcare and Life Sciences,2020,0,True
Taiwan,Healthcare and Life Sciences,2026,2,False
Finland,Healthcare and Life Sciences,2026,23,False
Ghana,Healthcare and Life Sciences,2021,0,True
Malaysia,Healthcare and Life Sciences,2018,0,True
Sweden,Healthcare and Life Sciences,2017,6,True
Spain,Healthcare and Life Sciences,2020,15,True
Australia,Information Technology,2017,35,True
Sweden,Information Technology,2024,35,True
Poland,Information Technology,2026,8,False
Spain,Information Technology,2016,5,True
Ghana,Information Technology,2018,0,True
Romania,Information Technology,2019,2,True
Germany,Information Technology,2024,358,True
Canada,Lending and Investments,2017,23,True
Kazakhstan,Lending and Investments,2022,0,True
Spain,Lending and Investments,2024,2,True
United Kingdom,Lending and Investments,2019,56,True
Switzerland,Lending and Investments,2026,4,False
Jamaica,Lending and Investments,2018,0,True
United States,Manufacturing,2016,107,True
Austria,Manufacturing,2019,1,True
United Kingdom,Manufacturing,2025,120,True
Australia,Manufacturing,2024,5,True
Ireland,Manufacturing,2026,4,False
Latvia,Manufacturing,2021,0,True
Netherlands,Media and Entertainment,2026,163,False
South Korea,Media and Entertainment,2018,21,True
South Korea,Media and Entertainment,2023,21,True
New Zealand,Media and Entertainment,2024,0,True
Vietnam,Media and Entertainment,2023,0,True
United States,"Military, public safety and government",2021,957,True
France,"Military, public safety and government",2023,3,True
Portugal,"Military, public safety and government",2024,12,True
Germany,"Military, public safety and government",2024,109,True
Poland,"Mobile, platforms & Internet services",2022,11,True
Thailand,"Mobile, platforms & Internet services",2016,0,True
Hungary,"Mobile, platforms & Internet services",2018,6,True
Sri Lanka,"Mobile, platforms & Internet services",2018,0,True
France,"Mobile, platforms & Internet services",2022,35,True
Serbia,"Mobile, platforms & Internet services",2020,0,True
Taiwan,"Mobile, platforms & Internet services",2020,6,True
Taiwan,"Mobile, platforms & Internet services",2022,7,True
United States,NLP,2016,79,True
Czechia,NLP,2024,0,True
Portugal,NLP,2022,0,True
Belgium,NLP,2022,2,True
Singapore,NLP,2020,6,True
Malaysia,NLP,2023,0,True
United Arab Emirates,Navigation and mapping,2021,1,True
Saudi Arabia,Other,2023,3,True
India,Other,2024,20,True
Finland,Other,2018,0,True
Israel,Other,2024,8,True
China,Other,2021,229,True
Brazil,Other,2025,3,True
Singapore,Privacy and Security,2018,5,True
United States,Privacy and Security,2023,3147,True
Canada,Privacy and Security,2020,20,True
France,Privacy and Security,2018,11,True
India,Privacy and Security,2023,4,True
Ireland,Privacy and Security,2016,0,True
United Kingdom,Privacy and Security,2025,71,True
Australia,Professional services,2022,11,True
Mexico,Professional services,2019,0,True
Italy,Professional services,2021,33,True
Switzerland,Professional services,2019,2,True
Sweden,Professional services,2017,0,True
Japan,Real estate,2025,9,True
Portugal,Real estate,2016,2,True
Portugal,Real estate,2022,0,True
Portugal,Real estate,2025,0,True
United Kingdom,Real estate,2025,46,True
Indonesia,Real estate,2025,2,True
South Korea,Real estate,2018,0,True
United States,Real estate,2017,98,True
United States,Real estate,2018,283,True
Vietnam,Real estate,2024,0,True
Saudi Arabia,Real estate,2016,0,True
India,Real estate,2023,11,True
China,Real estate,2024,7,True
Belgium,Real estate,2020,4,True
Netherlands,Robotics,2021,96,True
Qatar,Robotics,2023,0,True
Turkey,Robotics,2023,1,True
France,Robotics,2025,48,True
Estonia,"Sales, retail, commerce, marketing",2020,0,True
Sweden,"Sales, retail, commerce, marketing",2026,0,False
Kenya,"Sales, retail, commerce, marketing",2020,0,True
Germany,"Sales, retail, commerce, marketing",2020,27,True
Chile,"Sales, retail, commerce, marketing",2026,0,False
Panama,"Sales, retail, commerce, marketing",2024,0,True
Japan,Semiconductor,2018,1,True
South Korea,Semiconductor,2022,10,True
United Kingdom,Simulation,2025,37,True
Poland,Simulation,2022,0,True
Canada,Simulation,2025,0,True
Italy,Simulation,2020,1,True
Norway,Software,2018,12,True
New Zealand,Software,2016,1,True
Hungary,Software,2016,3,True
Bangladesh,Software,2018,0,True
South Korea,Software,2023,780,True
South Korea,Software,2024,634,True
Lithuania,Software,2024,7,True
Romania,Software,2020,2,True
Uzbekistan,Software,2022,1,True
Uganda,Software,2019,0,True
Argentina,Software,2025,79,True
Luxembourg,Software,2017,2,True
Latvia,Software,2018,8,True
Latvia,Software,2022,1,True
Croatia,Software,2026,7,False
Turkey,Software,2016,10,True
Saudi Arabia,Speech Recognition,2026,1200,False
United States,Speech Recognition,2020,315,True
United Kingdom,Sports,2023,2,True
Ireland,Sports,2019,3,True
missing,Sports,2021,2,True
Turkey,Telecommunications,2016,1,True
South Korea,Telecommunications,2018,17,True
Ireland,Telecommunications,2022,4,True
Austria,Telecommunications,2026,6,False
Switzerland,Telecommunications,2021,2,True
Sweden,Telecommunications,2020,0,True
Nigeria,Telecommunications,2021,0,True
Chile,Transportation,2019,0,True
Spain,Transportation,2023,60,True
Turkey,Transportation,2018,0,True
Canada,Transportation,2024,95,True
Denmark,Transportation,2024,3,True
Colombia,Transportation,2021,1,True
Colombia,Transportation,2023,6,True
Ireland,Transportation,2025,0,True
Bangladesh,Transportation,2020,0,True
missing,Transportation,2023,0,True
Australia,Agriculture,2022,16,True
India,Agriculture,2024,28,True
Nigeria,Agriculture,2020,0,True
China,Agriculture,2022,22,True
Brazil,Agriculture,2018,4,True
South Korea,Agriculture,2023,15,True
Latvia,All,2022,1,True
Vietnam,All,2020,7,True
Tajikistan,All,2023,1,True
Uruguay,All,2017,0,True
Uruguay,All,2021,9,True
Malaysia,All,2019,52,True
Philippines,All,2018,1,True
Mexico,All,2019,130,True
Russia,All,2024,4,True
Czechia,All,2020,18,True
Czechia,All,2023,63,True
Canada,All,2019,1238,True
Germany,All,2016,200,True
Peru,All,2018,0,True
Chile,All,2018,11,True
Thailand,All,2017,3,True
Ukraine,All,2018,0,True
Sri Lanka,All,2020,0,True
Portugal,Biotechnology,2021,1,True
Chile,Biotechnology,2025,0,True
Denmark,Biotechnology,2021,0,True
Switzerland,Biotechnology,2019,3,True
New Zealand,Biotechnology,2023,0,True
Netherlands,Biotechnology,2025,0,True
Singapore,Biotechnology,2018,37,True
United Kingdom,Biotechnology,2023,87,True
Bahrain,Biotechnology,2024,0,True
Japan,Community and Lifestyle,2020,8,True
Egypt,Community and Lifestyle,2022,1,True
Brazil,Community and Lifestyle,2017,0,True
Malaysia,Community and Lifestyle,2025,0,True
Italy,Community and Lifestyle,2018,1,True
missing,Community and Lifestyle,2024,0,True
United States,Computer Vision,2019,805,True
United States,Computer Vision,2025,16227,True
Saudi Arabia,Computer Vision,2021,3,True
Estonia,Computer Vision,2021,0,True
Estonia,Computer Vision,2023,1,True
Italy,Computer Vision,2019,1,True
Australia,Computer Vision,2019,1,True
China,Computer Vision,2025,95,True
Bulgaria,Computer Vision,2021,0,True
Belgium,Consumer goods,2018,6,True
United Kingdom,Consumer goods,2024,22,True
Italy,Consumer goods,2017,1,True
Germany,Consumer goods,2022,22,True
Hungary,Consumer goods,2016,0,True
Ireland,Cyber Security,2021,6,True
Switzerland,Cyber Security,2021,88,True
Netherlands,Cyber Security,2021,21,True
Denmark,Cyber Security,2022,1,True
Cyprus,Cyber Security,2017,1,True
Germany,Cyber Security,2026,13,False
Poland,Data and analytics,2017,37,True
Hungary,Data and analytics,2020,7,True
Lebanon,Data and analytics,2016,1,True
Estonia,Data and analytics,2024,24,True
Vietnam,Data and analytics,2024,4,True
Tanzania,Data and analytics,2025,1,True
Côte d'Ivoire,Data and analytics,2022,0,True
Taiwan,Data and analytics,2026,10,False
Pakistan,Data and analytics,2017,0,True
Chile,Data and analytics,2017,1,True
China,Data and analytics,2022,1809,True
Switzerland,Data and analytics,2023,145,True
United States,Data and analytics,2021,42312,True
Belgium,Data and analytics,2026,1070,False
Brazil,Data and analytics,2022,519,True
Japan,Data and analytics,2021,218,True
Vietnam,Education,2022,1,True
Vietnam,Education,2023,1,True
Brazil,Education,2022,105,True
Denmark,Education,2021,2,True
France,Education,2020,13,True
Mexico,Education,2024,1,True
missing,Education,2022,1,True
Estonia,Education,2024,0,True
Ukraine,Education,2018,0,True
Hungary,Education,2020,2,True
United Kingdom,Education,2017,4,True
Sweden,Education,2024,0,True
Saudi Arabia,Education,2025,1,True
New Zealand,Energy and natural resources,2023,0,True
Italy,Energy and natural resources,2025,2,True
United Kingdom,Energy and natural resources,2018,19,True
Turkey,Energy and natural resources,2021,1,True
China,Energy and natural resources,2022,39,True
Spain,Facial Recognition,2016,0,True
United States,Facial Recognition,2019,3,True
Singapore,Finance,2026,201,False
Ireland,Finance,2023,2,True
Austria,Finance,2016,0,True
Kenya,Finance,2018,1,True
Chile,Finance,2022,0,True
Denmark,Finance,2022,16,True
Rwanda,Finance,2026,0,False
Estonia,Finance,2020,0,True
New Zealand,Gaming,2023,13,True
Norway,Gaming,2021,9,True
Japan,Gaming,2019,1,True
Netherlands,Gaming,2022,1,True
Finland,General purpose,2021,81,True
Finland,General purpose,2022,647,True
Israel,General purpose,2024,2035,True
New Zealand,General purpose,2025,47,True
Argentina,General purpose,2020,2,True
Mauritius,General purpose,2025,0,True
Switzerland,General purpose,2016,20,True
Switzerland,General purpose,2025,557,True
Portugal,General purpose,2017,18,True
Ireland,General purpose,2021,452,True
Bangladesh,General purpose,2020,0,True
Taiwan,General purpose,2019,20,True
Brazil,General purpose,2016,4,True
Qatar,General purpose,2022,0,True
Sweden,General purpose,2026,151,False
Czechia,General purpose,2021,31,True
Peru,General purpose,2017,0,True
Norway,General purpose,2023,69,True
Canada,General purpose,2021,808,True
Lithuania,Hardware,2019,0,True
Nigeria,Hardware,2024,0,True
Portugal,Hardware,2021,2,True
Slovenia,Hardware,2017,0,True
United Kingdom,Hardware,2017,118,True
Hungary,Hardware,2022,0,True
New Zealand,Hardware,2020,4,True
Belgium,Hardware,2017,0,True
Serbia,Hardware,2022,0,True
Côte d'Ivoire,Healthcare and Life Sciences,2022,0,True
Netherlands,Healthcare and Life Sciences,2018,13,True
Canada,Healthcare and Life Sciences,2023,125,True
Canada,Healthcare and Life Sciences,2026,12,False
Singapore,Healthcare and Life Sciences,2025,17,True
Nigeria,Healthcare and Life Sciences,2024,0,True
Tunisia,Healthcare and Life Sciences,2022,0,True
Australia,Healthcare and Life Sciences,2020,16,True
Spain,Healthcare and Life Sciences,2016,1,True
Cyprus,Information Technology,2024,3,True
Czechia,Information Technology,2021,25,True
Turkey,Information Technology,2016,0,True
New Zealand,Information Technology,2020,3,True
Malaysia,Information Technology,2019,8,True
Russia,Information Technology,2021,2,True
Italy,Information Technology,2025,94,True
Poland,Information Technology,2025,20,True
Iceland,Information Technology,2022,5,True
Chile,Information Technology,2024,1,True
Romania,Information Technology,2024,3,True
Netherlands,Information Technology,2023,246,True
France,Lending and Investments,2023,10,True
Mexico,Lending and Investments,2025,55,True
Vietnam,Lending and Investments,2022,3,True
United Kingdom,Lending and Investments,2025,51,True
Canada,Manufacturing,2024,75,True
Estonia,Manufacturing,2017,16,True
Turkey,Manufacturing,2025,2,True
Taiwan,Manufacturing,2019,3,True
Sri Lanka,Manufacturing,2025,0,True
Sweden,Manufacturing,2020,4,True
Chile,Manufacturing,2022,0,True
Japan,Media and Entertainment,2018,8,True
Finland,Media and Entertainment,2023,2,True
Italy,Media and Entertainment,2016,2,True
Singapore,Media and Entertainment,2022,12,True
Brazil,Media and Entertainment,2024,3,True
Argentina,"Military, public safety and government",2026,0,False
Canada,"Military, public safety and government",2025,3,True
Italy,"Military, public safety and government",2026,8,False
South Africa,"Military, public safety and government",2021,0,True
Singapore,"Military, public safety and government",2020,0,True
India,"Military, public safety and government",2019,1,True
Germany,"Military, public safety and government",2026,359,False
Latvia,"Mobile, platforms & Internet services",2024,0,True
South Korea,"Mobile, platforms & Internet services",2025,544,True
New Zealand,"Mobile, platforms & Internet services",2022,1,True
Portugal,"Mobile, platforms & Internet services",2021,9,True
Netherlands,"Mobile, platforms & Internet services",2026,185,False
Iceland,"Mobile, platforms & Internet services",2017,0,True
Mexico,"Mobile, platforms & Internet services",2017,1,True
Norway,"Mobile, platforms & Internet services",2025,0,True
Kenya,"Mobile, platforms & Internet services",2025,0,True
Japan,"Mobile, platforms & Internet services",2025,42,True
Sweden,NLP,2022,0,True
Mongolia,NLP,2019,0,True
Czechia,NLP,2018,1,True
Qatar,NLP,2023,0,True
Spain,NLP,2022,5,True
Spain,NLP,2023,3,True
Poland,NLP,2018,0,True
Japan,NLP,2016,2,True
Austria,Navigation and mapping,2023,0,True
Belgium,Navigation and mapping,2023,0,True
United Kingdom,Navigation and mapping,2020,22,True
Australia,Navigation and mapping,2018,3,True
Italy,Navigation and mapping,2018,0,True
Luxembourg,Navigation and mapping,2021,1,True
New Zealand,Navigation and mapping,2017,0,True
Mexico,Navigation and mapping,2024,0,True
missing,Other,2025,2,True
Malaysia,Other,2021,20,True
Saudi Arabia,Other,2017,1,True
United Arab Emirates,Other,2026,15,False
South Korea,Other,2026,8,False
Iran,Other,2020,0,True
Austria,Other,2022,1,True
Qatar,Other,2022,1,True
Brazil,Other,2021,5,True
Mexico,Other,2021,4,True
Pakistan,Other,2017,0,True
missing,Privacy and Security,2023,6,True
United Arab Emirates,Privacy and Security,2025,5,True
United States,Privacy and Security,2018,10473,True
Netherlands,Privacy and Security,2023,30,True
Austria,Privacy and Security,2022,3,True
Australia,Privacy and Security,2023,5,True
Israel,Privacy and Security,2022,189,True
Japan,Privacy and Security,2019,11,True
Nigeria,Professional services,2018,0,True
Italy,Professional services,2022,8,True
Italy,Professional services,2024,1,True
Spain,Professional services,2018,3,True
United States,Professional services,2017,535,True
Saudi Arabia,Professional services,2020,2,True
Netherlands,Professional services,2016,3,True
Netherlands,Professional services,2021,37,True
Estonia,Real estate,2020,4,True
United Kingdom,Real estate,2020,216,True
Thailand,Real estate,2025,0,True
Romania,Real estate,2023,0,True
Malaysia,Real estate,2024,6,True
India,Real estate,2016,0,True
Finland,Robotics,2021,0,True
Italy,Robotics,2017,3,True
Netherlands,Robotics,2022,0,True
United States,Robotics,2020,2887,True
Russia,Robotics,2017,0,True
Spain,"Sales, retail, commerce, marketing",2017,9,True
Spain,"Sales, retail, commerce, marketing",2024,16,True
Switzerland,"Sales, retail, commerce, marketing",2018,2,True
Switzerland,"Sales, retail, commerce, marketing",2024,3,True
South Korea,"Sales, retail, commerce, marketing",2019,5,True
Cyprus,"Sales, retail, commerce, marketing",2019,2,True
China,"Sales, retail, commerce, marketing",2023,32,True
Poland,"Sales, retail, commerce, marketing",2018,6,True
Italy,"Sales, retail, commerce, marketing",2023,1,True
Japan,Semiconductor,2020,4,True
South Korea,Semiconductor,2024,44,True
Chile,Software,2021,35,True
China,Software,2018,2705,True
China,Software,2025,2589,True
South Africa,Software,2022,118,True
Saint Kitts and Nevis,Software,2023,1,True
Austria,Software,2021,167,True
Bulgaria,Software,2020,1,True
Lebanon,Software,2020,0,True
Luxembourg,Software,2020,11,True
Serbia,Software,2023,43,True
Netherlands,Software,2022,366,True
India,Speech Recognition,2019,1,True
Romania,Speech Recognition,2023,0,True
Cyprus,Speech Recognition,2020,20,True
Cyprus,Speech Recognition,2026,67,False
United Kingdom,Sports,2026,1,False
India,Sports,2026,20,False
Saudi Arabia,Sports,2022,1,True
Turkey,Telecommunications,2023,1,True
United Kingdom,Telecommunications,2023,42,True
Slovakia,Telecommunications,2021,4,True
Sweden,Telecommunications,2021,0,True
Germany,Telecommunications,2021,1,True
China,Telecommunications,2022,5,True
Saudi Arabia,Telecommunications,2019,1,True
Chile,Transportation,2023,0,True
Brazil,Transportation,2021,10,True
South Korea,Transportation,2020,9,True
Sweden,Transportation,2020,6,True
Latvia,Transportation,2024,1,True
Malaysia,Transportation,2020,2,True
Estonia,Transportation,2021,41,True
Saudi Arabia,Transportation,2016,1,True
Algeria,Agriculture,2022,0,True
India,Agriculture,2022,17,True
Singapore,Agriculture,2022,3,True
Mexico,Agriculture,2026,0,False
Spain,Agriculture,2024,4,True
Honduras,All,2024,1,True
Latvia,All,2024,2,True
Qatar,All,2018,0,True
Slovakia,All,2018,4,True
Nigeria,All,2023,100,True
Panama,All,2024,0,True
Finland,All,2020,214,True
New Zealand,All,2020,21,True
Poland,All,2016,11,True
Austria,All,2020,60,True
Chile,All,2021,274,True
Chile,All,2022,76,True
Bulgaria,All,2021,18,True
Serbia,All,2021,0,True
Serbia,All,2024,6,True
Portugal,Biotechnology,2023,6,True
Sweden,Biotechnology,2025,4,True
Canada,Biotechnology,2025,37,True
Singapore,Biotechnology,2019,1,True
Taiwan,Biotechnology,2025,3,True
Germany,Biotechnology,2022,33,True
Netherlands,Community and Lifestyle,2016,1,True
Singapore,Community and Lifestyle,2021,3,True
Egypt,Community and Lifestyle,2023,1,True
Malta,Community and Lifestyle,2020,1,True
United States,Community and Lifestyle,2018,464,True
United States,Community and Lifestyle,2022,748,True
United States,Community and Lifestyle,2023,268,True
Taiwan,Computer Vision,2025,13,True
United States,Computer Vision,2021,833,True
United States,Computer Vision,2022,331,True
Chile,Computer Vision,2019,0,True
Finland,Computer Vision,2020,8,True
Canada,Computer Vision,2026,2,False
Japan,Computer Vision,2019,71,True
Switzerland,Computer Vision,2021,4,True
Switzerland,Computer Vision,2025,250,True
France,Computer Vision,2023,19,True
Sweden,Computer Vision,2021,0,True
Brazil,Computer Vision,2021,3,True
Belgium,Computer Vision,2022,101,True
Denmark,Computer Vision,2021,1,True
Vietnam,Consumer goods,2021,0,True
France,Consumer goods,2025,15,True
Ireland,Consumer goods,2018,1,True
Singapore,Consumer goods,2021,1,True
Switzerland,Consumer goods,2024,1,True
South Korea,Consumer goods,2018,0,True
Sri Lanka,Consumer goods,2023,0,True
Portugal,Consumer goods,2016,0,True
Singapore,Cyber Security,2025,7,True
Poland,Cyber Security,2018,3,True
United Kingdom,Cyber Security,2016,2,True
United Kingdom,Cyber Security,2022,5,True
Hungary,Data and analytics,2024,7,True
Qatar,Data and analytics,2019,0,True
Estonia,Data and analytics,2020,9,True
Norway,Data and analytics,2016,1,True
Norway,Data and analytics,2022,158,True
Serbia,Data and analytics,2020,0,True
Mongolia,Data and analytics,2018,0,True
Russia,Data and analytics,2020,13,True
Tajikistan,Data and analytics,2026,3,False
Azerbaijan,Data and analytics,2022,0,True
Greece,Data and analytics,2022,11,True
Turkey,Data and analytics,2026,9,False
Finland,Data and analytics,2021,85,True
United States,Data and analytics,2018,21271,True
Germany,Data and analytics,2022,913,True
Jamaica,Data and analytics,2025,50,True
Nigeria,Data and analytics,2026,4,False
South Korea,Data and analytics,2017,44,True
South Korea,Data and analytics,2019,309,True
North Macedonia,Education,2024,0,True
Romania,Education,2022,0,True
Romania,Education,2026,1,False
India,Education,2023,78,True
Denmark,Education,2020,1,True
Estonia,Education,2026,0,False
Switzerland,Education,2023,2,True
Netherlands,Education,2025,4,True
China,Education,2016,82,True
United Kingdom,Education,2022,49,True
Germany,Energy and natural resources,2018,6,True
South Korea,Energy and natural resources,2024,35,True
United Kingdom,Energy and natural resources,2017,9,True
Chile,Energy and natural resources,2021,1,True
Chile,Energy and natural resources,2025,0,True
Tunisia,Energy and natural resources,2019,0,True
Israel,Energy and natural resources,2025,43,True
Turkey,Energy and natural resources,2020,1,True
United States,Facial Recognition,2026,30,False
Sweden,Finance,2018,0,True
Mexico,Finance,2021,5,True
Mexico,Finance,2023,91,True
Botswana,Finance,2021,0,True
New Zealand,Finance,2022,0,True
Taiwan,Finance,2025,0,True
United States,Finance,2017,380,True
United Kingdom,Finance,2024,334,True
Canada,Finance,2016,410,True
Finland,Finance,2022,1,True
Japan,Finance,2019,7,True
Bosnia and Herzegovina,Finance,2025,0,True
Canada,Gaming,2022,0,True
Brazil,Gaming,2018,0,True
South Africa,General purpose,2021,4,True
South Africa,General purpose,2024,6,True
Kuwait,General purpose,2023,4,True
Singapore,General purpose,2016,71,True
Japan,General purpose,2019,225,True
Vietnam,General purpose,2026,2,False
Germany,General purpose,2024,984,True
India,General purpose,2017,40,True
Netherlands,General purpose,2021,205,True
Mongolia,General purpose,2019,0,True
Taiwan,General purpose,2017,9,True
Kenya,General purpose,2022,0,True
Bulgaria,General purpose,2024,5,True
Chile,General purpose,2022,9,True
China,Hardware,2019,685,True
Lithuania,Hardware,2023,0,True
Cyprus,Hardware,2021,19,True
Czechia,Hardware,2021,2,True
Japan,Hardware,2026,1535,False
United States,Hardware,2020,4444,True
United States,Hardware,2021,13587,True
Germany,Hardware,2017,5,True
Romania,Hardware,2019,1,True
Romania,Hardware,2025,3,True
Finland,Hardware,2017,12,True
Kazakhstan,Hardware,2020,0,True
Turkey,Hardware,2025,5,True
Israel,Healthcare and Life Sciences,2024,101,True
France,Healthcare and Life Sciences,2022,85,True
Poland,Healthcare and Life Sciences,2022,8,True
Sri Lanka,Healthcare and Life Sciences,2022,0,True
China,Healthcare and Life Sciences,2017,154,True
Lithuania,Healthcare and Life Sciences,2020,0,True
South Korea,Healthcare and Life Sciences,2021,77,True
India,Healthcare and Life Sciences,2026,23,False
United States,Healthcare and Life Sciences,2026,5963,False
Finland,Healthcare and Life Sciences,2019,5,True
Tunisia,Healthcare and Life Sciences,2023,0,True
Hungary,Healthcare and Life Sciences,2017,2,True
missing,Healthcare and Life Sciences,2025,20,True
Tunisia,Information Technology,2018,1,True
Czechia,Information Technology,2019,13,True
United States,Information Technology,2021,17237,True
Hungary,Information Technology,2017,1,True
Panama,Information Technology,2025,5,True
South Korea,Information Technology,2017,29,True
South Korea,Information Technology,2021,346,True
Kazakhstan,Information Technology,2025,5,True
Switzerland,Information Technology,2020,11,True
New Zealand,Information Technology,2016,1,True
Uruguay,Information Technology,2021,0,True
Chile,Information Technology,2025,1,True
Belgium,Information Technology,2021,75,True
Greece,Information Technology,2019,1,True
Romania,Information Technology,2022,10,True
Bulgaria,Information Technology,2019,1,True
Germany,Information Technology,2016,32,True
Germany,Information Technology,2023,485,True
France,Lending and Investments,2025,8,True
United Arab Emirates,Lending and Investments,2021,0,True
Mexico,Lending and Investments,2023,20,True
South Korea,Lending and Investments,2021,2,True
Japan,Manufacturing,2017,5,True
India,Manufacturing,2023,10,True
Denmark,Manufacturing,2016,0,True
Denmark,Manufacturing,2022,58,True
Iceland,Manufacturing,2022,3,True
Sweden,Manufacturing,2023,9,True
Poland,Manufacturing,2026,2,False
Saudi Arabia,Media and Entertainment,2021,1,True
China,Media and Entertainment,2024,72,True
Nigeria,Media and Entertainment,2020,0,True
Ireland,Media and Entertainment,2019,62,True
Canada,"Military, public safety and government",2019,1,True
Israel,"Military, public safety and government",2017,1,True
France,"Military, public safety and government",2024,15,True
United Arab Emirates,"Mobile, platforms & Internet services",2026,3,False
India,"Mobile, platforms & Internet services",2022,553,True
Czechia,"Mobile, platforms & Internet services",2023,15,True
Turkey,"Mobile, platforms & Internet services",2021,8,True
United Kingdom,"Mobile, platforms & Internet services",2018,231,True
Brazil,"Mobile, platforms & Internet services",2020,65,True
Canada,"Mobile, platforms & Internet services",2022,207,True
Azerbaijan,"Mobile, platforms & Internet services",2025,0,True
Brazil,NLP,2019,32,True
Australia,NLP,2022,3,True
Canada,NLP,2023,22,True
Lebanon,NLP,2017,0,True
China,NLP,2020,35,True
Austria,NLP,2024,1,True
Romania,NLP,2026,1,False
South Korea,NLP,2019,4,True
Egypt,NLP,2025,0,True
Japan,NLP,2022,27,True
China,Navigation and mapping,2023,5,True
China,Navigation and mapping,2024,108,True
Saudi Arabia,Navigation and mapping,2018,0,True
Sweden,Navigation and mapping,2025,1,True
Romania,Navigation and mapping,2025,0,True
Netherlands,Navigation and mapping,2020,1,True
United States,Navigation and mapping,2021,320,True
France,Other,2020,7,True
Turkey,Other,2022,1,True
Slovenia,Other,2026,0,False
China,Privacy and Security,2016,166,True
Estonia,Privacy and Security,2023,1,True
Seychelles,Privacy and Security,2017,1,True
Netherlands,Privacy and Security,2026,23,False
Portugal,Privacy and Security,2025,20,True
Switzerland,Privacy and Security,2024,7,True
Norway,Professional services,2017,0,True
Slovakia,Professional services,2023,1,True
Lebanon,Professional services,2019,0,True
United Arab Emirates,Professional services,2026,41,False
Finland,Professional services,2023,10,True
United States,Professional services,2019,3218,True
Ireland,Professional services,2024,12,True
Saudi Arabia,Professional services,2018,0,True
China,Professional services,2019,79,True
Netherlands,Professional services,2020,13,True
Estonia,Professional services,2017,1,True
Sweden,Professional services,2021,27,True
South Korea,Professional services,2017,6,True
Canada,Real estate,2024,23,True
Mexico,Real estate,2019,1,True
France,Real estate,2021,62,True
France,Real estate,2023,6,True
Romania,Real estate,2021,0,True
Poland,Real estate,2020,1,True
Sweden,Real estate,2023,0,True
Argentina,Robotics,2019,1,True
United States,Robotics,2026,5451,False
Denmark,Robotics,2026,1,False
Israel,Robotics,2017,16,True
Norway,Robotics,2017,0,True
Norway,Robotics,2023,11,True
Egypt,"Sales, retail, commerce, marketing",2016,0,True
Nigeria,"Sales, retail, commerce, marketing",2019,0,True
Switzerland,"Sales, retail, commerce, marketing",2016,0,True
Bahrain,"Sales, retail, commerce, marketing",2020,0,True
Malaysia,"Sales, retail, commerce, marketing",2019,0,True
Sweden,"Sales, retail, commerce, marketing",2021,252,True
United Kingdom,"Sales, retail, commerce, marketing",2021,928,True
Saudi Arabia,"Sales, retail, commerce, marketing",2023,319,True
Chile,"Sales, retail, commerce, marketing",2023,0,True
Canada,Semiconductor,2021,65,True
India,Semiconductor,2026,11,False
Israel,Semiconductor,2016,6,True
El Salvador,Software,2021,0,True
El Salvador,Software,2025,1,True
Germany,Software,2026,919,False
Qatar,Software,2023,1,True
Chile,Software,2019,6,True
Chile,Software,2026,8,False
Nigeria,Software,2017,0,True
Belgium,Software,2023,395,True
United Kingdom,Software,2019,3047,True
Indonesia,Software,2022,6,True
Bulgaria,Software,2024,9,True
Singapore,Software,2016,73,True
Sri Lanka,Software,2025,3,True
Saudi Arabia,Software,2025,908,True
Vietnam,Software,2020,2,True
Denmark,Software,2016,10,True
Dominican Republic,Software,2020,0,True
Czechia,Software,2025,61,True
Croatia,Software,2022,2,True
United Kingdom,Speech Recognition,2025,1,True
United States,Speech Recognition,2017,11,True
France,Speech Recognition,2025,1,True
Portugal,Speech Recognition,2024,0,True
United Kingdom,Sports,2019,1,True
France,Sports,2023,0,True
China,Sports,2017,2,True
Romania,Sports,2022,0,True
Spain,Telecommunications,2024,2,True
United Kingdom,Telecommunications,2017,5,True
United Kingdom,Telecommunications,2026,946,False
Canada,Telecommunications,2019,5,True
Sweden,Telecommunications,2023,3,True
China,Transportation,2016,36,True
Russia,Transportation,2019,1,True
Mexico,Transportation,2023,1,True
Oman,Transportation,2024,3,True
Belgium,Transportation,2018,0,True
Estonia,Transportation,2019,0,True
Egypt,Transportation,2019,0,True
Slovenia,Agriculture,2020,1,True
Chile,Agriculture,2022,0,True
United Kingdom,Agriculture,2026,10,False
Italy,All,2020,43,True
Italy,All,2026,288,False
Japan,All,2025,1292,True
Hungary,All,2018,41,True
Lebanon,All,2021,0,True
Switzerland,All,2026,1335,False
Estonia,All,2017,20,True
Netherlands,All,2026,1293,False
Kenya,All,2018,2,True
Spain,All,2024,503,True
Argentina,All,2019,2,True
Côte d'Ivoire,All,2024,1,True
Luxembourg,All,2024,64,True
Ireland,All,2022,376,True
Thailand,Biotechnology,2024,4,True
Israel,Biotechnology,2016,11,True
Sweden,Biotechnology,2019,4,True
Australia,Biotechnology,2017,0,True
Australia,Biotechnology,2021,18,True
Australia,Biotechnology,2025,10,True
Hungary,Biotechnology,2026,4,False
Austria,Biotechnology,2021,62,True
China,Biotechnology,2022,99,True
China,Biotechnology,2025,70,True
Norway,Biotechnology,2026,0,False
Portugal,Community and Lifestyle,2022,1,True
Ireland,Community and Lifestyle,2025,13,True
Japan,Community and Lifestyle,2023,2,True
Switzerland,Community and Lifestyle,2022,6,True
Spain,Community and Lifestyle,2024,0,True
Taiwan,Community and Lifestyle,2023,2,True
Germany,Community and Lifestyle,2020,25,True
Sweden,Community and Lifestyle,2023,3,True
United Arab Emirates,Community and Lifestyle,2017,2,True
United Kingdom,Computer Vision,2016,213,True
United Kingdom,Computer Vision,2022,80,True
Canada,Computer Vision,2016,4,True
Brazil,Computer Vision,2020,6,True
Israel,Computer Vision,2023,42,True
Slovenia,Computer Vision,2020,1,True
Australia,Computer Vision,2018,3,True
Poland,Computer Vision,2024,1,True
Mexico,Consumer goods,2019,0,True
Lithuania,Consumer goods,2023,0,True
missing,Consumer goods,2023,0,True
Spain,Consumer goods,2025,0,True
Spain,Consumer goods,2026,11,False
Australia,Consumer goods,2026,43,False
Brazil,Consumer goods,2026,0,False
United States,Consumer goods,2020,274,True
United States,Consumer goods,2023,578,True
Denmark,Consumer goods,2020,1,True
Ireland,Cyber Security,2025,21,True
Canada,Cyber Security,2018,4,True
Uruguay,Data and analytics,2022,3,True
Colombia,Data and analytics,2018,0,True
Indonesia,Data and analytics,2020,6,True
Lebanon,Data and analytics,2020,0,True
South Africa,Data and analytics,2017,29,True
South Africa,Data and analytics,2021,36,True
Iceland,Data and analytics,2021,3,True
Taiwan,Data and analytics,2016,3,True
Venezuela,Data and analytics,2019,1,True
Ireland,Data and analytics,2023,191,True
El Salvador,Data and analytics,2025,1,True
Italy,Data and analytics,2017,7,True
New Zealand,Data and analytics,2024,19,True
Sweden,Data and analytics,2020,3455,True
Bangladesh,Data and analytics,2021,0,True
Bangladesh,Data and analytics,2026,0,False
Chile,Data and analytics,2020,10,True
Turkey,Data and analytics,2024,78,True
Cyprus,Data and analytics,2024,34,True
Czechia,Data and analytics,2024,14,True
United States,Data and analytics,2025,112777,True
Germany,Data and analytics,2023,532,True
Germany,Data and analytics,2026,904,False
Malaysia,Data and analytics,2025,2,True
Belgium,Data and analytics,2018,15,True
Brazil,Data and analytics,2021,90,True
Nigeria,Data and analytics,2017,0,True
Tanzania,Education,2017,0,True
New Zealand,Education,2024,0,True
Finland,Education,2016,0,True
Latvia,Energy and natural resources,2019,0,True
Norway,Energy and natural resources,2025,36,True
Australia,Energy and natural resources,2020,2,True
India,Energy and natural resources,2023,7,True
Saudi Arabia,Energy and natural resources,2019,0,True
Japan,Facial Recognition,2016,0,True
Cyprus,Facial Recognition,2019,1,True
Sweden,Finance,2022,4,True
Spain,Finance,2017,56,True
Spain,Finance,2019,15,True
Switzerland,Finance,2017,11,True
Australia,Finance,2016,2,True
Australia,Finance,2017,4,True
Australia,Finance,2019,2,True
Norway,Finance,2022,3,True
United Arab Emirates,Finance,2016,0,True
Denmark,Finance,2021,37,True
Poland,Finance,2020,3,True
Luxembourg,Finance,2020,2,True
Russia,Finance,2017,4,True
Romania,Gaming,2019,0,True
India,Gaming,2021,0,True
Sweden,Gaming,2025,3,True
Estonia,General purpose,2023,9,True
Lebanon,General purpose,2022,0,True
Croatia,General purpose,2021,2,True
France,General purpose,2020,257,True
Germany,General purpose,2020,235,True
India,General purpose,2022,1021,True
Spain,General purpose,2018,35,True
Spain,General purpose,2025,277,True
South Korea,General purpose,2019,305,True
Morocco,General purpose,2026,0,False
Belgium,General purpose,2016,1,True
Canada,General purpose,2026,466,False
China,Hardware,2016,301,True
Mexico,Hardware,2022,2,True
Taiwan,Hardware,2021,16,True
Croatia,Hardware,2026,3,False
missing,Hardware,2025,5382,True
Netherlands,Hardware,2017,19,True
United Arab Emirates,Hardware,2022,0,True
Czechia,Hardware,2018,0,True
Japan,Hardware,2024,78,True
Israel,Hardware,2021,216,True
Israel,Hardware,2023,92,True
Canada,Hardware,2021,326,True
Finland,Hardware,2024,0,True
Saudi Arabia,Hardware,2020,1,True
Saudi Arabia,Hardware,2021,1712,True
Colombia,Healthcare and Life Sciences,2021,0,True
Lithuania,Healthcare and Life Sciences,2021,3,True
United Kingdom,Healthcare and Life Sciences,2026,356,False
India,Healthcare and Life Sciences,2017,8,True
India,Healthcare and Life Sciences,2025,2029,True
Turkey,Healthcare and Life Sciences,2023,2,True
United States,Healthcare and Life Sciences,2023,1860,True
Norway,Healthcare and Life Sciences,2022,8,True
Tanzania,Healthcare and Life Sciences,2023,0,True
Denmark,Information Technology,2019,4,True
India,Information Technology,2018,358,True
United Kingdom,Information Technology,2021,1514,True
Australia,Information Technology,2023,123,True
Turkey,Information Technology,2020,0,True
Turkey,Information Technology,2024,71,True
Portugal,Information Technology,2016,0,True
Sweden,Information Technology,2020,3437,True
Indonesia,Information Technology,2021,75,True
Poland,Information Technology,2021,5,True
Spain,Information Technology,2022,100,True
Iceland,Information Technology,2019,1,True
Singapore,Information Technology,2025,854,True
Chile,Information Technology,2026,5,False
Romania,Information Technology,2018,0,True
Slovakia,Information Technology,2018,2,True
Serbia,Information Technology,2018,0,True
Czechia,Lending and Investments,2021,7,True
United States,Lending and Investments,2026,1047,False
Denmark,Lending and Investments,2023,5,True
Germany,Manufacturing,2026,479,False
Singapore,Manufacturing,2018,3,True
Estonia,Manufacturing,2021,39,True
Israel,Manufacturing,2017,14,True
Israel,Manufacturing,2025,13,True
Malaysia,Manufacturing,2024,0,True
United Arab Emirates,Media and Entertainment,2020,1,True
United Arab Emirates,Media and Entertainment,2025,5,True
Japan,Media and Entertainment,2020,51,True
Taiwan,Media and Entertainment,2017,0,True
Taiwan,Media and Entertainment,2020,0,True
Ukraine,Media and Entertainment,2025,19,True
Mexico,Media and Entertainment,2020,0,True
Israel,Media and Entertainment,2016,6,True
Singapore,Media and Entertainment,2026,50,False
Spain,Media and Entertainment,2019,17,True
Brazil,Media and Entertainment,2019,6,True
United States,"Military, public safety and government",2026,6306,False
Spain,"Military, public safety and government",2019,0,True
France,"Military, public safety and government",2018,3,True
Singapore,"Military, public safety and government",2017,1,True
Brazil,"Military, public safety and government",2024,3,True
Greece,"Mobile, platforms & Internet services",2022,0,True
United Arab Emirates,"Mobile, platforms & Internet services",2018,2,True
India,"Mobile, platforms & Internet services",2017,18,True
Nigeria,"Mobile, platforms & Internet services",2018,5,True
Finland,"Mobile, platforms & Internet services",2025,3,True
Estonia,"Mobile, platforms & Internet services",2022,1,True
South Korea,"Mobile, platforms & Internet services",2020,104,True
South Korea,"Mobile, platforms & Internet services",2023,167,True
South Korea,"Mobile, platforms & Internet services",2026,551,False
Bangladesh,"Mobile, platforms & Internet services",2020,0,True
Panama,"Mobile, platforms & Internet services",2024,0,True
missing,"Mobile, platforms & Internet services",2022,0,True
Serbia,"Mobile, platforms & Internet services",2019,0,True
Turkey,"Mobile, platforms & Internet services",2017,19,True
Argentina,"Mobile, platforms & Internet services",2025,1,True
Côte d'Ivoire,"Mobile, platforms & Internet services",2025,0,True
Romania,"Mobile, platforms & Internet services",2022,5,True
United States,NLP,2017,234,True
Italy,NLP,2026,2,False
United Kingdom,NLP,2022,31,True
Belgium,NLP,2024,4,True
Italy,Navigation and mapping,2022,0,True
India,Navigation and mapping,2020,0,True
India,Navigation and mapping,2022,101,True
Germany,Navigation and mapping,2020,0,True
Netherlands,Other,2023,1,True
Singapore,Other,2026,4,False
United States,Other,2020,1317,True
South Korea,Other,2023,36,True
South Korea,Other,2024,63,True
France,Other,2016,8,True
France,Other,2022,20,True
Sweden,Other,2019,5,True
Denmark,Other,2023,2,True
Taiwan,Privacy and Security,2016,2,True
United States,Privacy and Security,2022,1585,True
Spain,Privacy and Security,2016,7,True
Netherlands,Privacy and Security,2025,8,True
Canada,Privacy and Security,2017,14,True
Czechia,Privacy and Security,2016,1,True
Belgium,Privacy and Security,2020,79,True
Belgium,Privacy and Security,2024,6,True
Nigeria,Privacy and Security,2024,3,True
Norway,Professional services,2020,11,True
Tunisia,Professional services,2022,0,True
Japan,Professional services,2020,81,True
Japan,Professional services,2022,47,True
Nigeria,Professional services,2019,0,True
Luxembourg,Professional services,2017,1,True
Mexico,Professional services,2026,0,False
Lebanon,Professional services,2021,0,True
Finland,Professional services,2016,0,True
Switzerland,Professional services,2018,2,True
Malta,Professional services,2025,0,True
China,Professional services,2025,15,True
Vietnam,Professional services,2024,0,True
Turkey,Professional services,2018,0,True
South Korea,Professional services,2020,9,True
Turkey,Real estate,2017,0,True
Czechia,Real estate,2019,1,True
Mexico,Real estate,2025,1,True
Saudi Arabia,Real estate,2017,1,True
Cyprus,Real estate,2023,0,True
Canada,Robotics,2018,9,True
Canada,Robotics,2025,17,True
Australia,Robotics,2026,14,False
India,Robotics,2021,7,True
Switzerland,Robotics,2017,5,True
United Kingdom,Robotics,2020,14,True
Japan,Robotics,2021,8,True
Japan,Robotics,2024,39,True
Norway,Robotics,2020,11,True
Germany,Robotics,2016,3,True
Germany,Robotics,2017,1,True
Estonia,"Sales, retail, commerce, marketing",2023,2,True
South Korea,"Sales, retail, commerce, marketing",2016,0,True
Portugal,"Sales, retail, commerce, marketing",2026,17,False
France,"Sales, retail, commerce, marketing",2022,120,True
Romania,"Sales, retail, commerce, marketing",2016,1,True
Saudi Arabia,"Sales, retail, commerce, marketing",2017,1,True
Saudi Arabia,"Sales, retail, commerce, marketing",2025,734,True
Australia,"Sales, retail, commerce, marketing",2019,6,True
Canada,Semiconductor,2023,13,True
United Kingdom,Semiconductor,2019,24,True
China,Semiconductor,2018,61,True
Slovakia,Semiconductor,2018,1,True
United States,Simulation,2016,3,True
Malaysia,Software,2019,14,True
Egypt,Software,2017,0,True
Canada,Software,2022,2766,True
Pakistan,Software,2025,0,True
Greece,Software,2019,3,True
Belgium,Software,2017,157,True
India,Software,2024,442,True
Romania,Software,2025,27,True
Ukraine,Software,2023,2,True
Cyprus,Software,2025,18,True
Sri Lanka,Software,2017,2,True
Vietnam,Software,2023,4,True
Mexico,Software,2025,69,True
Latvia,Software,2021,0,True
Germany,Speech Recognition,2020,1,True
Germany,Speech Recognition,2021,1,True
New Zealand,Sports,2021,1,True
Portugal,Sports,2024,0,True
South Korea,Telecommunications,2025,1,True
Australia,Telecommunications,2024,57,True
Canada,Telecommunications,2018,2003,True
Israel,Transportation,2023,80,True
Indonesia,Transportation,2022,0,True
Croatia,Transportation,2024,54,True
Netherlands,Transportation,2023,5,True
Argentina,Agriculture,2025,0,True
Australia,Agriculture,2019,1,True
Australia,Agriculture,2021,5,True
Chile,Agriculture,2020,0,True
Greece,Agriculture,2019,1,True
United Kingdom,Agriculture,2022,50,True
Saudi Arabia,Agriculture,2020,4,True
Estonia,Agriculture,2022,2,True
South Korea,Agriculture,2026,1,False
Tajikistan,All,2025,3,True
Rwanda,All,2026,0,False
Oman,All,2024,3,True
Switzerland,All,2023,437,True
Estonia,All,2016,20,True
Croatia,All,2021,6,True
Nigeria,All,2021,50,True
Russia,All,2017,11,True
Bangladesh,All,2024,2,True
Czechia,All,2018,3,True
Czechia,All,2024,27,True
Egypt,All,2024,4,True
India,All,2021,1425,True
Canada,All,2016,1066,True
Canada,All,2025,7104,True
Germany,All,2023,2415,True
United States,All,2024,128834,True
Denmark,All,2022,315,True
Sri Lanka,All,2017,2,True
Portugal,All,2024,131,True
Sweden,Biotechnology,2023,2,True
France,Biotechnology,2022,17,True
Germany,Biotechnology,2016,1,True
Poland,Biotechnology,2026,4,False
Belgium,Community and Lifestyle,2017,24,True
Kenya,Community and Lifestyle,2024,0,True
Norway,Community and Lifestyle,2024,1,True
Denmark,Community and Lifestyle,2025,2,True
Australia,Community and Lifestyle,2017,1,True
Hungary,Computer Vision,2019,4,True
United States,Computer Vision,2023,1853,True
Chile,Computer Vision,2025,1,True
Netherlands,Computer Vision,2016,7,True
South Korea,Computer Vision,2018,1,True
Poland,Computer Vision,2018,1,True
Malaysia,Consumer goods,2019,1,True
Croatia,Consumer goods,2024,2,True
Poland,Consumer goods,2025,4,True
Canada,Consumer goods,2016,4,True
Norway,Consumer goods,2017,12,True
Netherlands,Consumer goods,2020,1,True
China,Consumer goods,2017,121,True
Lithuania,Cyber Security,2025,1,True
Bulgaria,Cyber Security,2022,0,True
Estonia,Cyber Security,2019,0,True
Belgium,Cyber Security,2024,6,True
India,Cyber Security,2022,1,True
United Kingdom,Cyber Security,2025,27,True
Romania,Data and analytics,2023,8,True
Romania,Data and analytics,2025,27,True
Romania,Data and analytics,2026,4,False
Vietnam,Data and analytics,2018,0,True
Ireland,Data and analytics,2021,465,True
Ireland,Data and analytics,2025,164,True
El Salvador,Data and analytics,2021,0,True
Israel,Data and analytics,2021,1247,True
Russia,Data and analytics,2024,3,True
India,Data and analytics,2023,286,True
Latvia,Data and analytics,2018,0,True
Czechia,Data and analytics,2022,29,True
United States,Data and analytics,2020,15000,True
Germany,Data and analytics,2018,187,True
Kenya,Data and analytics,2022,3,True
Uganda,Data and analytics,2023,0,True
Panama,Data and analytics,2024,0,True
missing,Data and analytics,2025,765,True
South Korea,Data and analytics,2026,1015,False
Vietnam,Education,2025,0,True
missing,Education,2023,0,True
Austria,Education,2020,6,True
Hungary,Education,2022,0,True
Spain,Energy and natural resources,2017,3,True
Hungary,Energy and natural resources,2020,0,True
Sweden,Energy and natural resources,2023,9,True
India,Energy and natural resources,2020,5,True
Taiwan,Energy and natural resources,2023,3,True
Turkey,Energy and natural resources,2019,0,True
Israel,Facial Recognition,2019,0,True
Japan,Facial Recognition,2019,4,True
Japan,Facial Recognition,2020,15,True
Czechia,Finance,2016,0,True
Spain,Finance,2025,17,True
United States,Finance,2026,3605,False
Cyprus,Finance,2024,32,True
Kenya,Finance,2022,3,True
Egypt,Finance,2023,1,True
Ukraine,Finance,2022,0,True
Poland,Finance,2022,2,True
Israel,Finance,2017,22,True
Germany,Finance,2025,304,True
Australia,Gaming,2024,2,True
South Korea,Gaming,2019,1,True
France,Gaming,2022,1,True
Israel,General purpose,2023,332,True
Croatia,General purpose,2026,4,False
Argentina,General purpose,2017,4,True
Pakistan,General purpose,2022,1,True
Portugal,General purpose,2020,8,True
Netherlands,General purpose,2025,413,True
missing,General purpose,2026,55372,False
Taiwan,General purpose,2016,3,True
Kenya,General purpose,2024,0,True
Brazil,General purpose,2020,102,True
United Kingdom,General purpose,2023,1837,True
Azerbaijan,General purpose,2025,0,True
Dominican Republic,General purpose,2022,0,True
Indonesia,General purpose,2018,1,True
Indonesia,General purpose,2023,9,True
Malaysia,General purpose,2017,0,True
Peru,General purpose,2021,1,True
Colombia,General purpose,2018,0,True
Colombia,General purpose,2020,2,True
Italy,General purpose,2024,152,True
Tunisia,General purpose,2022,2,True
Romania,General purpose,2023,8,True
Norway,Hardware,2021,49,True
Russia,Hardware,2018,1,True
Portugal,Hardware,2018,1,True
Greece,Hardware,2023,110,True
Hungary,Hardware,2016,2,True
South Korea,Hardware,2019,192,True
Austria,Hardware,2016,0,True
Belgium,Hardware,2024,3,True
Zambia,Hardware,2023,0,True
Brazil,Hardware,2017,3,True
Brazil,Hardware,2021,53,True
Brazil,Healthcare and Life Sciences,2020,2,True
Japan,Healthcare and Life Sciences,2016,3,True
Japan,Healthcare and Life Sciences,2026,7,False
China,Healthcare and Life Sciences,2026,699,False
Russia,Healthcare and Life Sciences,2017,3,True
South Korea,Healthcare and Life Sciences,2019,17,True
South Korea,Healthcare and Life Sciences,2024,107,True
Norway,Healthcare and Life Sciences,2017,1,True
Norway,Healthcare and Life Sciences,2024,4,True
Ireland,Healthcare and Life Sciences,2022,4,True
Germany,Healthcare and Life Sciences,2026,32,False
Brazil,Information Technology,2021,118,True
United Kingdom,Information Technology,2019,2679,True
Albania,Information Technology,2016,2,True
Czechia,Information Technology,2025,24,True
Australia,Information Technology,2018,34,True
Egypt,Information Technology,2022,1,True
Thailand,Information Technology,2016,0,True
Argentina,Information Technology,2022,1,True
Canada,Information Technology,2018,2183,True
Bangladesh,Information Technology,2019,0,True
Singapore,Information Technology,2026,7332,False
France,Information Technology,2023,194,True
Slovenia,Information Technology,2016,0,True
Ireland,Information Technology,2022,35,True
Slovakia,Information Technology,2019,4,True
Bulgaria,Information Technology,2024,5,True
France,Lending and Investments,2022,2,True
Canada,Lending and Investments,2019,11,True
Canada,Lending and Investments,2026,10,False
Mauritius,Lending and Investments,2026,2,False
Taiwan,Lending and Investments,2025,0,True
South Africa,Lending and Investments,2020,18,True
South Korea,Lending and Investments,2020,1,True
Lithuania,Manufacturing,2025,0,True
Croatia,Manufacturing,2023,0,True
Ireland,Manufacturing,2025,18,True
United Arab Emirates,Manufacturing,2018,1,True
Switzerland,Manufacturing,2026,15,False
Belgium,Manufacturing,2023,1,True
United Arab Emirates,Media and Entertainment,2022,2,True
Luxembourg,Media and Entertainment,2016,0,True
Pakistan,Media and Entertainment,2021,3,True
Ukraine,Media and Entertainment,2019,0,True
Jordan,Media and Entertainment,2025,0,True
Spain,Media and Entertainment,2023,4,True
France,Media and Entertainment,2022,23,True
Brazil,Media and Entertainment,2021,19,True
Brazil,Media and Entertainment,2025,2,True
Czechia,"Military, public safety and government",2016,1,True
Israel,"Military, public safety and government",2018,2,True
Netherlands,"Military, public safety and government",2024,2,True
Poland,"Military, public safety and government",2024,1,True
Saudi Arabia,"Military, public safety and government",2025,1,True
Greece,"Mobile, platforms & Internet services",2020,1,True
Hungary,"Mobile, platforms & Internet services",2019,2,True
Sri Lanka,"Mobile, platforms & Internet services",2020,0,True
South Korea,"Mobile, platforms & Internet services",2024,80,True
Bangladesh,"Mobile, platforms & Internet services",2024,1,True
France,"Mobile, platforms & Internet services",2017,67,True
Colombia,"Mobile, platforms & Internet services",2018,0,True
Colombia,"Mobile, platforms & Internet services",2023,1,True
Singapore,"Mobile, platforms & Internet services",2017,22,True
Brazil,"Mobile, platforms & Internet services",2018,2,True
Brazil,"Mobile, platforms & Internet services",2024,41,True
Japan,"Mobile, platforms & Internet services",2019,65,True
United States,NLP,2021,475,True
Netherlands,NLP,2020,2,True
Germany,NLP,2016,1,True
Poland,NLP,2023,0,True
Israel,NLP,2016,8,True
Switzerland,Navigation and mapping,2018,0,True
Israel,Navigation and mapping,2026,60,False
Singapore,Other,2019,2,True
Argentina,Other,2022,1,True
Colombia,Other,2019,0,True
United Kingdom,Other,2021,127,True
Switzerland,Other,2016,1,True
Czechia,Other,2024,1,True
Singapore,Privacy and Security,2016,0,True
Norway,Privacy and Security,2022,0,True
Poland,Privacy and Security,2024,1,True
Australia,Privacy and Security,2025,67,True
France,Privacy and Security,2026,43,False
Switzerland,Privacy and Security,2019,150,True
Australia,Professional services,2024,60,True
Philippines,Professional services,2023,0,True
Singapore,Professional services,2021,236,True
Czechia,Professional services,2020,2,True
Spain,Professional services,2023,8,True
Saudi Arabia,Professional services,2025,4,True
Portugal,Professional services,2026,14,False
Germany,Professional services,2017,3,True
Cyprus,Professional services,2023,0,True
Netherlands,Real estate,2024,229,True
Latvia,Real estate,2021,0,True
Canada,Real estate,2021,38,True
United Kingdom,Real estate,2016,5,True
United Kingdom,Real estate,2021,33,True
Kenya,Real estate,2026,0,False
Mexico,Real estate,2020,25,True
Romania,Real estate,2022,0,True
Brazil,Real estate,2025,81,True
Israel,Real estate,2025,23,True
Japan,Robotics,2017,117,True
Norway,Robotics,2018,3,True
France,Robotics,2024,76,True
United States,"Sales, retail, commerce, marketing",2023,1449,True
Brazil,"Sales, retail, commerce, marketing",2018,5,True
Nigeria,"Sales, retail, commerce, marketing",2020,0,True
Spain,"Sales, retail, commerce, marketing",2025,55,True
Denmark,"Sales, retail, commerce, marketing",2016,4,True
Switzerland,"Sales, retail, commerce, marketing",2023,28,True
Uruguay,"Sales, retail, commerce, marketing",2022,3,True
Tunisia,"Sales, retail, commerce, marketing",2023,0,True
New Zealand,"Sales, retail, commerce, marketing",2020,3,True
Germany,"Sales, retail, commerce, marketing",2021,104,True
Romania,"Sales, retail, commerce, marketing",2019,0,True
Netherlands,"Sales, retail, commerce, marketing",2020,14,True
Israel,"Sales, retail, commerce, marketing",2025,68,True
Canada,"Sales, retail, commerce, marketing",2020,104,True
Switzerland,Semiconductor,2018,8,True
Canada,Semiconductor,2018,0,True
Israel,Semiconductor,2018,32,True
Switzerland,Simulation,2025,17,True
Canada,Simulation,2024,2,True
Italy,Simulation,2022,3,True
Norway,Simulation,2021,9,True
Malaysia,Software,2023,66,True
New Zealand,Software,2018,1,True
Slovenia,Software,2017,0,True
Hungary,Software,2020,8,True
Slovakia,Software,2018,2,True
Tanzania,Software,2024,0,True
United Arab Emirates,Software,2022,52,True
India,Software,2019,378,True
India,Software,2025,3848,True
Colombia,Software,2018,0,True
Colombia,Software,2024,27,True
Mexico,Software,2021,24,True
Mexico,Software,2026,169,False
Turkey,Software,2018,506,True
Japan,Speech Recognition,2022,0,True
Netherlands,Speech Recognition,2021,10,True
Saudi Arabia,Speech Recognition,2025,4,True
Sri Lanka,Sports,2022,0,True
Netherlands,Sports,2021,1,True
South Korea,Sports,2022,2,True
Japan,Sports,2021,1,True
Romania,Sports,2021,0,True
missing,Sports,2023,0,True
France,Telecommunications,2022,1,True
Israel,Telecommunications,2024,22,True
Singapore,Telecommunications,2026,13,False
United Kingdom,Transportation,2026,338,False
Spain,Transportation,2019,5,True
Germany,Transportation,2016,8,True
Germany,Transportation,2020,53,True
Tunisia,Transportation,2024,0,True
Canada,Transportation,2022,19,True
South Korea,Transportation,2024,169,True
India,Transportation,2022,118,True
Indonesia,Transportation,2024,0,True
Vietnam,Transportation,2025,5,True
Ireland,Transportation,2021,354,True
Austria,Transportation,2016,0,True
missing,Transportation,2021,4,True
South Africa,Agriculture,2019,2,True
Belgium,Agriculture,2026,9,False
China,Agriculture,2018,11,True
Brazil,Agriculture,2019,2,True
Kenya,Agriculture,2020,4,True
Zambia,Agriculture,2021,0,True
Latvia,All,2021,1,True
Vietnam,All,2021,12,True
Japan,All,2018,562,True
France,All,2023,2143,True
United Kingdom,All,2024,4645,True
Nigeria,All,2018,6,True
Zimbabwe,All,2023,0,True
Bangladesh,All,2021,1,True
Finland,All,2018,15,True
Turkey,All,2018,508,True
Malta,All,2020,2,True
Israel,All,2021,3621,True
Algeria,All,2021,0,True
Algeria,All,2022,0,True
Germany,All,2021,4007,True
Denmark,All,2016,25,True
Chile,All,2023,4,True
Mongolia,All,2021,0,True
Thailand,All,2022,26,True
Ukraine,All,2021,1,True
France,Biotechnology,2026,18,False
Switzerland,Biotechnology,2021,17,True
Austria,Biotechnology,2024,1,True
Mexico,Biotechnology,2016,0,True
Italy,Biotechnology,2021,1,True
Germany,Biotechnology,2023,30,True
Romania,Community and Lifestyle,2018,0,True
Chile,Community and Lifestyle,2019,5,True
Singapore,Community and Lifestyle,2025,12,True
China,Community and Lifestyle,2019,22,True
United States,Community and Lifestyle,2026,233,False
Sweden,Community and Lifestyle,2025,0,True
United Kingdom,Community and Lifestyle,2019,20,True
United Kingdom,Community and Lifestyle,2024,207,True
South Korea,Computer Vision,2023,7,True
Brazil,Computer Vision,2022,0,True
Romania,Computer Vision,2020,0,True
Italy,Computer Vision,2026,1,False
Spain,Computer Vision,2018,4,True
Spain,Computer Vision,2019,2,True
China,Computer Vision,2018,455,True
China,Computer Vision,2026,71,False
New Zealand,Consumer goods,2022,1,True
Israel,Consumer goods,2022,49,True
South Korea,Consumer goods,2023,7,True
Estonia,Cyber Security,2021,14,True
France,Cyber Security,2025,22,True
Ghana,Data and analytics,2021,0,True
Croatia,Data and analytics,2026,4,False
Colombia,Data and analytics,2021,8,True
Romania,Data and analytics,2018,0,True
Hungary,Data and analytics,2017,3,True
Taiwan,Data and analytics,2021,68,True
Ireland,Data and analytics,2018,55,True
Bulgaria,Data and analytics,2024,3,True
Israel,Data and analytics,2024,2273,True
New Zealand,Data and analytics,2018,1,True
France,Data and analytics,2023,594,True
Greece,Data and analytics,2023,110,True
Peru,Data and analytics,2021,1,True
China,Data and analytics,2020,3262,True
Netherlands,Data and analytics,2026,434,False
Canada,Data and analytics,2016,90,True
Japan,Data and analytics,2016,80,True
Japan,Education,2024,3,True
Vietnam,Education,2024,2,True
Portugal,Education,2025,0,True
Bangladesh,Education,2025,0,True
Argentina,Education,2020,0,True
Mauritius,Education,2021,0,True
Switzerland,Education,2022,13,True
New Zealand,Education,2017,0,True
South Africa,Education,2017,4,True
Ireland,Energy and natural resources,2025,0,True
Spain,Energy and natural resources,2018,6,True
Poland,Energy and natural resources,2023,0,True
New Zealand,Energy and natural resources,2020,0,True
Canada,Energy and natural resources,2021,113,True
Netherlands,Energy and natural resources,2018,0,True
Chile,Energy and natural resources,2018,1,True
Israel,Energy and natural resources,2024,9,True
United States,Facial Recognition,2018,39,True
Thailand,Finance,2017,1,True
Austria,Finance,2024,3,True
Australia,Finance,2024,13,True
missing,Finance,2017,3,True
Egypt,Finance,2026,1,False
Chile,Finance,2024,3,True
Netherlands,Finance,2026,11,False
Turkey,Finance,2022,10,True
South Africa,Finance,2026,1,False
China,Gaming,2019,2,True
Singapore,Gaming,2019,1,True
United Kingdom,Gaming,2020,32,True
Brazil,Gaming,2023,0,True
Portugal,General purpose,2022,34,True
Ireland,General purpose,2024,85,True
Denmark,General purpose,2022,116,True
Costa Rica,General purpose,2022,0,True
India,General purpose,2016,38,True
South Korea,General purpose,2021,2312,True
Hungary,General purpose,2025,15,True
United Kingdom,General purpose,2016,598,True
Slovakia,General purpose,2022,2,True
Egypt,General purpose,2016,0,True
Turkey,General purpose,2024,78,True
Ukraine,General purpose,2018,0,True
China,Hardware,2020,487,True
Italy,Hardware,2024,121,True
missing,Hardware,2024,2,True
Singapore,Hardware,2017,84,True
United Arab Emirates,Hardware,2026,14,False
Czechia,Hardware,2025,2,True
Malaysia,Hardware,2018,0,True
Serbia,Hardware,2020,0,True
Netherlands,Healthcare and Life Sciences,2024,8,True
Czechia,Healthcare and Life Sciences,2019,0,True
Czechia,Healthcare and Life Sciences,2022,3,True
United Arab Emirates,Healthcare and Life Sciences,2024,4,True
Argentina,Healthcare and Life Sciences,2025,2,True
Egypt,Healthcare and Life Sciences,2021,0,True
Luxembourg,Healthcare and Life Sciences,2026,1,False
Thailand,Healthcare and Life Sciences,2023,1,True
Belgium,Healthcare and Life Sciences,2023,3,True
Finland,Healthcare and Life Sciences,2024,2,True
Iceland,Healthcare and Life Sciences,2017,0,True
Qatar,Healthcare and Life Sciences,2019,0,True
Austria,Healthcare and Life Sciences,2026,16,False
Australia,Healthcare and Life Sciences,2018,5,True
Ghana,Healthcare and Life Sciences,2022,1,True
Ukraine,Information Technology,2023,0,True
Brazil,Information Technology,2020,213,True
United Kingdom,Information Technology,2024,887,True
South Korea,Information Technology,2018,100,True
Saudi Arabia,Information Technology,2025,290,True
Argentina,Information Technology,2025,79,True
Iceland,Information Technology,2020,3,True
Iceland,Information Technology,2023,0,True
Singapore,Information Technology,2024,1102,True
South Africa,Information Technology,2020,8,True
Chile,Information Technology,2016,0,True
Belgium,Information Technology,2022,140,True
Netherlands,Information Technology,2021,147,True
Serbia,Information Technology,2020,0,True
Serbia,Information Technology,2022,0,True
Australia,Lending and Investments,2016,0,True
Czechia,Lending and Investments,2023,17,True
South Africa,Lending and Investments,2018,13,True
China,Lending and Investments,2021,42,True
South Korea,Lending and Investments,2025,22,True
Israel,Lending and Investments,2022,2,True
Austria,Manufacturing,2022,3,True
Japan,Manufacturing,2016,16,True
Japan,Manufacturing,2024,23,True
United Kingdom,Manufacturing,2019,23,True
United Kingdom,Manufacturing,2020,22,True
Sweden,Manufacturing,2018,3,True
New Zealand,Manufacturing,2023,0,True
Switzerland,Manufacturing,2020,19,True
Norway,Manufacturing,2021,157,True
Norway,Manufacturing,2022,113,True
Bulgaria,Media and Entertainment,2023,0,True
Bulgaria,Media and Entertainment,2024,1,True
Switzerland,Media and Entertainment,2020,4,True
Sri Lanka,Media and Entertainment,2024,0,True
Sri Lanka,Media and Entertainment,2025,0,True
Peru,Media and Entertainment,2017,0,True
Canada,Media and Entertainment,2019,17,True
United Kingdom,Media and Entertainment,2022,245,True
Singapore,Media and Entertainment,2024,15,True
Panama,Media and Entertainment,2023,0,True
United States,"Military, public safety and government",2016,155,True
Israel,"Military, public safety and government",2026,37,False
Switzerland,"Military, public safety and government",2021,1,True
Ireland,"Military, public safety and government",2017,0,True
Turkey,"Military, public safety and government",2019,0,True
Israel,"Mobile, platforms & Internet services",2022,452,True
Israel,"Mobile, platforms & Internet services",2024,366,True
Finland,"Mobile, platforms & Internet services",2020,10,True
Uganda,"Mobile, platforms & Internet services",2023,0,True
missing,"Mobile, platforms & Internet services",2026,55011,False
Singapore,"Mobile, platforms & Internet services",2022,313,True
Netherlands,"Mobile, platforms & Internet services",2021,14,True
Netherlands,"Mobile, platforms & Internet services",2024,25,True
Germany,"Mobile, platforms & Internet services",2024,168,True
Taiwan,"Mobile, platforms & Internet services",2024,24,True
Brazil,"Mobile, platforms & Internet services",2025,21,True
Mexico,"Mobile, platforms & Internet services",2016,1,True
Egypt,"Mobile, platforms & Internet services",2018,0,True
Kenya,"Mobile, platforms & Internet services",2019,2,True
United States,NLP,2020,419,True
France,NLP,2026,206,False
United Kingdom,NLP,2018,8,True
United Kingdom,NLP,2021,6,True
China,NLP,2016,4,True
Japan,NLP,2017,2,True
United Kingdom,Navigation and mapping,2026,4,False
Switzerland,Navigation and mapping,2021,1,True
Poland,Navigation and mapping,2023,0,True
United States,Navigation and mapping,2025,121,True
Panama,Other,2024,0,True
Germany,Other,2025,995,True
Saudi Arabia,Other,2024,0,True
Italy,Other,2020,2,True
Indonesia,Other,2020,1,True
Belgium,Other,2025,2,True
Argentina,Other,2021,0,True
South Korea,Other,2018,4,True
United Kingdom,Other,2020,87,True
Bolivia,Other,2026,0,False
Sweden,Privacy and Security,2023,1,True
United States,Privacy and Security,2016,227,True
Belgium,Privacy and Security,2022,0,True
Sri Lanka,Privacy and Security,2023,0,True
South Korea,Privacy and Security,2024,22,True
United Kingdom,Privacy and Security,2026,108,False
Canada,Professional services,2016,391,True
Philippines,Professional services,2021,0,True
Romania,Professional services,2017,0,True
Italy,Professional services,2017,2,True
India,Professional services,2025,2280,True
Hungary,Professional services,2022,0,True
Kazakhstan,Professional services,2024,1,True
United Kingdom,Professional services,2024,224,True
Malaysia,Professional services,2026,8,False
Belgium,Professional services,2018,2,True
South Korea,Professional services,2023,40,True
Japan,Real estate,2017,1,True
New Zealand,Real estate,2021,0,True
Canada,Real estate,2020,6,True
Australia,Real estate,2022,20,True
Germany,Real estate,2025,31,True
Switzerland,Real estate,2021,9,True
Austria,Real estate,2019,0,True
Finland,Real estate,2026,2,False
Italy,Real estate,2021,3,True
Ukraine,Robotics,2024,1,True
United States,Robotics,2022,552,True
Israel,Robotics,2026,900,False
Japan,Robotics,2025,56,True
France,Robotics,2021,4,True
Czechia,Robotics,2020,0,True
Mexico,"Sales, retail, commerce, marketing",2026,1,False
United States,"Sales, retail, commerce, marketing",2019,1675,True
Latvia,"Sales, retail, commerce, marketing",2025,0,True
South Africa,"Sales, retail, commerce, marketing",2026,1,False
Malaysia,"Sales, retail, commerce, marketing",2023,58,True
Tunisia,"Sales, retail, commerce, marketing",2022,1,True
Bosnia and Herzegovina,"Sales, retail, commerce, marketing",2016,0,True
Poland,"Sales, retail, commerce, marketing",2016,6,True
Belgium,"Sales, retail, commerce, marketing",2024,76,True
New Zealand,"Sales, retail, commerce, marketing",2022,0,True
Uzbekistan,"Sales, retail, commerce, marketing",2024,0,True
Singapore,"Sales, retail, commerce, marketing",2025,129,True
Slovakia,"Sales, retail, commerce, marketing",2025,1,True
United States,Semiconductor,2023,237,True
Finland,Simulation,2019,0,True
South Korea,Simulation,2026,0,False
Singapore,Simulation,2021,4,True
Poland,Simulation,2023,0,True
Canada,Simulation,2018,2,True
Switzerland,Software,2020,111,True
New Zealand,Software,2021,1066,True
New Zealand,Software,2025,50,True
New Zealand,Software,2026,36,False
Egypt,Software,2023,2,True
China,Software,2026,6054,False
Belgium,Software,2024,296,True
Uzbekistan,Software,2024,0,True
France,Software,2023,628,True
Argentina,Software,2018,0,True
Zimbabwe,Software,2019,0,True
Lebanon,Software,2019,0,True
Singapore,Software,2021,1055,True
Vietnam,Software,2024,4,True
Serbia,Software,2021,0,True
Estonia,Software,2022,40,True
Georgia,Software,2025,1,True
Thailand,Speech Recognition,2022,0,True
Lithuania,Speech Recognition,2021,0,True
Serbia,Speech Recognition,2018,0,True
Turkey,Sports,2023,0,True
Israel,Sports,2021,6,True
Japan,Sports,2018,0,True
Colombia,Telecommunications,2021,1,True
United Arab Emirates,Telecommunications,2021,1,True
United Arab Emirates,Telecommunications,2024,6,True
United Kingdom,Telecommunications,2016,1,True
United Kingdom,Telecommunications,2020,316,True
Kenya,Telecommunications,2024,0,True
United States,Telecommunications,2018,152,True
Mexico,Telecommunications,2024,0,True
Saudi Arabia,Telecommunications,2022,0,True
Luxembourg,Transportation,2021,110,True
Turkey,Transportation,2023,2,True
Brazil,Transportation,2020,1,True
Iceland,Transportation,2019,0,True
Saudi Arabia,Transportation,2017,0,True
Saudi Arabia,Transportation,2022,2,True
Netherlands,Transportation,2024,9,True
Turkey,Agriculture,2021,1,True
Norway,Agriculture,2026,2,False
Netherlands,Agriculture,2018,1,True
Netherlands,Agriculture,2025,6,True
Singapore,Agriculture,2018,5,True
Brazil,Agriculture,2022,10,True
United Arab Emirates,Agriculture,2024,0,True
Japan,Agriculture,2025,2,True
Tunisia,Agriculture,2022,0,True
Uganda,Agriculture,2023,0,True
Poland,Agriculture,2024,0,True
Saudi Arabia,All,2026,1240,False
Iceland,All,2024,34,True
Hungary,All,2024,11,True
China,All,2018,9394,True
Tunisia,All,2022,2,True
Switzerland,All,2019,346,True
Croatia,All,2020,1,True
Zambia,All,2022,0,True
Nigeria,All,2024,125,True
Netherlands,All,2019,257,True
Kazakhstan,All,2024,3,True
Egypt,All,2019,3,True
Singapore,All,2024,5822,True
Ghana,All,2021,2,True
Mongolia,All,2022,0,True
Brazil,Biotechnology,2020,0,True
Ghana,Biotechnology,2022,1,True
Uruguay,Biotechnology,2021,2,True
India,Biotechnology,2018,0,True
Canada,Biotechnology,2016,4,True
Norway,Biotechnology,2017,0,True
Egypt,Community and Lifestyle,2020,0,True
Israel,Community and Lifestyle,2024,103,True
Italy,Community and Lifestyle,2022,1,True
Sweden,Community and Lifestyle,2019,0,True
United Arab Emirates,Community and Lifestyle,2023,7,True
Hungary,Computer Vision,2016,3,True
Norway,Computer Vision,2016,5,True
Switzerland,Computer Vision,2018,12,True
Thailand,Computer Vision,2024,0,True
Turkey,Computer Vision,2020,1,True
Netherlands,Computer Vision,2019,3,True
Netherlands,Computer Vision,2022,1,True
South Korea,Computer Vision,2016,0,True
Sweden,Computer Vision,2020,3,True
Singapore,Computer Vision,2024,1,True
Brazil,Computer Vision,2018,0,True
Spain,Computer Vision,2017,3,True
Spain,Consumer goods,2018,3,True
France,Consumer goods,2018,22,True
Australia,Consumer goods,2016,0,True
Poland,Consumer goods,2017,2,True
Israel,Consumer goods,2020,15,True
Israel,Consumer goods,2021,20,True
Switzerland,Consumer goods,2017,7,True
Japan,Cyber Security,2026,1,False
Turkey,Cyber Security,2021,0,True
Uruguay,Data and analytics,2021,0,True
Kazakhstan,Data and analytics,2022,0,True
Zimbabwe,Data and analytics,2023,0,True
Iceland,Data and analytics,2017,2,True
Bulgaria,Data and analytics,2022,2,True
Denmark,Data and analytics,2022,110,True
Morocco,Data and analytics,2026,0,False
Turkey,Data and analytics,2025,24,True
Netherlands,Data and analytics,2020,54,True
Canada,Data and analytics,2023,610,True
Costa Rica,Data and analytics,2022,0,True
Brazil,Data and analytics,2020,93,True
missing,Data and analytics,2017,3,True
Japan,Data and analytics,2020,226,True
Singapore,Data and analytics,2016,72,True
Romania,Education,2020,0,True
Japan,Education,2026,1,False
Denmark,Education,2022,1,True
Burkina Faso,Education,2023,0,True
Kenya,Education,2021,0,True
Netherlands,Education,2020,12,True
Israel,Education,2024,5,True
Denmark,Energy and natural resources,2026,1,False
South Africa,Energy and natural resources,2026,5,False
Finland,Energy and natural resources,2025,2,True
Canada,Energy and natural resources,2017,5,True
Norway,Energy and natural resources,2022,7,True
Netherlands,Energy and natural resources,2021,5,True
Australia,Energy and natural resources,2019,5,True
Russia,Energy and natural resources,2019,5,True
Thailand,Finance,2020,2,True
Mexico,Finance,2022,33,True
Hungary,Finance,2021,0,True
Lithuania,Finance,2024,100,True
France,Finance,2020,56,True
Chile,Finance,2025,4,True
Belgium,Finance,2018,4,True
South Africa,Finance,2022,0,True
Germany,Finance,2016,28,True
Germany,Finance,2022,43,True
Germany,Gaming,2024,1,True
Italy,Gaming,2021,0,True
United Kingdom,Gaming,2016,1,True
United States,Gaming,2026,105,False
Switzerland,Gaming,2024,1,True
Poland,Gaming,2026,0,False
South Africa,General purpose,2022,120,True
Philippines,General purpose,2026,6,False
Portugal,General purpose,2016,3,True
Ghana,General purpose,2023,0,True
Ireland,General purpose,2022,196,True
Vietnam,General purpose,2021,8,True
France,General purpose,2018,188,True
Germany,General purpose,2018,180,True
Tajikistan,General purpose,2025,1,True
Uganda,General purpose,2022,0,True
Uganda,General purpose,2023,0,True
Seychelles,General purpose,2024,0,True
Bulgaria,General purpose,2019,2,True
Bulgaria,General purpose,2022,1,True
Hungary,General purpose,2026,27,False
Saudi Arabia,General purpose,2017,3,True
Indonesia,General purpose,2019,3,True
Rwanda,General purpose,2026,0,False
Ireland,Hardware,2019,61,True
Norway,Hardware,2022,13,True
Argentina,Hardware,2026,0,False
Australia,Hardware,2025,211,True
Bulgaria,Hardware,2023,5,True
Greece,Hardware,2016,2,True
Czechia,Hardware,2023,1,True
South Korea,Hardware,2026,309,False
Iceland,Hardware,2017,1,True
Saudi Arabia,Hardware,2024,2,True
Poland,Healthcare and Life Sciences,2024,2,True
South Korea,Healthcare and Life Sciences,2018,8,True
Belgium,Healthcare and Life Sciences,2020,1,True
Switzerland,Healthcare and Life Sciences,2022,19,True
Austria,Healthcare and Life Sciences,2023,10,True
Sweden,Healthcare and Life Sciences,2023,32,True
Sweden,Healthcare and Life Sciences,2026,26,False
Lithuania,Information Technology,2025,6,True
Jordan,Information Technology,2016,0,True
Turkey,Information Technology,2017,1,True
Turkey,Information Technology,2018,2,True
China,Information Technology,2022,1339,True
Switzerland,Information Technology,2019,231,True
missing,Information Technology,2023,6,True
Seychelles,Information Technology,2016,0,True
Seychelles,Information Technology,2017,1,True
Germany,Information Technology,2017,52,True
Germany,Information Technology,2026,646,False
Netherlands,Information Technology,2016,35,True
United Arab Emirates,Information Technology,2020,3,True
United Arab Emirates,Lending and Investments,2025,3,True
Kenya,Lending and Investments,2021,0,True
Spain,Lending and Investments,2017,1,True
Germany,Lending and Investments,2018,3,True
Germany,Lending and Investments,2025,46,True
Germany,Lending and Investments,2026,7,False
Netherlands,Lending and Investments,2019,0,True
India,Lending and Investments,2023,0,True
Italy,Lending and Investments,2021,1,True
Singapore,Manufacturing,2026,59,False
Taiwan,Manufacturing,2024,0,True
Iceland,Manufacturing,2017,1,True
Iceland,Manufacturing,2024,2,True
missing,Manufacturing,2021,4,True
South Korea,Manufacturing,2017,3,True
South Korea,Manufacturing,2021,10,True
United Arab Emirates,Media and Entertainment,2016,0,True
Taiwan,Media and Entertainment,2018,2,True
Australia,Media and Entertainment,2021,70,True
Portugal,Media and Entertainment,2020,7,True
Hungary,Media and Entertainment,2022,0,True
Belgium,Media and Entertainment,2017,0,True
Canada,Media and Entertainment,2022,17,True
Slovakia,"Military, public safety and government",2020,1,True
India,"Mobile, platforms & Internet services",2019,127,True
Finland,"Mobile, platforms & Internet services",2019,24,True
Estonia,"Mobile, platforms & Internet services",2021,2,True
Hungary,"Mobile, platforms & Internet services",2025,3,True
China,"Mobile, platforms & Internet services",2016,3195,True
Vietnam,"Mobile, platforms & Internet services",2024,2,True
France,"Mobile, platforms & Internet services",2021,21,True
New Zealand,"Mobile, platforms & Internet services",2023,0,True
South Africa,"Mobile, platforms & Internet services",2017,22,True
Germany,"Mobile, platforms & Internet services",2023,39,True
Pakistan,"Mobile, platforms & Internet services",2020,0,True
Pakistan,"Mobile, platforms & Internet services",2024,0,True
Brazil,"Mobile, platforms & Internet services",2022,77,True
Iceland,"Mobile, platforms & Internet services",2019,0,True
Ireland,"Mobile, platforms & Internet services",2022,26,True
Ireland,"Mobile, platforms & Internet services",2026,2,False
Zambia,"Mobile, platforms & Internet services",2025,0,True
Norway,"Mobile, platforms & Internet services",2021,73,True
Sweden,NLP,2024,0,True
Canada,NLP,2021,72,True
China,NLP,2023,1,True
Portugal,NLP,2019,5,True
Portugal,NLP,2023,3,True
Singapore,NLP,2023,5,True
China,Navigation and mapping,2020,7,True
Estonia,Navigation and mapping,2019,0,True
Tunisia,Navigation and mapping,2024,0,True
Spain,Navigation and mapping,2026,26,False
France,Navigation and mapping,2019,6,True
Finland,Other,2022,4,True
Ireland,Other,2024,109,True
Argentina,Other,2026,0,False
South Korea,Other,2021,21,True
Poland,Other,2022,2,True
Cyprus,Other,2025,0,True
Switzerland,Other,2024,2,True
China,Privacy and Security,2020,33,True
Taiwan,Privacy and Security,2024,20,True
Chile,Privacy and Security,2023,0,True
Israel,Privacy and Security,2023,66,True
Israel,Privacy and Security,2026,643,False
Argentina,Privacy and Security,2026,0,False
Ireland,Privacy and Security,2017,0,True
Mexico,Privacy and Security,2017,0,True
New Zealand,Privacy and Security,2024,6,True
Japan,Professional services,2018,20,True
France,Professional services,2016,4,True
Australia,Professional services,2016,1,True
Dominican Republic,Professional services,2021,0,True
Czechia,Professional services,2024,0,True
China,Professional services,2023,25,True
Netherlands,Professional services,2017,16,True
Portugal,Professional services,2017,17,True
South Korea,Professional services,2024,58,True
Switzerland,Real estate,2023,2,True
France,Real estate,2020,11,True
France,Real estate,2026,1,False
Poland,Real estate,2022,3,True
Israel,Robotics,2016,7,True
France,Robotics,2022,10,True
United States,"Sales, retail, commerce, marketing",2020,2148,True
Indonesia,"Sales, retail, commerce, marketing",2016,1,True
United Kingdom,"Sales, retail, commerce, marketing",2018,1260,True
Sri Lanka,"Sales, retail, commerce, marketing",2019,1,True
Colombia,"Sales, retail, commerce, marketing",2023,2,True
Singapore,"Sales, retail, commerce, marketing",2024,193,True
Ireland,"Sales, retail, commerce, marketing",2017,3,True
Switzerland,Semiconductor,2016,15,True
Switzerland,Semiconductor,2022,4,True
Canada,Semiconductor,2016,1,True
United Kingdom,Semiconductor,2023,14,True
United Kingdom,Semiconductor,2024,175,True
India,Semiconductor,2024,27,True
South Korea,Semiconductor,2025,31,True
Switzerland,Software,2022,392,True
Uruguay,Software,2021,0,True
missing,Software,2016,0,True
Qatar,Software,2019,0,True
Japan,Software,2019,246,True
Japan,Software,2026,1750,False
Trinidad and Tobago,Software,2026,13,False
Spain,Software,2018,37,True
South Korea,Software,2021,2451,True
Israel,Software,2018,253,True
Uzbekistan,Software,2025,0,True
France,Software,2022,469,True
Argentina,Software,2023,0,True
Colombia,Software,2019,2,True
Colombia,Software,2022,15,True
United States,Software,2018,22075,True
Sri Lanka,Software,2023,4,True
Luxembourg,Software,2018,7,True
Czechia,Software,2019,15,True
Turkey,Sports,2018,0,True
France,Sports,2018,1,True
South Korea,Sports,2025,2,True
China,Sports,2022,1,True
Switzerland,Telecommunications,2019,1,True
Germany,Telecommunications,2022,10,True
Germany,Telecommunications,2025,2,True
Nigeria,Telecommunications,2023,0,True
Israel,Transportation,2019,42,True
Spain,Transportation,2016,0,True
Singapore,Transportation,2024,72,True
Turkey,Transportation,2025,1,True
Canada,Transportation,2019,20,True
Canada,Transportation,2025,32,True
Colombia,Transportation,2020,0,True
Colombia,Transportation,2026,7,False
Qatar,Transportation,2025,0,True
Ghana,Transportation,2022,0,True
Switzerland,Agriculture,2022,3,True
Italy,Agriculture,2022,0,True
Italy,Agriculture,2025,1,True
Netherlands,Agriculture,2024,1,True
China,Agriculture,2020,14,True
Singapore,Agriculture,2026,1,False
Portugal,Agriculture,2020,0,True
Denmark,Agriculture,2025,1,True
Kenya,Agriculture,2026,2,False
United States,Agriculture,2022,303,True
Israel,Agriculture,2022,11,True
Taiwan,Agriculture,2023,2,True
Cyprus,All,2025,37,True
Italy,All,2017,10,True
Latvia,All,2026,0,False
Iceland,All,2016,4,True
Uruguay,All,2022,6,True
Seychelles,All,2021,1,True
United Kingdom,All,2017,1007,True
Switzerland,All,2017,108,True
Estonia,All,2026,101,False
South Africa,All,2018,59,True
Croatia,All,2019,2,True
Russia,All,2021,6,True
Kenya,All,2019,3,True
Egypt,All,2026,8,False
Turkey,All,2016,105,True
Mauritius,All,2022,41,True
Mauritius,All,2025,0,True
Malta,All,2018,0,True
Canada,All,2020,1179,True
Serbia,All,2018,1,True
Luxembourg,All,2026,29,False
Ireland,All,2018,82,True
United States,Biotechnology,2026,3691,False
Lithuania,Biotechnology,2021,0,True
Denmark,Biotechnology,2023,7,True
China,Biotechnology,2017,31,True
Netherlands,Biotechnology,2024,25,True
missing,Biotechnology,2025,7,True
Portugal,Community and Lifestyle,2018,1,True
Ireland,Community and Lifestyle,2026,1,False
Finland,Community and Lifestyle,2023,0,True
Saudi Arabia,Community and Lifestyle,2017,1,True
China,Community and Lifestyle,2018,84,True
China,Community and Lifestyle,2025,43,True
Jordan,Community and Lifestyle,2020,0,True
South Korea,Community and Lifestyle,2018,11,True
United States,Community and Lifestyle,2017,127,True
United States,Community and Lifestyle,2025,698,True
Germany,Community and Lifestyle,2017,5,True
Poland,Community and Lifestyle,2025,1,True
India,Computer Vision,2020,6,True
France,Computer Vision,2017,13,True
France,Computer Vision,2020,16,True
Austria,Computer Vision,2020,6,True
Sweden,Computer Vision,2019,0,True
Greece,Computer Vision,2018,1,True
Estonia,Computer Vision,2020,0,True
Denmark,Computer Vision,2022,0,True
Poland,Computer Vision,2023,1,True
United Kingdom,Consumer goods,2018,34,True
Spain,Consumer goods,2022,1,True
Canada,Consumer goods,2019,58,True
Brazil,Consumer goods,2023,0,True
Sri Lanka,Consumer goods,2024,1,True
Bulgaria,Cyber Security,2023,0,True
United States,Cyber Security,2020,584,True
France,Cyber Security,2018,7,True
Poland,Cyber Security,2021,1,True
India,Cyber Security,2026,422,False
Germany,Cyber Security,2023,10,True
Poland,Data and analytics,2024,16,True
Philippines,Data and analytics,2025,96,True
Saudi Arabia,Data and analytics,2025,906,True
Argentina,Data and analytics,2018,0,True
Iceland,Data and analytics,2026,1,False
Taiwan,Data and analytics,2024,85,True
Australia,Data and analytics,2018,42,True
Rwanda,Data and analytics,2023,0,True
Jordan,Data and analytics,2025,0,True
Norway,Data and analytics,2020,350,True
France,Data and analytics,2022,403,True
Thailand,Data and analytics,2021,5,True
Slovenia,Data and analytics,2019,0,True
Luxembourg,Data and analytics,2025,1,True
Switzerland,Data and analytics,2026,951,False
Malaysia,Data and analytics,2021,145,True
Costa Rica,Data and analytics,2025,1,True
United Kingdom,Data and analytics,2016,634,True
Brazil,Education,2024,5,True
Germany,Education,2022,35,True
Poland,Education,2020,3,True
Australia,Education,2023,1,True
Australia,Education,2024,0,True
missing,Education,2025,0,True
Bulgaria,Education,2021,0,True
Hungary,Education,2016,0,True
Belgium,Education,2026,0,False
Chile,Education,2021,0,True
Singapore,Education,2024,21,True
Romania,Energy and natural resources,2022,1,True
Romania,Energy and natural resources,2024,1,True
France,Energy and natural resources,2021,6,True
Denmark,Energy and natural resources,2024,5,True
United States,Energy and natural resources,2022,584,True
Sweden,Energy and natural resources,2019,1,True
Sweden,Energy and natural resources,2026,274,False
Sri Lanka,Energy and natural resources,2024,0,True
Austria,Energy and natural resources,2019,1,True
China,Energy and natural resources,2021,71,True
Chile,Facial Recognition,2024,0,True
Finland,Facial Recognition,2017,1,True
Italy,Finance,2017,0,True
New Zealand,Finance,2023,1,True
Australia,Finance,2021,397,True
missing,Finance,2022,0,True
United Kingdom,Finance,2022,524,True
Estonia,Finance,2018,0,True
Estonia,Finance,2024,2,True
Estonia,Finance,2025,41,True
Poland,Finance,2026,1,False
Germany,Finance,2018,35,True
Germany,Finance,2026,27,False
Czechia,Gaming,2022,2,True
Panama,Gaming,2023,0,True
United Kingdom,Gaming,2019,1,True
United Kingdom,Gaming,2023,104,True
India,Gaming,2026,31,False
South Korea,Gaming,2021,1,True
United States,Gaming,2024,87,True
Thailand,Gaming,2021,1,True
South Africa,General purpose,2023,13,True
Portugal,General purpose,2019,20,True
Lithuania,General purpose,2016,0,True
Tajikistan,General purpose,2024,1,True
Uganda,General purpose,2020,0,True
South Korea,General purpose,2017,43,True
Taiwan,General purpose,2024,85,True
Hungary,General purpose,2016,2,True
Jordan,General purpose,2020,0,True
Côte d'Ivoire,General purpose,2024,0,True
Latvia,General purpose,2018,0,True
Luxembourg,General purpose,2016,0,True
Malaysia,General purpose,2016,0,True
Slovakia,General purpose,2020,7,True
Slovakia,General purpose,2025,10,True
Egypt,General purpose,2023,1,True
Ukraine,General purpose,2019,4,True
Kenya,Hardware,2024,1,True
Latvia,Hardware,2020,3,True
Argentina,Hardware,2021,0,True
Australia,Hardware,2024,31,True
Japan,Hardware,2018,80,True
Japan,Hardware,2023,371,True
United States,Hardware,2018,5006,True
Peru,Hardware,2021,0,True
Malaysia,Hardware,2021,3,True
Sri Lanka,Hardware,2018,2,True
Canada,Healthcare and Life Sciences,2016,424,True
Sri Lanka,Healthcare and Life Sciences,2023,0,True
United States,Healthcare and Life Sciences,2016,349,True
Denmark,Healthcare and Life Sciences,2024,10,True
Mongolia,Healthcare and Life Sciences,2022,0,True
Switzerland,Healthcare and Life Sciences,2021,19,True
Germany,Healthcare and Life Sciences,2025,160,True
Ukraine,Information Technology,2020,0,True
Denmark,Information Technology,2025,32,True
United Kingdom,Information Technology,2018,1311,True
United Kingdom,Information Technology,2020,1076,True
United Kingdom,Information Technology,2026,2783,False
Czechia,Information Technology,2023,26,True
South Korea,Information Technology,2023,241,True
Switzerland,Information Technology,2026,895,False
Saudi Arabia,Information Technology,2017,14,True
Argentina,Information Technology,2017,4,True
Canada,Information Technology,2020,131,True
Costa Rica,Information Technology,2025,1,True
Belgium,Information Technology,2018,9,True
Slovenia,Information Technology,2020,1,True
Ireland,Information Technology,2018,38,True
Ireland,Information Technology,2020,25,True
Serbia,Information Technology,2019,0,True
Australia,Lending and Investments,2017,3,True
Mauritius,Lending and Investments,2019,2,True
Germany,Lending and Investments,2024,20,True
Netherlands,Lending and Investments,2017,40,True
United Kingdom,Manufacturing,2017,8,True
France,Manufacturing,2020,6,True
Australia,Media and Entertainment,2017,0,True
Sri Lanka,Media and Entertainment,2019,1,True
Hungary,Media and Entertainment,2021,1,True
Slovenia,Media and Entertainment,2017,0,True
Italy,Media and Entertainment,2019,0,True
Israel,Media and Entertainment,2019,28,True
Canada,Media and Entertainment,2021,12,True
Denmark,Media and Entertainment,2024,43,True
Estonia,Media and Entertainment,2022,1,True
Spain,Media and Entertainment,2025,1,True
China,"Military, public safety and government",2020,1,True
Estonia,"Military, public safety and government",2026,12,False
Switzerland,"Military, public safety and government",2022,3,True
Poland,"Military, public safety and government",2023,1,True
Brazil,"Military, public safety and government",2021,0,True
Brazil,"Military, public safety and government",2023,0,True
Germany,"Military, public safety and government",2022,42,True
Saudi Arabia,"Mobile, platforms & Internet services",2016,1,True
Poland,"Mobile, platforms & Internet services",2023,3,True
India,"Mobile, platforms & Internet services",2023,2365,True
Australia,"Mobile, platforms & Internet services",2017,29,True
Chile,"Mobile, platforms & Internet services",2023,0,True
Chile,"Mobile, platforms & Internet services",2025,1,True
Sri Lanka,"Mobile, platforms & Internet services",2023,2,True
Russia,"Mobile, platforms & Internet services",2023,1,True
France,"Mobile, platforms & Internet services",2018,36,True
Lithuania,"Mobile, platforms & Internet services",2016,0,True
Singapore,"Mobile, platforms & Internet services",2019,1480,True
Slovakia,"Mobile, platforms & Internet services",2021,4,True
Brazil,"Mobile, platforms & Internet services",2019,164,True
Belgium,"Mobile, platforms & Internet services",2026,23,False
Ireland,"Mobile, platforms & Internet services",2018,10,True
Ireland,"Mobile, platforms & Internet services",2020,11,True
Philippines,"Mobile, platforms & Internet services",2016,1,True
Switzerland,NLP,2021,4,True
Hungary,NLP,2024,0,True
Brazil,NLP,2023,12,True
Vietnam,NLP,2024,1,True
China,NLP,2024,11,True
Israel,NLP,2024,309,True
Singapore,NLP,2017,0,True
China,Navigation and mapping,2018,2,True
Belgium,Navigation and mapping,2024,0,True
Australia,Navigation and mapping,2022,18,True
Germany,Navigation and mapping,2026,145,False
United States,Navigation and mapping,2017,53,True
Netherlands,Other,2019,0,True
Colombia,Other,2023,2,True
China,Other,2022,82,True
Czechia,Other,2022,1,True
China,Privacy and Security,2026,46,False
United States,Privacy and Security,2017,611,True
Estonia,Privacy and Security,2018,6,True
Spain,Privacy and Security,2022,0,True
France,Privacy and Security,2020,24,True
Serbia,Privacy and Security,2021,0,True
Nigeria,Professional services,2023,0,True
Azerbaijan,Professional services,2022,0,True
Singapore,Professional services,2024,30,True
Lebanon,Professional services,2016,0,True
Spain,Professional services,2026,23,False
Indonesia,Professional services,2025,0,True
Saudi Arabia,Professional services,2016,0,True
Brazil,Professional services,2020,128,True
Netherlands,Professional services,2018,3,True
Taiwan,Professional services,2025,0,True
Austria,Professional services,2019,1,True
Norway,Real estate,2019,4,True
Norway,Real estate,2021,35,True
missing,Real estate,2024,2,True
Austria,Real estate,2024,2,True
Croatia,Real estate,2024,0,True
India,Real estate,2022,56,True
China,Real estate,2020,37,True
Moldova,Real estate,2025,0,True
Israel,Real estate,2016,4,True
Spain,Real estate,2023,2,True
Canada,Robotics,2020,13,True
Poland,Robotics,2025,21,True
India,Robotics,2019,4,True
Israel,Robotics,2019,7,True
Egypt,"Sales, retail, commerce, marketing",2024,0,True
Spain,"Sales, retail, commerce, marketing",2018,16,True
Denmark,"Sales, retail, commerce, marketing",2024,47,True
South Korea,"Sales, retail, commerce, marketing",2017,16,True
Uruguay,"Sales, retail, commerce, marketing",2024,1,True
Pakistan,"Sales, retail, commerce, marketing",2018,0,True
Finland,"Sales, retail, commerce, marketing",2019,218,True
Finland,"Sales, retail, commerce, marketing",2025,337,True
China,"Sales, retail, commerce, marketing",2019,102,True
Lithuania,"Sales, retail, commerce, marketing",2019,0,True
Germany,"Sales, retail, commerce, marketing",2024,32,True
Australia,"Sales, retail, commerce, marketing",2026,22,False
Italy,"Sales, retail, commerce, marketing",2018,4,True
Germany,Semiconductor,2024,254,True
China,Semiconductor,2025,235,True
Singapore,Semiconductor,2019,1,True
France,Semiconductor,2020,4,True
Egypt,Software,2025,6,True
South Africa,Software,2024,7,True
India,Software,2016,59,True
Spain,Software,2020,57,True
Spain,Software,2026,533,False
Ghana,Software,2018,1,True
Estonia,Software,2019,5,True
Netherlands,Software,2021,237,True
Croatia,Software,2020,1,True
India,Speech Recognition,2016,7,True
India,Speech Recognition,2018,1,True
Canada,Speech Recognition,2020,1,True
South Korea,Speech Recognition,2025,0,True
Ireland,Speech Recognition,2017,1,True
United Kingdom,Speech Recognition,2020,3,True
United Kingdom,Speech Recognition,2026,3,False
Denmark,Sports,2022,16,True
Netherlands,Sports,2024,0,True
Ukraine,Sports,2019,0,True
Japan,Telecommunications,2018,5,True
Australia,Telecommunications,2018,23,True
Australia,Telecommunications,2026,0,False
United Arab Emirates,Telecommunications,2025,24,True
United Kingdom,Telecommunications,2024,36,True
United Kingdom,Telecommunications,2025,442,True
Canada,Telecommunications,2020,5,True
Israel,Transportation,2016,15,True
India,Transportation,2020,18,True
Colombia,Transportation,2024,3,True
Poland,Transportation,2023,2,True
Norway,Transportation,2025,1,True
Bangladesh,Transportation,2019,0,True
Greece,Transportation,2019,1,True
Argentina,Agriculture,2022,0,True
Chile,Agriculture,2023,0,True
India,Agriculture,2017,2,True
New Zealand,Agriculture,2020,0,True
China,Agriculture,2023,10,True
South Korea,Agriculture,2024,4,True
Cyprus,All,2019,3,True
Cyprus,All,2021,60,True
Latvia,All,2023,1,True
Iceland,All,2025,5,True
Slovakia,All,2024,29,True
Tunisia,All,2018,1,True
Tunisia,All,2021,0,True
Estonia,All,2023,148,True
South Korea,All,2016,72,True
Australia,All,2018,188,True
Australia,All,2024,2358,True
Israel,All,2020,1884,True
United States,All,2021,109209,True
Denmark,All,2018,195,True
Ghana,All,2024,30,True
Argentina,All,2026,4,False
Ukraine,All,2026,33,False
Indonesia,All,2019,11,True
Indonesia,All,2020,37,True
Portugal,All,2016,16,True
Brazil,Biotechnology,2024,0,True
South Korea,Biotechnology,2020,7,True
Spain,Biotechnology,2022,5,True
Mexico,Biotechnology,2019,0,True
Canada,Biotechnology,2017,7,True
Germany,Biotechnology,2019,2,True
United Kingdom,Biotechnology,2024,37,True
Poland,Biotechnology,2020,1,True
Poland,Biotechnology,2022,1,True
Bulgaria,Community and Lifestyle,2016,0,True
Ireland,Community and Lifestyle,2020,2,True
France,Community and Lifestyle,2020,9,True
France,Community and Lifestyle,2023,15,True
Uruguay,Community and Lifestyle,2017,0,True
Switzerland,Community and Lifestyle,2026,18,False
Tunisia,Community and Lifestyle,2023,0,True
Italy,Community and Lifestyle,2025,4,True
missing,Community and Lifestyle,2025,11,True
United Kingdom,Computer Vision,2024,25,True
Brazil,Computer Vision,2024,2,True
China,Computer Vision,2021,99,True
Belgium,Consumer goods,2022,1,True
Singapore,Consumer goods,2025,1,True
United States,Consumer goods,2016,344,True
Hungary,Consumer goods,2023,3,True
Hungary,Consumer goods,2024,1,True
China,Consumer goods,2016,49,True
China,Consumer goods,2018,264,True
Japan,Consumer goods,2026,2,False
Ireland,Cyber Security,2017,0,True
Kenya,Cyber Security,2025,0,True
Sweden,Cyber Security,2021,2,True
Germany,Cyber Security,2024,2,True
Indonesia,Data and analytics,2019,3,True
Côte d'Ivoire,Data and analytics,2024,0,True
Ireland,Data and analytics,2016,13,True
Saint Kitts and Nevis,Data and analytics,2021,0,True
Israel,Data and analytics,2025,949,True
Sweden,Data and analytics,2019,33,True
Zambia,Data and analytics,2022,0,True
Spain,Data and analytics,2016,39,True
Slovenia,Data and analytics,2017,0,True
Egypt,Data and analytics,2016,0,True
United Arab Emirates,Data and analytics,2022,32,True
Greece,Data and analytics,2018,2,True
China,Data and analytics,2021,2871,True
Latvia,Data and analytics,2021,0,True
South Korea,Data and analytics,2018,102,True
Brazil,Education,2023,39,True
Pakistan,Education,2022,1,True
Egypt,Education,2023,1,True
Hungary,Education,2019,0,True
Belgium,Education,2019,1,True
Spain,Education,2017,0,True
Singapore,Education,2021,8,True
South Korea,Education,2022,20,True
France,Energy and natural resources,2023,12,True
South Korea,Energy and natural resources,2025,5,True
New Zealand,Energy and natural resources,2024,0,True
Canada,Energy and natural resources,2026,97,False
Chile,Energy and natural resources,2020,1,True
Brazil,Energy and natural resources,2018,1,True
Israel,Facial Recognition,2020,7,True
Netherlands,Facial Recognition,2018,0,True
Brazil,Facial Recognition,2019,0,True
Thailand,Finance,2023,2,True
Iraq,Finance,2025,15,True
missing,Finance,2023,3,True
France,Finance,2026,213,False
United Arab Emirates,Finance,2021,4,True
Romania,Finance,2024,1,True
Canada,Finance,2018,2092,True
Finland,Finance,2021,0,True
Brazil,Finance,2020,8,True
Brazil,Finance,2026,202,False
South Africa,Finance,2020,18,True
Israel,Gaming,2023,0,True
Turkey,Gaming,2025,3,True
Estonia,Gaming,2024,0,True
United States,Gaming,2025,68,True
Israel,General purpose,2018,214,True
United States,General purpose,2025,110194,True
China,General purpose,2018,2720,True
Netherlands,General purpose,2020,45,True
Bulgaria,General purpose,2021,15,True
Cyprus,General purpose,2026,68,False
Sri Lanka,General purpose,2021,0,True
Malaysia,General purpose,2025,2,True
Slovakia,General purpose,2021,1,True
Norway,General purpose,2022,155,True
Ukraine,General purpose,2026,3,False
Kenya,Hardware,2023,0,True
Luxembourg,Hardware,2021,109,True
Lithuania,Hardware,2018,0,True
South Africa,Hardware,2022,6,True
Portugal,Hardware,2024,18,True
Taiwan,Hardware,2022,15,True
Spain,Hardware,2019,7,True
Netherlands,Hardware,2021,104,True
Greece,Hardware,2018,1,True
South Korea,Hardware,2020,37,True
New Zealand,Hardware,2018,0,True
Israel,Hardware,2020,135,True
Iceland,Hardware,2020,3,True
Bangladesh,Hardware,2024,0,True
Côte d'Ivoire,Healthcare and Life Sciences,2023,0,True
Canada,Healthcare and Life Sciences,2022,67,True
Israel,Healthcare and Life Sciences,2026,24,False
France,Healthcare and Life Sciences,2017,5,True
Poland,Healthcare and Life Sciences,2026,4,False
China,Healthcare and Life Sciences,2020,244,True
China,Healthcare and Life Sciences,2024,63,True
Argentina,Healthcare and Life Sciences,2026,0,False
Mexico,Healthcare and Life Sciences,2017,1,True
Norway,Healthcare and Life Sciences,2021,3,True
Finland,Healthcare and Life Sciences,2017,5,True
Estonia,Healthcare and Life Sciences,2021,0,True
Austria,Healthcare and Life Sciences,2019,31,True
missing,Healthcare and Life Sciences,2024,4,True
Bulgaria,Healthcare and Life Sciences,2024,1,True
Brazil,Information Technology,2019,197,True
Mexico,Information Technology,2026,168,False
Taiwan,Information Technology,2017,8,True
Australia,Information Technology,2016,13,True
Philippines,Information Technology,2022,0,True
Colombia,Information Technology,2019,0,True
Luxembourg,Information Technology,2026,1,False
New Zealand,Information Technology,2018,1,True
Finland,Information Technology,2020,19,True
Spain,Information Technology,2021,20,True
Singapore,Information Technology,2019,1523,True
Nigeria,Information Technology,2018,5,True
South Africa,Information Technology,2022,116,True
Belgium,Information Technology,2025,11,True
Israel,Information Technology,2023,128,True
Peru,Information Technology,2017,0,True
Austria,Lending and Investments,2024,3,True
Brazil,Lending and Investments,2021,6,True
Germany,Manufacturing,2022,179,True
Germany,Manufacturing,2025,1183,True
Canada,Manufacturing,2021,36,True
China,Manufacturing,2019,271,True
Spain,Manufacturing,2017,1,True
Malaysia,Manufacturing,2019,5,True
Bulgaria,Manufacturing,2020,1,True
Australia,Manufacturing,2018,3,True
Chile,Manufacturing,2023,0,True
United Arab Emirates,Manufacturing,2019,0,True
South Korea,Manufacturing,2025,37,True
Australia,Media and Entertainment,2018,10,True
Poland,Media and Entertainment,2020,0,True
Poland,Media and Entertainment,2026,5,False
Canada,Media and Entertainment,2024,211,True
South Africa,Media and Entertainment,2021,0,True
Singapore,Media and Entertainment,2021,51,True
India,Media and Entertainment,2025,135,True
France,"Military, public safety and government",2020,2,True
Belgium,"Military, public safety and government",2017,0,True
Saudi Arabia,"Mobile, platforms & Internet services",2020,10,True
India,"Mobile, platforms & Internet services",2025,266,True
Israel,"Mobile, platforms & Internet services",2021,239,True
South Africa,"Mobile, platforms & Internet services",2020,18,True
Spain,"Mobile, platforms & Internet services",2020,8,True
Netherlands,"Mobile, platforms & Internet services",2019,7,True
Indonesia,"Mobile, platforms & Internet services",2022,0,True
United Kingdom,"Mobile, platforms & Internet services",2025,1640,True
Philippines,"Mobile, platforms & Internet services",2018,0,True
Kenya,NLP,2019,0,True
Switzerland,NLP,2018,3,True
Austria,NLP,2016,0,True
South Korea,NLP,2026,108,False
Finland,Navigation and mapping,2025,1,True
Sweden,Navigation and mapping,2017,0,True
Turkey,Navigation and mapping,2019,0,True
Estonia,Other,2019,1,True
Australia,Other,2023,10,True
Netherlands,Other,2025,1,True
Czechia,Other,2018,0,True
Czechia,Other,2020,2,True
Ukraine,Other,2018,0,True
Japan,Other,2021,5,True
United States,Privacy and Security,2024,5716,True
Turkey,Privacy and Security,2024,56,True
Austria,Privacy and Security,2025,1,True
Israel,Privacy and Security,2025,240,True
Japan,Privacy and Security,2016,11,True
Brazil,Privacy and Security,2026,81,False
Cyprus,Privacy and Security,2017,1,True
Canada,Professional services,2025,869,True
Philippines,Professional services,2022,0,True
Colombia,Professional services,2017,0,True
Switzerland,Professional services,2022,10,True
Hungary,Professional services,2023,4,True
Ireland,Professional services,2018,0,True
Ireland,Professional services,2023,3,True
Ireland,Professional services,2026,21,False
Israel,Professional services,2021,69,True
Vietnam,Professional services,2019,0,True
Rwanda,Professional services,2026,0,False
Portugal,Professional services,2022,1,True
Taiwan,Professional services,2026,16,False
Austria,Professional services,2023,2,True
Serbia,Professional services,2019,0,True
South Korea,Professional services,2016,1,True
Cyprus,Professional services,2017,1,True
Cyprus,Professional services,2026,67,False
Norway,Real estate,2026,0,False
Turkey,Real estate,2026,1,False
Japan,Real estate,2018,1,True
New Zealand,Real estate,2025,0,True
Canada,Real estate,2025,45,True
United Kingdom,Real estate,2024,17,True
United Arab Emirates,Real estate,2026,1,False
United States,Real estate,2025,1258,True
Italy,Robotics,2023,0,True
Canada,Robotics,2017,0,True
Singapore,Robotics,2016,3,True
Denmark,Robotics,2025,1,True
China,Robotics,2018,356,True
Romania,Robotics,2019,1,True
Peru,Robotics,2022,0,True
United Kingdom,Robotics,2017,10,True
Hungary,Robotics,2018,4,True
Norway,Robotics,2019,3,True
France,Robotics,2019,12,True
United States,"Sales, retail, commerce, marketing",2018,2201,True
Taiwan,"Sales, retail, commerce, marketing",2019,12,True
Denmark,"Sales, retail, commerce, marketing",2021,27,True
Lebanon,"Sales, retail, commerce, marketing",2016,0,True
Switzerland,"Sales, retail, commerce, marketing",2026,1,False
Czechia,"Sales, retail, commerce, marketing",2019,1,True
Finland,"Sales, retail, commerce, marketing",2016,2,True
Finland,"Sales, retail, commerce, marketing",2017,15,True
Sweden,"Sales, retail, commerce, marketing",2020,16,True
Poland,"Sales, retail, commerce, marketing",2025,29,True
Bulgaria,"Sales, retail, commerce, marketing",2019,0,True
Saudi Arabia,"Sales, retail, commerce, marketing",2024,42,True
Slovakia,"Sales, retail, commerce, marketing",2023,1,True
Spain,Semiconductor,2025,0,True
Singapore,Semiconductor,2021,9,True
Greece,Semiconductor,2016,2,True
United Kingdom,Simulation,2020,0,True
Finland,Software,2023,29,True
Hungary,Software,2019,7,True
Hungary,Software,2021,7,True
Germany,Software,2025,3325,True
Qatar,Software,2021,4,True
Chile,Software,2018,7,True
Ireland,Software,2017,24,True
South Korea,Software,2016,35,True
Armenia,Software,2026,0,False
Iraq,Software,2025,15,True
Sri Lanka,Software,2024,7,True
Vietnam,Software,2022,4,True
Luxembourg,Software,2022,5,True
Estonia,Software,2025,63,True
Croatia,Software,2021,4,True
Croatia,Software,2023,196,True
Spain,Speech Recognition,2026,0,False
China,Speech Recognition,2021,5,True
Germany,Sports,2019,0,True
United Kingdom,Sports,2020,4,True
France,Sports,2021,4,True
Poland,Sports,2020,1,True
Canada,Sports,2017,1,True
Japan,Telecommunications,2016,2,True
Japan,Telecommunications,2025,2,True
Canada,Telecommunications,2023,20,True
Israel,Telecommunications,2020,39,True
Portugal,Telecommunications,2023,0,True
Sri Lanka,Telecommunications,2023,0,True
United States,Telecommunications,2019,231,True
United Kingdom,Transportation,2025,144,True
Turkey,Transportation,2017,1,True
Turkey,Transportation,2020,0,True
United States,Transportation,2025,18167,True
Nigeria,Transportation,2024,23,True
Colombia,Transportation,2019,0,True
Malaysia,Transportation,2018,0,True
Sweden,Agriculture,2021,3,True
Cyprus,All,2026,68,False
Iceland,All,2020,26,True
Bahrain,All,2020,0,True
Slovakia,All,2022,4,True
China,All,2026,35071,False
United Kingdom,All,2020,3315,True
Mexico,All,2016,10,True
South Africa,All,2022,141,True
South Africa,All,2023,51,True
United Arab Emirates,All,2016,9,True
Romania,All,2017,0,True
Poland,All,2022,118,True
Poland,All,2024,46,True
Canada,All,2021,3204,True
Ghana,All,2025,0,True
Argentina,All,2022,10,True
Côte d'Ivoire,All,2022,0,True
Ukraine,All,2019,7,True
Ireland,All,2017,52,True
Portugal,All,2018,34,True
United States,Biotechnology,2017,346,True
United States,Biotechnology,2025,15141,True
Belgium,Biotechnology,2024,3,True
Vietnam,Biotechnology,2023,1,True
Hungary,Biotechnology,2017,0,True
Hungary,Biotechnology,2023,6,True
Mexico,Biotechnology,2021,0,True
Canada,Biotechnology,2022,45,True
United Kingdom,Biotechnology,2017,12,True
Estonia,Community and Lifestyle,2020,0,True
Ireland,Community and Lifestyle,2024,26,True
India,Community and Lifestyle,2025,4,True
South Africa,Community and Lifestyle,2024,0,True
Taiwan,Community and Lifestyle,2021,1,True
Germany,Community and Lifestyle,2018,34,True
Israel,Community and Lifestyle,2016,6,True
United Kingdom,Computer Vision,2020,45,True
Turkey,Computer Vision,2024,1,True
Lithuania,Computer Vision,2023,2,True
France,Consumer goods,2017,4,True
Italy,Consumer goods,2024,1,True
India,Consumer goods,2025,28,True
Germany,Consumer goods,2016,0,True
Switzerland,Consumer goods,2018,1,True
Switzerland,Consumer goods,2019,1,True
Singapore,Cyber Security,2021,21,True
Ireland,Cyber Security,2020,7,True
Israel,Cyber Security,2026,600,False
Turkey,Cyber Security,2024,15,True
France,Cyber Security,2021,2,True
Lithuania,Data and analytics,2019,1,True
Lithuania,Data and analytics,2026,133,False
Estonia,Data and analytics,2026,30,False
Iceland,Data and analytics,2016,3,True
New Zealand,Data and analytics,2019,3,True
New Zealand,Data and analytics,2025,50,True
New Zealand,Data and analytics,2026,31,False
France,Data and analytics,2021,552,True
Cyprus,Data and analytics,2021,22,True
Finland,Data and analytics,2019,258,True
Finland,Data and analytics,2020,146,True
Finland,Data and analytics,2023,29,True
Slovakia,Data and analytics,2026,1,False
Japan,Data and analytics,2019,236,True
India,Education,2018,23,True
Pakistan,Education,2019,0,True
Germany,Education,2016,0,True
Mexico,Education,2022,1,True
United States,Education,2017,48,True
missing,Education,2016,0,True
China,Education,2017,166,True
United Kingdom,Education,2018,1129,True
Iceland,Energy and natural resources,2023,0,True
Germany,Energy and natural resources,2017,5,True
Poland,Energy and natural resources,2022,3,True
Canada,Energy and natural resources,2020,20,True
Australia,Energy and natural resources,2026,0,False
Singapore,Energy and natural resources,2023,4,True
China,Energy and natural resources,2026,395,False
Belgium,Facial Recognition,2018,2,True
Singapore,Finance,2018,24,True
Sweden,Finance,2026,13,False
Italy,Finance,2022,3,True
Czechia,Finance,2021,10,True
China,Finance,2020,116,True
China,Finance,2025,44,True
Nigeria,Finance,2026,25,False
New Zealand,Finance,2025,0,True
Zambia,Finance,2025,0,True
Denmark,Finance,2023,14,True
Belgium,Finance,2024,81,True
Luxembourg,Finance,2026,0,False
China,Gaming,2023,0,True
Malta,Gaming,2018,0,True
Cyprus,Gaming,2019,1,True
missing,Gaming,2023,0,True
Serbia,General purpose,2020,0,True
South Africa,General purpose,2020,18,True
Argentina,General purpose,2026,1,False
Switzerland,General purpose,2017,79,True
Panama,General purpose,2024,0,True
Japan,General purpose,2025,276,True
Denmark,General purpose,2024,66,True
Lithuania,General purpose,2024,7,True
South Korea,General purpose,2016,12,True
Hungary,General purpose,2023,16,True
Saudi Arabia,General purpose,2022,196,True
Russia,General purpose,2018,6,True
Jordan,General purpose,2024,0,True
Dominican Republic,General purpose,2021,0,True
Turkey,General purpose,2020,3,True
Oman,General purpose,2025,0,True
Canada,General purpose,2025,1466,True
Ireland,Hardware,2018,8,True
Norway,Hardware,2024,109,True
Taiwan,Hardware,2025,26,True
Spain,Hardware,2016,3,True
Singapore,Hardware,2025,724,True
Slovenia,Hardware,2025,2,True
Poland,Hardware,2021,4,True
New Zealand,Hardware,2024,0,True
Pakistan,Hardware,2019,0,True
Romania,Hardware,2021,0,True
India,Hardware,2019,54,True
Netherlands,Healthcare and Life Sciences,2026,24,False
Singapore,Healthcare and Life Sciences,2017,6,True
Poland,Healthcare and Life Sciences,2020,6,True
Poland,Healthcare and Life Sciences,2021,9,True
Luxembourg,Healthcare and Life Sciences,2024,0,True
Taiwan,Healthcare and Life Sciences,2024,17,True
Belgium,Healthcare and Life Sciences,2017,0,True
Iceland,Healthcare and Life Sciences,2024,2,True
Tunisia,Healthcare and Life Sciences,2021,0,True
New Zealand,Healthcare and Life Sciences,2022,1,True
Australia,Healthcare and Life Sciences,2025,71,True
Malaysia,Healthcare and Life Sciences,2025,2,True
Spain,Healthcare and Life Sciences,2017,18,True
Brazil,Information Technology,2022,495,True
Latvia,Information Technology,2018,8,True
Tanzania,Information Technology,2017,0,True
Lithuania,Information Technology,2026,131,False
Austria,Information Technology,2023,12,True
China,Information Technology,2021,933,True
Sweden,Information Technology,2019,13,True
Russia,Information Technology,2016,0,True
Italy,Information Technology,2022,6,True
Singapore,Information Technology,2023,898,True
South Africa,Information Technology,2024,6,True
Chile,Information Technology,2021,3,True
Belgium,Information Technology,2024,33,True
Greece,Information Technology,2016,2,True
Romania,Information Technology,2023,5,True
Germany,Information Technology,2019,94,True
Netherlands,Information Technology,2019,154,True
Malaysia,Lending and Investments,2020,1,True
Kenya,Lending and Investments,2022,0,True
Uruguay,Lending and Investments,2025,0,True
Israel,Lending and Investments,2020,6,True
Germany,Manufacturing,2018,8,True
Czechia,Manufacturing,2024,3,True
Israel,Manufacturing,2024,41,True
Turkey,Manufacturing,2022,1,True
Sweden,Manufacturing,2026,1,False
Cyprus,Manufacturing,2021,2,True
Belgium,Manufacturing,2024,15,True
Switzerland,Media and Entertainment,2024,4,True
Germany,Media and Entertainment,2024,23,True
Czechia,Media and Entertainment,2022,39,True
Nigeria,Media and Entertainment,2017,0,True
South Africa,Media and Entertainment,2018,0,True
India,Media and Entertainment,2021,15,True
Ireland,Media and Entertainment,2016,2,True
Australia,"Military, public safety and government",2020,0,True
Canada,"Military, public safety and government",2022,16,True
United States,"Military, public safety and government",2020,562,True
Israel,"Military, public safety and government",2016,1,True
Israel,"Military, public safety and government",2022,3,True
Norway,"Military, public safety and government",2020,0,True
Norway,"Military, public safety and government",2024,0,True
missing,"Military, public safety and government",2025,1,True
Saudi Arabia,"Mobile, platforms & Internet services",2017,1,True
Saudi Arabia,"Mobile, platforms & Internet services",2019,5,True
Saudi Arabia,"Mobile, platforms & Internet services",2024,60,True
India,"Mobile, platforms & Internet services",2018,332,True
Sweden,"Mobile, platforms & Internet services",2019,8,True
Sweden,"Mobile, platforms & Internet services",2022,24,True
Hungary,"Mobile, platforms & Internet services",2021,2,True
China,"Mobile, platforms & Internet services",2023,332,True
Vietnam,"Mobile, platforms & Internet services",2020,1,True
Russia,"Mobile, platforms & Internet services",2021,0,True
Bangladesh,"Mobile, platforms & Internet services",2023,0,True
Cyprus,"Mobile, platforms & Internet services",2020,4,True
Portugal,"Mobile, platforms & Internet services",2019,3,True
Italy,"Mobile, platforms & Internet services",2023,3,True
Canada,"Mobile, platforms & Internet services",2017,25,True
Ireland,"Mobile, platforms & Internet services",2025,56,True
Egypt,"Mobile, platforms & Internet services",2019,0,True
Romania,"Mobile, platforms & Internet services",2025,4,True
India,NLP,2026,2,False
Taiwan,NLP,2017,2,True
Saudi Arabia,NLP,2025,12,True
China,NLP,2019,28,True
China,Navigation and mapping,2025,9,True
Italy,Navigation and mapping,2025,2,True
Turkey,Navigation and mapping,2026,0,False
Israel,Navigation and mapping,2019,4,True
India,Navigation and mapping,2019,0,True
Estonia,Other,2024,0,True
Panama,Other,2025,0,True
Netherlands,Other,2020,0,True
Sweden,Other,2022,4,True
United Kingdom,Other,2022,234,True
Japan,Other,2026,10,False
United Arab Emirates,Privacy and Security,2021,1,True
Bulgaria,Privacy and Security,2023,0,True
Thailand,Privacy and Security,2019,0,True
Belgium,Privacy and Security,2025,4,True
Lebanon,Professional services,2022,0,True
Czechia,Professional services,2025,0,True
India,Professional services,2021,81,True
India,Professional services,2026,511,False
Spain,Professional services,2020,4,True
United States,Professional services,2018,2023,True
South Africa,Professional services,2022,102,True
South Africa,Professional services,2026,7,False
Armenia,Professional services,2024,0,True
Netherlands,Real estate,2019,19,True
South Korea,Real estate,2019,2,True
Brazil,Real estate,2019,0,True
India,Real estate,2020,6,True
Italy,Real estate,2023,5,True
Cyprus,Real estate,2024,1,True
Poland,Real estate,2019,1,True
Vietnam,Robotics,2025,3,True
Sweden,Robotics,2025,2,True
United Kingdom,Robotics,2022,28,True
Austria,"Sales, retail, commerce, marketing",2019,1,True
Indonesia,"Sales, retail, commerce, marketing",2020,1,True
Turkey,"Sales, retail, commerce, marketing",2017,18,True
Brazil,"Sales, retail, commerce, marketing",2025,37,True
Malaysia,"Sales, retail, commerce, marketing",2020,4,True
Russia,"Sales, retail, commerce, marketing",2023,0,True
Colombia,"Sales, retail, commerce, marketing",2022,3,True
Australia,"Sales, retail, commerce, marketing",2020,27,True
Canada,"Sales, retail, commerce, marketing",2018,135,True
Italy,"Sales, retail, commerce, marketing",2019,1,True
Canada,Semiconductor,2019,23,True
Israel,Semiconductor,2024,17,True
United Kingdom,Simulation,2023,11,True
United Kingdom,Simulation,2024,9,True
Malaysia,Software,2018,11,True
Kenya,Software,2023,4,True
Chile,Software,2017,1,True
Mongolia,Software,2025,4,True
Greece,Software,2022,11,True
Philippines,Software,2020,0,True
Romania,Software,2024,5,True
Austria,Software,2026,36,False
Mauritius,Software,2022,2,True
Poland,Software,2017,38,True
Poland,Software,2025,68,True
Jordan,Software,2024,0,True
Ukraine,Software,2021,0,True
Ukraine,Software,2026,10,False
Bulgaria,Software,2019,2,True
Australia,Software,2023,212,True
Saudi Arabia,Software,2018,5,True
Estonia,Software,2026,32,False
Czechia,Software,2023,39,True
Peru,Software,2018,0,True
Italy,Software,2018,15,True
Denmark,Speech Recognition,2023,12,True
Spain,Speech Recognition,2017,1,True
China,Speech Recognition,2019,15,True
United States,Sports,2025,79,True
Netherlands,Sports,2023,2,True
India,Sports,2020,0,True
France,Telecommunications,2016,4,True
Israel,Telecommunications,2018,8,True
Switzerland,Telecommunications,2022,0,True
Israel,Transportation,2025,57,True
United States,Transportation,2016,2252,True
United States,Transportation,2020,5594,True
South Korea,Transportation,2017,0,True
United Arab Emirates,Transportation,2019,1,True
United Arab Emirates,Transportation,2022,6,True
Czechia,Transportation,2026,1,False
Ireland,Transportation,2024,3,True
South Africa,Transportation,2024,0,True
Switzerland,Transportation,2022,55,True
Egypt,Transportation,2026,1,False
Germany,Agriculture,2020,21,True
Serbia,Agriculture,2018,0,True
Netherlands,Agriculture,2023,14,True
China,Agriculture,2019,20,True
Estonia,Agriculture,2018,0,True
Colombia,All,2020,4,True
Saudi Arabia,All,2023,2172,True
Japan,All,2023,1239,True
Philippines,All,2020,1,True
Philippines,All,2026,6,False
Tanzania,All,2017,0,True
Tanzania,All,2023,0,True
Jordan,All,2020,0,True
United Kingdom,All,2018,2749,True
Greece,All,2025,6,True
Tunisia,All,2023,2,True
Switzerland,All,2016,124,True
Romania,All,2026,10,False
Sweden,All,2017,40,True
Netherlands,All,2023,656,True
Czechia,All,2026,29,False
New Zealand,All,2024,73,True
Turkey,All,2024,92,True
Australia,All,2023,552,True
Israel,All,2016,302,True
Singapore,All,2026,11300,False
Peru,All,2023,1,True
Denmark,All,2026,136,False
Georgia,All,2022,0,True
Indonesia,All,2026,0,False
Thailand,Biotechnology,2023,2,True
Sri Lanka,Biotechnology,2024,0,True
Switzerland,Biotechnology,2020,2,True
Italy,Biotechnology,2016,0,True
United Kingdom,Biotechnology,2019,23,True
Mexico,Community and Lifestyle,2025,1,True
Singapore,Community and Lifestyle,2018,10,True
Singapore,Community and Lifestyle,2023,5,True
Egypt,Community and Lifestyle,2019,0,True
India,Community and Lifestyle,2019,4,True
Spain,Community and Lifestyle,2021,4,True
United Kingdom,Computer Vision,2025,16,True
United Kingdom,Computer Vision,2026,39,False
Austria,Computer Vision,2016,2,True
Sweden,Computer Vision,2018,5,True
Lithuania,Computer Vision,2019,1,True
Spain,Consumer goods,2020,5,True
Ukraine,Consumer goods,2016,0,True
Ukraine,Consumer goods,2021,0,True
Netherlands,Consumer goods,2018,7,True
Austria,Consumer goods,2024,6,True
Brazil,Cyber Security,2020,5,True
Nigeria,Cyber Security,2026,3,False
Australia,Cyber Security,2016,0,True
Czechia,Cyber Security,2023,11,True
Italy,Cyber Security,2017,0,True
Italy,Cyber Security,2018,3,True
Japan,Cyber Security,2023,0,True
Vietnam,Data and analytics,2026,2,False
Mauritius,Data and analytics,2021,20,True
Dominican Republic,Data and analytics,2021,0,True
Bulgaria,Data and analytics,2023,10,True
New Zealand,Data and analytics,2017,1,True
Spain,Data and analytics,2020,52,True
Chile,Data and analytics,2026,8,False
India,Data and analytics,2022,1257,True
Azerbaijan,Data and analytics,2023,0,True
United Arab Emirates,Data and analytics,2025,404,True
Netherlands,Data and analytics,2023,357,True
Finland,Data and analytics,2022,646,True
Germany,Data and analytics,2025,2220,True
Kenya,Data and analytics,2023,4,True
Malaysia,Data and analytics,2022,7,True
United Kingdom,Data and analytics,2017,269,True
Nigeria,Data and analytics,2018,5,True
Singapore,Data and analytics,2024,2304,True
Bangladesh,Education,2022,2,True
France,Education,2019,0,True
Kenya,Education,2023,0,True
Sweden,Education,2026,0,False
Chile,Education,2019,0,True
Singapore,Education,2019,2,True
Germany,Energy and natural resources,2022,42,True
Spain,Energy and natural resources,2020,1,True
Spain,Energy and natural resources,2024,3,True
United States,Energy and natural resources,2017,150,True
Ghana,Energy and natural resources,2022,0,True
Netherlands,Energy and natural resources,2022,4,True
Saudi Arabia,Energy and natural resources,2021,0,True
Singapore,Finance,2017,14,True
Vietnam,Finance,2018,0,True
Spain,Finance,2026,211,False
France,Finance,2023,77,True
Saudi Arabia,Finance,2021,176,True
South Africa,Finance,2016,0,True
Luxembourg,Finance,2018,1,True
India,Finance,2020,12,True
Canada,Gaming,2017,1,True
Spain,Gaming,2020,4,True
Turkey,Gaming,2023,1,True
Chile,Gaming,2019,0,True
Sweden,Gaming,2018,2,True
Netherlands,Gaming,2024,0,True
Finland,General purpose,2018,5,True
Finland,General purpose,2025,106,True
Iceland,General purpose,2020,9,True
Estonia,General purpose,2020,9,True
Israel,General purpose,2025,958,True
New Zealand,General purpose,2026,32,False
United States,General purpose,2023,33128,True
Mexico,General purpose,2026,26,False
Switzerland,General purpose,2026,195,False
France,General purpose,2017,146,True
France,General purpose,2023,594,True
missing,General purpose,2022,3,True
Kenya,General purpose,2017,0,True
Brazil,General purpose,2023,109,True
Azerbaijan,General purpose,2022,0,True
Greece,General purpose,2020,4,True
Norway,General purpose,2025,471,True
Ukraine,General purpose,2023,2,True
Nigeria,Hardware,2020,0,True
Argentina,Hardware,2020,0,True
Singapore,Hardware,2019,107,True
Netherlands,Hardware,2023,49,True
Japan,Hardware,2017,133,True
Iceland,Hardware,2018,2,True
Switzerland,Hardware,2026,80,False
Lithuania,Healthcare and Life Sciences,2022,0,True
Kenya,Healthcare and Life Sciences,2020,2,True
Norway,Healthcare and Life Sciences,2018,0,True
Denmark,Healthcare and Life Sciences,2023,15,True
Iceland,Healthcare and Life Sciences,2021,2,True
Sweden,Healthcare and Life Sciences,2024,8,True
Spain,Healthcare and Life Sciences,2019,1,True
Spain,Healthcare and Life Sciences,2023,42,True
Denmark,Information Technology,2017,2,True
Denmark,Information Technology,2026,7,False
Japan,Information Technology,2026,1531,False
Taiwan,Information Technology,2026,19,False
Uruguay,Information Technology,2022,0,True
Sweden,Information Technology,2017,1,True
Kenya,Information Technology,2023,3,True
United Arab Emirates,Information Technology,2023,54,True
Portugal,Lending and Investments,2022,1,True
South Africa,Lending and Investments,2017,22,True
China,Lending and Investments,2022,13,True
Germany,Lending and Investments,2016,23,True
South Korea,Lending and Investments,2024,0,True
Japan,Lending and Investments,2017,1,True
Ukraine,Lending and Investments,2022,0,True
Slovakia,Manufacturing,2017,6,True
Canada,Manufacturing,2017,5,True
Austria,Manufacturing,2023,0,True
China,Manufacturing,2021,722,True
Chile,Manufacturing,2021,0,True
Poland,Manufacturing,2024,1,True
Brazil,Manufacturing,2026,1,False
Italy,Manufacturing,2020,2,True
United Arab Emirates,Media and Entertainment,2021,4,True
Finland,Media and Entertainment,2025,2,True
Italy,Media and Entertainment,2018,1,True
Indonesia,Media and Entertainment,2026,0,False
New Zealand,Media and Entertainment,2025,1,True
Brazil,Media and Entertainment,2018,0,True
Ireland,"Military, public safety and government",2019,3,True
Germany,"Military, public safety and government",2020,6,True
Israel,"Mobile, platforms & Internet services",2025,721,True
South Korea,"Mobile, platforms & Internet services",2017,12,True
Cyprus,"Mobile, platforms & Internet services",2021,2,True
New Zealand,"Mobile, platforms & Internet services",2018,0,True
missing,"Mobile, platforms & Internet services",2025,43,True
Denmark,"Mobile, platforms & Internet services",2019,0,True
Netherlands,"Mobile, platforms & Internet services",2017,6,True
Malaysia,"Mobile, platforms & Internet services",2020,2,True
Belgium,"Mobile, platforms & Internet services",2017,89,True
Canada,"Mobile, platforms & Internet services",2016,421,True
Canada,"Mobile, platforms & Internet services",2018,2219,True
Iceland,"Mobile, platforms & Internet services",2024,0,True
Ireland,"Mobile, platforms & Internet services",2021,5,True
Mexico,"Mobile, platforms & Internet services",2023,0,True
missing,NLP,2025,26,True
Mexico,NLP,2025,0,True
Sweden,NLP,2023,0,True
Indonesia,NLP,2019,0,True
South Korea,NLP,2021,6,True
Malaysia,NLP,2022,0,True
Canada,Navigation and mapping,2023,5,True
New Zealand,Navigation and mapping,2020,0,True
Israel,Navigation and mapping,2025,15,True
India,Navigation and mapping,2026,0,False
Bulgaria,Other,2017,1,True
Portugal,Other,2016,3,True
Portugal,Other,2018,3,True
Spain,Other,2020,5,True
Luxembourg,Other,2021,0,True
United States,Other,2024,4104,True
Iceland,Other,2025,2,True
Egypt,Other,2021,6,True
China,Privacy and Security,2024,73,True
Sweden,Privacy and Security,2021,2,True
Ireland,Privacy and Security,2019,10,True
Italy,Privacy and Security,2025,44,True
Norway,Professional services,2025,3,True
Argentina,Professional services,2019,0,True
Kuwait,Professional services,2023,4,True
Romania,Professional services,2020,0,True
Singapore,Professional services,2017,4,True
Iceland,Professional services,2021,0,True
Czechia,Professional services,2021,2,True
Denmark,Professional services,2019,7,True
Denmark,Professional services,2025,11,True
Indonesia,Professional services,2021,0,True
Malaysia,Professional services,2025,0,True
Belgium,Professional services,2019,30,True
New Zealand,Real estate,2020,0,True
Argentina,Real estate,2026,0,False
Canada,Real estate,2016,2,True
Portugal,Real estate,2021,2,True
Australia,Real estate,2023,2,True
Hungary,Real estate,2019,2,True
Saudi Arabia,Real estate,2025,0,True
Brazil,Real estate,2017,0,True
Israel,Real estate,2020,8,True
Poland,Real estate,2018,1,True
Canada,Robotics,2022,66,True
Poland,Robotics,2019,1,True
India,Robotics,2025,23,True
Brazil,Robotics,2023,0,True
Sweden,Robotics,2026,5,False
Thailand,Robotics,2026,4,False
Egypt,"Sales, retail, commerce, marketing",2022,1,True
India,"Sales, retail, commerce, marketing",2016,4,True
India,"Sales, retail, commerce, marketing",2021,138,True
Denmark,"Sales, retail, commerce, marketing",2018,6,True
Uruguay,"Sales, retail, commerce, marketing",2021,0,True
Cyprus,"Sales, retail, commerce, marketing",2021,17,True
Sweden,"Sales, retail, commerce, marketing",2017,7,True
Poland,"Sales, retail, commerce, marketing",2021,3,True
Sri Lanka,"Sales, retail, commerce, marketing",2025,0,True
France,"Sales, retail, commerce, marketing",2018,46,True
Bulgaria,"Sales, retail, commerce, marketing",2021,1,True
Singapore,"Sales, retail, commerce, marketing",2018,75,True
China,Semiconductor,2021,222,True
Taiwan,Semiconductor,2023,12,True
Sweden,Software,2021,373,True
New Zealand,Software,2017,1,True
Kenya,Software,2025,1,True
China,Software,2016,3736,True
China,Software,2023,1976,True
Iceland,Software,2023,6,True
Portugal,Software,2025,150,True
Nigeria,Software,2018,5,True
Pakistan,Software,2026,4,False
Belgium,Software,2020,130,True
Ecuador,Software,2026,3,False
Kazakhstan,Software,2021,1,True
Ukraine,Software,2022,0,True
Indonesia,Software,2020,6,True
Australia,Software,2020,130,True
Singapore,Software,2026,7333,False
Serbia,Software,2017,0,True
France,Speech Recognition,2022,0,True
Turkey,Sports,2020,0,True
South Korea,Sports,2023,2,True
Spain,Telecommunications,2020,0,True
India,Telecommunications,2018,321,True
Singapore,Telecommunications,2019,1,True
Saudi Arabia,Telecommunications,2025,5,True
Chile,Transportation,2021,4,True
France,Transportation,2018,29,True
Australia,Transportation,2016,4,True
Australia,Transportation,2025,16,True
Singapore,Transportation,2025,64,True
Italy,Transportation,2021,1,True
Norway,Transportation,2024,3,True
Egypt,Transportation,2022,0,True
India,Agriculture,2020,2,True
India,Agriculture,2023,7,True
Israel,Agriculture,2016,7,True
Saudi Arabia,All,2024,288,True
Lithuania,All,2024,325,True
Iceland,All,2022,30,True
Japan,All,2024,1157,True
Tajikistan,All,2026,6,False
Malaysia,All,2026,78,False
Saint Kitts and Nevis,All,2023,1,True
Slovenia,All,2019,0,True
Norway,All,2017,31,True
Greece,All,2020,24,True
El Salvador,All,2021,0,True
Estonia,All,2024,59,True
South Africa,All,2020,91,True
Sweden,All,2023,228,True
Turkey,All,2022,54,True
Iraq,All,2025,15,True
India,All,2017,142,True
Canada,All,2024,3844,True
United States,All,2025,275032,True
Peru,All,2022,0,True
Denmark,All,2020,153,True
Austria,All,2017,14,True
Chile,All,2019,32,True
Bulgaria,All,2016,0,True
Portugal,All,2019,114,True
Turkey,Biotechnology,2017,0,True
Turkey,Biotechnology,2023,0,True
India,Biotechnology,2020,0,True
Italy,Biotechnology,2018,3,True
Singapore,Biotechnology,2024,1,True
Brazil,Community and Lifestyle,2024,26,True
Uruguay,Community and Lifestyle,2021,0,True
South Africa,Community and Lifestyle,2026,0,False
South Korea,Community and Lifestyle,2017,6,True
Denmark,Community and Lifestyle,2019,0,True
Hungary,Community and Lifestyle,2022,0,True
Israel,Community and Lifestyle,2018,20,True
United Arab Emirates,Community and Lifestyle,2024,6,True
Sweden,Computer Vision,2022,1,True
Russia,Computer Vision,2021,0,True
Singapore,Computer Vision,2020,3,True
Portugal,Computer Vision,2017,2,True
Spain,Computer Vision,2022,3,True
Slovenia,Computer Vision,2022,3,True
Bulgaria,Computer Vision,2019,0,True
Croatia,Consumer goods,2021,2,True
Kenya,Consumer goods,2022,0,True
Czechia,Consumer goods,2016,1,True
Australia,Consumer goods,2021,3,True
Austria,Consumer goods,2018,1,True
Hungary,Consumer goods,2022,7,True
Switzerland,Cyber Security,2022,126,True
Israel,Cyber Security,2017,7,True
Israel,Cyber Security,2021,47,True
Poland,Data and analytics,2022,54,True
Algeria,Data and analytics,2022,0,True
Kazakhstan,Data and analytics,2019,0,True
Austria,Data and analytics,2026,61,False
Croatia,Data and analytics,2024,57,True
Colombia,Data and analytics,2020,4,True
Sri Lanka,Data and analytics,2018,2,True
Norway,Data and analytics,2018,12,True
Italy,Data and analytics,2022,28,True
France,Data and analytics,2017,136,True
Mongolia,Data and analytics,2021,0,True
Greece,Data and analytics,2020,12,True
Switzerland,Data and analytics,2018,80,True
Switzerland,Data and analytics,2024,185,True
Netherlands,Data and analytics,2019,142,True
Kenya,Data and analytics,2026,3,False
Malaysia,Data and analytics,2020,7,True
Iceland,Education,2021,0,True
Belgium,Education,2021,2,True
United Kingdom,Education,2026,1154,False
Sweden,Education,2017,4,True
Sweden,Education,2025,1,True
South Korea,Energy and natural resources,2021,5,True
South Korea,Energy and natural resources,2023,15,True
Italy,Energy and natural resources,2020,1,True
Canada,Energy and natural resources,2016,9,True
Uruguay,Energy and natural resources,2021,2,True
India,Energy and natural resources,2022,25,True
Austria,Energy and natural resources,2016,1,True
Austria,Energy and natural resources,2017,2,True
Croatia,Facial Recognition,2022,2,True
Malaysia,Facial Recognition,2024,3,True
United States,Facial Recognition,2024,1,True
Singapore,Finance,2019,39,True
Vietnam,Finance,2019,1,True
Vietnam,Finance,2021,6,True
Ireland,Finance,2018,0,True
Cyprus,Finance,2018,1,True
Kenya,Finance,2019,0,True
United Kingdom,Finance,2018,220,True
Estonia,Finance,2026,3,False
Finland,Finance,2017,1,True
Poland,Finance,2025,1,True
South Africa,Finance,2017,23,True
Mauritius,Finance,2020,1,True
Germany,Finance,2019,28,True
Serbia,General purpose,2021,0,True
Botswana,General purpose,2021,0,True
Poland,General purpose,2026,22,False
Belarus,General purpose,2022,0,True
Ireland,General purpose,2017,22,True
Austria,General purpose,2025,42,True
France,General purpose,2019,415,True
Georgia,General purpose,2025,1,True
Germany,General purpose,2019,176,True
Tajikistan,General purpose,2022,0,True
missing,General purpose,2021,19,True
Saudi Arabia,General purpose,2021,1922,True
Brazil,General purpose,2018,12,True
Jordan,General purpose,2019,0,True
Latvia,General purpose,2016,0,True
Latvia,General purpose,2023,0,True
Bahrain,General purpose,2024,0,True
Luxembourg,General purpose,2023,3,True
Thailand,General purpose,2020,1,True
Czechia,General purpose,2017,4,True
Armenia,General purpose,2026,0,False
Italy,General purpose,2020,15,True
Turkey,General purpose,2021,22,True
China,Hardware,2018,976,True
Slovakia,Hardware,2019,1,True
Mexico,Hardware,2024,2,True
Taiwan,Hardware,2017,2,True
Taiwan,Hardware,2023,29,True
Netherlands,Hardware,2016,8,True
Czechia,Hardware,2016,1,True
Colombia,Hardware,2019,2,True
Colombia,Hardware,2022,1,True
Germany,Hardware,2020,29,True
Finland,Hardware,2023,5,True
Netherlands,Healthcare and Life Sciences,2017,9,True
Netherlands,Healthcare and Life Sciences,2022,9,True
Brazil,Healthcare and Life Sciences,2022,6,True
Norway,Healthcare and Life Sciences,2023,19,True
Finland,Healthcare and Life Sciences,2020,4,True
Estonia,Healthcare and Life Sciences,2024,1,True
Germany,Healthcare and Life Sciences,2023,46,True
South Africa,Healthcare and Life Sciences,2026,1,False
Taiwan,Information Technology,2024,46,True
United States,Information Technology,2022,10554,True
Austria,Information Technology,2026,14,False
Philippines,Information Technology,2018,0,True
Portugal,Information Technology,2025,131,True
Estonia,Information Technology,2021,59,True
Saudi Arabia,Information Technology,2021,1738,True
Uruguay,Information Technology,2017,0,True
Indonesia,Information Technology,2016,2,True
Indonesia,Information Technology,2017,1,True
Russia,Information Technology,2020,1,True
Iceland,Information Technology,2017,0,True
Chile,Information Technology,2022,1,True
Netherlands,Information Technology,2024,146,True
Serbia,Information Technology,2023,43,True
Canada,Lending and Investments,2016,5,True
Canada,Lending and Investments,2024,2,True
Czechia,Lending and Investments,2020,1,True
Iceland,Lending and Investments,2017,0,True
Singapore,Lending and Investments,2018,4,True
Singapore,Lending and Investments,2020,24,True
Belgium,Lending and Investments,2020,4,True
Turkey,Lending and Investments,2025,1,True
United States,Manufacturing,2021,1579,True
Austria,Manufacturing,2020,3,True
Switzerland,Manufacturing,2018,0,True
Switzerland,Media and Entertainment,2021,58,True
Austria,Media and Entertainment,2016,0,True
Taiwan,Media and Entertainment,2021,2,True
Netherlands,Media and Entertainment,2021,101,True
Latvia,Media and Entertainment,2026,0,False
United States,Media and Entertainment,2017,520,True
France,Media and Entertainment,2026,39,False
Sweden,Media and Entertainment,2017,8,True
Sweden,Media and Entertainment,2023,1,True
China,"Military, public safety and government",2026,4,False
Canada,"Military, public safety and government",2026,11,False
United Kingdom,"Military, public safety and government",2021,8,True
Norway,"Military, public safety and government",2023,0,True
Estonia,"Military, public safety and government",2020,3,True
Spain,"Military, public safety and government",2021,1,True
Belgium,"Military, public safety and government",2016,0,True
South Korea,"Military, public safety and government",2016,0,True
China,"Mobile, platforms & Internet services",2022,289,True
Vietnam,"Mobile, platforms & Internet services",2021,1,True
Russia,"Mobile, platforms & Internet services",2016,3,True
Ghana,"Mobile, platforms & Internet services",2021,0,True
Taiwan,"Mobile, platforms & Internet services",2016,4,True
Taiwan,"Mobile, platforms & Internet services",2025,0,True
Canada,"Mobile, platforms & Internet services",2025,990,True
United States,NLP,2019,627,True
United States,NLP,2024,2937,True
United States,NLP,2025,3282,True
Hungary,NLP,2016,1,True
North Macedonia,NLP,2024,0,True
Portugal,NLP,2016,1,True
Spain,NLP,2018,0,True
Germany,Navigation and mapping,2025,228,True
United States,Navigation and mapping,2026,2131,False
Chile,Other,2019,0,True
Chile,Other,2020,1,True
United States,Other,2016,394,True
Israel,Other,2025,10,True
Israel,Other,2026,2,False
United Kingdom,Other,2017,64,True
Taiwan,Other,2017,2,True
Canada,Other,2025,9,True
Lithuania,Privacy and Security,2026,1,False
Brazil,Privacy and Security,2021,35,True
Germany,Privacy and Security,2023,21,True
Japan,Professional services,2019,25,True
Kenya,Professional services,2024,0,True
Bulgaria,Professional services,2021,0,True
United Kingdom,Professional services,2018,1173,True
Ireland,Professional services,2017,1,True
Ireland,Professional services,2020,21,True
Brazil,Professional services,2019,183,True
Malaysia,Professional services,2019,7,True
South Africa,Professional services,2021,1,True
Egypt,Professional services,2021,0,True
Sweden,Professional services,2020,5,True
Taiwan,Professional services,2022,5,True
United States,Real estate,2026,5054,False
Poland,Real estate,2023,0,True
Singapore,Real estate,2021,8,True
Sri Lanka,Robotics,2021,0,True
Croatia,Robotics,2019,0,True
Switzerland,Robotics,2026,5,False
Egypt,"Sales, retail, commerce, marketing",2017,0,True
Mexico,"Sales, retail, commerce, marketing",2023,0,True
Estonia,"Sales, retail, commerce, marketing",2021,2,True
Norway,"Sales, retail, commerce, marketing",2022,2,True
Indonesia,"Sales, retail, commerce, marketing",2018,1,True
Latvia,"Sales, retail, commerce, marketing",2026,0,False
Taiwan,"Sales, retail, commerce, marketing",2021,4,True
Denmark,"Sales, retail, commerce, marketing",2017,2,True
Sweden,"Sales, retail, commerce, marketing",2025,2,True
Kenya,"Sales, retail, commerce, marketing",2019,0,True
Israel,"Sales, retail, commerce, marketing",2019,32,True
Australia,"Sales, retail, commerce, marketing",2024,14,True
Canada,"Sales, retail, commerce, marketing",2025,833,True
France,Semiconductor,2024,4,True
Israel,Semiconductor,2020,36,True
Netherlands,Semiconductor,2022,16,True
United States,Simulation,2022,19,True
France,Simulation,2022,3,True
Canada,Simulation,2026,4,False
Italy,Simulation,2026,1,False
Uruguay,Software,2017,0,True
missing,Software,2017,3,True
Germany,Software,2018,243,True
Slovakia,Software,2021,5,True
Ghana,Software,2021,0,True
Lithuania,Software,2026,134,False
Israel,Software,2025,1664,True
Kazakhstan,Software,2023,3,True
Austria,Software,2019,37,True
France,Software,2016,88,True
Uganda,Software,2020,0,True
Colombia,Software,2025,821,True
Tajikistan,Software,2025,1,True
Belarus,Software,2022,0,True
Italy,Software,2023,98,True
India,Speech Recognition,2023,1,True
China,Speech Recognition,2017,19,True
United Kingdom,Speech Recognition,2022,23,True
Serbia,Speech Recognition,2020,0,True
Portugal,Speech Recognition,2023,0,True
Belgium,Speech Recognition,2017,0,True
Sri Lanka,Sports,2025,0,True
South Korea,Sports,2021,9,True
Italy,Sports,2021,2,True
Spain,Sports,2026,1,False
Finland,Telecommunications,2025,1,True
Australia,Telecommunications,2021,10,True
United Kingdom,Transportation,2021,138,True
Chile,Transportation,2018,1,True
France,Transportation,2016,6,True
Kuwait,Transportation,2023,4,True
Singapore,Transportation,2022,8,True
Poland,Transportation,2024,0,True
Norway,Transportation,2026,13,False
Taiwan,Transportation,2024,15,True
Finland,Transportation,2016,1,True
Ireland,Transportation,2020,7,True
Estonia,Transportation,2020,10,True
missing,Transportation,2025,2500,True
Norway,Agriculture,2020,10,True
Brazil,Agriculture,2020,1,True
United Kingdom,Agriculture,2018,10,True
Iceland,Agriculture,2023,0,True
Spain,Agriculture,2026,0,False
Uganda,Agriculture,2020,0,True
United States,Agriculture,2020,111,True
Uruguay,All,2024,2,True
Hungary,All,2021,13,True
United Kingdom,All,2025,12266,True
Romania,All,2023,76,True
Russia,All,2016,6,True
Panama,All,2026,1,False
Egypt,All,2021,35,True
Dominican Republic,All,2020,0,True
Ireland,All,2020,138,True
Israel,Biotechnology,2023,8,True
Armenia,Biotechnology,2025,0,True
Ireland,Biotechnology,2016,3,True
United Kingdom,Biotechnology,2020,47,True
Poland,Biotechnology,2017,2,True
Norway,Biotechnology,2025,1,True
India,Community and Lifestyle,2021,7,True
South Africa,Community and Lifestyle,2022,0,True
Slovakia,Community and Lifestyle,2020,0,True
Spain,Community and Lifestyle,2016,0,True
Denmark,Community and Lifestyle,2022,0,True
Hungary,Community and Lifestyle,2023,0,True
Hungary,Community and Lifestyle,2024,0,True
Germany,Community and Lifestyle,2025,15,True
United Kingdom,Computer Vision,2018,32,True
Taiwan,Computer Vision,2016,2,True
Japan,Computer Vision,2016,2,True
Japan,Computer Vision,2018,3,True
Norway,Computer Vision,2019,0,True
Austria,Computer Vision,2025,20,True
United Kingdom,Consumer goods,2019,2435,True
Ukraine,Consumer goods,2017,0,True
Switzerland,Consumer goods,2016,2,True
Saint Kitts and Nevis,Consumer goods,2021,0,True
Netherlands,Consumer goods,2016,2,True
Hungary,Consumer goods,2025,0,True
Lithuania,Cyber Security,2024,1,True
Canada,Cyber Security,2016,1,True
Czechia,Cyber Security,2020,1,True
Portugal,Cyber Security,2018,1,True
Netherlands,Cyber Security,2026,7,False
Turkey,Cyber Security,2025,1,True
Philippines,Data and analytics,2021,1,True
Saudi Arabia,Data and analytics,2023,1194,True
Croatia,Data and analytics,2022,2,True
Argentina,Data and analytics,2019,1,True
Lebanon,Data and analytics,2022,0,True
Vietnam,Data and analytics,2019,0,True
South Africa,Data and analytics,2016,0,True
Zimbabwe,Data and analytics,2019,0,True
Rwanda,Data and analytics,2026,0,False
Jordan,Data and analytics,2024,0,True
Bulgaria,Data and analytics,2020,1,True
Chile,Data and analytics,2021,35,True
Turkey,Data and analytics,2021,21,True
Latvia,Data and analytics,2022,0,True
Finland,Data and analytics,2025,110,True
Belgium,Data and analytics,2021,487,True
Belgium,Data and analytics,2023,394,True
Italy,Education,2024,0,True
Germany,Education,2020,11,True
Australia,Education,2016,0,True
Colombia,Education,2022,2,True
Azerbaijan,Education,2022,0,True
Finland,Education,2019,3,True
United Kingdom,Education,2019,17,True
Spain,Education,2018,0,True
Spain,Energy and natural resources,2021,3,True
Estonia,Energy and natural resources,2017,16,True
Estonia,Energy and natural resources,2023,40,True
Finland,Energy and natural resources,2016,0,True
Italy,Energy and natural resources,2026,4,False
Netherlands,Energy and natural resources,2025,19,True
Chile,Energy and natural resources,2019,0,True
Israel,Energy and natural resources,2017,5,True
Israel,Energy and natural resources,2018,8,True
United Kingdom,Facial Recognition,2021,0,True
Canada,Facial Recognition,2017,0,True
Canada,Facial Recognition,2025,13,True
United States,Facial Recognition,2021,903,True
Vietnam,Finance,2022,3,True
China,Finance,2016,113,True
Ireland,Finance,2025,16,True
New Zealand,Finance,2021,0,True
Kenya,Finance,2025,0,True
missing,Finance,2024,9,True
missing,Finance,2025,37,True
Chile,Finance,2018,0,True
United Kingdom,Finance,2023,442,True
United Kingdom,Finance,2026,716,False
Netherlands,Finance,2019,6,True
Poland,Finance,2018,3,True
Israel,Finance,2021,72,True
Canada,Gaming,2018,2,True
China,Gaming,2017,0,True
Taiwan,Gaming,2019,0,True
Malta,Gaming,2017,1,True
Spain,Gaming,2017,0,True
Turkey,Gaming,2022,0,True
Norway,Gaming,2018,0,True
Panama,Gaming,2024,0,True
Hungary,Gaming,2016,0,True
United States,Gaming,2022,266,True
Kazakhstan,General purpose,2025,0,True
Ireland,General purpose,2020,39,True
Germany,General purpose,2023,531,True
Bangladesh,General purpose,2021,0,True
Chile,General purpose,2017,1,True
Russia,General purpose,2021,2,True
Qatar,General purpose,2026,1,False
Iran,General purpose,2020,0,True
Malaysia,General purpose,2026,42,False
United Arab Emirates,General purpose,2018,20,True
United Arab Emirates,General purpose,2021,829,True
Thailand,General purpose,2021,5,True
Zambia,General purpose,2021,0,True
Colombia,General purpose,2017,0,True
Norway,Hardware,2023,12,True
South Africa,Hardware,2021,1,True
Sweden,Hardware,2017,9,True
Spain,Hardware,2021,8,True
Singapore,Hardware,2023,868,True
Czechia,Hardware,2020,1,True
Canada,Hardware,2023,57,True
Finland,Hardware,2021,3,True
Malta,Hardware,2020,1,True
Netherlands,Healthcare and Life Sciences,2020,8,True
Israel,Healthcare and Life Sciences,2018,34,True
Czechia,Healthcare and Life Sciences,2017,1,True
France,Healthcare and Life Sciences,2019,121,True
Ukraine,Healthcare and Life Sciences,2025,0,True
Brazil,Healthcare and Life Sciences,2024,2,True
China,Healthcare and Life Sciences,2018,385,True
Taiwan,Healthcare and Life Sciences,2019,5,True
Romania,Healthcare and Life Sciences,2022,0,True
Denmark,Healthcare and Life Sciences,2022,1,True
Estonia,Healthcare and Life Sciences,2020,0,True
Indonesia,Healthcare and Life Sciences,2025,0,True
Germany,Healthcare and Life Sciences,2017,19,True
Nigeria,Healthcare and Life Sciences,2023,0,True
Italy,Healthcare and Life Sciences,2024,2,True
Brazil,Information Technology,2018,10,True
Dominican Republic,Information Technology,2024,0,True
Austria,Information Technology,2018,6,True
Austria,Information Technology,2022,16,True
missing,Information Technology,2022,2,True
New Zealand,Information Technology,2023,0,True
New Zealand,Information Technology,2024,1,True
Argentina,Information Technology,2020,2,True
Russia,Information Technology,2017,2,True
Spain,Information Technology,2020,24,True
Singapore,Information Technology,2021,239,True
Belgium,Information Technology,2023,222,True
Germany,Information Technology,2020,201,True
Serbia,Information Technology,2021,0,True
United Arab Emirates,Information Technology,2022,32,True
Canada,Lending and Investments,2022,0,True
Philippines,Lending and Investments,2020,0,True
Philippines,Lending and Investments,2021,1,True
Denmark,Lending and Investments,2017,3,True
Japan,Lending and Investments,2026,1,False
Brazil,Lending and Investments,2018,0,True
United States,Manufacturing,2023,491,True
China,Manufacturing,2024,301,True
India,Manufacturing,2018,2,True
Israel,Manufacturing,2019,39,True
France,Manufacturing,2022,16,True
Taiwan,Manufacturing,2020,1,True
Chile,Manufacturing,2019,0,True
New Zealand,Manufacturing,2022,0,True
Taiwan,Media and Entertainment,2016,2,True
Australia,Media and Entertainment,2023,40,True
Australia,Media and Entertainment,2025,11,True
Portugal,Media and Entertainment,2022,2,True
Finland,Media and Entertainment,2024,0,True
Mexico,Media and Entertainment,2017,1,True
Belgium,Media and Entertainment,2020,7,True
Serbia,Media and Entertainment,2019,0,True
France,Media and Entertainment,2024,32,True
Chile,Media and Entertainment,2019,0,True
Norway,"Military, public safety and government",2026,5,False
Brazil,"Military, public safety and government",2019,0,True
Slovakia,"Military, public safety and government",2023,1,True
Germany,"Military, public safety and government",2025,350,True
United Arab Emirates,"Mobile, platforms & Internet services",2017,2,True
Poland,"Mobile, platforms & Internet services",2026,14,False
India,"Mobile, platforms & Internet services",2024,92,True
Australia,"Mobile, platforms & Internet services",2024,61,True
Nigeria,"Mobile, platforms & Internet services",2019,0,True
Albania,"Mobile, platforms & Internet services",2016,2,True
Russia,"Mobile, platforms & Internet services",2018,4,True
France,"Mobile, platforms & Internet services",2016,20,True
Zambia,"Mobile, platforms & Internet services",2021,0,True
Austria,"Mobile, platforms & Internet services",2023,0,True
Austria,"Mobile, platforms & Internet services",2024,1,True
Luxembourg,"Mobile, platforms & Internet services",2020,2,True
Nigeria,NLP,2026,0,False
United Kingdom,NLP,2016,5,True
Spain,NLP,2021,8,True
Israel,Navigation and mapping,2020,0,True
Israel,Navigation and mapping,2021,12,True
Chile,Other,2021,3,True
Panama,Other,2023,0,True
Croatia,Other,2025,0,True
Italy,Other,2024,115,True
Spain,Other,2023,8,True
Spain,Other,2024,80,True
Iceland,Other,2023,0,True
Israel,Other,2016,10,True
Egypt,Other,2026,0,False
Singapore,Privacy and Security,2026,385,False
Australia,Privacy and Security,2026,3,False
France,Privacy and Security,2023,57,True
Japan,Privacy and Security,2024,9,True
South Korea,Privacy and Security,2020,11,True
South Korea,Privacy and Security,2025,8,True
Canada,Professional services,2022,1041,True
Denmark,Professional services,2017,1,True
Finland,Professional services,2017,0,True
Finland,Professional services,2019,2,True
Switzerland,Professional services,2017,1,True
United Kingdom,Professional services,2020,135,True
Saudi Arabia,Professional services,2019,0,True
Brazil,Professional services,2021,67,True
Israel,Professional services,2018,28,True
Israel,Professional services,2019,27,True
China,Professional services,2026,360,False
Vietnam,Professional services,2018,0,True
Turkey,Professional services,2026,0,False
Peru,Professional services,2023,0,True
Ukraine,Professional services,2022,0,True
Japan,Real estate,2021,1,True
Japan,Real estate,2022,1,True
Australia,Real estate,2026,5,False
Finland,Real estate,2021,1,True
Poland,Real estate,2024,0,True
Singapore,Real estate,2022,15,True
South Korea,Robotics,2020,5,True
Belgium,Robotics,2025,2,True
Netherlands,Robotics,2016,6,True
Israel,Robotics,2020,11,True
Latvia,"Sales, retail, commerce, marketing",2022,0,True
Spain,"Sales, retail, commerce, marketing",2021,23,True
Greece,"Sales, retail, commerce, marketing",2016,5,True
Pakistan,"Sales, retail, commerce, marketing",2017,0,True
Portugal,"Sales, retail, commerce, marketing",2023,9,True
China,"Sales, retail, commerce, marketing",2025,29,True
United Arab Emirates,"Sales, retail, commerce, marketing",2016,1,True
Serbia,"Sales, retail, commerce, marketing",2022,4,True
Russia,"Sales, retail, commerce, marketing",2018,1,True
Russia,"Sales, retail, commerce, marketing",2020,4,True
Colombia,"Sales, retail, commerce, marketing",2021,1,True
Singapore,"Sales, retail, commerce, marketing",2022,171,True
Australia,"Sales, retail, commerce, marketing",2021,34,True
Ireland,"Sales, retail, commerce, marketing",2020,20,True
Egypt,Semiconductor,2025,3,True
United States,Simulation,2025,44,True
Singapore,Simulation,2026,1,False
Canada,Simulation,2020,2,True
missing,Simulation,2025,3,True
Uruguay,Software,2020,2,True
Kenya,Software,2022,3,True
Hungary,Software,2018,7,True
Panama,Software,2025,15,True
Bangladesh,Software,2026,0,False
Japan,Software,2022,139,True
Mongolia,Software,2018,0,True
United Arab Emirates,Software,2018,20,True
Brazil,Software,2019,213,True
Greece,Software,2023,110,True
Belgium,Software,2021,487,True
Lithuania,Software,2019,1,True
Tunisia,Software,2023,0,True
Israel,Software,2022,1585,True
Israel,Software,2023,357,True
Malta,Software,2023,0,True
Poland,Software,2020,71,True
Argentina,Software,2026,1,False
United States,Software,2019,16739,True
Sri Lanka,Software,2019,1,True
Saudi Arabia,Software,2022,1235,True
Saudi Arabia,Software,2026,1235,False
Seychelles,Software,2024,0,True
Zambia,Software,2025,0,True
Denmark,Software,2024,79,True
Estonia,Software,2018,8,True
Dominican Republic,Software,2021,0,True
Netherlands,Speech Recognition,2019,1,True
China,Speech Recognition,2018,54,True
United States,Sports,2016,33,True
Singapore,Telecommunications,2024,1,True
China,Transportation,2025,1013,True
Turkey,Transportation,2024,0,True
Mexico,Transportation,2020,2,True
Belgium,Transportation,2022,25,True
Sweden,Transportation,2021,19,True
Finland,Transportation,2022,580,True
Ireland,Transportation,2016,1,True
Canada,Agriculture,2018,9,True
Sweden,Agriculture,2024,1,True
Germany,Agriculture,2019,22,True
Netherlands,Agriculture,2021,1,True
China,Agriculture,2026,54,False
Singapore,Agriculture,2020,14,True
Brazil,Agriculture,2023,6,True
United Kingdom,Agriculture,2023,8,True
Poland,Agriculture,2023,0,True
Thailand,Agriculture,2019,0,True
Zambia,Agriculture,2023,0,True
Colombia,All,2019,4,True
Qatar,All,2025,0,True
Uzbekistan,All,2021,1,True
Mexico,All,2020,34,True
Mexico,All,2023,133,True
Estonia,All,2018,27,True
South Africa,All,2017,74,True
South Korea,All,2026,2432,False
Sweden,All,2019,68,True
Azerbaijan,All,2022,0,True
Spain,All,2021,364,True
Turkey,All,2019,10,True
Taiwan,All,2017,23,True
Georgia,All,2025,2,True
Ukraine,All,2017,0,True
Belgium,All,2021,822,True
Portugal,All,2026,86,False
Switzerland,Biotechnology,2018,7,True
Germany,Biotechnology,2017,0,True
Cyprus,Community and Lifestyle,2023,0,True
Brazil,Community and Lifestyle,2022,154,True
Switzerland,Community and Lifestyle,2018,18,True
Jordan,Community and Lifestyle,2016,0,True
Poland,Community and Lifestyle,2020,0,True
Poland,Community and Lifestyle,2024,0,True
missing,Community and Lifestyle,2020,3,True
United Kingdom,Computer Vision,2021,58,True
Hungary,Computer Vision,2017,2,True
Mexico,Computer Vision,2024,1,True
Chile,Computer Vision,2022,0,True
Finland,Computer Vision,2019,2,True
Germany,Computer Vision,2017,4,True
Switzerland,Computer Vision,2022,33,True
Switzerland,Computer Vision,2023,3,True
France,Computer Vision,2018,13,True
South Korea,Computer Vision,2025,5,True
Sweden,Computer Vision,2023,2,True
Estonia,Computer Vision,2019,3,True
France,Consumer goods,2019,23,True
France,Consumer goods,2021,44,True
Singapore,Consumer goods,2024,1,True
Turkey,Consumer goods,2023,1,True
Israel,Consumer goods,2017,49,True
Austria,Consumer goods,2021,2,True
China,Consumer goods,2019,92,True
Switzerland,Cyber Security,2019,150,True
Denmark,Cyber Security,2024,1,True
United Kingdom,Cyber Security,2024,15,True
Indonesia,Data and analytics,2016,2,True
Cambodia,Data and analytics,2018,0,True
Australia,Data and analytics,2019,74,True
Denmark,Data and analytics,2021,87,True
Italy,Data and analytics,2025,143,True
Thailand,Data and analytics,2018,0,True
Chile,Data and analytics,2016,0,True
Egypt,Data and analytics,2017,0,True
India,Data and analytics,2021,512,True
Luxembourg,Data and analytics,2024,21,True
Switzerland,Data and analytics,2016,29,True
Latvia,Data and analytics,2016,0,True
Kenya,Data and analytics,2019,0,True
Slovakia,Data and analytics,2020,7,True
United Kingdom,Data and analytics,2023,1750,True
Singapore,Data and analytics,2020,557,True
United Arab Emirates,Education,2022,1,True
Germany,Education,2019,11,True
Germany,Education,2023,30,True
Austria,Education,2019,2,True
Belgium,Education,2020,2,True
Spain,Education,2022,1,True
South Korea,Education,2024,32,True
France,Energy and natural resources,2016,0,True
United Arab Emirates,Energy and natural resources,2021,0,True
Kenya,Energy and natural resources,2025,0,True
Canada,Energy and natural resources,2019,43,True
Canada,Energy and natural resources,2022,27,True
United Kingdom,Energy and natural resources,2022,76,True
Australia,Energy and natural resources,2017,3,True
Chile,Energy and natural resources,2024,1,True
Nigeria,Energy and natural resources,2026,2,False
Israel,Energy and natural resources,2023,21,True
India,Energy and natural resources,2019,3,True
Japan,Energy and natural resources,2023,4,True
China,Energy and natural resources,2018,6,True
Chile,Facial Recognition,2020,0,True
France,Facial Recognition,2024,0,True
Iceland,Finance,2021,0,True
China,Finance,2023,17,True
Ireland,Finance,2016,0,True
Spain,Finance,2023,113,True
Hungary,Finance,2022,0,True
France,Finance,2022,72,True
Estonia,Finance,2021,0,True
Germany,Finance,2021,78,True
Israel,Gaming,2022,7,True
South Korea,Gaming,2020,1,True
Poland,Gaming,2018,0,True
Iceland,General purpose,2019,2,True
United States,General purpose,2021,35882,True
Switzerland,General purpose,2020,109,True
Singapore,General purpose,2020,623,True
China,General purpose,2019,1917,True
Japan,General purpose,2024,306,True
Denmark,General purpose,2017,38,True
Denmark,General purpose,2023,44,True
Brazil,General purpose,2024,70,True
El Salvador,General purpose,2025,1,True
Indonesia,General purpose,2024,24,True
Sweden,General purpose,2024,95,True
Uruguay,General purpose,2025,1,True
Turkey,General purpose,2017,1,True
Ukraine,General purpose,2020,1,True
Ukraine,General purpose,2024,2,True
Chile,Hardware,2025,1,True
Sweden,Hardware,2019,12,True
Singapore,Hardware,2026,6908,False
United Arab Emirates,Hardware,2023,43,True
Japan,Hardware,2025,66,True
United States,Hardware,2024,10187,True
South Korea,Hardware,2025,123,True
New Zealand,Hardware,2023,1,True
Canada,Hardware,2024,217,True
Finland,Hardware,2022,570,True
Finland,Hardware,2025,11,True
India,Hardware,2016,6,True
Turkey,Hardware,2019,2,True
Vietnam,Healthcare and Life Sciences,2022,0,True
Chile,Healthcare and Life Sciences,2019,0,True
Chile,Healthcare and Life Sciences,2023,0,True
India,Healthcare and Life Sciences,2020,20,True
Turkey,Healthcare and Life Sciences,2022,2,True
Mexico,Healthcare and Life Sciences,2016,0,True
Philippines,Healthcare and Life Sciences,2018,0,True
Bangladesh,Healthcare and Life Sciences,2023,0,True
Kazakhstan,Healthcare and Life Sciences,2023,0,True
Austria,Healthcare and Life Sciences,2024,3,True
Italy,Healthcare and Life Sciences,2017,0,True
Spain,Healthcare and Life Sciences,2018,10,True
South Africa,Healthcare and Life Sciences,2022,0,True
Brazil,Information Technology,2025,185,True
Latvia,Information Technology,2019,2,True
India,Information Technology,2022,1529,True
Mexico,Information Technology,2024,2,True
Jamaica,Information Technology,2026,2,False
Switzerland,Information Technology,2016,28,True
Saudi Arabia,Information Technology,2024,60,True
Saudi Arabia,Information Technology,2026,1233,False
Finland,Information Technology,2021,69,True
Sri Lanka,Information Technology,2023,3,True
Thailand,Information Technology,2022,0,True
Singapore,Information Technology,2020,491,True
Bulgaria,Information Technology,2022,0,True
United Arab Emirates,Information Technology,2018,8,True
Mauritius,Lending and Investments,2020,1,True
Iceland,Lending and Investments,2016,1,True
Israel,Lending and Investments,2021,2,True
Germany,Manufacturing,2021,211,True
Czechia,Manufacturing,2020,1,True
Turkey,Manufacturing,2020,0,True
Denmark,Manufacturing,2018,154,True
France,Manufacturing,2023,7,True
Australia,Manufacturing,2016,3,True
Italy,Manufacturing,2026,2,False
Russia,Manufacturing,2019,2,True
South Korea,Manufacturing,2026,230,False
Switzerland,Media and Entertainment,2022,5,True
United Arab Emirates,Media and Entertainment,2019,1,True
United Arab Emirates,Media and Entertainment,2026,0,False
Germany,Media and Entertainment,2025,37,True
Czechia,Media and Entertainment,2018,0,True
Italy,Media and Entertainment,2017,1,True
Malta,Media and Entertainment,2022,2,True
Estonia,Media and Entertainment,2024,1,True
France,Media and Entertainment,2018,12,True
India,Media and Entertainment,2022,114,True
Australia,"Military, public safety and government",2016,2,True
Australia,"Military, public safety and government",2018,3,True
Australia,"Military, public safety and government",2021,50,True
India,"Military, public safety and government",2023,1,True
Finland,"Mobile, platforms & Internet services",2024,0,True
Estonia,"Mobile, platforms & Internet services",2025,19,True
Hungary,"Mobile, platforms & Internet services",2020,1,True
Hungary,"Mobile, platforms & Internet services",2024,1,True
Denmark,"Mobile, platforms & Internet services",2018,149,True
Tunisia,"Mobile, platforms & Internet services",2023,2,True
Spain,"Mobile, platforms & Internet services",2017,17,True
Netherlands,"Mobile, platforms & Internet services",2023,201,True
Italy,"Mobile, platforms & Internet services",2020,7,True
Argentina,"Mobile, platforms & Internet services",2024,1,True
Austria,"Mobile, platforms & Internet services",2018,3,True
Japan,"Mobile, platforms & Internet services",2020,127,True
United States,NLP,2023,12521,True
France,NLP,2021,5,True
Switzerland,NLP,2025,2,True
India,NLP,2021,42,True
Nigeria,NLP,2025,0,True
Turkey,NLP,2020,0,True
Austria,NLP,2023,0,True
South Korea,NLP,2022,5,True
South Korea,NLP,2023,12,True
Belgium,NLP,2020,0,True
Australia,Navigation and mapping,2025,14,True
South Korea,Navigation and mapping,2025,10,True
Sri Lanka,Other,2024,0,True
Italy,Other,2022,1,True
India,Other,2020,12,True
Romania,Other,2026,1,False
Argentina,Other,2024,1,True
Singapore,Privacy and Security,2024,7,True
Finland,Privacy and Security,2021,1,True
Poland,Privacy and Security,2026,2,False
Spain,Privacy and Security,2025,14,True
Netherlands,Privacy and Security,2017,19,True
Portugal,Privacy and Security,2016,0,True
Australia,Privacy and Security,2017,0,True
France,Privacy and Security,2016,3,True
India,Privacy and Security,2018,1,True
Ireland,Privacy and Security,2024,11,True
Ireland,Privacy and Security,2025,25,True
Italy,Privacy and Security,2020,1,True
Germany,Privacy and Security,2020,66,True
Italy,Professional services,2016,0,True
Spain,Professional services,2021,12,True
Portugal,Professional services,2023,23,True
Poland,Professional services,2016,3,True
Norway,Real estate,2022,1,True
Chile,Real estate,2020,0,True
Chile,Real estate,2022,1,True
United States,Real estate,2024,249,True
Austria,Real estate,2021,1,True
Saudi Arabia,Real estate,2022,42,True
Brazil,Real estate,2018,0,True
Poland,Real estate,2021,1,True
Sweden,Real estate,2024,964,True
Sweden,Real estate,2026,290,False
Spain,Robotics,2020,4,True
Egypt,Robotics,2023,0,True
Malaysia,Robotics,2018,0,True
Sweden,Robotics,2018,2,True
Switzerland,Robotics,2019,9,True
France,Robotics,2023,2,True
North Macedonia,"Sales, retail, commerce, marketing",2024,0,True
Estonia,"Sales, retail, commerce, marketing",2018,0,True
Turkey,"Sales, retail, commerce, marketing",2024,1,True
India,"Sales, retail, commerce, marketing",2026,61,False
South Korea,"Sales, retail, commerce, marketing",2021,24,True
Malaysia,"Sales, retail, commerce, marketing",2021,60,True
France,"Sales, retail, commerce, marketing",2021,148,True
Bulgaria,"Sales, retail, commerce, marketing",2022,0,True
Germany,"Sales, retail, commerce, marketing",2025,269,True
Saudi Arabia,"Sales, retail, commerce, marketing",2022,56,True
Hungary,"Sales, retail, commerce, marketing",2016,0,True
Slovakia,"Sales, retail, commerce, marketing",2021,4,True
Kenya,Semiconductor,2026,0,False
United Kingdom,Semiconductor,2021,10,True
Estonia,Semiconductor,2026,0,False
Israel,Semiconductor,2022,65,True
Italy,Semiconductor,2024,1,True
United States,Simulation,2026,51,False
Taiwan,Software,2025,49,True
Finland,Software,2016,4,True
Finland,Software,2025,110,True
Portugal,Software,2022,35,True
United Arab Emirates,Software,2019,16,True
Brazil,Software,2023,244,True
Ireland,Software,2019,97,True
Pakistan,Software,2021,3,True
India,Software,2020,12157,True
Philippines,Software,2021,1,True
South Korea,Software,2026,1023,False
Malta,Software,2022,2,True
Ukraine,Software,2020,1,True
United States,Software,2016,6393,True
Australia,Software,2016,26,True
Denmark,Software,2022,112,True
Denmark,Software,2025,58,True
Serbia,Software,2020,0,True
Estonia,Software,2017,1,True
Czechia,Software,2017,4,True
Croatia,Software,2025,2,True
Poland,Speech Recognition,2023,0,True
United Kingdom,Speech Recognition,2024,5,True
United States,Sports,2022,364,True
Turkey,Sports,2017,0,True
Nigeria,Sports,2026,0,False
Denmark,Sports,2019,2,True
Ireland,Sports,2017,2,True
Poland,Sports,2026,1,False
Canada,Sports,2022,1,True
South Korea,Telecommunications,2016,23,True
Ireland,Telecommunications,2020,9,True
Jordan,Telecommunications,2016,0,True
India,Telecommunications,2023,2320,True
Kenya,Telecommunications,2023,0,True
United States,Telecommunications,2021,1043,True
France,Transportation,2024,17,True
Jordan,Transportation,2026,0,False
New Zealand,Transportation,2023,0,True
Turkey,Transportation,2021,10,True
Canada,Transportation,2016,24,True
South Korea,Transportation,2019,15,True
Poland,Transportation,2018,2,True
Japan,Transportation,2021,41,True
Japan,Transportation,2024,17,True
Japan,Transportation,2026,1577,False
Greece,Transportation,2025,1,True
missing,Transportation,2026,1,False
Canada,Agriculture,2022,9,True
Ireland,Agriculture,2020,0,True
Tanzania,Agriculture,2024,0,True
Norway,Agriculture,2021,2,True
United States,Agriculture,2023,78,True
Cyprus,All,2018,10,True
Cyprus,All,2023,2,True
Latvia,All,2019,2,True
Japan,All,2017,401,True
Brazil,All,2018,27,True
Qatar,All,2021,13,True
missing,All,2026,55732,False
Uzbekistan,All,2024,0,True
France,All,2016,188,True
France,All,2018,574,True
United Kingdom,All,2016,967,True
Estonia,All,2021,188,True
South Africa,All,2021,140,True
Nigeria,All,2025,15,True
Russia,All,2018,20,True
Kenya,All,2017,0,True
Egypt,All,2022,13,True
Finland,All,2023,79,True
New Zealand,All,2017,2,True
Australia,All,2019,312,True
Canada,All,2026,7614,False
United States,All,2017,15239,True
Armenia,All,2023,0,True
Austria,All,2021,479,True
Luxembourg,All,2017,2,True
Luxembourg,All,2018,8,True
Portugal,All,2025,648,True
South Africa,Biotechnology,2022,8,True
Ireland,Biotechnology,2024,11,True
Finland,Biotechnology,2023,3,True
Denmark,Biotechnology,2018,1,True
China,Biotechnology,2016,246,True
Belgium,Community and Lifestyle,2026,3,False
Switzerland,Community and Lifestyle,2025,1,True
Tunisia,Community and Lifestyle,2021,0,True
South Korea,Community and Lifestyle,2026,3,False
United Kingdom,Community and Lifestyle,2017,9,True
United States,Computer Vision,2024,818,True
Japan,Computer Vision,2021,3,True
Singapore,Computer Vision,2023,50,True
Greece,Computer Vision,2019,2,True
Denmark,Computer Vision,2023,2,True
Poland,Computer Vision,2020,1,True
Croatia,Consumer goods,2026,3,False
Singapore,Consumer goods,2020,6,True
Brazil,Consumer goods,2021,6,True
United States,Consumer goods,2017,895,True
Canada,Cyber Security,2024,18,True
Israel,Cyber Security,2019,36,True
Israel,Cyber Security,2024,201,True
Israel,Cyber Security,2025,142,True
France,Cyber Security,2017,3,True
Sweden,Cyber Security,2020,0,True
India,Cyber Security,2023,1,True
United Kingdom,Cyber Security,2018,14,True
Philippines,Data and analytics,2023,7,True
Kazakhstan,Data and analytics,2024,0,True
Austria,Data and analytics,2016,4,True
Hungary,Data and analytics,2022,14,True
Hungary,Data and analytics,2023,19,True
Lebanon,Data and analytics,2019,0,True
Qatar,Data and analytics,2022,0,True
Ireland,Data and analytics,2024,85,True
Sweden,Data and analytics,2026,156,False
Tajikistan,Data and analytics,2023,0,True
Honduras,Data and analytics,2024,0,True
Tunisia,Data and analytics,2021,0,True
Brazil,Data and analytics,2016,7,True
Georgia,Data and analytics,2023,0,True
missing,Data and analytics,2020,417,True
Malta,Education,2017,1,True
Germany,Education,2017,21,True
Turkey,Education,2019,0,True
Finland,Education,2018,0,True
Finland,Education,2026,23,False
Spain,Education,2020,1,True
Poland,Energy and natural resources,2017,0,True
Estonia,Energy and natural resources,2024,3,True
Sweden,Energy and natural resources,2020,3427,True
Chile,Energy and natural resources,2022,0,True
Tunisia,Energy and natural resources,2021,0,True
Austria,Energy and natural resources,2024,5,True
Netherlands,Facial Recognition,2019,0,True
Singapore,Finance,2021,628,True
China,Finance,2024,313,True
Colombia,Finance,2022,2,True
Mexico,Finance,2019,102,True
Botswana,Finance,2016,0,True
Taiwan,Finance,2016,1,True
Austria,Finance,2018,2,True
Jamaica,Finance,2018,0,True
Denmark,Finance,2017,3,True
Denmark,Finance,2026,26,False
Poland,Finance,2024,0,True
Slovakia,Finance,2021,1,True
Turkey,Finance,2017,0,True
Germany,Finance,2020,41,True
Ireland,Gaming,2020,0,True
Sweden,Gaming,2016,0,True
France,Gaming,2018,0,True
France,Gaming,2020,2,True
Estonia,General purpose,2016,2,True
China,General purpose,2021,3212,True
Japan,General purpose,2026,1758,False
Vietnam,General purpose,2019,0,True
Germany,General purpose,2026,932,False
Netherlands,General purpose,2024,308,True
Netherlands,General purpose,2026,415,False
Mongolia,General purpose,2022,0,True
Spain,General purpose,2026,530,False
Bangladesh,General purpose,2022,2,True
Taiwan,General purpose,2020,46,True
Bulgaria,General purpose,2016,0,True
Sweden,General purpose,2023,56,True
Armenia,General purpose,2025,0,True
Italy,General purpose,2017,7,True
Greece,General purpose,2016,7,True
Tunisia,General purpose,2024,2,True
Bosnia and Herzegovina,General purpose,2016,0,True
Ukraine,General purpose,2025,19,True
China,Hardware,2024,748,True
Ireland,Hardware,2024,18,True
Portugal,Hardware,2016,0,True
Taiwan,Hardware,2024,29,True
Singapore,Hardware,2016,49,True
Israel,Hardware,2017,116,True
Iceland,Hardware,2021,0,True
Iceland,Hardware,2022,7,True
Malta,Hardware,2022,2,True
Brazil,Hardware,2025,98,True
Brazil,Hardware,2026,1,False
Czechia,Healthcare and Life Sciences,2020,1,True
Brazil,Healthcare and Life Sciences,2026,5,False
China,Healthcare and Life Sciences,2016,126,True
Lithuania,Healthcare and Life Sciences,2024,2,True
Chile,Healthcare and Life Sciences,2018,3,True
Turkey,Healthcare and Life Sciences,2017,0,True
New Zealand,Healthcare and Life Sciences,2020,1,True
Bulgaria,Healthcare and Life Sciences,2021,0,True
South Africa,Healthcare and Life Sciences,2021,2,True
India,Information Technology,2025,1329,True
Norway,Information Technology,2018,10,True
Czechia,Information Technology,2016,2,True
Turkey,Information Technology,2023,27,True
Kazakhstan,Information Technology,2021,1,True
Kazakhstan,Information Technology,2023,3,True
Iran,Information Technology,2020,0,True
Finland,Information Technology,2023,12,True
Finland,Information Technology,2025,410,True
Italy,Information Technology,2017,2,True
France,Information Technology,2019,150,True
France,Information Technology,2026,300,False
Pakistan,Information Technology,2024,0,True
Romania,Information Technology,2020,1,True
Mexico,Lending and Investments,2018,0,True
Poland,Lending and Investments,2019,0,True
Lithuania,Manufacturing,2017,0,True
France,Manufacturing,2016,4,True
Italy,Manufacturing,2024,2,True
Switzerland,Manufacturing,2019,4,True
Taiwan,Media and Entertainment,2019,0,True
Netherlands,Media and Entertainment,2017,2,True
Germany,Media and Entertainment,2018,25,True
Poland,Media and Entertainment,2025,0,True
Ireland,Media and Entertainment,2023,14,True
United Kingdom,"Military, public safety and government",2023,9,True
Norway,"Military, public safety and government",2021,0,True
Estonia,"Military, public safety and government",2021,0,True
Spain,"Military, public safety and government",2017,2,True
Brazil,"Military, public safety and government",2020,0,True
South Korea,"Military, public safety and government",2020,1,True
Israel,"Mobile, platforms & Internet services",2017,41,True
Thailand,"Mobile, platforms & Internet services",2025,2,True
Sri Lanka,"Mobile, platforms & Internet services",2022,0,True
South Korea,"Mobile, platforms & Internet services",2016,26,True
Singapore,"Mobile, platforms & Internet services",2026,194,False
Norway,"Mobile, platforms & Internet services",2023,31,True
Dominican Republic,NLP,2021,0,True
Australia,NLP,2017,0,True
Australia,NLP,2025,1,True
Sweden,NLP,2021,3,True
Canada,NLP,2022,18,True
China,NLP,2017,33,True
Singapore,NLP,2022,6,True
Israel,Navigation and mapping,2017,2,True
India,Navigation and mapping,2023,25,True
Bulgaria,Other,2022,0,True
Estonia,Other,2022,0,True
Belgium,Other,2016,0,True
Poland,Other,2021,1,True
United Kingdom,Other,2024,174,True
China,Other,2026,173,False
Denmark,Other,2021,0,True
Turkey,Privacy and Security,2023,0,True
Argentina,Privacy and Security,2017,4,True
India,Privacy and Security,2020,1,True
Japan,Privacy and Security,2022,11,True
South Korea,Privacy and Security,2026,5,False
Italy,Privacy and Security,2018,3,True
Brazil,Privacy and Security,2020,69,True
Germany,Privacy and Security,2017,11,True
Nigeria,Privacy and Security,2020,1,True
Argentina,Professional services,2025,79,True
Japan,Professional services,2026,77,False
Lebanon,Professional services,2017,0,True
United Arab Emirates,Professional services,2020,2,True
United Arab Emirates,Professional services,2023,12,True
India,Professional services,2016,26,True
Vietnam,Professional services,2022,0,True
Germany,Professional services,2020,30,True
Sweden,Professional services,2018,0,True
Sweden,Professional services,2019,5,True
Ukraine,Professional services,2023,0,True
Austria,Professional services,2017,1,True
Netherlands,Real estate,2025,20,True
Estonia,Real estate,2022,3,True
United States,Real estate,2022,892,True
Austria,Real estate,2022,1,True
Mexico,Real estate,2022,0,True
Italy,Real estate,2017,0,True
Egypt,Real estate,2024,0,True
South Korea,Robotics,2017,1,True
Denmark,Robotics,2022,51,True
Poland,Robotics,2022,3,True
Israel,Robotics,2021,29,True
Egypt,"Sales, retail, commerce, marketing",2021,6,True
Latvia,"Sales, retail, commerce, marketing",2016,0,True
South Africa,"Sales, retail, commerce, marketing",2020,0,True
Switzerland,"Sales, retail, commerce, marketing",2017,4,True
Pakistan,"Sales, retail, commerce, marketing",2020,0,True
China,"Sales, retail, commerce, marketing",2017,48,True
Sweden,"Sales, retail, commerce, marketing",2024,12,True
Malta,"Sales, retail, commerce, marketing",2020,1,True
Lithuania,"Sales, retail, commerce, marketing",2018,0,True
Belgium,"Sales, retail, commerce, marketing",2021,246,True
New Zealand,"Sales, retail, commerce, marketing",2026,4,False
Bulgaria,"Sales, retail, commerce, marketing",2024,3,True
Canada,"Sales, retail, commerce, marketing",2026,30,False
United Kingdom,Simulation,2019,4,True
Botswana,Software,2016,0,True
Sweden,Software,2024,102,True
New Zealand,Software,2020,9,True
missing,Software,2026,55356,False
Egypt,Software,2020,1,True
Canada,Software,2021,1003,True
China,Software,2017,3475,True
United Arab Emirates,Software,2020,18,True
Ireland,Software,2018,64,True
Greece,Software,2021,4,True
South Africa,Software,2016,0,True
South Africa,Software,2026,13,False
India,Software,2023,2647,True
Poland,Software,2026,24,False
Ukraine,Software,2025,19,True
Indonesia,Software,2019,3,True
Cyprus,Software,2021,24,True
United States,Software,2024,36328,True
Bosnia and Herzegovina,Software,2023,0,True
Singapore,Software,2022,575,True
Serbia,Software,2022,0,True
Tajikistan,Software,2022,0,True
Czechia,Software,2024,16,True
India,Speech Recognition,2020,9,True
Denmark,Speech Recognition,2020,2,True
Germany,Speech Recognition,2019,0,True
United States,Speech Recognition,2016,164,True
Germany,Sports,2017,0,True
Bulgaria,Sports,2021,0,True
Japan,Telecommunications,2022,10,True
Colombia,Telecommunications,2022,1,True
Austria,Telecommunications,2021,2,True
Taiwan,Telecommunications,2023,0,True
United States,Telecommunications,2017,94,True
United Kingdom,Transportation,2023,121,True
France,Transportation,2023,41,True
Germany,Transportation,2023,426,True
Singapore,Transportation,2020,2,True
Slovakia,Transportation,2023,1,True
United Arab Emirates,Transportation,2020,15,True
United Arab Emirates,Transportation,2026,41,False
Belgium,Transportation,2020,6,True
Malaysia,Transportation,2017,0,True
Norway,Transportation,2019,4,True
Finland,Transportation,2025,12,True
South Africa,Agriculture,2017,0,True
South Africa,Agriculture,2020,8,True
Serbia,Agriculture,2022,0,True
Spain,Agriculture,2021,1,True
Spain,Agriculture,2025,2,True
Uganda,Agriculture,2022,0,True
United States,Agriculture,2021,564,True
Colombia,All,2024,44,True
Cyprus,All,2016,1,True
Belize,All,2019,0,True
Qatar,All,2024,4,True
United Arab Emirates,All,2018,35,True
Sweden,All,2018,103,True
Kazakhstan,All,2022,3,True
Bolivia,All,2026,0,False
Taiwan,All,2016,16,True
Canada,All,2022,4127,True
Austria,All,2019,48,True
Argentina,All,2023,1,True
Thailand,All,2019,14,True
Brazil,Biotechnology,2022,0,True
South Korea,Biotechnology,2016,1,True
Ireland,Biotechnology,2021,6,True
Denmark,Biotechnology,2025,1,True
Austria,Biotechnology,2023,3,True
China,Biotechnology,2023,82,True
Netherlands,Biotechnology,2016,6,True
Singapore,Biotechnology,2020,7,True
Japan,Biotechnology,2026,1,False
Netherlands,Community and Lifestyle,2019,8,True
Norway,Community and Lifestyle,2026,1,False
Japan,Community and Lifestyle,2018,37,True
Saudi Arabia,Community and Lifestyle,2018,1,True
China,Community and Lifestyle,2023,71,True
Indonesia,Community and Lifestyle,2018,0,True
Switzerland,Community and Lifestyle,2017,0,True
Israel,Community and Lifestyle,2022,17,True
Sweden,Community and Lifestyle,2021,7,True
United Kingdom,Community and Lifestyle,2026,73,False
United States,Computer Vision,2017,315,True
Germany,Computer Vision,2021,11,True
Germany,Computer Vision,2025,4,True
Japan,Computer Vision,2024,4,True
Switzerland,Computer Vision,2019,12,True
South Korea,Computer Vision,2019,2,True
Estonia,Computer Vision,2024,0,True
Denmark,Computer Vision,2026,2,False
Australia,Computer Vision,2016,0,True
Czechia,Computer Vision,2022,18,True
Poland,Computer Vision,2019,0,True
Poland,Computer Vision,2026,2,False
Malaysia,Consumer goods,2018,0,True
Spain,Consumer goods,2023,3,True
Italy,Consumer goods,2016,1,True
South Korea,Consumer goods,2021,8,True
United Arab Emirates,Consumer goods,2023,42,True
Israel,Cyber Security,2020,11,True
Saudi Arabia,Cyber Security,2025,3,True
Hungary,Data and analytics,2018,6,True
Estonia,Data and analytics,2018,8,True
Estonia,Data and analytics,2021,24,True
Iceland,Data and analytics,2023,5,True
Australia,Data and analytics,2020,107,True
Sri Lanka,Data and analytics,2024,7,True
Pakistan,Data and analytics,2018,0,True
Mongolia,Data and analytics,2019,0,True
United Arab Emirates,Data and analytics,2017,7,True
Taiwan,Education,2025,0,True
Kenya,Education,2018,0,True
Finland,Education,2020,0,True
Spain,Education,2026,5,False
Sri Lanka,Education,2023,0,True
South Korea,Education,2016,2,True
Denmark,Energy and natural resources,2025,1,True
Spain,Energy and natural resources,2023,6,True
United Arab Emirates,Energy and natural resources,2025,0,True
South Korea,Energy and natural resources,2020,9,True
United States,Facial Recognition,2020,14,True
Singapore,Finance,2020,111,True
Vietnam,Finance,2026,0,False
Uruguay,Finance,2025,0,True
United States,Finance,2022,10468,True
Australia,Finance,2026,3,False
Mongolia,Finance,2022,0,True
France,Finance,2024,133,True
Chile,Finance,2026,8,False
Brazil,Finance,2016,6,True
Brazil,Finance,2023,137,True
Japan,Finance,2024,42,True
Germany,Gaming,2021,1,True
Romania,Gaming,2020,0,True
Singapore,Gaming,2025,16,True
Estonia,Gaming,2019,0,True
Lebanon,General purpose,2019,0,True
Mexico,General purpose,2018,0,True
Switzerland,General purpose,2019,241,True
Poland,General purpose,2024,17,True
Australia,General purpose,2024,1107,True
China,General purpose,2024,5699,True
South Korea,General purpose,2025,715,True
Chile,General purpose,2020,9,True
Jordan,General purpose,2018,0,True
Qatar,General purpose,2019,0,True
Qatar,General purpose,2025,0,True
Zimbabwe,General purpose,2019,0,True
Ecuador,General purpose,2026,3,False
Uruguay,General purpose,2020,2,True
Thailand,General purpose,2019,6,True
Czechia,General purpose,2019,14,True
Italy,General purpose,2016,8,True
Greece,General purpose,2019,2,True
Ireland,Hardware,2020,12,True
Lithuania,Hardware,2025,0,True
Singapore,Hardware,2022,72,True
Singapore,Hardware,2024,2451,True
Poland,Hardware,2022,7,True
France,Hardware,2020,37,True
New Zealand,Hardware,2017,0,True
Austria,Hardware,2022,0,True
Belgium,Hardware,2022,24,True
Belgium,Hardware,2025,8,True
Finland,Hardware,2026,3,False
France,Healthcare and Life Sciences,2016,11,True
Brazil,Healthcare and Life Sciences,2019,2,True
Russia,Healthcare and Life Sciences,2024,0,True
Kenya,Healthcare and Life Sciences,2021,1,True
Taiwan,Healthcare and Life Sciences,2025,4,True
Thailand,Healthcare and Life Sciences,2019,3,True
Romania,Healthcare and Life Sciences,2021,11,True
Austria,Healthcare and Life Sciences,2020,3,True
Austria,Healthcare and Life Sciences,2021,64,True
Germany,Healthcare and Life Sciences,2021,63,True
Nigeria,Healthcare and Life Sciences,2022,0,True
New Zealand,Healthcare and Life Sciences,2021,4,True
Malaysia,Healthcare and Life Sciences,2024,0,True
Austria,Information Technology,2017,5,True
Australia,Information Technology,2021,475,True
Estonia,Information Technology,2017,17,True
Saudi Arabia,Information Technology,2020,10,True
Finland,Information Technology,2018,4,True
Kenya,Information Technology,2019,0,True
Bangladesh,Information Technology,2025,0,True
France,Information Technology,2016,51,True
Qatar,Information Technology,2024,0,True
Slovakia,Information Technology,2022,1,True
Germany,Information Technology,2025,1805,True
United Arab Emirates,Information Technology,2026,80,False
France,Lending and Investments,2016,1,True
United Arab Emirates,Lending and Investments,2018,0,True
Sweden,Lending and Investments,2024,2,True
United Kingdom,Lending and Investments,2020,93,True
Israel,Manufacturing,2018,17,True
France,Manufacturing,2026,372,False
Luxembourg,Manufacturing,2018,0,True
Bulgaria,Manufacturing,2017,2,True
Japan,Media and Entertainment,2026,27,False
Portugal,Media and Entertainment,2019,8,True
Germany,Media and Entertainment,2021,81,True
Israel,Media and Entertainment,2022,79,True
Turkey,Media and Entertainment,2024,0,True
Nigeria,Media and Entertainment,2024,0,True
Singapore,Media and Entertainment,2019,1498,True
Ireland,Media and Entertainment,2017,3,True
Panama,Media and Entertainment,2025,0,True
Canada,"Military, public safety and government",2023,1,True
United Kingdom,"Military, public safety and government",2026,41,False
France,"Military, public safety and government",2026,66,False
Portugal,"Military, public safety and government",2022,11,True
Slovenia,"Mobile, platforms & Internet services",2022,3,True
United Arab Emirates,"Mobile, platforms & Internet services",2025,46,True
Uruguay,"Mobile, platforms & Internet services",2017,0,True
Hungary,"Mobile, platforms & Internet services",2022,2,True
Switzerland,"Mobile, platforms & Internet services",2017,45,True
South Korea,"Mobile, platforms & Internet services",2021,1995,True
Lithuania,"Mobile, platforms & Internet services",2020,0,True
Netherlands,"Mobile, platforms & Internet services",2018,2,True
Italy,"Mobile, platforms & Internet services",2021,13,True
Oman,"Mobile, platforms & Internet services",2025,0,True
Mexico,"Mobile, platforms & Internet services",2024,0,True
Norway,"Mobile, platforms & Internet services",2020,5,True
Colombia,NLP,2023,0,True
China,NLP,2026,422,False
Israel,NLP,2018,1,True
Japan,NLP,2025,9,True
Canada,Navigation and mapping,2019,1,True
Germany,Navigation and mapping,2023,34,True
Spain,Other,2026,52,False
South Korea,Other,2020,5,True
France,Other,2023,26,True
Hungary,Other,2019,1,True
Switzerland,Other,2021,3,True
Canada,Other,2022,1027,True
Brazil,Other,2026,0,False
Netherlands,Privacy and Security,2020,5,True
Bulgaria,Privacy and Security,2022,0,True
Greece,Privacy and Security,2022,7,True
Lithuania,Privacy and Security,2024,1,True
Chile,Professional services,2019,0,True
Japan,Professional services,2017,11,True
Mexico,Professional services,2021,0,True
Dominican Republic,Professional services,2024,0,True
Iceland,Professional services,2017,0,True
India,Professional services,2024,72,True
Spain,Professional services,2019,7,True
Hungary,Professional services,2020,1,True
Saudi Arabia,Professional services,2023,0,True
Israel,Professional services,2017,8,True
Israel,Professional services,2022,48,True
Estonia,Professional services,2016,2,True
New Zealand,Professional services,2020,2,True
Serbia,Professional services,2021,0,True
Cyprus,Professional services,2020,20,True
Norway,Real estate,2023,1,True
South Africa,Real estate,2025,0,True
United Kingdom,Real estate,2026,214,False
Colombia,Real estate,2020,0,True
Mexico,Real estate,2021,2,True
Israel,Real estate,2019,14,True
Lithuania,Real estate,2020,0,True
Sweden,Real estate,2021,11,True
Austria,Robotics,2017,1,True
Australia,Robotics,2016,0,True
Sweden,Robotics,2016,1,True
Japan,Robotics,2019,84,True
Japan,Robotics,2022,5,True
Germany,Robotics,2024,343,True
Egypt,"Sales, retail, commerce, marketing",2018,0,True
Argentina,"Sales, retail, commerce, marketing",2024,0,True
Brazil,"Sales, retail, commerce, marketing",2021,84,True
Georgia,"Sales, retail, commerce, marketing",2024,0,True
Malaysia,"Sales, retail, commerce, marketing",2026,31,False
Finland,"Sales, retail, commerce, marketing",2018,1,True
China,"Sales, retail, commerce, marketing",2026,112,False
Russia,"Sales, retail, commerce, marketing",2017,2,True
Bangladesh,"Sales, retail, commerce, marketing",2024,0,True
Israel,"Sales, retail, commerce, marketing",2021,120,True
Israel,"Sales, retail, commerce, marketing",2023,40,True
Chile,"Sales, retail, commerce, marketing",2022,1,True
Canada,Semiconductor,2025,4,True
India,Simulation,2026,0,False
Czechia,Simulation,2020,1,True
Azerbaijan,Software,2025,0,True
Slovakia,Software,2025,10,True
Nigeria,Software,2023,2,True
South Africa,Software,2021,36,True
Lithuania,Software,2023,3,True
Romania,Software,2018,0,True
Austria,Software,2018,10,True
United Kingdom,Software,2017,485,True
United Kingdom,Software,2025,5387,True
Bulgaria,Software,2018,0,True
Australia,Software,2019,88,True
Russia,Software,2024,4,True
Luxembourg,Software,2019,1,True
Luxembourg,Software,2026,5,False
Jamaica,Software,2026,2,False
Peru,Software,2023,1,True
Turkey,Software,2023,41,True
Italy,Sports,2023,0,True
Japan,Sports,2022,0,True
United Arab Emirates,Sports,2021,1,True
Spain,Sports,2023,1,True
Finland,Telecommunications,2021,1,True
Czechia,Telecommunications,2016,0,True
Brazil,Telecommunications,2025,16,True
France,Telecommunications,2020,37,True
Slovakia,Telecommunications,2024,5,True
Netherlands,Telecommunications,2017,2,True
Italy,Telecommunications,2025,15,True
India,Telecommunications,2021,7,True
Germany,Telecommunications,2019,1,True
Finland,Transportation,2024,5,True
Finland,Transportation,2026,8,False
Portugal,Transportation,2026,1,False
Hungary,Transportation,2021,1,True
Switzerland,Transportation,2018,11,True
Switzerland,Transportation,2023,5,True
missing,Agriculture,2018,1,True
Netherlands,Agriculture,2019,4,True
Netherlands,Agriculture,2022,4,True
Ukraine,Agriculture,2017,0,True
Belize,All,2022,20,True
Uruguay,All,2026,1,False
missing,All,2022,7,True
Malaysia,All,2025,6,True
Lebanon,All,2016,1,True
Lebanon,All,2017,2,True
Seychelles,All,2024,2,True
China,All,2025,9581,True
France,All,2022,2095,True
Norway,All,2019,92,True
Greece,All,2016,13,True
South Africa,All,2016,1,True
Zambia,All,2025,0,True
Russia,All,2020,28,True
Bangladesh,All,2019,0,True
Turkey,All,2023,61,True
Israel,All,2025,4191,True
Armenia,All,2024,0,True
Armenia,All,2026,0,False
Ukraine,All,2016,0,True
Belgium,All,2016,4,True
Belgium,All,2017,286,True
Spain,Biotechnology,2018,1,True
Argentina,Biotechnology,2020,2,True
Finland,Biotechnology,2017,2,True
India,Biotechnology,2026,3,False
Estonia,Biotechnology,2023,0,True
Netherlands,Community and Lifestyle,2022,19,True
Netherlands,Community and Lifestyle,2025,22,True
Japan,Community and Lifestyle,2025,8,True
France,Community and Lifestyle,2017,1,True
France,Community and Lifestyle,2024,1,True
Denmark,Community and Lifestyle,2023,0,True
Turkey,Community and Lifestyle,2020,0,True
Thailand,Computer Vision,2022,0,True
Brazil,Computer Vision,2025,2,True
China,Computer Vision,2019,288,True
New Zealand,Consumer goods,2019,1,True
United Kingdom,Consumer goods,2020,361,True
Brazil,Consumer goods,2017,1,True
Sri Lanka,Consumer goods,2025,0,True
Portugal,Cyber Security,2025,5,True
Spain,Cyber Security,2022,0,True
France,Cyber Security,2022,39,True
Saudi Arabia,Data and analytics,2018,5,True
Saudi Arabia,Data and analytics,2022,1239,True
Ghana,Data and analytics,2025,0,True
Colombia,Data and analytics,2024,27,True
Romania,Data and analytics,2019,4,True
Estonia,Data and analytics,2017,1,True
Vietnam,Data and analytics,2022,4,True
South Africa,Data and analytics,2025,10,True
Taiwan,Data and analytics,2025,48,True
Uzbekistan,Data and analytics,2024,0,True
Bulgaria,Data and analytics,2021,15,True
France,Data and analytics,2018,189,True
Ukraine,Data and analytics,2019,4,True
Germany,Data and analytics,2024,963,True
Singapore,Data and analytics,2019,1653,True
Costa Rica,Education,2022,0,True
Italy,Education,2022,10,True
Austria,Education,2021,63,True
Bulgaria,Education,2018,0,True
Finland,Education,2017,2,True
United Kingdom,Education,2020,12,True
Romania,Energy and natural resources,2025,0,True
United Arab Emirates,Energy and natural resources,2026,50,False
Finland,Energy and natural resources,2019,2,True
Australia,Energy and natural resources,2023,58,True
Colombia,Energy and natural resources,2021,4,True
Tunisia,Energy and natural resources,2022,0,True
Taiwan,Energy and natural resources,2020,3,True
Austria,Energy and natural resources,2025,4,True
Israel,Facial Recognition,2018,3,True
Cyprus,Facial Recognition,2020,1,True
Cambodia,Finance,2018,0,True
Thailand,Finance,2022,5,True
Ghana,Finance,2018,1,True
Malaysia,Finance,2020,1,True
Pakistan,Finance,2025,0,True
South Korea,Finance,2018,4,True
Romania,Finance,2022,0,True
Canada,Finance,2022,42,True
Poland,Finance,2023,0,True
Israel,Finance,2020,84,True
Philippines,Finance,2025,90,True
Sweden,Gaming,2021,30,True
Kazakhstan,General purpose,2024,1,True
Lebanon,General purpose,2016,1,True
Lebanon,General purpose,2020,0,True
New Zealand,General purpose,2020,7,True
Croatia,General purpose,2025,2,True
Mexico,General purpose,2017,1,True
France,General purpose,2021,581,True
Mongolia,General purpose,2018,0,True
Bangladesh,General purpose,2024,1,True
Hungary,General purpose,2018,6,True
Qatar,General purpose,2023,1,True
Peru,General purpose,2020,3,True
Italy,General purpose,2026,86,False
Romania,General purpose,2020,2,True
Romania,General purpose,2021,13,True
Romania,General purpose,2024,3,True
Portugal,Hardware,2017,1,True
Mexico,Hardware,2025,1,True
Spain,Hardware,2020,18,True
Bulgaria,Hardware,2025,37,True
Netherlands,Hardware,2024,137,True
Philippines,Hardware,2026,6,False
United Kingdom,Hardware,2019,2498,True
United Kingdom,Hardware,2025,1015,True
New Zealand,Hardware,2021,1052,True
Pakistan,Hardware,2026,3,False
Austria,Hardware,2021,2,True
India,Hardware,2020,11958,True
Malaysia,Hardware,2019,6,True
Netherlands,Healthcare and Life Sciences,2021,37,True
Greece,Healthcare and Life Sciences,2018,0,True
France,Healthcare and Life Sciences,2026,574,False
Japan,Healthcare and Life Sciences,2020,34,True
Belgium,Healthcare and Life Sciences,2025,5,True
Cyprus,Healthcare and Life Sciences,2024,0,True
Saudi Arabia,Healthcare and Life Sciences,2017,1,True
Switzerland,Healthcare and Life Sciences,2026,48,False
Australia,Healthcare and Life Sciences,2017,3,True
Malaysia,Healthcare and Life Sciences,2023,1,True
Spain,Healthcare and Life Sciences,2021,40,True
Spain,Healthcare and Life Sciences,2026,24,False
Denmark,Information Technology,2018,5,True
India,Information Technology,2024,161,True
Taiwan,Information Technology,2021,45,True
Austria,Information Technology,2021,41,True
Australia,Information Technology,2019,17,True
Philippines,Information Technology,2021,0,True
China,Information Technology,2025,410,True
Portugal,Information Technology,2021,60,True
New Zealand,Information Technology,2026,13,False
Uruguay,Information Technology,2024,1,True
Zambia,Information Technology,2023,0,True
Nigeria,Information Technology,2020,1,True
Nigeria,Information Technology,2022,0,True
Chile,Information Technology,2023,3,True
Israel,Information Technology,2017,63,True
Greece,Information Technology,2024,1,True
Slovakia,Information Technology,2016,1,True
Czechia,Lending and Investments,2016,0,True
Spain,Lending and Investments,2019,3,True
Spain,Lending and Investments,2021,1,True
Vietnam,Lending and Investments,2019,1,True
Denmark,Lending and Investments,2020,12,True
Bulgaria,Lending and Investments,2022,0,True
Costa Rica,Lending and Investments,2026,0,False
Estonia,Manufacturing,2016,8,True
China,Manufacturing,2018,534,True
China,Manufacturing,2023,1309,True
Romania,Manufacturing,2020,0,True
United Kingdom,Manufacturing,2016,7,True
Sweden,Manufacturing,2017,0,True
Chile,Manufacturing,2018,0,True
Poland,Manufacturing,2023,1,True
South Korea,Manufacturing,2022,26,True
Finland,Media and Entertainment,2018,2,True
Hungary,Media and Entertainment,2016,0,True
Germany,Media and Entertainment,2019,3,True
China,Media and Entertainment,2017,2316,True
Indonesia,Media and Entertainment,2024,0,True
United States,Media and Entertainment,2022,1026,True
South Korea,Media and Entertainment,2024,44,True
India,Media and Entertainment,2018,8,True
Israel,"Military, public safety and government",2020,9,True
Netherlands,"Military, public safety and government",2022,2,True
Sweden,"Military, public safety and government",2023,2,True
Poland,"Military, public safety and government",2026,3,False
Switzerland,"Mobile, platforms & Internet services",2025,41,True
China,"Mobile, platforms & Internet services",2025,258,True
Czechia,"Mobile, platforms & Internet services",2016,0,True
Mongolia,"Mobile, platforms & Internet services",2019,0,True
France,"Mobile, platforms & Internet services",2020,74,True
Lithuania,"Mobile, platforms & Internet services",2025,0,True
Croatia,"Mobile, platforms & Internet services",2024,0,True
Cyprus,"Mobile, platforms & Internet services",2023,0,True
Singapore,"Mobile, platforms & Internet services",2018,174,True
Singapore,"Mobile, platforms & Internet services",2020,482,True
Turkey,"Mobile, platforms & Internet services",2022,14,True
Indonesia,"Mobile, platforms & Internet services",2017,1,True
Pakistan,"Mobile, platforms & Internet services",2017,0,True
Belgium,"Mobile, platforms & Internet services",2022,134,True
Belgium,"Mobile, platforms & Internet services",2024,98,True
Romania,"Mobile, platforms & Internet services",2020,0,True
Vietnam,NLP,2022,3,True
Mexico,NLP,2017,1,True
Mexico,NLP,2024,0,True
Netherlands,NLP,2019,5,True
Saudi Arabia,NLP,2022,3,True
Finland,NLP,2017,1,True
Spain,NLP,2017,3,True
Canada,Navigation and mapping,2017,0,True
Canada,Navigation and mapping,2018,2,True
Japan,Navigation and mapping,2021,1,True
Brazil,Navigation and mapping,2024,26,True
South Korea,Navigation and mapping,2022,3,True
Germany,Other,2026,59,False
Malaysia,Other,2022,0,True
Malaysia,Other,2024,3,True
Italy,Other,2025,3,True
India,Other,2025,12,True
Finland,Other,2020,5,True
South Korea,Other,2022,158,True
France,Other,2021,22,True
South Africa,Other,2023,3,True
Turkey,Other,2023,0,True
Canada,Other,2019,3,True
Iceland,Privacy and Security,2019,1,True
Iceland,Privacy and Security,2022,3,True
France,Privacy and Security,2024,26,True
Czechia,Privacy and Security,2020,1,True
Belgium,Privacy and Security,2023,218,True
Switzerland,Privacy and Security,2016,0,True
Italy,Privacy and Security,2022,0,True
Nigeria,Professional services,2022,2,True
France,Professional services,2025,317,True
Czechia,Professional services,2016,0,True
India,Professional services,2020,9,True
United Kingdom,Professional services,2016,37,True
United Kingdom,Professional services,2021,242,True
Uruguay,Professional services,2025,0,True
Brazil,Professional services,2016,2,True
Greece,Professional services,2021,0,True
Turkey,Professional services,2023,3,True
Estonia,Professional services,2019,3,True
Japan,Real estate,2019,2,True
Portugal,Robotics,2017,0,True
Austria,Robotics,2019,0,True
Austria,Robotics,2020,9,True
Japan,Robotics,2026,1522,False
Estonia,"Sales, retail, commerce, marketing",2019,1,True
Norway,"Sales, retail, commerce, marketing",2026,1,False
Brazil,"Sales, retail, commerce, marketing",2019,13,True
Vietnam,"Sales, retail, commerce, marketing",2023,0,True
Kenya,"Sales, retail, commerce, marketing",2023,1,True
Mauritius,"Sales, retail, commerce, marketing",2021,0,True
Germany,"Sales, retail, commerce, marketing",2022,78,True
Australia,"Sales, retail, commerce, marketing",2025,41,True
Ireland,"Sales, retail, commerce, marketing",2022,101,True
Ireland,"Sales, retail, commerce, marketing",2024,25,True
Japan,Semiconductor,2019,4,True
South Korea,Semiconductor,2020,2,True
Netherlands,Semiconductor,2020,3,True
United Kingdom,Simulation,2026,37,False
France,Simulation,2021,5,True
Slovakia,Simulation,2022,0,True
Malaysia,Software,2021,147,True
Norway,Software,2023,71,True
Sweden,Software,2020,3477,True
missing,Software,2018,4,True
Finland,Software,2017,22,True
Slovenia,Software,2019,0,True
Egypt,Software,2016,0,True
South Africa,Software,2019,5,True
South Africa,Software,2020,34,True
United Kingdom,Software,2016,650,True
Venezuela,Software,2019,1,True
Australia,Software,2018,65,True
Russia,Software,2023,1,True
Singapore,Software,2024,2975,True
Denmark,Software,2026,50,False
Serbia,Software,2019,0,True
Czechia,Software,2022,89,True
Turkey,Software,2022,42,True
Singapore,Sports,2022,2,True
Turkey,Sports,2022,1,True
Luxembourg,Sports,2021,0,True
Brazil,Sports,2021,2,True
Italy,Sports,2018,0,True
Romania,Sports,2023,0,True
Taiwan,Telecommunications,2021,0,True
Luxembourg,Transportation,2018,1,True
France,Transportation,2017,97,True
Spain,Transportation,2017,1,True
Kenya,Transportation,2026,0,False
Italy,Transportation,2025,7,True
Denmark,Transportation,2025,1,True
Ukraine,Transportation,2023,2,True
Morocco,Transportation,2022,0,True
Vietnam,Transportation,2021,1,True
Austria,Transportation,2025,21,True
Saudi Arabia,Transportation,2019,0,True
Saudi Arabia,Transportation,2024,1,True
Netherlands,Transportation,2025,7,True
Switzerland,Agriculture,2025,7,True
Norway,Agriculture,2016,5,True
Australia,Agriculture,2026,1,False
France,Agriculture,2023,10,True
Italy,Agriculture,2021,1,True
China,Agriculture,2021,45,True
Brazil,Agriculture,2021,3,True
Estonia,Agriculture,2023,2,True
Saudi Arabia,All,2017,20,True
Italy,All,2024,228,True
Brazil,All,2021,1137,True
Jordan,All,2016,0,True
China,All,2020,12486,True
Uzbekistan,All,2022,1,True
France,All,2025,4783,True
Norway,All,2016,8,True
Oman,All,2025,1,True
Tunisia,All,2024,5,True
Mexico,All,2017,6,True
Mexico,All,2025,170,True
South Korea,All,2018,285,True
South Korea,All,2025,2149,True
Czechia,All,2021,142,True
Egypt,All,2020,1,True
Turkey,All,2020,8,True
Poland,All,2018,17,True
Germany,All,2025,6762,True
United States,Biotechnology,2020,589,True
Australia,Biotechnology,2023,5,True
Switzerland,Biotechnology,2026,5,False
Chile,Community and Lifestyle,2023,0,True
Singapore,Community and Lifestyle,2016,1,True
Brazil,Community and Lifestyle,2018,1,True
China,Community and Lifestyle,2021,95,True
China,Community and Lifestyle,2024,29,True
United Arab Emirates,Community and Lifestyle,2022,1,True
Germany,Computer Vision,2016,6,True
Switzerland,Computer Vision,2016,3,True
Thailand,Computer Vision,2018,0,True
France,Computer Vision,2024,260,True
Indonesia,Computer Vision,2021,0,True
Saudi Arabia,Computer Vision,2020,0,True
Canada,Consumer goods,2020,11,True
South Korea,Consumer goods,2016,1,True
Netherlands,Consumer goods,2019,7,True
China,Consumer goods,2021,128,True
China,Consumer goods,2022,37,True
Australia,Cyber Security,2023,0,True
Netherlands,Cyber Security,2020,4,True
Sweden,Cyber Security,2023,1,True
Bosnia and Herzegovina,Data and analytics,2016,0,True
Philippines,Data and analytics,2024,16,True
Uruguay,Data and analytics,2020,2,True
Colombia,Data and analytics,2022,13,True
Indonesia,Data and analytics,2017,1,True
South Africa,Data and analytics,2018,14,True
South Africa,Data and analytics,2019,5,True
Australia,Data and analytics,2021,627,True
Sweden,Data and analytics,2022,82,True
Egypt,Data and analytics,2024,1,True
Portugal,Data and analytics,2023,15,True
Greece,Data and analytics,2024,2,True
Cyprus,Data and analytics,2018,2,True
Latvia,Data and analytics,2026,0,False
Malaysia,Data and analytics,2023,62,True
Nigeria,Data and analytics,2022,3,True
Taiwan,Education,2019,1,True
Bangladesh,Education,2023,1,True
Argentina,Education,2021,0,True
United Arab Emirates,Education,2024,1,True
Lebanon,Education,2017,1,True
Spain,Education,2016,0,True
South Korea,Education,2017,4,True
South Korea,Education,2026,3,False
Luxembourg,Energy and natural resources,2021,109,True
Poland,Energy and natural resources,2020,0,True
South Korea,Energy and natural resources,2018,3,True
Portugal,Energy and natural resources,2018,1,True
Portugal,Energy and natural resources,2025,3,True
United States,Energy and natural resources,2018,315,True
Italy,Energy and natural resources,2016,0,True
Canada,Energy and natural resources,2018,9,True
United Kingdom,Energy and natural resources,2016,15,True
United Kingdom,Energy and natural resources,2023,36,True
missing,Energy and natural resources,2025,151,True
Brazil,Energy and natural resources,2021,0,True
Nigeria,Energy and natural resources,2024,1,True
India,Energy and natural resources,2017,0,True
Japan,Energy and natural resources,2018,9,True
Singapore,Finance,2016,11,True
Portugal,Finance,2024,1,True
Iceland,Finance,2016,1,True
Iceland,Finance,2017,0,True
Italy,Finance,2023,3,True
Colombia,Finance,2025,1,True
Indonesia,Finance,2019,1,True
Denmark,Finance,2019,11,True
Netherlands,Finance,2025,138,True
Finland,Finance,2018,2,True
Jordan,Finance,2022,0,True
Israel,Finance,2025,31,True
Mauritius,Finance,2021,20,True
Germany,Gaming,2019,0,True
China,Gaming,2016,6,True
Turkey,Gaming,2017,0,True
Chile,Gaming,2016,0,True
Sweden,Gaming,2017,1,True
United States,General purpose,2026,141424,False
Australia,General purpose,2016,14,True
Ghana,General purpose,2021,0,True
missing,General purpose,2017,3,True
Kenya,General purpose,2025,1,True
Cyprus,General purpose,2024,37,True
Brazil,General purpose,2017,7,True
United Kingdom,General purpose,2022,2211,True
Indonesia,General purpose,2026,0,False
Rwanda,General purpose,2023,0,True
Nigeria,General purpose,2021,0,True
Luxembourg,General purpose,2026,4,False
Romania,General purpose,2019,3,True
Latvia,Hardware,2022,1,True
Sweden,Hardware,2021,4542,True
Egypt,Hardware,2026,0,False
Poland,Hardware,2023,4,True
New Zealand,Hardware,2025,1,True
Austria,Hardware,2017,3,True
Iceland,Hardware,2026,1600,False
Romania,Hardware,2023,1,True
Romania,Hardware,2024,1,True
India,Hardware,2021,16,True
Malaysia,Hardware,2020,2,True
Indonesia,Hardware,2025,0,True
Kazakhstan,Hardware,2023,1,True
Turkey,Hardware,2023,12,True
Saudi Arabia,Hardware,2023,4,True
Netherlands,Healthcare and Life Sciences,2023,21,True
France,Healthcare and Life Sciences,2020,47,True
Vietnam,Healthcare and Life Sciences,2024,0,True
Brazil,Healthcare and Life Sciences,2018,0,True
Portugal,Healthcare and Life Sciences,2023,6,True
Russia,Healthcare and Life Sciences,2020,5,True
Turkey,Healthcare and Life Sciences,2021,1,True
Bangladesh,Healthcare and Life Sciences,2024,0,True
Hungary,Healthcare and Life Sciences,2026,4,False
Spain,Healthcare and Life Sciences,2025,18,True
Lithuania,Information Technology,2020,0,True
Taiwan,Information Technology,2020,16,True
Hungary,Information Technology,2025,3,True
Vietnam,Information Technology,2024,1,True
China,Information Technology,2024,464,True
Indonesia,Information Technology,2020,2,True
Indonesia,Information Technology,2022,0,True
South Africa,Information Technology,2018,0,True
Israel,Information Technology,2026,4810,False
Ireland,Information Technology,2017,10,True
Mexico,Lending and Investments,2019,0,True
Germany,Lending and Investments,2021,51,True
Singapore,Lending and Investments,2021,25,True
South Korea,Lending and Investments,2023,2,True
Netherlands,Lending and Investments,2020,3,True
Japan,Lending and Investments,2021,15,True
Brazil,Lending and Investments,2019,4,True
Singapore,Manufacturing,2016,3,True
Canada,Manufacturing,2026,4840,False
Czechia,Manufacturing,2023,1,True
Greece,Manufacturing,2025,1,True
France,Manufacturing,2017,6,True
Taiwan,Manufacturing,2025,25,True
Sweden,Manufacturing,2016,0,True
Poland,Manufacturing,2025,5,True
Czechia,Media and Entertainment,2019,1,True
Italy,Media and Entertainment,2024,6,True
Romania,Media and Entertainment,2017,0,True
Romania,Media and Entertainment,2018,0,True
India,Media and Entertainment,2017,1,True
China,"Military, public safety and government",2017,3,True
Iceland,"Military, public safety and government",2024,0,True
Estonia,"Military, public safety and government",2022,3,True
Spain,"Military, public safety and government",2016,1,True
India,"Military, public safety and government",2016,0,True
India,"Military, public safety and government",2021,0,True
Uruguay,"Mobile, platforms & Internet services",2021,0,True
Poland,"Mobile, platforms & Internet services",2016,4,True
Poland,"Mobile, platforms & Internet services",2019,4,True
Australia,"Mobile, platforms & Internet services",2019,10,True
Sweden,"Mobile, platforms & Internet services",2016,7,True
Sweden,"Mobile, platforms & Internet services",2025,48,True
Finland,"Mobile, platforms & Internet services",2017,3,True
France,"Mobile, platforms & Internet services",2024,815,True
Belgium,"Mobile, platforms & Internet services",2021,241,True
Switzerland,NLP,2019,0,True
Hungary,NLP,2019,2,True
Norway,NLP,2018,0,True
China,NLP,2021,18,True
Spain,NLP,2020,4,True
Israel,NLP,2017,5,True
Singapore,NLP,2025,0,True
Finland,Navigation and mapping,2017,2,True
Singapore,Navigation and mapping,2026,0,False
South Africa,Navigation and mapping,2022,0,True
United Kingdom,Navigation and mapping,2021,14,True
Spain,Navigation and mapping,2017,1,True
France,Navigation and mapping,2018,5,True
Estonia,Other,2023,1,True
Saudi Arabia,Other,2020,3,True
Singapore,Other,2025,5,True
Cyprus,Other,2023,1,True
South Africa,Other,2020,0,True
Austria,Other,2024,1,True
Côte d'Ivoire,Other,2025,0,True
Singapore,Privacy and Security,2022,37,True
United States,Privacy and Security,2026,4878,False
Netherlands,Privacy and Security,2021,118,True
Qatar,Privacy and Security,2022,0,True
Bulgaria,Privacy and Security,2021,0,True
Japan,Privacy and Security,2026,2,False
South Korea,Privacy and Security,2019,10,True
Brazil,Privacy and Security,2023,1,True
Saudi Arabia,Privacy and Security,2025,11,True
United Kingdom,Privacy and Security,2020,93,True
France,Professional services,2026,125,False
Italy,Professional services,2026,12,False
India,Professional services,2018,7,True
Israel,Professional services,2025,60,True
Poland,Professional services,2022,0,True
Ukraine,Professional services,2018,0,True
Germany,Real estate,2023,26,True
India,Real estate,2018,0,True
Spain,Real estate,2021,0,True
Ireland,Real estate,2019,1,True
Belgium,Real estate,2023,216,True
Sri Lanka,Real estate,2025,0,True
Singapore,Real estate,2020,0,True
Denmark,Robotics,2018,6,True
Philippines,Robotics,2026,6,False
missing,Robotics,2024,0,True
United Kingdom,Robotics,2024,38,True
Norway,Robotics,2021,18,True
United States,"Sales, retail, commerce, marketing",2022,8147,True
Ghana,"Sales, retail, commerce, marketing",2023,0,True
Turkey,"Sales, retail, commerce, marketing",2016,9,True
India,"Sales, retail, commerce, marketing",2019,74,True
Finland,"Sales, retail, commerce, marketing",2021,5,True
Finland,"Sales, retail, commerce, marketing",2024,9,True
Finland,"Sales, retail, commerce, marketing",2026,0,False
Portugal,"Sales, retail, commerce, marketing",2022,1,True
China,"Sales, retail, commerce, marketing",2018,324,True
Vietnam,"Sales, retail, commerce, marketing",2020,1,True
Vietnam,"Sales, retail, commerce, marketing",2021,8,True
Poland,"Sales, retail, commerce, marketing",2019,7,True
Peru,"Sales, retail, commerce, marketing",2023,0,True
Chile,"Sales, retail, commerce, marketing",2020,0,True
Chile,"Sales, retail, commerce, marketing",2021,3,True
Slovakia,"Sales, retail, commerce, marketing",2024,5,True
Switzerland,Semiconductor,2021,25,True
Canada,Semiconductor,2020,4,True
United States,Simulation,2023,23,True
Japan,Simulation,2023,0,True
Japan,Simulation,2025,1,True
missing,Software,2023,15,True
Slovenia,Software,2023,20,True
Qatar,Software,2022,3,True
Japan,Software,2023,312,True
United Arab Emirates,Software,2017,11,True
United Arab Emirates,Software,2025,427,True
Pakistan,Software,2022,1,True
South Africa,Software,2025,21,True
Thailand,Software,2021,5,True
Kazakhstan,Software,2022,0,True
Ukraine,Software,2018,0,True
Colombia,Software,2023,17,True
Australia,Software,2026,5810,False
Seychelles,Software,2017,1,True
Mexico,Software,2017,3,True
Mexico,Software,2024,12,True
Denmark,Software,2021,90,True
Czechia,Software,2026,10,False
United Kingdom,Speech Recognition,2017,0,True
Kenya,Sports,2021,1,True
Poland,Sports,2022,0,True
Russia,Telecommunications,2019,5,True
France,Telecommunications,2019,2,True
India,Telecommunications,2025,0,True
France,Transportation,2020,12,True
Germany,Transportation,2017,15,True
Italy,Transportation,2023,3,True
Vietnam,Transportation,2019,0,True
Qatar,Transportation,2026,1,False
Estonia,Transportation,2017,16,True
Netherlands,Transportation,2016,1,True
Kazakhstan,Agriculture,2020,0,True
Switzerland,Agriculture,2024,0,True
Turkey,Agriculture,2019,0,True
Turkey,Agriculture,2025,3,True
Australia,Agriculture,2018,2,True
France,Agriculture,2026,3,False
Tunisia,Agriculture,2019,0,True
Kenya,Agriculture,2018,2,True
South Korea,Agriculture,2022,1,True
Saudi Arabia,All,2019,39,True
Italy,All,2016,12,True
Italy,All,2022,56,True
Vietnam,All,2022,29,True
Botswana,All,2016,0,True
Brazil,All,2020,414,True
Brazil,All,2024,733,True
Qatar,All,2023,2,True
Hungary,All,2022,33,True
Philippines,All,2024,37,True
Seychelles,All,2016,1,True
Costa Rica,All,2025,2,True
Nigeria,All,2017,0,True
Sweden,All,2016,46,True
Egypt,All,2023,9,True
Spain,All,2018,83,True
Taiwan,All,2019,40,True
India,All,2022,3130,True
Luxembourg,All,2016,0,True
Belgium,All,2018,26,True
Indonesia,All,2025,14,True
Sri Lanka,All,2021,0,True
Czechia,Biotechnology,2024,0,True
United States,Biotechnology,2018,353,True
Denmark,Biotechnology,2026,4,False
Cyprus,Biotechnology,2024,3,True
Singapore,Biotechnology,2023,19,True
Germany,Biotechnology,2021,32,True
Japan,Biotechnology,2022,4,True
United Kingdom,Biotechnology,2025,256,True
Singapore,Community and Lifestyle,2024,7,True
Saudi Arabia,Community and Lifestyle,2021,9,True
Chile,Computer Vision,2024,0,True
Spain,Computer Vision,2020,14,True
Australia,Consumer goods,2023,17,True
Finland,Consumer goods,2019,0,True
Hungary,Consumer goods,2021,0,True
Israel,Cyber Security,2016,4,True
Israel,Cyber Security,2018,9,True
China,Cyber Security,2017,27,True
Saudi Arabia,Data and analytics,2019,16,True
Kuwait,Data and analytics,2023,4,True
Indonesia,Data and analytics,2022,6,True
Estonia,Data and analytics,2016,2,True
South Africa,Data and analytics,2022,118,True
Pakistan,Data and analytics,2020,0,True
Jordan,Data and analytics,2016,0,True
Jordan,Data and analytics,2023,0,True
Mexico,Data and analytics,2026,26,False
Serbia,Data and analytics,2021,0,True
Spain,Data and analytics,2018,34,True
Slovenia,Data and analytics,2022,3,True
United Arab Emirates,Data and analytics,2026,381,False
Latvia,Data and analytics,2023,0,True
Latvia,Data and analytics,2024,2,True
Netherlands,Data and analytics,2021,212,True
Uganda,Data and analytics,2019,0,True
Japan,Education,2022,0,True
Taiwan,Education,2023,3,True
Italy,Education,2026,1,False
United States,Education,2023,333,True
Austria,Education,2017,1,True
Canada,Education,2026,0,False
Thailand,Energy and natural resources,2018,0,True
France,Energy and natural resources,2018,15,True
Israel,Facial Recognition,2022,4,True
South Korea,Facial Recognition,2022,1,True
Burkina Faso,Finance,2023,0,True
China,Finance,2019,64,True
Mexico,Finance,2024,6,True
Switzerland,Finance,2018,9,True
Taiwan,Finance,2020,0,True
Austria,Finance,2020,3,True
Saudi Arabia,Finance,2019,5,True
Saudi Arabia,Finance,2025,594,True
Brazil,Finance,2021,20,True
Japan,Finance,2023,3,True
Sri Lanka,Gaming,2019,1,True
India,Gaming,2025,2,True
South Korea,Gaming,2022,11,True
Switzerland,Gaming,2020,0,True
Finland,General purpose,2017,20,True
Iceland,General purpose,2022,6,True
South Africa,General purpose,2026,13,False
Netherlands,General purpose,2018,47,True
Taiwan,General purpose,2025,60,True
Cyprus,General purpose,2025,18,True
Russia,General purpose,2020,13,True
Morocco,General purpose,2022,0,True
Egypt,General purpose,2019,2,True
Bosnia and Herzegovina,General purpose,2020,0,True
Italy,Hardware,2025,20,True
Cyprus,Hardware,2026,0,False
Singapore,Hardware,2018,98,True
United Arab Emirates,Hardware,2024,0,True
France,Hardware,2017,38,True
Belgium,Hardware,2019,2,True
India,Hardware,2018,325,True
Switzerland,Hardware,2025,90,True
Canada,Healthcare and Life Sciences,2017,6,True
Sri Lanka,Healthcare and Life Sciences,2024,1,True
Portugal,Healthcare and Life Sciences,2018,0,True
United States,Healthcare and Life Sciences,2020,1561,True
Denmark,Healthcare and Life Sciences,2019,1,True
Estonia,Healthcare and Life Sciences,2023,3,True
Nigeria,Healthcare and Life Sciences,2025,0,True
Hungary,Healthcare and Life Sciences,2021,1,True
New Zealand,Healthcare and Life Sciences,2019,1,True
Australia,Healthcare and Life Sciences,2019,13,True
Sweden,Healthcare and Life Sciences,2021,7,True
Latvia,Information Technology,2025,0,True
Georgia,Information Technology,2023,0,True
Norway,Information Technology,2019,21,True
United Kingdom,Information Technology,2022,1288,True
United Kingdom,Information Technology,2023,1173,True
Tunisia,Information Technology,2023,2,True
Turkey,Information Technology,2026,4,False
South Korea,Information Technology,2024,150,True
Colombia,Information Technology,2023,7,True
Kazakhstan,Information Technology,2019,0,True
Switzerland,Information Technology,2022,207,True
Egypt,Information Technology,2017,0,True
Finland,Information Technology,2022,38,True
Indonesia,Information Technology,2024,0,True
Spain,Information Technology,2017,37,True
Spain,Information Technology,2019,14,True
Bangladesh,Information Technology,2024,0,True
Singapore,Information Technology,2016,17,True
Belgium,Information Technology,2017,150,True
Ireland,Information Technology,2026,2,False
Canada,Lending and Investments,2021,11,True
Egypt,Lending and Investments,2022,0,True
United Arab Emirates,Lending and Investments,2023,5,True
United Kingdom,Lending and Investments,2026,85,False
Czechia,Manufacturing,2022,0,True
India,Manufacturing,2020,1,True
South Africa,Manufacturing,2020,3,True
Spain,Manufacturing,2016,14,True
Spain,Manufacturing,2018,2,True
Mexico,Manufacturing,2024,0,True
United Kingdom,Manufacturing,2024,75,True
missing,Manufacturing,2020,0,True
Italy,Manufacturing,2023,2,True
Australia,Media and Entertainment,2022,8,True
Hungary,Media and Entertainment,2019,1,True
Belgium,Media and Entertainment,2024,0,True
Nigeria,Media and Entertainment,2023,1,True
Indonesia,Media and Entertainment,2017,0,True
France,Media and Entertainment,2017,9,True
Sweden,Media and Entertainment,2025,3,True
Iceland,"Military, public safety and government",2019,0,True
United Kingdom,"Military, public safety and government",2024,32,True
France,"Military, public safety and government",2016,2,True
South Korea,"Military, public safety and government",2026,1,False
Israel,"Mobile, platforms & Internet services",2026,110,False
Thailand,"Mobile, platforms & Internet services",2023,1,True
Chile,"Mobile, platforms & Internet services",2024,0,True
Switzerland,"Mobile, platforms & Internet services",2022,192,True
Czechia,"Mobile, platforms & Internet services",2024,1,True
United States,"Mobile, platforms & Internet services",2019,5544,True
Italy,"Mobile, platforms & Internet services",2016,6,True
Italy,"Mobile, platforms & Internet services",2019,1,True
Brazil,"Mobile, platforms & Internet services",2016,0,True
Canada,"Mobile, platforms & Internet services",2024,95,True
Mexico,"Mobile, platforms & Internet services",2019,3,True
Italy,NLP,2020,0,True
India,NLP,2025,1,True
Germany,NLP,2022,7,True
Cambodia,NLP,2018,0,True
Finland,NLP,2018,1,True
Austria,NLP,2022,2,True
Spain,NLP,2025,1000,True
Belgium,NLP,2021,0,True
Japan,NLP,2021,14,True
Singapore,NLP,2019,0,True
Sweden,Navigation and mapping,2021,3,True
Sweden,Navigation and mapping,2022,1,True
Switzerland,Navigation and mapping,2017,0,True
Argentina,Navigation and mapping,2018,0,True
Poland,Navigation and mapping,2021,1,True
South Korea,Navigation and mapping,2019,1,True
Chile,Other,2023,0,True
Russia,Other,2023,0,True
Indonesia,Other,2025,0,True
Finland,Other,2023,2,True
New Zealand,Other,2020,0,True
Romania,Other,2023,1,True
Sweden,Other,2016,5,True
Denmark,Other,2025,10,True
Qatar,Other,2021,0,True
missing,Privacy and Security,2026,55051,False
Turkey,Privacy and Security,2022,2,True
Turkey,Privacy and Security,2025,2,True
Estonia,Privacy and Security,2019,3,True
Portugal,Privacy and Security,2023,0,True
Canada,Privacy and Security,2019,35,True
Romania,Privacy and Security,2025,3,True
France,Privacy and Security,2022,91,True
France,Privacy and Security,2025,152,True
Japan,Privacy and Security,2025,9,True
Hungary,Privacy and Security,2025,3,True
Chile,Professional services,2023,0,True
Australia,Professional services,2023,2,True
Canada,Professional services,2021,137,True
Colombia,Professional services,2023,0,True
Denmark,Professional services,2018,1,True
Spain,Professional services,2017,15,True
Brazil,Professional services,2026,19,False
China,Professional services,2018,52,True
Turkey,Professional services,2025,4,True
Japan,Real estate,2024,7,True
New Zealand,Real estate,2024,0,True
Canada,Real estate,2022,18,True
Luxembourg,Real estate,2021,109,True
Switzerland,Real estate,2025,22,True
Brazil,Real estate,2020,4,True
Italy,Robotics,2024,1,True
Australia,Robotics,2021,1,True
Netherlands,Robotics,2019,2,True
United States,Robotics,2025,1716,True
China,Robotics,2017,181,True
China,Robotics,2026,1529,False
Brazil,Robotics,2022,0,True
Turkey,Robotics,2021,1,True
Turkey,Robotics,2022,0,True
Chile,Robotics,2021,0,True
Israel,Robotics,2024,15,True
Germany,Robotics,2023,124,True
Germany,Robotics,2025,144,True
Austria,"Sales, retail, commerce, marketing",2025,3,True
Egypt,"Sales, retail, commerce, marketing",2019,0,True
United States,"Sales, retail, commerce, marketing",2026,5259,False
Taiwan,"Sales, retail, commerce, marketing",2020,6,True
Taiwan,"Sales, retail, commerce, marketing",2022,6,True
South Korea,"Sales, retail, commerce, marketing",2020,13,True
Greece,"Sales, retail, commerce, marketing",2020,1,True
Poland,"Sales, retail, commerce, marketing",2017,4,True
Thailand,"Sales, retail, commerce, marketing",2025,0,True
Belgium,"Sales, retail, commerce, marketing",2022,162,True
Romania,"Sales, retail, commerce, marketing",2026,1,False
Singapore,"Sales, retail, commerce, marketing",2023,188,True
Germany,Semiconductor,2022,3,True
China,Semiconductor,2020,53,True
China,Semiconductor,2023,142,True
China,Semiconductor,2024,152,True
Spain,Simulation,2020,3,True
Taiwan,Software,2024,85,True
Egypt,Software,2024,1,True
Germany,Software,2016,76,True
Bangladesh,Software,2019,0,True
Japan,Software,2017,206,True
Chile,Software,2025,9,True
Mongolia,Software,2019,0,True
Mongolia,Software,2022,0,True
Portugal,Software,2017,19,True
Greece,Software,2017,0,True
Belgium,Software,2022,296,True
Saint Kitts and Nevis,Software,2021,0,True
Romania,Software,2016,1,True
United Kingdom,Software,2022,2332,True
United States,Software,2025,105956,True
United States,Software,2026,143325,False
Australia,Software,2022,385,True
Vietnam,Software,2025,90,True
Mexico,Software,2018,0,True
Czechia,Software,2016,2,True
Colombia,Speech Recognition,2021,1,True
China,Speech Recognition,2025,9,True
France,Sports,2019,1,True
Netherlands,Sports,2022,2,True
Israel,Sports,2016,4,True
Poland,Sports,2018,0,True
Poland,Sports,2025,6,True
India,Sports,2021,1,True
Malaysia,Telecommunications,2022,1,True
Netherlands,Telecommunications,2023,165,True
Singapore,Telecommunications,2016,4,True
New Zealand,Transportation,2020,0,True
Australia,Transportation,2019,11,True
Singapore,Transportation,2016,0,True
United States,Transportation,2017,2197,True
Canada,Transportation,2023,120,True
Sweden,Transportation,2025,4,True
Finland,Transportation,2019,200,True
