country,field,year,num_patent_granted,complete
Singapore,Agriculture,2019,2,True
Romania,Agriculture,2017,0,True
Luxembourg,Agriculture,2018,0,True
Denmark,Agriculture,2021,0,False
France,Agriculture,2022,2,False
Portugal,Agriculture,2018,1,True
Belgium,Agriculture,2017,2,True
South Korea,Agriculture,2025,9,False
Ukraine,Agriculture,2023,0,False
Croatia,Agriculture,2018,1,True
San Marino,All,2018,1,True
Peru,All,2017,1,True
Peru,All,2019,2,True
Peru,All,2021,2,False
Austria,All,2019,5,True
Russia,All,2016,128,True
Brazil,All,2022,5,False
Spain,All,2023,29,False
United Kingdom,All,2025,1,False
Belgium,All,2021,9,False
Japan,All,2020,3745,False
France,All,2022,192,False
Switzerland,All,2017,1,True
Iran,All,2018,1,True
Peru,Analytics and Algorithms,2023,1,False
Brazil,Analytics and Algorithms,2019,22,True
Netherlands,Analytics and Algorithms,2025,2,False
Ukraine,Analytics and Algorithms,2023,0,False
Ukraine,Analytics and Algorithms,2024,0,False
Singapore,Analytics and Algorithms,2019,9,True
Belgium,Analytics and Algorithms,2017,0,True
Luxembourg,Analytics and Algorithms,2016,0,True
South Africa,Analytics and Algorithms,2025,0,False
Norway,Analytics and Algorithms,2021,2,False
Greece,Banking and Finance,2019,0,True
Israel,Banking and Finance,2021,0,False
Hungary,Banking and Finance,2016,2,True
Netherlands,Banking and Finance,2024,0,False
Bulgaria,Banking and Finance,2024,3,False
Mexico,Banking and Finance,2018,3,True
Turkey,Banking and Finance,2020,0,False
Brazil,Bio-Inspired Computing,2017,2,True
South Africa,Bio-Inspired Computing,2019,0,True
South Africa,Bio-Inspired Computing,2024,2,False
South Africa,Bio-Inspired Computing,2025,1,False
Malaysia,Bio-Inspired Computing,2016,0,True
Netherlands,Bio-Inspired Computing,2019,2,True
Norway,Bio-Inspired Computing,2022,0,False
San Marino,Bio-Inspired Computing,2018,0,True
Denmark,Bio-Inspired Computing,2018,3,True
Saudi Arabia,Bio-Inspired Computing,2021,0,False
Turkey,Bio-Inspired Computing,2017,0,True
Greece,Bio-Inspired Computing,2025,0,False
India,Bio-Inspired Computing,2016,8,True
Israel,Bio-Inspired Computing,2020,0,False
Switzerland,Bio-Inspired Computing,2016,0,True
Norway,Business,2023,0,False
United States,Business,2017,1406,True
Brazil,Business,2021,10,False
Russia,Computer Vision,2021,9,False
Germany,Computer Vision,2024,67,False
Taiwan,Computer Vision,2019,125,True
China,Computer Vision,2021,21426,False
Brazil,Computer Vision,2017,18,True
India,Computer Vision,2017,75,True
Croatia,Computer Vision,2022,0,False
Japan,Computer Vision,2023,275,False
Slovenia,Computer Vision,2018,3,True
Netherlands,Computing in Government,2019,0,True
Norway,Computing in Government,2022,0,False
Italy,Computing in Government,2019,0,True
Romania,Computing in Government,2019,0,True
Germany,Computing in Government,2022,1,False
Austria,Computing in Government,2017,0,True
Russia,Computing in Government,2017,1,True
South Africa,Control Methods,2017,0,True
Mexico,Control Methods,2020,13,False
Ukraine,Control Methods,2016,0,True
Ukraine,Control Methods,2022,0,False
Brazil,Control Methods,2022,3,False
Spain,Control Methods,2020,20,False
Taiwan,Control Methods,2024,19,False
San Marino,Control Methods,2020,0,False
Italy,Control Methods,2024,0,False
France,Control Methods,2019,41,True
Luxembourg,Control Methods,2018,0,True
Mexico,Distributed AI,2018,0,True
Belgium,Distributed AI,2025,0,False
Greece,Distributed AI,2018,0,True
Romania,Distributed AI,2022,0,False
Saudi Arabia,Distributed AI,2022,0,False
Turkey,Distributed AI,2019,0,True
United States,Distributed AI,2021,216,False
United States,Distributed AI,2022,106,False
United Kingdom,Distributed AI,2022,9,False
France,Education,2019,0,True
Serbia,Education,2018,0,True
Israel,Education,2017,0,True
Peru,Education,2022,0,False
Belgium,Education,2024,0,False
Indonesia,Education,2016,0,True
Ukraine,Education,2021,0,False
Ireland,Education,2022,0,False
Philippines,Education,2020,1,False
Lithuania,Education,2021,0,False
Finland,Education,2021,0,False
Czechia,Energy Management,2021,0,False
United States,Energy Management,2025,7,False
Israel,Energy Management,2017,0,True
South Korea,Energy Management,2018,196,True
Germany,Energy Management,2020,39,False
Kenya,Energy Management,2016,0,True
Belgium,Energy Management,2025,1,False
Greece,Energy Management,2022,0,False
Argentina,Energy Management,2019,0,True
Romania,Energy Management,2023,0,False
Hungary,Fuzzy Logic,2020,0,False
Turkey,Fuzzy Logic,2017,0,True
Peru,Fuzzy Logic,2020,0,False
Taiwan,Fuzzy Logic,2016,4,True
Taiwan,Fuzzy Logic,2017,8,True
Luxembourg,Fuzzy Logic,2021,2,False
Malaysia,Fuzzy Logic,2017,0,True
Malaysia,Fuzzy Logic,2018,3,True
Argentina,Fuzzy Logic,2019,0,True
Canada,Industry and Manufacturing,2017,37,True
New Zealand,Industry and Manufacturing,2021,0,False
France,Industry and Manufacturing,2022,10,False
Romania,Industry and Manufacturing,2021,0,False
Bulgaria,Industry and Manufacturing,2025,1,False
Luxembourg,Industry and Manufacturing,2023,6,False
Switzerland,Industry and Manufacturing,2018,1,True
Croatia,Industry and Manufacturing,2018,0,True
Czechia,Knowledge Representation,2024,0,False
Japan,Knowledge Representation,2025,0,False
Italy,Knowledge Representation,2017,0,True
Sweden,Knowledge Representation,2018,1,True
China,Knowledge Representation,2019,264,True
China,Knowledge Representation,2021,749,False
Australia,Knowledge Representation,2016,24,True
United States,Knowledge Representation,2020,1062,False
United States,Knowledge Representation,2022,399,False
Spain,Knowledge Representation,2025,0,False
Italy,Natural Language Processing,2021,1,False
Peru,Natural Language Processing,2019,0,True
Taiwan,Natural Language Processing,2022,14,False
Germany,Natural Language Processing,2018,11,True
Romania,Natural Language Processing,2023,0,False
Finland,Life Sciences,2019,11,True
Georgia,Life Sciences,2023,1,False
Canada,Life Sciences,2021,130,False
Croatia,Life Sciences,2020,0,False
Taiwan,Life Sciences,2016,15,True
Finland,Logic-Based Knowledge Systems,2016,0,True
Portugal,Logic-Based Knowledge Systems,2019,1,True
Paraguay,Logic-Based Knowledge Systems,2021,0,False
Croatia,Logic-Based Knowledge Systems,2020,1,False
Luxembourg,Logic-Based Knowledge Systems,2018,0,True
United States,Logic-Based Knowledge Systems,2024,103,False
South Africa,Logic-Based Knowledge Systems,2020,0,False
Malaysia,Logic-Based Knowledge Systems,2017,7,True
United States,Markov and Bayesian Models,2023,236,False
Malaysia,Markov and Bayesian Models,2017,7,True
Spain,Markov and Bayesian Models,2023,2,False
Greece,Markov and Bayesian Models,2020,1,False
Denmark,Markov and Bayesian Models,2022,0,False
South Korea,Markov and Bayesian Models,2023,134,False
Netherlands,Markov and Bayesian Models,2021,2,False
Philippines,Measuring and Testing,2018,1,True
Croatia,Measuring and Testing,2019,2,True
Greece,Measuring and Testing,2024,3,False
Argentina,Measuring and Testing,2023,1,False
Taiwan,Measuring and Testing,2019,74,True
Indonesia,Measuring and Testing,2016,0,True
Bulgaria,Neural Networks,2024,3,False
Netherlands,Neural Networks,2022,46,False
Peru,Neural Networks,2018,2,True
Greece,Neural Networks,2018,5,True
Greece,Neural Networks,2023,12,False
Denmark,Neural Networks,2018,15,True
Turkey,Ontology Engineering,2023,0,False
Serbia,Ontology Engineering,2019,0,True
United Kingdom,Ontology Engineering,2023,3,False
Brazil,Ontology Engineering,2019,3,True
Switzerland,Ontology Engineering,2024,0,False
Mexico,Ontology Engineering,2022,0,False
Sweden,Ontology Engineering,2020,1,False
Georgia,Other and Unspecified,2023,0,False
Belgium,Other and Unspecified,2019,0,True
Canada,Other and Unspecified,2022,84,False
South Africa,Other and Unspecified,2016,2,True
India,Other and Unspecified,2020,2,False
Peru,Other and Unspecified,2023,1,False
Croatia,Other and Unspecified,2018,0,True
Hungary,Other and Unspecified,2016,3,True
Luxembourg,Other and Unspecified,2022,15,False
Luxembourg,Other and Unspecified,2025,30,False
Lithuania,Other and Unspecified,2017,4,True
Norway,Other and Unspecified,2021,1,False
Japan,Personal Devices and Computing,2019,1722,True
Bulgaria,Personal Devices and Computing,2020,2,False
Bulgaria,Personal Devices and Computing,2021,0,False
Brazil,Personal Devices and Computing,2017,38,True
China,Personal Devices and Computing,2019,17713,True
Switzerland,Personal Devices and Computing,2017,0,True
France,Personal Devices and Computing,2018,102,True
Latvia,Personal Devices and Computing,2020,0,False
Germany,Personal Devices and Computing,2020,300,False
Luxembourg,Personal Devices and Computing,2019,5,True
Tunisia,Personal Devices and Computing,2021,1,False
Finland,Physical Sciences and Engineering,2017,21,True
Turkey,Physical Sciences and Engineering,2016,1,True
Netherlands,Physical Sciences and Engineering,2022,69,False
Ireland,Physical Sciences and Engineering,2022,1,False
Croatia,Physical Sciences and Engineering,2022,1,False
Luxembourg,Physical Sciences and Engineering,2021,36,False
Switzerland,Physical Sciences and Engineering,2022,2,False
Hungary,Physical Sciences and Engineering,2017,7,True
Austria,Planning and Scheduling,2017,1,True
Switzerland,Planning and Scheduling,2021,2,False
Morocco,Planning and Scheduling,2022,2,False
South Korea,Planning and Scheduling,2024,300,False
Slovakia,Planning and Scheduling,2021,0,False
Peru,Planning and Scheduling,2018,0,True
Hungary,Planning and Scheduling,2020,3,False
Spain,Planning and Scheduling,2022,3,False
Sweden,Planning and Scheduling,2019,0,True
United States,Planning and Scheduling,2023,293,False
Philippines,Robotics,2022,0,False
Turkey,Robotics,2016,0,True
Poland,Robotics,2021,1,False
Australia,Robotics,2022,22,False
United Kingdom,Robotics,2021,11,False
Mexico,Robotics,2020,7,False
Germany,Robotics,2019,56,True
Colombia,Robotics,2024,0,False
Norway,Search Methods,2019,1,True
Finland,Search Methods,2017,1,True
Canada,Search Methods,2024,0,False
Malaysia,Search Methods,2022,0,False
Ireland,Search Methods,2016,0,True
Serbia,Search Methods,2020,0,False
Poland,Search Methods,2017,1,True
Czechia,Search Methods,2021,0,False
Kenya,Search Methods,2016,0,True
Romania,Search Methods,2016,0,True
Israel,Search Methods,2019,0,True
France,Search Methods,2016,0,True
Czechia,Security,2017,0,True
Czechia,Security,2020,0,False
New Zealand,Security,2020,0,False
Malaysia,Security,2017,1,True
Japan,Security,2023,27,False
Brazil,Security,2017,4,True
South Korea,Security,2024,244,False
Bulgaria,Security,2018,0,True
Belgium,Security,2019,0,True
Malaysia,Spatial and Physical Reasoning,2021,2,False
Peru,Spatial and Physical Reasoning,2017,1,True
Luxembourg,Spatial and Physical Reasoning,2024,61,False
France,Spatial and Physical Reasoning,2023,57,False
Finland,Spatial and Physical Reasoning,2019,7,True
Hungary,Spatial and Physical Reasoning,2022,4,False
Switzerland,Spatial and Physical Reasoning,2016,0,True
Tunisia,Spatial and Physical Reasoning,2021,1,False
Austria,Spatial and Physical Reasoning,2023,1,False
Morocco,Spatial and Physical Reasoning,2020,0,False
Norway,Spatial and Physical Reasoning,2017,1,True
Norway,Spatial and Physical Reasoning,2023,1,False
China,Speech Processing,2019,1332,True
Turkey,Speech Processing,2020,0,False
Slovenia,Speech Processing,2022,0,False
Belgium,Speech Processing,2022,0,False
Ukraine,Speech Processing,2023,0,False
Morocco,Telecommunications,2016,0,True
India,Telecommunications,2019,1,True
Malaysia,Telecommunications,2020,5,False
Australia,Telecommunications,2022,35,False
Spain,Telecommunications,2021,17,False
Portugal,Telecommunications,2019,1,True
Romania,Telecommunications,2023,0,False
Israel,Telecommunications,2018,4,True
Greece,Telecommunications,2016,0,True
Mexico,Telecommunications,2022,2,False
Hungary,Telecommunications,2018,1,True
Hungary,Telecommunications,2019,1,True
Turkey,Transportation,2019,0,True
Italy,Transportation,2020,5,False
Switzerland,Transportation,2016,1,True
Greece,Transportation,2020,0,False
Czechia,Transportation,2023,0,False
Australia,Transportation,2016,21,True
Canada,Transportation,2023,0,False
Saudi Arabia,Transportation,2019,0,True
Serbia,Transportation,2019,0,True
Poland,Agriculture,2016,0,True
Poland,Agriculture,2019,4,True
Bulgaria,Agriculture,2025,0,False
Philippines,Agriculture,2022,0,False
Taiwan,Agriculture,2017,2,True
Taiwan,Agriculture,2021,6,False
Denmark,Agriculture,2019,2,True
France,Agriculture,2020,3,False
Switzerland,Agriculture,2019,0,True
Croatia,Agriculture,2021,0,False
Netherlands,All,2022,69,False
Belgium,All,2016,2,True
Norway,All,2023,5,False
Romania,Analytics and Algorithms,2017,0,True
Peru,Analytics and Algorithms,2019,1,True
Netherlands,Analytics and Algorithms,2023,7,False
New Zealand,Analytics and Algorithms,2016,0,True
Croatia,Analytics and Algorithms,2024,0,False
Denmark,Analytics and Algorithms,2019,3,True
Morocco,Analytics and Algorithms,2016,0,True
Philippines,Analytics and Algorithms,2023,0,False
United States,Analytics and Algorithms,2017,670,True
Japan,Banking and Finance,2025,0,False
South Africa,Banking and Finance,2023,0,False
Ireland,Banking and Finance,2016,0,True
Ireland,Banking and Finance,2023,1,False
Hungary,Banking and Finance,2022,0,False
Serbia,Banking and Finance,2018,0,True
Portugal,Banking and Finance,2024,0,False
France,Banking and Finance,2016,5,True
Germany,Banking and Finance,2025,15,False
Australia,Banking and Finance,2024,0,False
South Africa,Bio-Inspired Computing,2020,0,False
South Korea,Bio-Inspired Computing,2023,56,False
Greece,Bio-Inspired Computing,2021,0,False
Switzerland,Bio-Inspired Computing,2023,0,False
Portugal,Bio-Inspired Computing,2017,0,True
Spain,Bio-Inspired Computing,2025,0,False
Portugal,Business,2016,1,True
Italy,Business,2017,3,True
Israel,Business,2017,2,True
Switzerland,Business,2021,2,False
Netherlands,Business,2018,0,True
South Korea,Computer Vision,2016,262,True
Canada,Computer Vision,2023,8,False
Netherlands,Computing in Government,2025,1,False
Belgium,Computing in Government,2017,0,True
Turkey,Computing in Government,2021,0,False
Costa Rica,Computing in Government,2020,0,False
Morocco,Computing in Government,2020,0,False
Norway,Computing in Government,2020,0,False
Serbia,Computing in Government,2019,0,True
Poland,Control Methods,2019,10,True
Mexico,Control Methods,2019,23,True
South Korea,Control Methods,2025,35,False
Spain,Control Methods,2019,29,True
Malaysia,Control Methods,2018,7,True
Italy,Control Methods,2023,2,False
Canada,Control Methods,2018,94,True
Czechia,Control Methods,2023,1,False
Switzerland,Control Methods,2021,2,False
Sweden,Distributed AI,2023,0,False
Belgium,Distributed AI,2020,0,False
Finland,Distributed AI,2016,0,True
Ukraine,Distributed AI,2021,0,False
Brazil,Distributed AI,2019,5,True
India,Distributed AI,2017,5,True
Singapore,Distributed AI,2019,3,True
Italy,Education,2018,0,True
Germany,Education,2021,1,False
Iran,Education,2018,0,True
United Kingdom,Education,2024,0,False
France,Education,2022,0,False
Jordan,Education,2021,0,False
Norway,Education,2025,0,False
Austria,Energy Management,2017,4,True
Sweden,Energy Management,2016,0,True
Sweden,Energy Management,2022,2,False
Sweden,Energy Management,2024,0,False
Hungary,Energy Management,2019,3,True
Japan,Energy Management,2025,0,False
Taiwan,Energy Management,2023,35,False
Italy,Energy Management,2022,1,False
Israel,Energy Management,2016,0,True
South Korea,Energy Management,2021,432,False
Colombia,Energy Management,2022,0,False
Norway,Energy Management,2017,0,True
India,Fuzzy Logic,2016,1,True
India,Fuzzy Logic,2018,3,True
Sweden,Fuzzy Logic,2016,0,True
Australia,Fuzzy Logic,2019,6,True
Netherlands,Fuzzy Logic,2023,0,False
Italy,Fuzzy Logic,2023,0,False
Croatia,Fuzzy Logic,2024,0,False
United Kingdom,Fuzzy Logic,2018,7,True
Lithuania,Fuzzy Logic,2018,0,True
Hungary,Industry and Manufacturing,2021,2,False
Bulgaria,Industry and Manufacturing,2018,0,True
Bulgaria,Industry and Manufacturing,2020,0,False
Finland,Industry and Manufacturing,2017,1,True
South Africa,Industry and Manufacturing,2018,0,True
South Africa,Industry and Manufacturing,2019,0,True
Mexico,Industry and Manufacturing,2020,18,False
Luxembourg,Industry and Manufacturing,2024,6,False
Ireland,Industry and Manufacturing,2023,0,False
New Zealand,Knowledge Representation,2017,2,True
Bulgaria,Knowledge Representation,2019,0,True
Portugal,Knowledge Representation,2016,0,True
Germany,Knowledge Representation,2025,15,False
Georgia,Knowledge Representation,2023,0,False
United States,Knowledge Representation,2025,5,False
Lithuania,Knowledge Representation,2016,0,True
Italy,Natural Language Processing,2018,0,True
Taiwan,Natural Language Processing,2018,13,True
South Korea,Natural Language Processing,2018,189,True
Spain,Natural Language Processing,2016,1,True
Spain,Natural Language Processing,2020,0,False
France,Natural Language Processing,2022,2,False
Germany,Natural Language Processing,2016,7,True
United States,Natural Language Processing,2016,636,True
United States,Life Sciences,2017,1106,True
Malaysia,Life Sciences,2017,8,True
Malaysia,Life Sciences,2019,6,True
Serbia,Life Sciences,2020,1,False
Saudi Arabia,Life Sciences,2019,0,True
South Africa,Life Sciences,2025,0,False
Portugal,Logic-Based Knowledge Systems,2022,0,False
Mexico,Logic-Based Knowledge Systems,2016,4,True
Spain,Logic-Based Knowledge Systems,2018,14,True
Peru,Logic-Based Knowledge Systems,2018,0,True
Ireland,Logic-Based Knowledge Systems,2016,0,True
Uruguay,Logic-Based Knowledge Systems,2020,0,False
Poland,Logic-Based Knowledge Systems,2019,6,True
Lithuania,Logic-Based Knowledge Systems,2022,0,False
Luxembourg,Logic-Based Knowledge Systems,2021,3,False
United Kingdom,Logic-Based Knowledge Systems,2016,21,True
United Kingdom,Logic-Based Knowledge Systems,2025,0,False
New Zealand,Markov and Bayesian Models,2016,0,True
Mexico,Markov and Bayesian Models,2018,7,True
Mexico,Markov and Bayesian Models,2020,8,False
Italy,Markov and Bayesian Models,2019,3,True
Italy,Markov and Bayesian Models,2024,0,False
Israel,Markov and Bayesian Models,2020,2,False
Poland,Markov and Bayesian Models,2023,1,False
China,Measuring and Testing,2023,4797,False
New Zealand,Measuring and Testing,2022,1,False
Denmark,Measuring and Testing,2018,7,True
Denmark,Measuring and Testing,2024,0,False
Chile,Measuring and Testing,2018,0,True
Australia,Measuring and Testing,2020,149,False
United States,Measuring and Testing,2024,105,False
Bulgaria,Neural Networks,2019,2,True
Brazil,Neural Networks,2018,72,True
Croatia,Neural Networks,2024,0,False
Ukraine,Ontology Engineering,2018,0,True
Finland,Ontology Engineering,2023,0,False
Turkey,Ontology Engineering,2019,0,True
Israel,Ontology Engineering,2018,0,True
Austria,Ontology Engineering,2018,0,True
Norway,Ontology Engineering,2022,0,False
Croatia,Ontology Engineering,2019,0,True
France,Ontology Engineering,2023,4,False
Jordan,Ontology Engineering,2021,0,False
Spain,Ontology Engineering,2018,2,True
Saudi Arabia,Other and Unspecified,2021,1,False
Denmark,Other and Unspecified,2020,8,False
Australia,Other and Unspecified,2017,101,True
Australia,Other and Unspecified,2024,2,False
Argentina,Other and Unspecified,2023,0,False
Israel,Other and Unspecified,2017,10,True
Portugal,Other and Unspecified,2024,0,False
Morocco,Other and Unspecified,2020,2,False
Mexico,Other and Unspecified,2020,40,False
Slovenia,Other and Unspecified,2019,0,True
Mexico,Personal Devices and Computing,2018,42,True
Taiwan,Personal Devices and Computing,2024,170,False
Serbia,Personal Devices and Computing,2020,0,False
Malaysia,Personal Devices and Computing,2019,11,True
South Africa,Personal Devices and Computing,2017,2,True
Canada,Personal Devices and Computing,2018,370,True
Greece,Personal Devices and Computing,2025,0,False
Austria,Personal Devices and Computing,2017,2,True
Luxembourg,Personal Devices and Computing,2018,6,True
South Korea,Personal Devices and Computing,2018,1549,True
Australia,Personal Devices and Computing,2024,6,False
Mexico,Physical Sciences and Engineering,2018,76,True
Norway,Physical Sciences and Engineering,2019,7,True
Bulgaria,Physical Sciences and Engineering,2020,10,False
India,Physical Sciences and Engineering,2020,4,False
Czechia,Physical Sciences and Engineering,2022,2,False
Czechia,Physical Sciences and Engineering,2025,1,False
Russia,Physical Sciences and Engineering,2017,183,True
Luxembourg,Physical Sciences and Engineering,2018,9,True
Belgium,Physical Sciences and Engineering,2022,5,False
Lithuania,Physical Sciences and Engineering,2020,4,False
Philippines,Planning and Scheduling,2021,0,False
China,Planning and Scheduling,2023,3829,False
Germany,Planning and Scheduling,2021,15,False
Russia,Planning and Scheduling,2021,1,False
Belgium,Planning and Scheduling,2016,0,True
Belgium,Planning and Scheduling,2024,1,False
Bulgaria,Planning and Scheduling,2018,1,True
Bulgaria,Planning and Scheduling,2020,0,False
China,Robotics,2026,44,False
Czechia,Robotics,2023,0,False
Lithuania,Robotics,2017,0,True
United States,Robotics,2023,109,False
South Korea,Search Methods,2021,53,False
Slovenia,Search Methods,2022,0,False
Ukraine,Search Methods,2021,0,False
Morocco,Search Methods,2019,0,True
Saudi Arabia,Search Methods,2019,0,True
Taiwan,Search Methods,2025,0,False
Poland,Search Methods,2020,2,False
Italy,Search Methods,2020,0,False
Croatia,Search Methods,2017,1,True
Netherlands,Search Methods,2019,1,True
Belgium,Search Methods,2020,2,False
Luxembourg,Security,2019,2,True
Saudi Arabia,Security,2019,0,True
Croatia,Security,2022,0,False
Spain,Security,2025,0,False
San Marino,Security,2020,0,False
Canada,Security,2023,4,False
Morocco,Security,2020,0,False
Czechia,Spatial and Physical Reasoning,2021,0,False
Brazil,Spatial and Physical Reasoning,2018,45,True
United States,Spatial and Physical Reasoning,2022,2544,False
Slovakia,Spatial and Physical Reasoning,2023,1,False
South Korea,Spatial and Physical Reasoning,2019,1560,True
Italy,Spatial and Physical Reasoning,2021,11,False
Luxembourg,Spatial and Physical Reasoning,2020,4,False
Japan,Spatial and Physical Reasoning,2021,1061,False
South Africa,Spatial and Physical Reasoning,2020,0,False
Bulgaria,Spatial and Physical Reasoning,2019,0,True
Belgium,Speech Processing,2021,0,False
Belgium,Speech Processing,2023,1,False
Russia,Speech Processing,2018,9,True
Morocco,Speech Processing,2016,0,True
Morocco,Speech Processing,2024,1,False
New Zealand,Speech Processing,2020,3,False
Colombia,Speech Processing,2024,0,False
Malaysia,Telecommunications,2018,6,True
Spain,Telecommunications,2018,36,True
Spain,Telecommunications,2022,12,False
Estonia,Telecommunications,2022,0,False
Croatia,Telecommunications,2018,1,True
Greece,Telecommunications,2019,0,True
Hungary,Transportation,2016,4,True
Singapore,Transportation,2016,4,True
Singapore,Transportation,2021,2,False
United Kingdom,Transportation,2020,32,False
Norway,Transportation,2019,2,True
Greece,Transportation,2024,0,False
Portugal,Transportation,2018,2,True
Lithuania,Transportation,2018,0,True
Philippines,Transportation,2022,0,False
Austria,Agriculture,2021,1,False
Uruguay,Agriculture,2020,1,False
South Africa,Agriculture,2023,0,False
Saudi Arabia,Agriculture,2019,0,True
Bulgaria,Agriculture,2018,0,True
Spain,Agriculture,2017,5,True
Sweden,Agriculture,2018,3,True
Czechia,Agriculture,2024,0,False
Australia,Agriculture,2019,24,True
Japan,Agriculture,2021,52,False
Estonia,Agriculture,2022,0,False
China,All,2022,56719,False
Portugal,All,2022,1,False
Peru,All,2016,2,True
Turkey,All,2018,5,True
Turkey,All,2020,4,False
Uruguay,All,2022,1,False
Singapore,All,2019,117,True
Romania,All,2024,1,False
Israel,All,2021,11,False
Japan,All,2018,3342,True
Lithuania,All,2022,1,False
Poland,All,2022,17,False
Costa Rica,Analytics and Algorithms,2020,0,False
South Africa,Analytics and Algorithms,2016,0,True
Canada,Analytics and Algorithms,2016,40,True
Poland,Banking and Finance,2016,0,True
Denmark,Banking and Finance,2019,0,True
Germany,Banking and Finance,2020,37,False
Finland,Banking and Finance,2021,0,False
United Kingdom,Banking and Finance,2020,16,False
United Kingdom,Banking and Finance,2021,4,False
Brazil,Bio-Inspired Computing,2022,1,False
Germany,Bio-Inspired Computing,2021,13,False
Netherlands,Bio-Inspired Computing,2022,3,False
Morocco,Bio-Inspired Computing,2020,0,False
Denmark,Bio-Inspired Computing,2019,3,True
Australia,Bio-Inspired Computing,2018,38,True
Austria,Bio-Inspired Computing,2016,0,True
Costa Rica,Bio-Inspired Computing,2023,0,False
Hungary,Bio-Inspired Computing,2016,1,True
Portugal,Business,2017,0,True
France,Business,2022,10,False
Serbia,Business,2023,0,False
South Africa,Business,2023,0,False
Lithuania,Business,2017,1,True
Uruguay,Business,2017,0,True
Morocco,Business,2023,2,False
Jordan,Computer Vision,2021,0,False
Bulgaria,Computer Vision,2023,1,False
Slovakia,Computer Vision,2023,1,False
Greece,Computer Vision,2019,1,True
Croatia,Computer Vision,2020,0,False
Austria,Computer Vision,2021,4,False
Estonia,Computing in Government,2022,0,False
Turkey,Computing in Government,2023,0,False
United States,Computing in Government,2024,6,False
Norway,Computing in Government,2025,0,False
Serbia,Computing in Government,2017,0,True
Greece,Computing in Government,2021,0,False
Ukraine,Computing in Government,2017,0,True
Ukraine,Computing in Government,2021,0,False
Israel,Computing in Government,2016,0,True
Luxembourg,Computing in Government,2018,0,True
Australia,Computing in Government,2016,1,True
Australia,Computing in Government,2023,1,False
Spain,Computing in Government,2021,0,False
Austria,Computing in Government,2024,0,False
Taiwan,Computing in Government,2021,1,False
Chile,Computing in Government,2018,0,True
Singapore,Computing in Government,2016,0,True
Paraguay,Control Methods,2021,0,False
Germany,Control Methods,2016,114,True
Germany,Control Methods,2021,162,False
Germany,Control Methods,2022,134,False
Colombia,Control Methods,2024,0,False
Ukraine,Control Methods,2025,0,False
Spain,Control Methods,2022,7,False
France,Control Methods,2020,44,False
Hungary,Control Methods,2016,6,True
Russia,Distributed AI,2021,0,False
Argentina,Distributed AI,2017,0,True
Sweden,Distributed AI,2021,0,False
San Marino,Distributed AI,2020,0,False
Ukraine,Distributed AI,2018,0,True
Israel,Distributed AI,2024,0,False
Canada,Distributed AI,2016,1,True
Peru,Distributed AI,2017,0,True
Turkey,Distributed AI,2020,0,False
Portugal,Education,2020,1,False
United Kingdom,Education,2016,1,True
Austria,Education,2023,0,False
South Korea,Education,2016,18,True
Finland,Education,2019,0,True
Taiwan,Education,2023,6,False
Poland,Education,2020,1,False
South Africa,Education,2020,0,False
Finland,Energy Management,2018,4,True
Hungary,Energy Management,2016,1,True
Croatia,Energy Management,2024,0,False
Poland,Energy Management,2022,1,False
Philippines,Energy Management,2022,0,False
China,Energy Management,2024,5714,False
Serbia,Energy Management,2021,0,False
Sweden,Fuzzy Logic,2017,0,True
France,Fuzzy Logic,2021,2,False
Italy,Fuzzy Logic,2018,0,True
Taiwan,Fuzzy Logic,2020,7,False
Ireland,Fuzzy Logic,2018,0,True
Ireland,Fuzzy Logic,2022,0,False
Serbia,Fuzzy Logic,2021,0,False
Austria,Fuzzy Logic,2023,0,False
Luxembourg,Fuzzy Logic,2022,2,False
Denmark,Fuzzy Logic,2017,0,True
Costa Rica,Fuzzy Logic,2023,0,False
United States,Fuzzy Logic,2018,182,True
Philippines,Fuzzy Logic,2016,0,True
Lithuania,Fuzzy Logic,2022,0,False
Lithuania,Industry and Manufacturing,2021,0,False
Czechia,Industry and Manufacturing,2020,0,False
Serbia,Industry and Manufacturing,2017,1,True
China,Industry and Manufacturing,2024,5296,False
Ukraine,Industry and Manufacturing,2024,0,False
Hungary,Knowledge Representation,2018,0,True
Philippines,Knowledge Representation,2020,1,False
Belgium,Knowledge Representation,2020,0,False
Colombia,Knowledge Representation,2022,0,False
Luxembourg,Knowledge Representation,2024,8,False
Slovakia,Knowledge Representation,2021,0,False
Slovakia,Knowledge Representation,2024,0,False
Argentina,Natural Language Processing,2019,0,True
Brazil,Natural Language Processing,2018,1,True
Croatia,Natural Language Processing,2018,0,True
Germany,Natural Language Processing,2019,10,True
Romania,Natural Language Processing,2016,0,True
Japan,Natural Language Processing,2016,90,True
Poland,Natural Language Processing,2017,0,True
United Kingdom,Natural Language Processing,2017,9,True
Portugal,Natural Language Processing,2022,0,False
Czechia,Natural Language Processing,2018,0,True
Finland,Life Sciences,2024,3,False
Singapore,Life Sciences,2016,8,True
Austria,Life Sciences,2017,3,True
United Kingdom,Life Sciences,2024,3,False
Hungary,Life Sciences,2016,0,True
Romania,Life Sciences,2024,0,False
Japan,Life Sciences,2021,616,False
Denmark,Logic-Based Knowledge Systems,2020,2,False
Italy,Logic-Based Knowledge Systems,2016,1,True
China,Logic-Based Knowledge Systems,2024,4600,False
China,Logic-Based Knowledge Systems,2025,6660,False
Israel,Logic-Based Knowledge Systems,2021,1,False
Greece,Logic-Based Knowledge Systems,2022,1,False
South Africa,Logic-Based Knowledge Systems,2021,0,False
Malaysia,Logic-Based Knowledge Systems,2016,3,True
Canada,Logic-Based Knowledge Systems,2021,46,False
Bulgaria,Logic-Based Knowledge Systems,2017,0,True
Mexico,Markov and Bayesian Models,2021,4,False
Bulgaria,Markov and Bayesian Models,2017,0,True
Bulgaria,Markov and Bayesian Models,2020,0,False
Greece,Markov and Bayesian Models,2024,0,False
Hungary,Markov and Bayesian Models,2021,1,False
Colombia,Markov and Bayesian Models,2019,1,True
Sweden,Markov and Bayesian Models,2024,1,False
Lithuania,Markov and Bayesian Models,2022,0,False
Serbia,Measuring and Testing,2018,0,True
Ukraine,Measuring and Testing,2023,0,False
Singapore,Measuring and Testing,2020,4,False
Norway,Measuring and Testing,2024,1,False
Australia,Measuring and Testing,2016,49,True
South Africa,Measuring and Testing,2021,0,False
United States,Measuring and Testing,2023,371,False
India,Neural Networks,2017,88,True
Japan,Neural Networks,2021,1884,False
Spain,Neural Networks,2019,84,True
Hungary,Neural Networks,2017,3,True
China,Neural Networks,2016,2499,True
Mexico,Neural Networks,2021,43,False
Serbia,Neural Networks,2017,0,True
Greece,Neural Networks,2024,1,False
Norway,Neural Networks,2023,2,False
South Korea,Ontology Engineering,2019,75,True
South Korea,Ontology Engineering,2025,0,False
Italy,Ontology Engineering,2024,0,False
Romania,Ontology Engineering,2021,0,False
Japan,Ontology Engineering,2024,2,False
Croatia,Ontology Engineering,2020,0,False
France,Ontology Engineering,2019,3,True
France,Ontology Engineering,2022,4,False
Sweden,Ontology Engineering,2024,0,False
Iran,Other and Unspecified,2018,0,True
Italy,Other and Unspecified,2016,8,True
Italy,Other and Unspecified,2022,6,False
Spain,Other and Unspecified,2022,26,False
Luxembourg,Other and Unspecified,2017,0,True
Lithuania,Other and Unspecified,2019,0,True
Russia,Other and Unspecified,2017,53,True
Sweden,Personal Devices and Computing,2022,4,False
India,Personal Devices and Computing,2019,7,True
Israel,Personal Devices and Computing,2022,6,False
Norway,Personal Devices and Computing,2020,3,False
New Zealand,Personal Devices and Computing,2017,14,True
Australia,Personal Devices and Computing,2019,260,True
Brazil,Physical Sciences and Engineering,2022,5,False
Finland,Physical Sciences and Engineering,2021,27,False
Netherlands,Physical Sciences and Engineering,2018,10,True
India,Physical Sciences and Engineering,2019,8,True
Australia,Physical Sciences and Engineering,2023,90,False
United States,Physical Sciences and Engineering,2021,12264,False
Canada,Physical Sciences and Engineering,2023,23,False
Singapore,Physical Sciences and Engineering,2021,4,False
Taiwan,Physical Sciences and Engineering,2016,94,True
Ukraine,Physical Sciences and Engineering,2022,0,False
Romania,Physical Sciences and Engineering,2016,1,True
Germany,Planning and Scheduling,2024,14,False
Morocco,Planning and Scheduling,2016,0,True
Morocco,Planning and Scheduling,2023,1,False
Ukraine,Planning and Scheduling,2017,0,True
Ukraine,Planning and Scheduling,2018,2,True
Italy,Planning and Scheduling,2017,3,True
Greece,Planning and Scheduling,2020,0,False
Norway,Planning and Scheduling,2018,1,True
India,Planning and Scheduling,2017,26,True
China,Robotics,2022,1654,False
Uruguay,Robotics,2020,0,False
Italy,Robotics,2023,0,False
Italy,Robotics,2024,0,False
United Kingdom,Robotics,2018,14,True
Israel,Robotics,2023,0,False
Sweden,Robotics,2016,0,True
Netherlands,Robotics,2022,2,False
Norway,Search Methods,2016,0,True
Norway,Search Methods,2024,1,False
Philippines,Search Methods,2022,0,False
Ukraine,Search Methods,2025,0,False
Argentina,Search Methods,2023,1,False
Austria,Search Methods,2020,0,False
Estonia,Search Methods,2022,0,False
Latvia,Search Methods,2020,0,False
Bulgaria,Search Methods,2023,0,False
United Kingdom,Security,2024,3,False
Ukraine,Security,2022,0,False
India,Security,2018,18,True
New Zealand,Security,2022,0,False
Serbia,Security,2017,0,True
Turkey,Security,2017,0,True
Belgium,Security,2025,2,False
Ukraine,Spatial and Physical Reasoning,2018,4,True
South Korea,Spatial and Physical Reasoning,2018,870,True
South Africa,Spatial and Physical Reasoning,2024,0,False
Mexico,Spatial and Physical Reasoning,2020,42,False
Poland,Spatial and Physical Reasoning,2019,9,True
Germany,Spatial and Physical Reasoning,2024,70,False
China,Speech Processing,2025,1020,False
Poland,Speech Processing,2017,0,True
Brazil,Speech Processing,2017,2,True
Russia,Speech Processing,2021,4,False
Ireland,Speech Processing,2018,0,True
Romania,Speech Processing,2017,0,True
Greece,Speech Processing,2023,0,False
Cuba,Telecommunications,2020,1,False
United States,Telecommunications,2025,53,False
Sweden,Telecommunications,2024,2,False
Russia,Telecommunications,2020,27,False
New Zealand,Telecommunications,2021,1,False
Netherlands,Telecommunications,2023,7,False
Slovakia,Telecommunications,2021,1,False
Argentina,Telecommunications,2017,0,True
Austria,Telecommunications,2022,0,False
Italy,Telecommunications,2018,6,True
Ukraine,Transportation,2022,0,False
Ukraine,Transportation,2025,0,False
Malaysia,Transportation,2019,1,True
South Korea,Transportation,2022,513,False
Cuba,Transportation,2020,0,False
Spain,Transportation,2024,1,False
Finland,Transportation,2023,0,False
Denmark,Transportation,2023,0,False
Mexico,Agriculture,2018,7,True
Mexico,Agriculture,2022,0,False
Brazil,Agriculture,2021,4,False
Italy,Agriculture,2016,1,True
New Zealand,Agriculture,2019,1,True
Germany,Agriculture,2019,12,True
Germany,Agriculture,2025,2,False
Cuba,Agriculture,2020,0,False
China,Agriculture,2016,55,True
South Korea,Agriculture,2023,109,False
South Korea,All,2022,6460,False
Denmark,All,2019,36,True
Latvia,All,2020,1,False
Slovakia,All,2021,1,False
Norway,All,2021,6,False
Poland,All,2019,37,True
Belgium,Analytics and Algorithms,2025,2,False
San Marino,Analytics and Algorithms,2020,0,False
Ukraine,Banking and Finance,2025,0,False
Hungary,Banking and Finance,2021,0,False
New Zealand,Banking and Finance,2019,0,True
San Marino,Banking and Finance,2018,0,True
Malaysia,Banking and Finance,2016,0,True
Sweden,Banking and Finance,2022,4,False
Luxembourg,Banking and Finance,2021,0,False
Romania,Bio-Inspired Computing,2022,0,False
Peru,Bio-Inspired Computing,2019,0,True
Canada,Bio-Inspired Computing,2019,43,True
Bulgaria,Bio-Inspired Computing,2018,0,True
Bulgaria,Bio-Inspired Computing,2020,0,False
Singapore,Bio-Inspired Computing,2018,16,True
Hungary,Bio-Inspired Computing,2021,1,False
Portugal,Business,2018,1,True
Greece,Business,2017,1,True
United Kingdom,Business,2016,26,True
South Africa,Business,2016,2,True
Netherlands,Business,2019,2,True
Netherlands,Business,2024,5,False
Lithuania,Business,2018,0,True
India,Business,2020,0,False
Mexico,Business,2022,0,False
Peru,Computer Vision,2016,0,True
Mexico,Computer Vision,2020,36,False
Germany,Computer Vision,2021,221,False
Finland,Computer Vision,2016,5,True
Canada,Computer Vision,2022,79,False
United States,Computer Vision,2024,414,False
Luxembourg,Computer Vision,2022,26,False
Luxembourg,Computer Vision,2023,23,False
Bulgaria,Computing in Government,2022,0,False
Belgium,Computing in Government,2022,0,False
Peru,Computing in Government,2022,1,False
Turkey,Computing in Government,2017,0,True
United States,Computing in Government,2018,32,True
Czechia,Computing in Government,2019,0,True
Australia,Computing in Government,2020,10,False
China,Computing in Government,2021,803,False
Brazil,Computing in Government,2017,0,True
Argentina,Control Methods,2020,2,False
Peru,Control Methods,2018,0,True
Morocco,Control Methods,2021,1,False
Germany,Control Methods,2017,184,True
Norway,Control Methods,2022,3,False
Lithuania,Control Methods,2022,0,False
Malaysia,Control Methods,2020,3,False
San Marino,Control Methods,2018,1,True
China,Control Methods,2021,2108,False
Belgium,Control Methods,2016,0,True
Finland,Control Methods,2018,3,True
Turkey,Control Methods,2016,1,True
Denmark,Control Methods,2020,2,False
Kenya,Distributed AI,2016,0,True
Luxembourg,Distributed AI,2017,0,True
Portugal,Distributed AI,2024,0,False
Philippines,Distributed AI,2022,0,False
New Zealand,Distributed AI,2018,0,True
Bulgaria,Distributed AI,2021,0,False
South Africa,Distributed AI,2025,0,False
Hungary,Distributed AI,2016,0,True
Singapore,Distributed AI,2021,0,False
Czechia,Education,2025,0,False
Spain,Education,2022,0,False
Colombia,Education,2022,0,False
Colombia,Education,2024,0,False
Saudi Arabia,Education,2019,0,True
Canada,Education,2018,14,True
Austria,Education,2022,0,False
Denmark,Education,2023,0,False
Sweden,Education,2017,0,True
Russia,Education,2019,2,True
Switzerland,Education,2022,0,False
United States,Education,2023,36,False
Morocco,Education,2016,0,True
Argentina,Education,2022,0,False
South Africa,Education,2022,0,False
Indonesia,Energy Management,2016,0,True
Chile,Energy Management,2018,0,True
Finland,Energy Management,2021,2,False
Georgia,Energy Management,2023,0,False
Italy,Energy Management,2018,2,True
Netherlands,Energy Management,2021,2,False
Germany,Energy Management,2016,21,True
Costa Rica,Energy Management,2023,0,False
Argentina,Energy Management,2022,1,False
Luxembourg,Energy Management,2023,12,False
Belgium,Fuzzy Logic,2020,0,False
China,Fuzzy Logic,2023,723,False
Israel,Fuzzy Logic,2023,0,False
Norway,Fuzzy Logic,2020,0,False
Luxembourg,Fuzzy Logic,2017,0,True
Philippines,Fuzzy Logic,2018,0,True
Mexico,Fuzzy Logic,2017,0,True
Mexico,Fuzzy Logic,2020,0,False
Lithuania,Fuzzy Logic,2016,0,True
Estonia,Industry and Manufacturing,2022,0,False
Bulgaria,Industry and Manufacturing,2024,2,False
Czechia,Industry and Manufacturing,2025,0,False
Cuba,Industry and Manufacturing,2020,1,False
Taiwan,Industry and Manufacturing,2020,52,False
Taiwan,Industry and Manufacturing,2022,45,False
Germany,Industry and Manufacturing,2024,17,False
Serbia,Industry and Manufacturing,2023,1,False
Belgium,Industry and Manufacturing,2024,0,False
Sweden,Industry and Manufacturing,2020,4,False
Japan,Knowledge Representation,2016,62,True
Switzerland,Knowledge Representation,2020,1,False
Switzerland,Knowledge Representation,2022,0,False
Poland,Knowledge Representation,2018,0,True
Romania,Knowledge Representation,2016,0,True
Finland,Knowledge Representation,2017,1,True
Lithuania,Knowledge Representation,2017,0,True
Brazil,Natural Language Processing,2017,1,True
New Zealand,Natural Language Processing,2017,0,True
France,Natural Language Processing,2017,3,True
Ireland,Natural Language Processing,2023,1,False
Philippines,Natural Language Processing,2022,1,False
United Kingdom,Natural Language Processing,2020,19,False
Australia,Natural Language Processing,2020,41,False
Morocco,Life Sciences,2021,0,False
Poland,Life Sciences,2018,7,True
Bulgaria,Life Sciences,2018,0,True
Spain,Life Sciences,2019,40,True
China,Life Sciences,2021,3516,False
China,Life Sciences,2026,124,False
South Korea,Life Sciences,2017,297,True
France,Life Sciences,2023,6,False
South Africa,Life Sciences,2024,0,False
Philippines,Life Sciences,2020,2,False
Finland,Logic-Based Knowledge Systems,2018,3,True
Hungary,Logic-Based Knowledge Systems,2019,1,True
Hungary,Logic-Based Knowledge Systems,2021,0,False
Romania,Logic-Based Knowledge Systems,2016,0,True
Norway,Logic-Based Knowledge Systems,2022,0,False
China,Logic-Based Knowledge Systems,2022,2316,False
France,Logic-Based Knowledge Systems,2023,4,False
Croatia,Logic-Based Knowledge Systems,2018,0,True
Australia,Markov and Bayesian Models,2023,5,False
Ukraine,Markov and Bayesian Models,2018,2,True
Serbia,Markov and Bayesian Models,2023,1,False
Sweden,Markov and Bayesian Models,2022,3,False
Canada,Markov and Bayesian Models,2019,76,True
Denmark,Markov and Bayesian Models,2016,1,True
Taiwan,Markov and Bayesian Models,2022,33,False
Portugal,Markov and Bayesian Models,2021,1,False
Philippines,Measuring and Testing,2017,0,True
Czechia,Measuring and Testing,2018,2,True
Romania,Measuring and Testing,2018,0,True
Netherlands,Neural Networks,2021,34,False
Peru,Neural Networks,2019,2,True
Malaysia,Neural Networks,2022,2,False
Saudi Arabia,Neural Networks,2019,1,True
Lithuania,Neural Networks,2019,3,True
United States,Neural Networks,2021,7271,False
United Kingdom,Neural Networks,2017,120,True
Austria,Neural Networks,2019,2,True
Philippines,Ontology Engineering,2023,0,False
South Korea,Ontology Engineering,2022,66,False
South Korea,Ontology Engineering,2024,30,False
Germany,Ontology Engineering,2024,0,False
Serbia,Ontology Engineering,2018,0,True
Serbia,Ontology Engineering,2020,0,False
Morocco,Ontology Engineering,2017,0,True
Morocco,Ontology Engineering,2021,0,False
Austria,Ontology Engineering,2022,0,False
Norway,Ontology Engineering,2020,0,False
Canada,Ontology Engineering,2018,12,True
Australia,Ontology Engineering,2023,6,False
France,Other and Unspecified,2021,60,False
Belgium,Other and Unspecified,2018,4,True
Italy,Other and Unspecified,2021,13,False
Netherlands,Other and Unspecified,2016,2,True
Netherlands,Other and Unspecified,2017,1,True
Netherlands,Other and Unspecified,2020,6,False
Singapore,Other and Unspecified,2019,34,True
Switzerland,Other and Unspecified,2024,0,False
Romania,Other and Unspecified,2016,1,True
Morocco,Other and Unspecified,2023,7,False
South Korea,Other and Unspecified,2025,150,False
Taiwan,Personal Devices and Computing,2016,50,True
Portugal,Personal Devices and Computing,2017,4,True
Japan,Personal Devices and Computing,2024,102,False
India,Personal Devices and Computing,2020,4,False
Switzerland,Personal Devices and Computing,2020,2,False
Hungary,Personal Devices and Computing,2017,2,True
Canada,Personal Devices and Computing,2016,211,True
Ireland,Personal Devices and Computing,2018,1,True
Belgium,Personal Devices and Computing,2022,2,False
Peru,Personal Devices and Computing,2016,0,True
Philippines,Personal Devices and Computing,2017,1,True
South Korea,Personal Devices and Computing,2025,137,False
Norway,Personal Devices and Computing,2025,1,False
New Zealand,Personal Devices and Computing,2019,6,True
Philippines,Physical Sciences and Engineering,2021,25,False
South Korea,Physical Sciences and Engineering,2024,2245,False
Switzerland,Physical Sciences and Engineering,2019,2,True
South Africa,Planning and Scheduling,2023,0,False
Russia,Planning and Scheduling,2016,9,True
Russia,Planning and Scheduling,2017,14,True
Slovakia,Planning and Scheduling,2024,0,False
Lithuania,Planning and Scheduling,2019,0,True
Taiwan,Planning and Scheduling,2021,38,False
United Kingdom,Planning and Scheduling,2020,15,False
United States,Planning and Scheduling,2016,719,True
Israel,Planning and Scheduling,2023,1,False
Luxembourg,Planning and Scheduling,2018,0,True
Luxembourg,Planning and Scheduling,2025,48,False
Netherlands,Planning and Scheduling,2024,4,False
China,Robotics,2017,481,True
Norway,Robotics,2017,0,True
France,Robotics,2016,4,True
Luxembourg,Robotics,2017,0,True
Israel,Robotics,2021,1,False
Germany,Robotics,2023,12,False
Canada,Robotics,2018,32,True
Canada,Search Methods,2021,22,False
Denmark,Search Methods,2020,1,False
Lithuania,Search Methods,2022,0,False
Germany,Search Methods,2023,14,False
Uruguay,Search Methods,2022,0,False
Bulgaria,Search Methods,2018,0,True
Argentina,Security,2020,0,False
Sweden,Security,2021,2,False
Australia,Security,2018,44,True
Australia,Security,2024,0,False
New Zealand,Security,2016,0,True
South Korea,Security,2021,569,False
Peru,Security,2018,0,True
Philippines,Security,2016,0,True
Poland,Security,2019,1,True
Paraguay,Security,2021,0,False
Canada,Security,2024,1,False
Morocco,Security,2023,0,False
United States,Spatial and Physical Reasoning,2024,371,False
Peru,Spatial and Physical Reasoning,2019,1,True
Luxembourg,Spatial and Physical Reasoning,2022,27,False
Croatia,Spatial and Physical Reasoning,2019,0,True
Japan,Spatial and Physical Reasoning,2019,1274,True
Hungary,Spatial and Physical Reasoning,2021,4,False
Canada,Spatial and Physical Reasoning,2019,211,True
Greece,Spatial and Physical Reasoning,2024,3,False
India,Spatial and Physical Reasoning,2018,75,True
New Zealand,Spatial and Physical Reasoning,2021,3,False
Argentina,Speech Processing,2021,1,False
China,Speech Processing,2024,1468,False
Lithuania,Speech Processing,2022,0,False
San Marino,Speech Processing,2018,0,True
New Zealand,Speech Processing,2022,0,False
Croatia,Speech Processing,2021,0,False
Greece,Speech Processing,2016,1,True
Greece,Speech Processing,2021,0,False
Colombia,Speech Processing,2019,0,True
Morocco,Telecommunications,2019,4,True
Sweden,Telecommunications,2018,8,True
Denmark,Telecommunications,2024,0,False
Netherlands,Telecommunications,2024,8,False
Austria,Telecommunications,2024,1,False
South Korea,Transportation,2016,151,True
Croatia,Transportation,2021,0,False
Russia,Transportation,2017,23,True
Peru,Transportation,2020,0,False
Germany,Transportation,2016,107,True
Denmark,Transportation,2019,4,True
Estonia,Transportation,2022,0,False
Israel,Transportation,2016,2,True
Belgium,Transportation,2021,0,False
India,Agriculture,2020,0,False
Malaysia,Agriculture,2018,0,True
France,Agriculture,2017,0,True
China,Agriculture,2020,496,False
South Korea,Agriculture,2019,84,True
Finland,Agriculture,2022,0,False
Morocco,Agriculture,2020,1,False
Denmark,All,2017,36,True
Philippines,All,2021,25,False
China,All,2016,5481,True
Turkey,All,2021,6,False
Luxembourg,All,2021,36,False
Italy,All,2016,13,True
Russia,All,2019,172,True
Brazil,All,2021,62,False
Hungary,All,2017,7,True
Finland,All,2017,21,True
Australia,All,2024,11,False
Germany,Analytics and Algorithms,2021,56,False
Peru,Analytics and Algorithms,2021,0,False
Hungary,Analytics and Algorithms,2020,1,False
Austria,Analytics and Algorithms,2022,0,False
Netherlands,Analytics and Algorithms,2021,5,False
India,Analytics and Algorithms,2018,13,True
Bulgaria,Analytics and Algorithms,2024,0,False
China,Analytics and Algorithms,2024,6475,False
Canada,Analytics and Algorithms,2020,91,False
Kenya,Analytics and Algorithms,2016,0,True
Greece,Banking and Finance,2016,0,True
Argentina,Banking and Finance,2019,0,True
South Africa,Banking and Finance,2017,1,True
South Africa,Banking and Finance,2022,1,False
Morocco,Banking and Finance,2022,0,False
Netherlands,Banking and Finance,2022,1,False
Netherlands,Banking and Finance,2025,0,False
Italy,Banking and Finance,2017,0,True
Slovenia,Banking and Finance,2016,0,True
China,Banking and Finance,2020,1133,False
India,Banking and Finance,2018,5,True
United States,Bio-Inspired Computing,2022,227,False
South Africa,Bio-Inspired Computing,2017,0,True
South Africa,Bio-Inspired Computing,2021,1,False
Philippines,Bio-Inspired Computing,2023,0,False
Bulgaria,Bio-Inspired Computing,2021,0,False
Bulgaria,Bio-Inspired Computing,2022,0,False
Ukraine,Bio-Inspired Computing,2019,0,True
Luxembourg,Bio-Inspired Computing,2016,0,True
Australia,Bio-Inspired Computing,2016,15,True
Russia,Business,2018,14,True
Bulgaria,Business,2022,0,False
South Korea,Business,2020,1223,False
Spain,Business,2021,9,False
Switzerland,Business,2022,0,False
Hungary,Business,2021,0,False
Sweden,Business,2024,1,False
Croatia,Business,2020,0,False
Saudi Arabia,Business,2022,0,False
United Kingdom,Computer Vision,2025,0,False
Lithuania,Computer Vision,2017,0,True
Iran,Computer Vision,2018,0,True
Bulgaria,Computing in Government,2025,0,False
Belgium,Computing in Government,2021,0,False
Peru,Computing in Government,2019,0,True
Serbia,Computing in Government,2020,0,False
Serbia,Computing in Government,2023,0,False
Israel,Computing in Government,2017,0,True
Luxembourg,Computing in Government,2016,0,True
Taiwan,Computing in Government,2023,2,False
United Kingdom,Computing in Government,2020,1,False
Portugal,Computing in Government,2020,0,False
United States,Control Methods,2024,106,False
Poland,Control Methods,2022,1,False
Mexico,Control Methods,2018,14,True
South Korea,Control Methods,2020,636,False
South Korea,Control Methods,2021,566,False
Australia,Control Methods,2018,60,True
China,Control Methods,2016,660,True
Portugal,Control Methods,2017,3,True
Denmark,Control Methods,2021,6,False
Russia,Distributed AI,2016,0,True
Russia,Distributed AI,2020,0,False
Mexico,Distributed AI,2019,2,True
Germany,Distributed AI,2020,5,False
San Marino,Distributed AI,2018,0,True
Romania,Distributed AI,2021,0,False
United Kingdom,Distributed AI,2018,3,True
Greece,Education,2017,0,True
Estonia,Education,2022,0,False
Saudi Arabia,Education,2022,0,False
Chile,Education,2018,0,True
Luxembourg,Education,2016,0,True
Luxembourg,Education,2023,5,False
Turkey,Education,2018,0,True
Turkey,Education,2023,0,False
Switzerland,Education,2017,0,True
South Korea,Education,2020,170,False
Brazil,Education,2019,4,True
Poland,Education,2021,0,False
Austria,Energy Management,2018,1,True
Finland,Energy Management,2019,2,True
Finland,Energy Management,2024,0,False
Bulgaria,Energy Management,2022,0,False
Croatia,Energy Management,2020,0,False
Taiwan,Energy Management,2024,17,False
Italy,Energy Management,2020,1,False
San Marino,Energy Management,2017,0,True
Israel,Energy Management,2020,0,False
Turkey,Energy Management,2017,0,True
Greece,Energy Management,2016,0,True
Uruguay,Energy Management,2017,0,True
Hungary,Fuzzy Logic,2019,1,True
Romania,Fuzzy Logic,2023,0,False
China,Fuzzy Logic,2021,777,False
Israel,Fuzzy Logic,2019,0,True
Israel,Fuzzy Logic,2021,0,False
Greece,Fuzzy Logic,2016,0,True
Portugal,Fuzzy Logic,2018,0,True
Portugal,Fuzzy Logic,2024,0,False
Italy,Industry and Manufacturing,2024,0,False
Serbia,Industry and Manufacturing,2021,0,False
Belgium,Industry and Manufacturing,2023,1,False
Mexico,Industry and Manufacturing,2022,1,False
Croatia,Industry and Manufacturing,2024,0,False
Turkey,Knowledge Representation,2016,0,True
Israel,Knowledge Representation,2018,0,True
Switzerland,Knowledge Representation,2019,0,True
Taiwan,Knowledge Representation,2023,9,False
Portugal,Knowledge Representation,2020,0,False
Brazil,Knowledge Representation,2016,4,True
Brazil,Knowledge Representation,2022,0,False
Romania,Knowledge Representation,2021,0,False
Romania,Knowledge Representation,2022,0,False
Spain,Knowledge Representation,2020,6,False
South Africa,Knowledge Representation,2016,0,True
Luxembourg,Natural Language Processing,2025,15,False
Netherlands,Natural Language Processing,2021,0,False
Ukraine,Natural Language Processing,2023,0,False
South Africa,Natural Language Processing,2016,0,True
South Africa,Natural Language Processing,2023,0,False
Greece,Natural Language Processing,2017,0,True
United States,Natural Language Processing,2024,238,False
Colombia,Natural Language Processing,2022,0,False
Estonia,Natural Language Processing,2022,0,False
Serbia,Natural Language Processing,2020,0,False
Russia,Natural Language Processing,2020,13,False
New Zealand,Life Sciences,2016,2,True
Morocco,Life Sciences,2017,0,True
Croatia,Life Sciences,2019,0,True
China,Life Sciences,2023,3550,False
South Korea,Life Sciences,2016,137,True
Taiwan,Life Sciences,2018,80,True
Finland,Logic-Based Knowledge Systems,2019,6,True
Italy,Logic-Based Knowledge Systems,2019,3,True
Australia,Logic-Based Knowledge Systems,2019,68,True
Germany,Logic-Based Knowledge Systems,2021,28,False
Netherlands,Logic-Based Knowledge Systems,2022,3,False
Israel,Logic-Based Knowledge Systems,2018,1,True
Belgium,Logic-Based Knowledge Systems,2018,0,True
Luxembourg,Logic-Based Knowledge Systems,2016,0,True
South Africa,Logic-Based Knowledge Systems,2016,0,True
South Africa,Logic-Based Knowledge Systems,2019,0,True
Malaysia,Logic-Based Knowledge Systems,2020,2,False
New Zealand,Logic-Based Knowledge Systems,2021,0,False
Austria,Markov and Bayesian Models,2024,0,False
Norway,Markov and Bayesian Models,2024,0,False
Switzerland,Markov and Bayesian Models,2018,0,True
South Korea,Markov and Bayesian Models,2016,64,True
Argentina,Markov and Bayesian Models,2020,0,False
Israel,Measuring and Testing,2018,3,True
Portugal,Measuring and Testing,2018,2,True
San Marino,Measuring and Testing,2017,0,True
Switzerland,Measuring and Testing,2019,0,True
Switzerland,Measuring and Testing,2024,0,False
Latvia,Measuring and Testing,2020,0,False
Singapore,Measuring and Testing,2018,39,True
Slovakia,Measuring and Testing,2024,0,False
Malaysia,Measuring and Testing,2019,3,True
South Africa,Measuring and Testing,2019,0,True
Brazil,Neural Networks,2020,64,False
Luxembourg,Neural Networks,2023,50,False
Portugal,Neural Networks,2017,2,True
Portugal,Neural Networks,2018,8,True
India,Ontology Engineering,2017,14,True
India,Ontology Engineering,2018,14,True
Peru,Ontology Engineering,2019,0,True
Czechia,Ontology Engineering,2023,0,False
Austria,Ontology Engineering,2021,0,False
Spain,Ontology Engineering,2020,3,False
Canada,Other and Unspecified,2023,13,False
South Africa,Other and Unspecified,2022,39,False
Denmark,Other and Unspecified,2022,5,False
Bulgaria,Other and Unspecified,2017,2,True
Switzerland,Other and Unspecified,2022,0,False
China,Other and Unspecified,2023,10264,False
Brazil,Other and Unspecified,2018,41,True
Brazil,Other and Unspecified,2021,21,False
Sweden,Other and Unspecified,2020,9,False
Russia,Other and Unspecified,2020,48,False
Portugal,Personal Devices and Computing,2019,9,True
Lithuania,Personal Devices and Computing,2019,0,True
Bulgaria,Personal Devices and Computing,2022,1,False
Brazil,Personal Devices and Computing,2022,1,False
Morocco,Personal Devices and Computing,2019,3,True
Poland,Personal Devices and Computing,2022,4,False
Finland,Physical Sciences and Engineering,2022,20,False
Australia,Physical Sciences and Engineering,2024,11,False
Greece,Physical Sciences and Engineering,2025,1,False
Luxembourg,Physical Sciences and Engineering,2017,3,True
Serbia,Physical Sciences and Engineering,2018,3,True
South Africa,Physical Sciences and Engineering,2021,0,False
Taiwan,Physical Sciences and Engineering,2022,514,False
Switzerland,Physical Sciences and Engineering,2016,5,True
Ukraine,Physical Sciences and Engineering,2019,0,True
Czechia,Planning and Scheduling,2021,0,False
Malaysia,Planning and Scheduling,2017,6,True
South Korea,Planning and Scheduling,2025,53,False
Taiwan,Planning and Scheduling,2016,8,True
Mexico,Planning and Scheduling,2022,0,False
Poland,Planning and Scheduling,2018,3,True
United States,Planning and Scheduling,2022,483,False
Serbia,Robotics,2023,0,False
Japan,Robotics,2017,218,True
Norway,Robotics,2020,0,False
Uruguay,Robotics,2017,0,True
Czechia,Robotics,2018,0,True
Italy,Robotics,2020,3,False
Switzerland,Robotics,2017,0,True
San Marino,Robotics,2018,0,True
Brazil,Robotics,2018,3,True
South Korea,Search Methods,2017,26,True
Sweden,Search Methods,2016,1,True
Morocco,Search Methods,2022,1,False
Austria,Search Methods,2021,0,False
Turkey,Search Methods,2016,0,True
Italy,Search Methods,2022,1,False
Greece,Search Methods,2020,0,False
Portugal,Search Methods,2017,0,True
Czechia,Security,2023,1,False
Sweden,Security,2024,1,False
Malaysia,Security,2020,4,False
Taiwan,Security,2020,35,False
Serbia,Security,2021,0,False
Greece,Security,2018,0,True
Portugal,Security,2017,0,True
Portugal,Security,2019,0,True
South Africa,Security,2016,1,True
Italy,Security,2016,1,True
Canada,Security,2021,42,False
Czechia,Spatial and Physical Reasoning,2023,0,False
Brazil,Spatial and Physical Reasoning,2021,25,False
Hungary,Spatial and Physical Reasoning,2020,1,False
China,Spatial and Physical Reasoning,2021,26064,False
Mexico,Spatial and Physical Reasoning,2016,14,True
Australia,Spatial and Physical Reasoning,2019,176,True
Turkey,Spatial and Physical Reasoning,2016,1,True
Mexico,Speech Processing,2021,1,False
Lithuania,Speech Processing,2018,0,True
Hungary,Speech Processing,2017,1,True
Hungary,Speech Processing,2021,0,False
Sweden,Speech Processing,2016,0,True
Brazil,Speech Processing,2020,4,False
Norway,Speech Processing,2019,0,True
Taiwan,Speech Processing,2022,28,False
Canada,Speech Processing,2023,0,False
United Kingdom,Speech Processing,2020,25,False
Peru,Telecommunications,2019,2,True
Serbia,Telecommunications,2020,0,False
France,Telecommunications,2023,18,False
South Korea,Telecommunications,2020,1394,False
New Zealand,Telecommunications,2018,1,True
Switzerland,Telecommunications,2017,0,True
Netherlands,Telecommunications,2016,2,True
Taiwan,Telecommunications,2022,69,False
Italy,Telecommunications,2020,6,False
Morocco,Transportation,2021,0,False
Brazil,Transportation,2021,3,False
New Zealand,Transportation,2021,1,False
Portugal,Transportation,2019,0,True
Georgia,Transportation,2023,0,False
France,Transportation,2016,18,True
Canada,Transportation,2024,0,False
Taiwan,Transportation,2018,22,True
Belgium,Transportation,2018,1,True
Romania,Agriculture,2024,0,False
South Africa,Agriculture,2022,0,False
Kenya,Agriculture,2016,0,True
Malaysia,Agriculture,2020,1,False
Sweden,Agriculture,2023,3,False
Ireland,Agriculture,2023,0,False
France,Agriculture,2018,0,True
Switzerland,Agriculture,2022,0,False
Finland,Agriculture,2020,0,False
Sweden,All,2017,11,True
Bulgaria,All,2019,3,True
Czechia,All,2024,3,False
Peru,All,2020,11,False
Turkey,All,2019,4,True
Luxembourg,All,2022,77,False
Hungary,All,2018,6,True
Serbia,All,2018,3,True
Serbia,All,2019,2,True
Taiwan,All,2023,486,False
Finland,All,2024,3,False
Norway,All,2025,1,False
Lithuania,Analytics and Algorithms,2022,1,False
Portugal,Analytics and Algorithms,2019,0,True
Finland,Analytics and Algorithms,2017,3,True
United Kingdom,Analytics and Algorithms,2019,31,True
Denmark,Analytics and Algorithms,2023,1,False
Belgium,Analytics and Algorithms,2021,1,False
Luxembourg,Analytics and Algorithms,2023,9,False
Luxembourg,Analytics and Algorithms,2025,16,False
Slovakia,Analytics and Algorithms,2021,0,False
Argentina,Banking and Finance,2022,1,False
Philippines,Banking and Finance,2023,2,False
United States,Banking and Finance,2022,368,False
Italy,Banking and Finance,2019,3,True
Austria,Banking and Finance,2020,3,False
Czechia,Bio-Inspired Computing,2020,0,False
Russia,Bio-Inspired Computing,2016,3,True
Russia,Bio-Inspired Computing,2020,7,False
Brazil,Bio-Inspired Computing,2021,3,False
China,Bio-Inspired Computing,2020,2240,False
Sweden,Bio-Inspired Computing,2021,0,False
Italy,Bio-Inspired Computing,2022,1,False
Lithuania,Bio-Inspired Computing,2017,0,True
Italy,Business,2021,6,False
Norway,Business,2018,1,True
Bulgaria,Business,2025,1,False
Finland,Business,2022,0,False
Peru,Business,2019,0,True
Netherlands,Business,2025,2,False
Lithuania,Business,2020,0,False
Sweden,Business,2018,2,True
Peru,Computer Vision,2023,2,False
Ireland,Computer Vision,2018,0,True
Mexico,Computer Vision,2022,2,False
Latvia,Computer Vision,2020,0,False
Malaysia,Computer Vision,2017,8,True
Hungary,Computer Vision,2022,7,False
Netherlands,Computer Vision,2018,7,True
Denmark,Computer Vision,2018,13,True
Japan,Computer Vision,2025,4,False
Israel,Computer Vision,2019,5,True
Israel,Computer Vision,2022,6,False
Luxembourg,Computer Vision,2017,1,True
Czechia,Computing in Government,2017,0,True
Italy,Computing in Government,2020,0,False
Italy,Computing in Government,2021,0,False
Serbia,Computing in Government,2018,0,True
Lithuania,Computing in Government,2016,0,True
Lithuania,Computing in Government,2021,0,False
China,Computing in Government,2025,1061,False
Taiwan,Computing in Government,2020,2,False
United States,Control Methods,2022,774,False
Japan,Control Methods,2017,703,True
Slovakia,Control Methods,2024,0,False
Ukraine,Control Methods,2018,0,True
Norway,Control Methods,2024,2,False
China,Control Methods,2024,2474,False
Czechia,Control Methods,2018,3,True
Luxembourg,Control Methods,2024,29,False
Greece,Distributed AI,2020,0,False
Canada,Distributed AI,2018,8,True
Taiwan,Distributed AI,2016,0,True
Croatia,Distributed AI,2017,0,True
Bulgaria,Distributed AI,2020,0,False
Australia,Distributed AI,2022,3,False
China,Distributed AI,2025,760,False
Singapore,Education,2019,2,True
United Kingdom,Education,2017,5,True
Australia,Education,2023,1,False
Luxembourg,Education,2019,0,True
Russia,Education,2016,2,True
Russia,Education,2018,3,True
South Korea,Education,2018,67,True
South Korea,Education,2019,136,True
United States,Education,2019,172,True
United States,Education,2024,14,False
New Zealand,Education,2021,0,False
Finland,Education,2024,0,False
Taiwan,Education,2017,0,True
Denmark,Energy Management,2022,1,False
Bulgaria,Energy Management,2020,1,False
Singapore,Energy Management,2019,2,True
Spain,Energy Management,2021,10,False
Israel,Energy Management,2023,0,False
Iran,Energy Management,2018,0,True
Malaysia,Energy Management,2017,1,True
South Africa,Energy Management,2020,0,False
Mexico,Energy Management,2021,2,False
Finland,Fuzzy Logic,2023,0,False
Turkey,Fuzzy Logic,2021,0,False
Australia,Fuzzy Logic,2018,9,True
Australia,Fuzzy Logic,2021,56,False
Netherlands,Fuzzy Logic,2021,0,False
Austria,Fuzzy Logic,2020,0,False
Luxembourg,Fuzzy Logic,2019,0,True
San Marino,Fuzzy Logic,2017,0,True
Argentina,Fuzzy Logic,2023,0,False
Russia,Fuzzy Logic,2017,24,True
Russia,Fuzzy Logic,2019,11,True
Portugal,Industry and Manufacturing,2017,1,True
Austria,Industry and Manufacturing,2020,5,False
Italy,Industry and Manufacturing,2017,1,True
Belgium,Industry and Manufacturing,2017,0,True
Croatia,Industry and Manufacturing,2020,1,False
Denmark,Industry and Manufacturing,2023,3,False
Sweden,Industry and Manufacturing,2019,2,True
United Kingdom,Knowledge Representation,2023,2,False
South Korea,Knowledge Representation,2024,7,False
Norway,Knowledge Representation,2019,0,True
Croatia,Knowledge Representation,2017,0,True
Romania,Knowledge Representation,2019,0,True
South Africa,Natural Language Processing,2018,0,True
France,Natural Language Processing,2024,1,False
Belgium,Natural Language Processing,2019,0,True
Belgium,Natural Language Processing,2021,0,False
Denmark,Natural Language Processing,2022,0,False
Hungary,Natural Language Processing,2022,0,False
Hungary,Natural Language Processing,2023,0,False
Philippines,Natural Language Processing,2020,0,False
Paraguay,Natural Language Processing,2021,0,False
Portugal,Natural Language Processing,2024,0,False
Israel,Life Sciences,2016,0,True
Switzerland,Life Sciences,2016,2,True
Bulgaria,Life Sciences,2022,1,False
Ukraine,Life Sciences,2024,0,False
Netherlands,Life Sciences,2024,7,False
Germany,Life Sciences,2024,31,False
Spain,Life Sciences,2021,24,False
South Korea,Life Sciences,2020,1083,False
South Africa,Life Sciences,2019,0,True
Portugal,Life Sciences,2024,0,False
Brazil,Logic-Based Knowledge Systems,2021,3,False
Italy,Logic-Based Knowledge Systems,2023,0,False
Colombia,Logic-Based Knowledge Systems,2022,0,False
Slovenia,Logic-Based Knowledge Systems,2018,1,True
Czechia,Logic-Based Knowledge Systems,2019,1,True
Poland,Logic-Based Knowledge Systems,2023,0,False
Peru,Markov and Bayesian Models,2019,0,True
South Korea,Markov and Bayesian Models,2025,2,False
Israel,Markov and Bayesian Models,2024,0,False
Finland,Markov and Bayesian Models,2017,1,True
Finland,Markov and Bayesian Models,2023,0,False
Argentina,Markov and Bayesian Models,2019,0,True
Argentina,Markov and Bayesian Models,2022,0,False
Austria,Measuring and Testing,2024,2,False
Canada,Measuring and Testing,2021,93,False
Czechia,Measuring and Testing,2017,0,True
Lithuania,Measuring and Testing,2019,1,True
Turkey,Measuring and Testing,2019,1,True
Brazil,Measuring and Testing,2017,29,True
Norway,Measuring and Testing,2020,2,False
Luxembourg,Measuring and Testing,2020,2,False
Italy,Measuring and Testing,2019,15,True
Japan,Neural Networks,2017,1053,True
Spain,Neural Networks,2018,76,True
Switzerland,Neural Networks,2023,1,False
Taiwan,Neural Networks,2021,357,False
Taiwan,Neural Networks,2024,213,False
United States,Neural Networks,2020,9015,False
Belgium,Neural Networks,2016,1,True
Austria,Neural Networks,2021,5,False
New Zealand,Neural Networks,2022,0,False
South Africa,Neural Networks,2024,56,False
India,Ontology Engineering,2019,2,True
Peru,Ontology Engineering,2021,0,False
San Marino,Ontology Engineering,2020,0,False
Norway,Ontology Engineering,2016,1,True
Norway,Ontology Engineering,2023,0,False
China,Ontology Engineering,2025,5339,False
Australia,Ontology Engineering,2017,9,True
South Africa,Other and Unspecified,2017,1,True
United States,Other and Unspecified,2018,3976,True
Romania,Other and Unspecified,2021,0,False
Netherlands,Personal Devices and Computing,2021,10,False
Brazil,Personal Devices and Computing,2021,25,False
Kenya,Personal Devices and Computing,2016,1,True
Finland,Personal Devices and Computing,2023,6,False
Spain,Personal Devices and Computing,2016,42,True
Canada,Personal Devices and Computing,2019,328,True
Austria,Personal Devices and Computing,2016,5,True
Austria,Personal Devices and Computing,2023,1,False
Peru,Personal Devices and Computing,2021,0,False
New Zealand,Personal Devices and Computing,2016,0,True
United Kingdom,Personal Devices and Computing,2025,0,False
Brazil,Physical Sciences and Engineering,2017,74,True
Mexico,Physical Sciences and Engineering,2016,34,True
Morocco,Physical Sciences and Engineering,2017,2,True
Philippines,Physical Sciences and Engineering,2017,1,True
Ireland,Physical Sciences and Engineering,2023,3,False
China,Physical Sciences and Engineering,2020,46842,False
India,Physical Sciences and Engineering,2018,203,True
Jordan,Physical Sciences and Engineering,2021,1,False
Czechia,Physical Sciences and Engineering,2017,0,True
Luxembourg,Physical Sciences and Engineering,2020,13,False
France,Planning and Scheduling,2024,4,False
Malaysia,Planning and Scheduling,2019,3,True
Argentina,Planning and Scheduling,2017,1,True
Japan,Planning and Scheduling,2025,0,False
Mexico,Planning and Scheduling,2016,9,True
Singapore,Planning and Scheduling,2021,1,False
Turkey,Planning and Scheduling,2016,1,True
United States,Planning and Scheduling,2024,83,False
India,Planning and Scheduling,2016,26,True
Austria,Robotics,2016,0,True
Romania,Robotics,2021,0,False
Serbia,Robotics,2021,0,False
Russia,Robotics,2020,5,False
Hungary,Robotics,2022,0,False
Poland,Robotics,2022,0,False
Switzerland,Robotics,2022,0,False
Sweden,Robotics,2020,4,False
Bulgaria,Robotics,2019,0,True
United States,Robotics,2024,45,False
Japan,Search Methods,2025,0,False
Finland,Search Methods,2020,0,False
Finland,Search Methods,2021,0,False
Philippines,Search Methods,2019,0,True
Morocco,Search Methods,2016,0,True
Singapore,Search Methods,2018,10,True
Belgium,Search Methods,2025,0,False
Luxembourg,Security,2021,2,False
Czechia,Security,2021,0,False
Croatia,Security,2024,0,False
Finland,Security,2021,2,False
United States,Security,2016,516,True
South Africa,Security,2017,0,True
Philippines,Security,2017,0,True
Turkey,Security,2019,0,True
Singapore,Security,2018,23,True
Switzerland,Security,2018,0,True
Belgium,Security,2017,0,True
Belgium,Security,2020,1,False
Norway,Security,2022,0,False
Netherlands,Security,2018,1,True
Sweden,Spatial and Physical Reasoning,2023,8,False
Ukraine,Spatial and Physical Reasoning,2017,0,True
Estonia,Spatial and Physical Reasoning,2022,0,False
United Kingdom,Spatial and Physical Reasoning,2020,110,False
Lithuania,Spatial and Physical Reasoning,2017,0,True
Australia,Spatial and Physical Reasoning,2018,157,True
Israel,Spatial and Physical Reasoning,2021,6,False
Austria,Spatial and Physical Reasoning,2017,3,True
Germany,Spatial and Physical Reasoning,2025,21,False
Taiwan,Spatial and Physical Reasoning,2023,136,False
New Zealand,Spatial and Physical Reasoning,2020,2,False
Netherlands,Spatial and Physical Reasoning,2019,7,True
Kenya,Speech Processing,2016,0,True
China,Speech Processing,2018,880,True
Serbia,Speech Processing,2017,0,True
Italy,Speech Processing,2024,0,False
Finland,Speech Processing,2020,1,False
Israel,Speech Processing,2024,0,False
Peru,Speech Processing,2019,0,True
Singapore,Speech Processing,2018,7,True
Spain,Speech Processing,2016,2,True
United Kingdom,Speech Processing,2024,2,False
Luxembourg,Telecommunications,2017,0,True
Malaysia,Telecommunications,2016,5,True
Lithuania,Telecommunications,2017,0,True
Colombia,Telecommunications,2022,1,False
Greece,Telecommunications,2017,1,True
Mexico,Telecommunications,2017,13,True
Bulgaria,Telecommunications,2020,1,False
Philippines,Telecommunications,2017,0,True
Ireland,Telecommunications,2022,0,False
Ireland,Telecommunications,2023,0,False
China,Transportation,2025,4043,False
Morocco,Transportation,2016,0,True
Morocco,Transportation,2018,0,True
Poland,Transportation,2018,2,True
South Africa,Transportation,2016,0,True
United States,Transportation,2016,809,True
Spain,Transportation,2025,0,False
Russia,Transportation,2016,18,True
Japan,Transportation,2019,435,True
Austria,Transportation,2016,4,True
Taiwan,Transportation,2025,5,False
Romania,Transportation,2022,1,False
Poland,Agriculture,2017,1,True
United Kingdom,Agriculture,2022,2,False
Peru,Agriculture,2018,0,True
Argentina,Agriculture,2017,1,True
Netherlands,Agriculture,2023,2,False
Norway,Agriculture,2020,1,False
Portugal,Agriculture,2017,0,True
Japan,Agriculture,2018,45,True
Belgium,Agriculture,2023,0,False
China,Agriculture,2017,103,True
Italy,All,2020,28,False
Greece,All,2021,6,False
Hungary,All,2021,8,False
India,All,2019,8,True
Taiwan,All,2018,325,True
Belgium,All,2024,4,False
Australia,All,2021,1161,False
Germany,Analytics and Algorithms,2020,71,False
Czechia,Analytics and Algorithms,2018,0,True
Hungary,Analytics and Algorithms,2017,0,True
Switzerland,Analytics and Algorithms,2020,0,False
South Korea,Analytics and Algorithms,2024,92,False
Mexico,Analytics and Algorithms,2021,12,False
Poland,Banking and Finance,2022,0,False
Poland,Banking and Finance,2023,0,False
Canada,Banking and Finance,2022,15,False
Israel,Banking and Finance,2019,0,True
Israel,Banking and Finance,2023,0,False
Ireland,Banking and Finance,2018,0,True
Switzerland,Banking and Finance,2021,0,False
South Korea,Banking and Finance,2021,241,False
Lithuania,Banking and Finance,2016,0,True
Lithuania,Banking and Finance,2022,0,False
Georgia,Banking and Finance,2023,0,False
Australia,Banking and Finance,2021,54,False
China,Banking and Finance,2018,422,True
Romania,Bio-Inspired Computing,2017,0,True
Taiwan,Bio-Inspired Computing,2017,6,True
Argentina,Bio-Inspired Computing,2019,0,True
United States,Bio-Inspired Computing,2016,336,True
Belgium,Bio-Inspired Computing,2016,1,True
France,Bio-Inspired Computing,2021,8,False
Hungary,Bio-Inspired Computing,2017,0,True
Russia,Business,2017,20,True
Italy,Business,2022,0,False
Israel,Business,2021,1,False
South Korea,Business,2017,227,True
Australia,Business,2017,40,True
Serbia,Business,2017,0,True
Brazil,Business,2022,0,False
South Africa,Business,2025,0,False
Morocco,Business,2017,1,True
Russia,Computer Vision,2020,42,False
Singapore,Computer Vision,2021,1,False
Germany,Computer Vision,2018,180,True
Norway,Computer Vision,2023,1,False
Belgium,Computer Vision,2017,0,True
South Africa,Computer Vision,2017,2,True
Croatia,Computer Vision,2019,0,True
Philippines,Computer Vision,2021,25,False
Denmark,Computer Vision,2019,10,True
Portugal,Computer Vision,2024,0,False
Japan,Computer Vision,2020,1436,False
United States,Computer Vision,2020,4729,False
Bulgaria,Computing in Government,2024,0,False
Poland,Computing in Government,2022,0,False
Lithuania,Computing in Government,2018,0,True
South Korea,Computing in Government,2025,13,False
Germany,Computing in Government,2017,2,True
Argentina,Computing in Government,2017,0,True
Argentina,Computing in Government,2018,1,True
Mexico,Control Methods,2022,2,False
Austria,Control Methods,2019,4,True
Austria,Control Methods,2023,9,False
Australia,Control Methods,2016,37,True
Croatia,Control Methods,2024,0,False
Canada,Control Methods,2019,84,True
Luxembourg,Control Methods,2020,2,False
Italy,Distributed AI,2022,0,False
Greece,Distributed AI,2022,0,False
Finland,Distributed AI,2019,0,True
Austria,Distributed AI,2024,0,False
Spain,Distributed AI,2020,1,False
Poland,Distributed AI,2022,0,False
China,Distributed AI,2021,352,False
Greece,Education,2016,0,True
China,Education,2016,87,True
Germany,Education,2020,1,False
Sweden,Education,2024,0,False
Turkey,Education,2016,0,True
Malaysia,Education,2018,0,True
Malaysia,Education,2022,0,False
Russia,Energy Management,2017,0,True
Croatia,Energy Management,2018,0,True
Singapore,Energy Management,2018,5,True
Peru,Energy Management,2016,0,True
Czechia,Energy Management,2017,0,True
Taiwan,Energy Management,2016,3,True
Taiwan,Energy Management,2020,25,False
Taiwan,Energy Management,2021,30,False
Morocco,Energy Management,2022,0,False
Norway,Energy Management,2022,2,False
Finland,Fuzzy Logic,2024,0,False
Turkey,Fuzzy Logic,2016,0,True
Morocco,Fuzzy Logic,2021,0,False
Australia,Fuzzy Logic,2023,1,False
Norway,Fuzzy Logic,2021,0,False
France,Fuzzy Logic,2024,0,False
Peru,Fuzzy Logic,2016,0,True
Japan,Fuzzy Logic,2017,15,True
Austria,Fuzzy Logic,2019,0,True
San Marino,Fuzzy Logic,2020,0,False
Germany,Fuzzy Logic,2025,1,False
Bulgaria,Fuzzy Logic,2023,0,False
Romania,Industry and Manufacturing,2016,0,True
Philippines,Industry and Manufacturing,2022,0,False
Philippines,Industry and Manufacturing,2023,0,False
Malaysia,Industry and Manufacturing,2018,3,True
Brazil,Industry and Manufacturing,2019,17,True
Brazil,Industry and Manufacturing,2022,0,False
Jordan,Industry and Manufacturing,2021,1,False
Serbia,Industry and Manufacturing,2019,2,True
Norway,Industry and Manufacturing,2016,0,True
China,Industry and Manufacturing,2019,1945,True
Slovenia,Industry and Manufacturing,2022,1,False
Ukraine,Industry and Manufacturing,2023,0,False
Denmark,Industry and Manufacturing,2024,1,False
Japan,Knowledge Representation,2019,149,True
Uruguay,Knowledge Representation,2022,0,False
Luxembourg,Knowledge Representation,2019,1,True
Argentina,Knowledge Representation,2021,0,False
Finland,Knowledge Representation,2018,1,True
Finland,Knowledge Representation,2021,1,False
South Africa,Knowledge Representation,2020,0,False
Singapore,Natural Language Processing,2019,11,True
Netherlands,Natural Language Processing,2017,0,True
Ukraine,Natural Language Processing,2025,0,False
New Zealand,Natural Language Processing,2022,0,False
Spain,Natural Language Processing,2022,2,False
Lithuania,Natural Language Processing,2018,0,True
Greece,Natural Language Processing,2025,0,False
China,Natural Language Processing,2024,4116,False
Denmark,Natural Language Processing,2018,1,True
United States,Natural Language Processing,2017,977,True
Switzerland,Natural Language Processing,2019,0,True
Canada,Natural Language Processing,2022,28,False
Russia,Life Sciences,2020,23,False
United States,Life Sciences,2022,668,False
Malaysia,Life Sciences,2018,5,True
Slovakia,Life Sciences,2021,0,False
Slovakia,Life Sciences,2023,1,False
India,Life Sciences,2019,0,True
Netherlands,Life Sciences,2025,0,False
Peru,Life Sciences,2018,2,True
China,Life Sciences,2017,678,True
Italy,Logic-Based Knowledge Systems,2022,0,False
Spain,Logic-Based Knowledge Systems,2016,10,True
Morocco,Logic-Based Knowledge Systems,2019,0,True
Australia,Logic-Based Knowledge Systems,2022,10,False
Sweden,Logic-Based Knowledge Systems,2017,1,True
Belgium,Logic-Based Knowledge Systems,2022,0,False
Greece,Logic-Based Knowledge Systems,2016,0,True
Switzerland,Logic-Based Knowledge Systems,2020,1,False
Bulgaria,Logic-Based Knowledge Systems,2019,0,True
Bulgaria,Logic-Based Knowledge Systems,2022,1,False
Spain,Markov and Bayesian Models,2024,0,False
Canada,Markov and Bayesian Models,2018,95,True
Czechia,Markov and Bayesian Models,2025,0,False
Lithuania,Markov and Bayesian Models,2017,0,True
Israel,Markov and Bayesian Models,2016,0,True
Estonia,Measuring and Testing,2022,1,False
Canada,Measuring and Testing,2019,155,True
Turkey,Measuring and Testing,2020,0,False
Greece,Measuring and Testing,2017,2,True
Argentina,Measuring and Testing,2022,3,False
Jordan,Measuring and Testing,2021,0,False
United Kingdom,Measuring and Testing,2019,68,True
Luxembourg,Measuring and Testing,2023,20,False
Italy,Measuring and Testing,2020,8,False
China,Neural Networks,2019,20206,True
Peru,Neural Networks,2016,2,True
Portugal,Neural Networks,2022,0,False
New Zealand,Neural Networks,2019,8,True
South Africa,Neural Networks,2018,5,True
Philippines,Ontology Engineering,2022,0,False
Austria,Ontology Engineering,2019,0,True
Malaysia,Ontology Engineering,2020,1,False
Romania,Ontology Engineering,2017,0,True
Taiwan,Ontology Engineering,2020,10,False
Paraguay,Ontology Engineering,2021,0,False
Netherlands,Ontology Engineering,2020,2,False
Denmark,Ontology Engineering,2024,0,False
Spain,Ontology Engineering,2021,1,False
Spain,Ontology Engineering,2023,0,False
South Africa,Other and Unspecified,2018,1,True
South Africa,Other and Unspecified,2023,49,False
Peru,Other and Unspecified,2018,2,True
Saudi Arabia,Other and Unspecified,2019,0,True
Australia,Other and Unspecified,2016,103,True
Taiwan,Other and Unspecified,2022,208,False
Bulgaria,Other and Unspecified,2024,14,False
Luxembourg,Other and Unspecified,2020,3,False
United Kingdom,Other and Unspecified,2025,1,False
Switzerland,Other and Unspecified,2016,2,True
Morocco,Other and Unspecified,2018,1,True
Ireland,Other and Unspecified,2022,0,False
Portugal,Personal Devices and Computing,2018,6,True
Lithuania,Personal Devices and Computing,2020,1,False
Greece,Personal Devices and Computing,2018,4,True
Belgium,Personal Devices and Computing,2017,0,True
Morocco,Personal Devices and Computing,2020,1,False
Luxembourg,Personal Devices and Computing,2022,37,False
Philippines,Personal Devices and Computing,2018,3,True
United Kingdom,Personal Devices and Computing,2019,183,True
Austria,Physical Sciences and Engineering,2024,4,False
Turkey,Physical Sciences and Engineering,2023,1,False
Bulgaria,Physical Sciences and Engineering,2018,4,True
Japan,Physical Sciences and Engineering,2023,837,False
Greece,Physical Sciences and Engineering,2023,21,False
United States,Physical Sciences and Engineering,2025,212,False
Taiwan,Physical Sciences and Engineering,2025,60,False
Indonesia,Physical Sciences and Engineering,2016,1,True
Slovakia,Physical Sciences and Engineering,2021,1,False
Czechia,Planning and Scheduling,2023,0,False
Austria,Planning and Scheduling,2019,0,True
Slovenia,Planning and Scheduling,2016,0,True
Germany,Planning and Scheduling,2023,14,False
Canada,Planning and Scheduling,2024,2,False
Sweden,Planning and Scheduling,2020,3,False
Denmark,Planning and Scheduling,2016,1,True
New Zealand,Planning and Scheduling,2019,0,True
Israel,Planning and Scheduling,2020,0,False
Netherlands,Planning and Scheduling,2017,0,True
Austria,Robotics,2022,0,False
Croatia,Robotics,2021,0,False
Slovenia,Robotics,2018,0,True
Morocco,Robotics,2022,0,False
Belgium,Robotics,2023,0,False
France,Robotics,2020,13,False
France,Robotics,2024,2,False
Luxembourg,Robotics,2019,0,True
United Kingdom,Robotics,2017,17,True
South Africa,Robotics,2022,2,False
Canada,Robotics,2024,0,False
Bulgaria,Robotics,2021,1,False
Japan,Search Methods,2022,87,False
Mexico,Search Methods,2018,7,True
Norway,Search Methods,2023,0,False
Brazil,Search Methods,2022,0,False
South Africa,Search Methods,2023,0,False
Greece,Search Methods,2022,1,False
Croatia,Search Methods,2021,0,False
Netherlands,Search Methods,2017,0,True
Spain,Search Methods,2024,0,False
Hungary,Security,2016,0,True
China,Security,2016,162,True
France,Security,2016,8,True
Austria,Security,2018,0,True
United States,Spatial and Physical Reasoning,2025,47,False
Peru,Spatial and Physical Reasoning,2018,2,True
Peru,Spatial and Physical Reasoning,2020,4,False
Italy,Spatial and Physical Reasoning,2019,12,True
Serbia,Spatial and Physical Reasoning,2020,0,False
Lithuania,Spatial and Physical Reasoning,2019,0,True
Argentina,Speech Processing,2023,0,False
Czechia,Speech Processing,2022,0,False
India,Speech Processing,2019,1,True
China,Speech Processing,2026,26,False
Poland,Speech Processing,2018,0,True
Netherlands,Speech Processing,2017,1,True
Saudi Arabia,Speech Processing,2022,0,False
Israel,Speech Processing,2016,0,True
Peru,Speech Processing,2016,0,True
Switzerland,Speech Processing,2020,0,False
France,Speech Processing,2023,4,False
South Africa,Speech Processing,2020,0,False
United States,Telecommunications,2022,2090,False
Finland,Telecommunications,2020,20,False
Lithuania,Telecommunications,2019,1,True
Sweden,Telecommunications,2016,3,True
Sweden,Telecommunications,2023,4,False
New Zealand,Telecommunications,2017,5,True
Poland,Telecommunications,2022,2,False
Brazil,Telecommunications,2016,18,True
Hungary,Telecommunications,2022,1,False
Austria,Telecommunications,2016,2,True
Sweden,Transportation,2023,2,False
Singapore,Transportation,2018,26,True
Norway,Transportation,2020,1,False
Norway,Transportation,2024,2,False
Russia,Transportation,2020,15,False
Paraguay,Transportation,2021,0,False
Czechia,Transportation,2018,1,True
Finland,Transportation,2017,1,True
Philippines,Transportation,2019,2,True
Germany,Transportation,2020,159,False
Mexico,Transportation,2021,2,False
Brazil,Agriculture,2020,13,False
India,Agriculture,2016,3,True
India,Agriculture,2019,0,True
Malaysia,Agriculture,2021,1,False
Malaysia,Agriculture,2022,0,False
Taiwan,Agriculture,2024,1,False
Denmark,Agriculture,2017,0,True
Sweden,All,2016,11,True
Sweden,All,2024,9,False
Denmark,All,2022,7,False
Luxembourg,All,2019,10,True
Norway,All,2024,5,False
Poland,All,2016,19,True
Australia,Analytics and Algorithms,2023,15,False
Greece,Analytics and Algorithms,2016,0,True
Taiwan,Analytics and Algorithms,2016,7,True
Slovakia,Analytics and Algorithms,2023,0,False
Canada,Analytics and Algorithms,2018,70,True
Greece,Banking and Finance,2017,0,True
Canada,Banking and Finance,2018,49,True
Argentina,Banking and Finance,2017,0,True
Hungary,Banking and Finance,2018,1,True
Switzerland,Banking and Finance,2019,0,True
Netherlands,Banking and Finance,2020,0,False
Malaysia,Banking and Finance,2019,3,True
Malaysia,Banking and Finance,2020,2,False
Jordan,Banking and Finance,2021,0,False
United States,Bio-Inspired Computing,2020,719,False
Sweden,Bio-Inspired Computing,2023,0,False
South Korea,Bio-Inspired Computing,2022,96,False
Morocco,Bio-Inspired Computing,2021,0,False
Turkey,Bio-Inspired Computing,2021,0,False
Ukraine,Bio-Inspired Computing,2018,3,True
Colombia,Bio-Inspired Computing,2024,0,False
Austria,Bio-Inspired Computing,2023,0,False
Portugal,Bio-Inspired Computing,2024,0,False
Malaysia,Business,2016,3,True
Greece,Business,2019,0,True
Luxembourg,Business,2016,0,True
United States,Business,2022,805,False
Switzerland,Business,2023,1,False
Turkey,Business,2023,0,False
Sweden,Business,2021,1,False
Japan,Business,2021,322,False
United Kingdom,Computer Vision,2016,54,True
Russia,Computer Vision,2016,25,True
Singapore,Computer Vision,2016,13,True
Colombia,Computer Vision,2024,0,False
Greece,Computer Vision,2016,2,True
Greece,Computer Vision,2022,3,False
Hungary,Computer Vision,2016,1,True
Cuba,Computer Vision,2020,0,False
Australia,Computer Vision,2020,255,False
Mexico,Computing in Government,2020,1,False
Hungary,Computing in Government,2022,0,False
Ukraine,Computing in Government,2023,0,False
Taiwan,Computing in Government,2024,2,False
Singapore,Computing in Government,2019,0,True
Jordan,Computing in Government,2021,0,False
Poland,Control Methods,2023,0,False
Singapore,Control Methods,2017,17,True
Saudi Arabia,Control Methods,2023,0,False
Greece,Control Methods,2022,1,False
Taiwan,Control Methods,2016,17,True
Bulgaria,Control Methods,2020,0,False
Portugal,Control Methods,2019,4,True
Portugal,Control Methods,2021,0,False
United Kingdom,Control Methods,2018,60,True
Chile,Control Methods,2018,1,True
Sweden,Distributed AI,2022,0,False
Denmark,Distributed AI,2023,0,False
Luxembourg,Distributed AI,2020,0,False
Finland,Distributed AI,2022,1,False
Czechia,Distributed AI,2025,0,False
New Zealand,Distributed AI,2020,0,False
United States,Distributed AI,2019,315,True
Japan,Education,2021,30,False
New Zealand,Education,2022,0,False
Brazil,Education,2018,2,True
Romania,Education,2023,0,False
South Africa,Education,2024,0,False
Netherlands,Energy Management,2020,0,False
Morocco,Energy Management,2018,0,True
Australia,Energy Management,2018,16,True
Lithuania,Energy Management,2020,1,False
Philippines,Energy Management,2021,0,False
China,Energy Management,2018,957,True
Canada,Energy Management,2021,16,False
Switzerland,Fuzzy Logic,2023,0,False
Czechia,Fuzzy Logic,2020,0,False
Czechia,Fuzzy Logic,2023,0,False
Israel,Fuzzy Logic,2020,0,False
Israel,Fuzzy Logic,2024,0,False
Australia,Fuzzy Logic,2020,13,False
Greece,Fuzzy Logic,2018,0,True
Germany,Fuzzy Logic,2024,0,False
Canada,Industry and Manufacturing,2024,0,False
Poland,Industry and Manufacturing,2016,2,True
Poland,Industry and Manufacturing,2022,4,False
France,Industry and Manufacturing,2016,4,True
France,Industry and Manufacturing,2021,12,False
United Kingdom,Industry and Manufacturing,2021,11,False
Saudi Arabia,Industry and Manufacturing,2021,0,False
Italy,Industry and Manufacturing,2020,4,False
Japan,Knowledge Representation,2024,2,False
Malaysia,Knowledge Representation,2017,2,True
New Zealand,Knowledge Representation,2016,0,True
Bulgaria,Knowledge Representation,2023,1,False
Australia,Knowledge Representation,2024,0,False
Croatia,Knowledge Representation,2022,0,False
Netherlands,Knowledge Representation,2019,1,True
Netherlands,Knowledge Representation,2021,1,False
Austria,Knowledge Representation,2019,0,True
Singapore,Knowledge Representation,2017,7,True
Italy,Natural Language Processing,2020,1,False
Luxembourg,Natural Language Processing,2021,1,False
Croatia,Natural Language Processing,2017,0,True
Mexico,Natural Language Processing,2021,1,False
Netherlands,Natural Language Processing,2022,1,False
Iran,Natural Language Processing,2018,0,True
Austria,Natural Language Processing,2020,0,False
Slovakia,Natural Language Processing,2023,0,False
Slovakia,Natural Language Processing,2024,0,False
Morocco,Natural Language Processing,2020,0,False
Philippines,Natural Language Processing,2018,0,True
Czechia,Natural Language Processing,2021,0,False
Greece,Life Sciences,2025,0,False
Singapore,Life Sciences,2021,0,False
Austria,Life Sciences,2021,0,False
Mexico,Life Sciences,2020,34,False
Mexico,Life Sciences,2022,1,False
United States,Life Sciences,2021,1271,False
Switzerland,Life Sciences,2023,0,False
Hungary,Life Sciences,2018,3,True
Luxembourg,Life Sciences,2022,7,False
Turkey,Life Sciences,2016,0,True
Japan,Life Sciences,2025,2,False
Ukraine,Life Sciences,2016,0,True
Canada,Life Sciences,2016,91,True
Germany,Life Sciences,2022,62,False
Sweden,Life Sciences,2023,2,False
Austria,Logic-Based Knowledge Systems,2022,0,False
Hungary,Logic-Based Knowledge Systems,2022,0,False
Spain,Logic-Based Knowledge Systems,2023,0,False
Saudi Arabia,Logic-Based Knowledge Systems,2019,0,True
Australia,Logic-Based Knowledge Systems,2018,83,True
Netherlands,Logic-Based Knowledge Systems,2019,3,True
Luxembourg,Logic-Based Knowledge Systems,2025,26,False
Switzerland,Logic-Based Knowledge Systems,2018,0,True
Canada,Logic-Based Knowledge Systems,2020,66,False
Mexico,Markov and Bayesian Models,2016,0,True
Germany,Markov and Bayesian Models,2019,53,True
Greece,Markov and Bayesian Models,2016,0,True
Serbia,Markov and Bayesian Models,2018,0,True
Brazil,Markov and Bayesian Models,2018,18,True
Canada,Markov and Bayesian Models,2020,71,False
Canada,Markov and Bayesian Models,2023,0,False
Estonia,Markov and Bayesian Models,2022,0,False
Lithuania,Markov and Bayesian Models,2021,0,False
Argentina,Markov and Bayesian Models,2018,0,True
Poland,Markov and Bayesian Models,2018,4,True
Austria,Measuring and Testing,2020,7,False
Ireland,Measuring and Testing,2018,0,True
Morocco,Measuring and Testing,2016,0,True
Bulgaria,Measuring and Testing,2025,0,False
Greece,Measuring and Testing,2019,1,True
Luxembourg,Measuring and Testing,2016,0,True
Japan,Measuring and Testing,2017,406,True
Peru,Measuring and Testing,2018,2,True
Malaysia,Measuring and Testing,2020,4,False
Romania,Measuring and Testing,2024,0,False
Japan,Neural Networks,2022,1216,False
Israel,Neural Networks,2020,9,False
France,Neural Networks,2018,105,True
France,Neural Networks,2024,32,False
Indonesia,Neural Networks,2016,1,True
Taiwan,Neural Networks,2022,293,False
Luxembourg,Neural Networks,2016,0,True
Malaysia,Neural Networks,2020,19,False
Greece,Neural Networks,2019,1,True
United Kingdom,Neural Networks,2022,150,False
United Kingdom,Neural Networks,2025,0,False
Australia,Neural Networks,2017,132,True
Australia,Neural Networks,2018,218,True
Belgium,Neural Networks,2025,4,False
Canada,Neural Networks,2017,167,True
Singapore,Neural Networks,2021,3,False
South Africa,Neural Networks,2019,1,True
Israel,Ontology Engineering,2017,0,True
Israel,Ontology Engineering,2022,2,False
Austria,Ontology Engineering,2017,0,True
Austria,Ontology Engineering,2023,0,False
Taiwan,Ontology Engineering,2021,11,False
China,Ontology Engineering,2016,188,True
Singapore,Ontology Engineering,2021,0,False
Saudi Arabia,Ontology Engineering,2019,0,True
Slovakia,Ontology Engineering,2021,0,False
Denmark,Ontology Engineering,2022,0,False
Estonia,Other and Unspecified,2022,1,False
Italy,Other and Unspecified,2018,8,True
Finland,Other and Unspecified,2016,5,True
Luxembourg,Other and Unspecified,2018,2,True
Lithuania,Other and Unspecified,2018,5,True
China,Other and Unspecified,2022,13854,False
Romania,Other and Unspecified,2019,1,True
Mexico,Other and Unspecified,2019,32,True
Japan,Personal Devices and Computing,2025,3,False
Bulgaria,Personal Devices and Computing,2024,3,False
Italy,Personal Devices and Computing,2023,5,False
Switzerland,Personal Devices and Computing,2019,1,True
Slovenia,Personal Devices and Computing,2022,0,False
Norway,Personal Devices and Computing,2017,0,True
Germany,Physical Sciences and Engineering,2019,608,True
Denmark,Physical Sciences and Engineering,2022,7,False
South Korea,Physical Sciences and Engineering,2020,6584,False
Peru,Physical Sciences and Engineering,2023,2,False
Russia,Physical Sciences and Engineering,2019,172,True
Luxembourg,Physical Sciences and Engineering,2025,184,False
Slovakia,Physical Sciences and Engineering,2023,4,False
Hungary,Physical Sciences and Engineering,2021,8,False
Lithuania,Physical Sciences and Engineering,2019,3,True
South Africa,Planning and Scheduling,2022,0,False
Canada,Planning and Scheduling,2023,2,False
Hungary,Planning and Scheduling,2017,2,True
Japan,Planning and Scheduling,2016,104,True
Poland,Planning and Scheduling,2017,2,True
China,Robotics,2016,318,True
Serbia,Robotics,2020,0,False
Japan,Robotics,2018,248,True
New Zealand,Robotics,2019,1,True
South Korea,Robotics,2021,257,False
Luxembourg,Robotics,2024,3,False
Israel,Robotics,2018,0,True
Mexico,Robotics,2021,3,False
Netherlands,Robotics,2017,0,True
Finland,Search Methods,2023,0,False
Australia,Search Methods,2019,31,True
Denmark,Search Methods,2019,1,True
United States,Security,2022,865,False
Portugal,Security,2020,1,False
France,Security,2021,17,False
Saudi Arabia,Spatial and Physical Reasoning,2021,0,False
Philippines,Spatial and Physical Reasoning,2016,1,True
United Kingdom,Spatial and Physical Reasoning,2022,77,False
Croatia,Spatial and Physical Reasoning,2017,1,True
France,Spatial and Physical Reasoning,2017,29,True
Mexico,Spatial and Physical Reasoning,2019,38,True
Israel,Spatial and Physical Reasoning,2023,3,False
Austria,Spatial and Physical Reasoning,2021,3,False
Mexico,Speech Processing,2016,1,True
Italy,Speech Processing,2016,0,True
Philippines,Speech Processing,2020,1,False
South Korea,Speech Processing,2024,123,False
Malaysia,Speech Processing,2018,0,True
Australia,Speech Processing,2021,40,False
Taiwan,Speech Processing,2021,23,False
Japan,Telecommunications,2024,32,False
China,Telecommunications,2024,5167,False
Singapore,Telecommunications,2019,31,True
Denmark,Telecommunications,2020,9,False
Taiwan,Telecommunications,2017,24,True
Malaysia,Transportation,2020,1,False
Spain,Transportation,2017,13,True
Japan,Transportation,2020,342,False
Japan,Transportation,2022,184,False
Australia,Transportation,2023,4,False
Saudi Arabia,Transportation,2023,0,False
Taiwan,Transportation,2023,29,False
Luxembourg,Agriculture,2022,2,False
Slovakia,Agriculture,2024,0,False
United Kingdom,Agriculture,2024,0,False
Slovenia,Agriculture,2022,0,False
Norway,Agriculture,2021,1,False
Australia,Agriculture,2017,15,True
China,Agriculture,2019,340,True
Ukraine,All,2018,7,True
Czechia,All,2025,1,False
Saudi Arabia,All,2021,1,False
Netherlands,All,2025,11,False
Mexico,All,2020,95,False
Norway,All,2022,5,False
Australia,All,2022,159,False
Peru,Analytics and Algorithms,2020,1,False
Croatia,Analytics and Algorithms,2022,0,False
France,Analytics and Algorithms,2024,1,False
Argentina,Analytics and Algorithms,2018,0,True
Morocco,Analytics and Algorithms,2024,0,False
Poland,Analytics and Algorithms,2021,3,False
Morocco,Banking and Finance,2016,0,True
Cuba,Banking and Finance,2020,0,False
Switzerland,Banking and Finance,2018,0,True
Belgium,Banking and Finance,2021,0,False
Romania,Banking and Finance,2022,0,False
France,Banking and Finance,2024,2,False
Costa Rica,Banking and Finance,2020,0,False
Denmark,Banking and Finance,2016,0,True
Romania,Bio-Inspired Computing,2019,0,True
Romania,Bio-Inspired Computing,2021,0,False
Czechia,Bio-Inspired Computing,2022,0,False
Sweden,Bio-Inspired Computing,2016,0,True
France,Bio-Inspired Computing,2024,0,False
Netherlands,Bio-Inspired Computing,2023,5,False
Mexico,Bio-Inspired Computing,2022,1,False
Bulgaria,Bio-Inspired Computing,2024,0,False
Singapore,Bio-Inspired Computing,2019,11,True
Slovenia,Bio-Inspired Computing,2018,0,True
Austria,Bio-Inspired Computing,2020,0,False
Austria,Bio-Inspired Computing,2022,0,False
Latvia,Bio-Inspired Computing,2020,0,False
France,Business,2023,10,False
Ukraine,Business,2016,0,True
Argentina,Business,2021,1,False
South Africa,Business,2021,0,False
United Kingdom,Computer Vision,2024,10,False
Poland,Computer Vision,2020,7,False
Poland,Computer Vision,2023,4,False
Belgium,Computer Vision,2020,2,False
Switzerland,Computer Vision,2020,2,False
Malaysia,Computer Vision,2022,1,False
Japan,Computer Vision,2016,393,True
Austria,Computer Vision,2018,2,True
Belgium,Computing in Government,2024,0,False
Peru,Computing in Government,2021,0,False
Morocco,Computing in Government,2016,0,True
Norway,Computing in Government,2017,0,True
Japan,Computing in Government,2024,0,False
Argentina,Computing in Government,2019,0,True
New Zealand,Control Methods,2016,2,True
Ukraine,Control Methods,2019,0,True
Netherlands,Control Methods,2022,5,False
Norway,Control Methods,2021,0,False
Spain,Control Methods,2023,8,False
Greece,Control Methods,2016,0,True
Malaysia,Control Methods,2017,8,True
Croatia,Control Methods,2021,0,False
Switzerland,Control Methods,2016,1,True
Russia,Control Methods,2021,4,False
Israel,Control Methods,2016,2,True
Tunisia,Distributed AI,2021,0,False
Greece,Distributed AI,2024,0,False
Slovenia,Distributed AI,2022,0,False
Portugal,Distributed AI,2019,0,True
Israel,Distributed AI,2016,0,True
Morocco,Distributed AI,2021,0,False
Taiwan,Distributed AI,2020,2,False
Turkey,Distributed AI,2017,0,True
United Kingdom,Distributed AI,2016,0,True
Greece,Education,2022,0,False
Slovakia,Education,2021,0,False
Czechia,Education,2017,0,True
Czechia,Education,2021,0,False
Paraguay,Education,2021,0,False
Canada,Education,2024,0,False
Mexico,Education,2021,0,False
New Zealand,Education,2019,0,True
Denmark,Energy Management,2023,0,False
New Zealand,Energy Management,2018,0,True
Israel,Energy Management,2019,0,True
India,Energy Management,2017,2,True
Ukraine,Energy Management,2022,0,False
Luxembourg,Energy Management,2020,0,False
Ireland,Energy Management,2016,0,True
China,Energy Management,2026,117,False
Slovenia,Energy Management,2022,0,False
Hungary,Fuzzy Logic,2023,0,False
Brazil,Fuzzy Logic,2020,0,False
Colombia,Fuzzy Logic,2019,0,True
Italy,Fuzzy Logic,2024,0,False
Croatia,Fuzzy Logic,2017,0,True
New Zealand,Fuzzy Logic,2016,1,True
Luxembourg,Fuzzy Logic,2025,8,False
Costa Rica,Fuzzy Logic,2020,0,False
South Africa,Fuzzy Logic,2023,1,False
France,Industry and Manufacturing,2023,7,False
Malaysia,Industry and Manufacturing,2017,2,True
Austria,Industry and Manufacturing,2017,1,True
Austria,Industry and Manufacturing,2024,0,False
Costa Rica,Industry and Manufacturing,2023,0,False
Peru,Industry and Manufacturing,2022,0,False
Uruguay,Industry and Manufacturing,2022,1,False
Hungary,Knowledge Representation,2020,0,False
Greece,Knowledge Representation,2018,0,True
United Kingdom,Knowledge Representation,2018,21,True
Mexico,Knowledge Representation,2019,2,True
Bulgaria,Knowledge Representation,2022,1,False
China,Knowledge Representation,2016,134,True
China,Knowledge Representation,2022,989,False
Australia,Knowledge Representation,2019,29,True
Norway,Knowledge Representation,2018,0,True
Serbia,Knowledge Representation,2021,0,False
Spain,Knowledge Representation,2022,2,False
Peru,Knowledge Representation,2018,0,True
Peru,Natural Language Processing,2017,0,True
Indonesia,Natural Language Processing,2016,0,True
Croatia,Natural Language Processing,2020,0,False
Morocco,Natural Language Processing,2023,0,False
Germany,Natural Language Processing,2017,3,True
Japan,Natural Language Processing,2022,71,False
Poland,Natural Language Processing,2022,0,False
Czechia,Natural Language Processing,2019,0,True
Brazil,Life Sciences,2019,45,True
Austria,Life Sciences,2024,0,False
United Kingdom,Life Sciences,2016,17,True
United Kingdom,Life Sciences,2021,26,False
Malaysia,Life Sciences,2021,4,False
Norway,Life Sciences,2018,0,True
Norway,Life Sciences,2025,0,False
Luxembourg,Life Sciences,2020,0,False
Canada,Life Sciences,2019,207,True
Canada,Life Sciences,2024,0,False
Italy,Life Sciences,2018,3,True
Austria,Logic-Based Knowledge Systems,2016,0,True
Austria,Logic-Based Knowledge Systems,2020,2,False
India,Logic-Based Knowledge Systems,2017,59,True
Romania,Logic-Based Knowledge Systems,2023,0,False
Norway,Logic-Based Knowledge Systems,2017,0,True
Spain,Logic-Based Knowledge Systems,2021,1,False
Taiwan,Logic-Based Knowledge Systems,2016,19,True
Morocco,Logic-Based Knowledge Systems,2024,0,False
Germany,Logic-Based Knowledge Systems,2025,19,False
China,Logic-Based Knowledge Systems,2023,2372,False
China,Logic-Based Knowledge Systems,2026,325,False
Israel,Logic-Based Knowledge Systems,2024,0,False
Serbia,Logic-Based Knowledge Systems,2019,0,True
Belgium,Logic-Based Knowledge Systems,2016,0,True
Greece,Logic-Based Knowledge Systems,2023,0,False
United States,Logic-Based Knowledge Systems,2025,8,False
United Kingdom,Logic-Based Knowledge Systems,2021,17,False
Bulgaria,Logic-Based Knowledge Systems,2023,1,False
Bulgaria,Markov and Bayesian Models,2021,0,False
Hungary,Markov and Bayesian Models,2016,3,True
Taiwan,Markov and Bayesian Models,2019,24,True
Portugal,Markov and Bayesian Models,2019,1,True
United Kingdom,Markov and Bayesian Models,2025,0,False
France,Markov and Bayesian Models,2022,11,False
France,Markov and Bayesian Models,2023,10,False
Netherlands,Markov and Bayesian Models,2016,0,True
Netherlands,Markov and Bayesian Models,2023,2,False
Poland,Markov and Bayesian Models,2017,4,True
India,Markov and Bayesian Models,2019,3,True
Mexico,Measuring and Testing,2016,9,True
Hungary,Measuring and Testing,2017,3,True
Lithuania,Measuring and Testing,2022,1,False
Norway,Measuring and Testing,2022,2,False
Russia,Measuring and Testing,2021,19,False
Luxembourg,Measuring and Testing,2024,25,False
Spain,Neural Networks,2022,40,False
Turkey,Neural Networks,2017,1,True
Switzerland,Neural Networks,2019,1,True
Uruguay,Neural Networks,2022,0,False
Czechia,Neural Networks,2023,2,False
Colombia,Neural Networks,2024,0,False
Italy,Neural Networks,2022,13,False
Belgium,Neural Networks,2019,1,True
United Kingdom,Ontology Engineering,2021,9,False
Morocco,Ontology Engineering,2018,0,True
Italy,Ontology Engineering,2021,0,False
Italy,Ontology Engineering,2023,1,False
Austria,Ontology Engineering,2020,0,False
Austria,Ontology Engineering,2024,0,False
China,Ontology Engineering,2024,4845,False
Spain,Ontology Engineering,2025,0,False
France,Other and Unspecified,2016,30,True
Japan,Other and Unspecified,2020,1412,False
Philippines,Other and Unspecified,2016,0,True
Philippines,Other and Unspecified,2020,5,False
Germany,Other and Unspecified,2025,65,False
Austria,Other and Unspecified,2017,7,True
Portugal,Other and Unspecified,2019,5,True
Portugal,Other and Unspecified,2021,0,False
Poland,Other and Unspecified,2022,4,False
Netherlands,Personal Devices and Computing,2020,9,False
Lithuania,Personal Devices and Computing,2018,4,True
India,Personal Devices and Computing,2017,148,True
United States,Personal Devices and Computing,2024,828,False
Denmark,Physical Sciences and Engineering,2019,36,True
Netherlands,Physical Sciences and Engineering,2024,49,False
New Zealand,Physical Sciences and Engineering,2019,13,True
Spain,Physical Sciences and Engineering,2021,101,False
United States,Physical Sciences and Engineering,2023,4384,False
Serbia,Physical Sciences and Engineering,2017,2,True
South Africa,Physical Sciences and Engineering,2022,1,False
Poland,Physical Sciences and Engineering,2017,22,True
Belgium,Physical Sciences and Engineering,2018,8,True
Romania,Physical Sciences and Engineering,2022,2,False
Italy,Planning and Scheduling,2024,0,False
Peru,Planning and Scheduling,2021,0,False
Greece,Planning and Scheduling,2021,1,False
Greece,Planning and Scheduling,2022,1,False
Taiwan,Planning and Scheduling,2024,39,False
Mexico,Planning and Scheduling,2019,14,True
Mexico,Planning and Scheduling,2021,8,False
Iran,Planning and Scheduling,2018,0,True
Malaysia,Robotics,2018,0,True
Serbia,Robotics,2019,0,True
Ireland,Robotics,2018,0,True
Lithuania,Robotics,2022,0,False
Denmark,Robotics,2023,0,False
Poland,Robotics,2020,2,False
Peru,Robotics,2023,0,False
Israel,Robotics,2024,0,False
Mexico,Robotics,2018,5,True
South Africa,Robotics,2020,0,False
Bulgaria,Robotics,2018,0,True
Peru,Search Methods,2018,0,True
Turkey,Search Methods,2017,0,True
Switzerland,Search Methods,2016,0,True
Switzerland,Search Methods,2020,0,False
Switzerland,Search Methods,2024,0,False
Portugal,Search Methods,2019,1,True
Portugal,Search Methods,2024,0,False
Hungary,Search Methods,2022,0,False
Croatia,Search Methods,2020,1,False
Spain,Security,2021,7,False
Denmark,Security,2021,0,False
Germany,Security,2019,25,True
Austria,Security,2021,0,False
South Korea,Spatial and Physical Reasoning,2020,1640,False
Japan,Spatial and Physical Reasoning,2020,1188,False
Japan,Spatial and Physical Reasoning,2025,2,False
South Africa,Spatial and Physical Reasoning,2021,0,False
Bulgaria,Spatial and Physical Reasoning,2018,0,True
Georgia,Spatial and Physical Reasoning,2023,1,False
Spain,Spatial and Physical Reasoning,2024,0,False
Lithuania,Spatial and Physical Reasoning,2021,1,False
Poland,Spatial and Physical Reasoning,2020,5,False
Romania,Spatial and Physical Reasoning,2019,0,True
Belgium,Speech Processing,2018,1,True
Slovakia,Speech Processing,2024,0,False
Ukraine,Speech Processing,2025,0,False
Australia,Speech Processing,2022,7,False
Norway,Telecommunications,2018,3,True
Luxembourg,Telecommunications,2016,0,True
Canada,Telecommunications,2017,102,True
Australia,Telecommunications,2019,119,True
Belgium,Telecommunications,2018,1,True
Spain,Telecommunications,2023,5,False
Hungary,Telecommunications,2023,0,False
Argentina,Telecommunications,2023,0,False
Sweden,Transportation,2016,3,True
Brazil,Transportation,2016,25,True
Netherlands,Transportation,2017,1,True
United Kingdom,Transportation,2021,23,False
Malaysia,Transportation,2018,4,True
Luxembourg,Transportation,2024,11,False
Romania,Transportation,2024,0,False
Sweden,Agriculture,2022,3,False
Hungary,Agriculture,2018,1,True
United States,Agriculture,2016,57,True
United States,Agriculture,2021,99,False
Tunisia,Agriculture,2021,0,False
Ukraine,Agriculture,2022,0,False
South Korea,All,2024,2245,False
Colombia,All,2019,1,True
Austria,All,2024,4,False
Greece,All,2019,3,True
Germany,All,2017,364,True
Malaysia,All,2019,26,True
Mexico,All,2017,55,True
Switzerland,All,2016,5,True
Germany,Analytics and Algorithms,2019,70,True
Israel,Analytics and Algorithms,2017,2,True
Costa Rica,Analytics and Algorithms,2023,0,False
Ukraine,Analytics and Algorithms,2025,0,False
China,Analytics and Algorithms,2022,5317,False
China,Analytics and Algorithms,2025,5821,False
Philippines,Banking and Finance,2016,0,True
Russia,Banking and Finance,2019,6,True
Hungary,Banking and Finance,2017,0,True
New Zealand,Banking and Finance,2020,1,False
Romania,Banking and Finance,2021,0,False
Portugal,Banking and Finance,2016,0,True
Singapore,Banking and Finance,2017,14,True
Uruguay,Banking and Finance,2017,0,True
Malaysia,Banking and Finance,2022,0,False
Turkey,Banking and Finance,2016,1,True
Luxembourg,Banking and Finance,2025,4,False
Germany,Banking and Finance,2021,41,False
Germany,Banking and Finance,2023,19,False
Belgium,Bio-Inspired Computing,2019,0,True
Sweden,Bio-Inspired Computing,2020,1,False
Peru,Bio-Inspired Computing,2020,1,False
Peru,Bio-Inspired Computing,2021,0,False
Netherlands,Bio-Inspired Computing,2016,0,True
Bulgaria,Bio-Inspired Computing,2023,0,False
Turkey,Bio-Inspired Computing,2023,0,False
Luxembourg,Bio-Inspired Computing,2024,55,False
Luxembourg,Bio-Inspired Computing,2025,86,False
Paraguay,Bio-Inspired Computing,2021,0,False
Japan,Bio-Inspired Computing,2023,29,False
Switzerland,Bio-Inspired Computing,2019,0,True
Norway,Business,2019,2,True
Greece,Business,2016,1,True
China,Business,2017,894,True
China,Business,2021,6229,False
Spain,Business,2018,13,True
United Kingdom,Business,2021,13,False
Hungary,Business,2018,1,True
Canada,Business,2018,113,True
Peru,Computer Vision,2022,0,False
China,Computer Vision,2020,17475,False
India,Computer Vision,2016,19,True
Bulgaria,Computer Vision,2018,1,True
Sweden,Computer Vision,2024,3,False
Czechia,Computer Vision,2018,1,True
United States,Computer Vision,2019,4582,True
Israel,Computer Vision,2024,1,False
Canada,Computing in Government,2022,1,False
United States,Computing in Government,2023,18,False
Czechia,Computing in Government,2024,0,False
Finland,Computing in Government,2020,0,False
Ukraine,Computing in Government,2022,0,False
Romania,Computing in Government,2017,0,True
Spain,Computing in Government,2019,0,True
Austria,Computing in Government,2020,0,False
Austria,Computing in Government,2023,0,False
Philippines,Computing in Government,2018,0,True
Croatia,Computing in Government,2020,0,False
Portugal,Computing in Government,2019,0,True
Argentina,Control Methods,2023,0,False
New Zealand,Control Methods,2021,3,False
Serbia,Control Methods,2023,0,False
Australia,Control Methods,2022,20,False
Taiwan,Control Methods,2022,45,False
Malaysia,Control Methods,2021,0,False
United Kingdom,Control Methods,2021,40,False
Turkey,Control Methods,2023,1,False
Denmark,Control Methods,2018,12,True
Israel,Control Methods,2023,2,False
Finland,Distributed AI,2018,0,True
Ukraine,Distributed AI,2023,0,False
Portugal,Distributed AI,2021,0,False
Israel,Distributed AI,2017,1,True
Switzerland,Distributed AI,2024,0,False
Brazil,Distributed AI,2020,3,False
Brazil,Distributed AI,2022,0,False
Canada,Distributed AI,2021,6,False
Austria,Distributed AI,2016,0,True
Peru,Distributed AI,2021,0,False
Saudi Arabia,Distributed AI,2021,0,False
France,Distributed AI,2024,0,False
Taiwan,Distributed AI,2019,1,True
Croatia,Education,2022,0,False
China,Education,2021,590,False
Italy,Education,2021,0,False
Germany,Education,2023,0,False
Australia,Education,2016,11,True
Austria,Education,2021,2,False
Ukraine,Education,2023,0,False
South Korea,Education,2022,157,False
Italy,Energy Management,2023,1,False
United Kingdom,Energy Management,2022,9,False
Malaysia,Energy Management,2019,2,True
Norway,Energy Management,2020,0,False
Norway,Energy Management,2025,0,False
Mexico,Energy Management,2017,4,True
France,Energy Management,2020,21,False
Romania,Fuzzy Logic,2016,0,True
Saudi Arabia,Industry and Manufacturing,2023,0,False
Brazil,Industry and Manufacturing,2021,10,False
Spain,Industry and Manufacturing,2023,3,False
Slovakia,Industry and Manufacturing,2024,0,False
Mexico,Industry and Manufacturing,2018,12,True
Kenya,Industry and Manufacturing,2016,0,True
Japan,Knowledge Representation,2021,77,False
Japan,Knowledge Representation,2023,20,False
Malaysia,Knowledge Representation,2016,1,True
Slovenia,Knowledge Representation,2019,0,True
Sweden,Knowledge Representation,2023,0,False
India,Knowledge Representation,2016,20,True
Luxembourg,Knowledge Representation,2016,0,True
Luxembourg,Knowledge Representation,2023,0,False
Portugal,Knowledge Representation,2021,1,False
Canada,Knowledge Representation,2017,22,True
Romania,Knowledge Representation,2023,0,False
Romania,Knowledge Representation,2024,0,False
Spain,Knowledge Representation,2019,5,True
Saudi Arabia,Natural Language Processing,2021,0,False
Netherlands,Natural Language Processing,2023,2,False
Spain,Natural Language Processing,2021,1,False
Lithuania,Natural Language Processing,2022,0,False
France,Natural Language Processing,2021,2,False
Ireland,Natural Language Processing,2018,0,True
Bulgaria,Natural Language Processing,2019,0,True
United States,Natural Language Processing,2019,1550,True
Switzerland,Natural Language Processing,2016,0,True
Israel,Natural Language Processing,2022,1,False
Australia,Natural Language Processing,2023,16,False
Brazil,Life Sciences,2018,40,True
Austria,Life Sciences,2020,0,False
Germany,Life Sciences,2023,40,False
Czechia,Life Sciences,2019,0,True
Czechia,Life Sciences,2020,0,False
Japan,Logic-Based Knowledge Systems,2017,302,True
Japan,Logic-Based Knowledge Systems,2022,141,False
Brazil,Logic-Based Knowledge Systems,2020,14,False
Spain,Logic-Based Knowledge Systems,2025,0,False
Ukraine,Logic-Based Knowledge Systems,2024,0,False
Australia,Logic-Based Knowledge Systems,2020,57,False
Poland,Logic-Based Knowledge Systems,2022,1,False
South Africa,Logic-Based Knowledge Systems,2023,0,False
Estonia,Logic-Based Knowledge Systems,2022,0,False
Bulgaria,Markov and Bayesian Models,2022,0,False
Uruguay,Markov and Bayesian Models,2022,0,False
Czechia,Markov and Bayesian Models,2020,0,False
Italy,Markov and Bayesian Models,2020,0,False
Peru,Markov and Bayesian Models,2016,0,True
Japan,Markov and Bayesian Models,2016,129,True
Taiwan,Markov and Bayesian Models,2018,27,True
Luxembourg,Markov and Bayesian Models,2016,0,True
Philippines,Markov and Bayesian Models,2021,2,False
Morocco,Markov and Bayesian Models,2017,0,True
South Korea,Measuring and Testing,2019,677,True
Turkey,Measuring and Testing,2016,0,True
Turkey,Measuring and Testing,2023,1,False
United Kingdom,Measuring and Testing,2023,18,False
Romania,Measuring and Testing,2023,0,False
United States,Measuring and Testing,2025,12,False
India,Neural Networks,2019,7,True
Japan,Neural Networks,2019,2203,True
Hungary,Neural Networks,2022,6,False
Argentina,Neural Networks,2021,2,False
Slovenia,Neural Networks,2022,0,False
Luxembourg,Neural Networks,2020,8,False
Serbia,Neural Networks,2019,0,True
Finland,Neural Networks,2024,0,False
South Korea,Ontology Engineering,2017,30,True
South Korea,Ontology Engineering,2023,73,False
Germany,Ontology Engineering,2021,8,False
Morocco,Ontology Engineering,2022,0,False
Canada,Ontology Engineering,2024,0,False
New Zealand,Ontology Engineering,2019,0,True
Bulgaria,Ontology Engineering,2025,0,False
Luxembourg,Ontology Engineering,2020,0,False
Greece,Ontology Engineering,2024,1,False
China,Ontology Engineering,2017,425,True
Poland,Ontology Engineering,2018,0,True
Singapore,Ontology Engineering,2019,3,True
Peru,Other and Unspecified,2021,0,False
Ukraine,Other and Unspecified,2023,3,False
Hungary,Other and Unspecified,2023,0,False
Switzerland,Other and Unspecified,2020,0,False
Romania,Other and Unspecified,2023,1,False
Turkey,Personal Devices and Computing,2019,2,True
Greece,Personal Devices and Computing,2022,8,False
Belgium,Personal Devices and Computing,2021,1,False
Russia,Personal Devices and Computing,2021,14,False
Cuba,Personal Devices and Computing,2020,0,False
Czechia,Personal Devices and Computing,2021,0,False
Israel,Personal Devices and Computing,2021,8,False
Ukraine,Personal Devices and Computing,2017,0,True
Finland,Physical Sciences and Engineering,2018,29,True
United Kingdom,Physical Sciences and Engineering,2018,286,True
United Kingdom,Physical Sciences and Engineering,2022,224,False
Sweden,Physical Sciences and Engineering,2024,9,False
Uruguay,Physical Sciences and Engineering,2020,1,False
Chile,Physical Sciences and Engineering,2018,1,True
Russia,Physical Sciences and Engineering,2021,59,False
Italy,Physical Sciences and Engineering,2024,1,False
South Africa,Physical Sciences and Engineering,2025,0,False
Taiwan,Physical Sciences and Engineering,2020,575,False
Israel,Physical Sciences and Engineering,2018,11,True
Canada,Planning and Scheduling,2021,48,False
Hungary,Planning and Scheduling,2016,2,True
Lithuania,Planning and Scheduling,2016,0,True
Lithuania,Planning and Scheduling,2017,1,True
Turkey,Planning and Scheduling,2017,0,True
United States,Planning and Scheduling,2021,910,False
Portugal,Planning and Scheduling,2024,0,False
Portugal,Robotics,2018,1,True
Austria,Robotics,2020,0,False
Romania,Robotics,2023,0,False
Norway,Robotics,2024,0,False
Lithuania,Robotics,2021,0,False
Denmark,Robotics,2018,1,True
South Africa,Robotics,2018,0,True
South Korea,Search Methods,2020,65,False
Mexico,Search Methods,2022,0,False
Costa Rica,Search Methods,2023,1,False
Brazil,Search Methods,2017,4,True
Russia,Search Methods,2020,7,False
Italy,Search Methods,2016,0,True
Lithuania,Search Methods,2017,0,True
Czechia,Search Methods,2017,0,True
Greece,Search Methods,2018,0,True
India,Search Methods,2019,1,True
France,Search Methods,2017,1,True
United Kingdom,Security,2019,25,True
Ukraine,Security,2021,0,False
Ireland,Security,2022,0,False
Finland,Security,2020,4,False
Turkey,Security,2023,0,False
Netherlands,Security,2024,1,False
Singapore,Spatial and Physical Reasoning,2019,45,True
Argentina,Spatial and Physical Reasoning,2018,5,True
Austria,Spatial and Physical Reasoning,2020,5,False
Romania,Spatial and Physical Reasoning,2021,2,False
Czechia,Speech Processing,2020,0,False
Costa Rica,Speech Processing,2020,0,False
Hungary,Speech Processing,2020,1,False
Sweden,Speech Processing,2024,0,False
Brazil,Speech Processing,2018,5,True
Netherlands,Speech Processing,2025,1,False
Austria,Speech Processing,2017,0,True
United Kingdom,Speech Processing,2017,34,True
India,Telecommunications,2018,33,True
Canada,Telecommunications,2020,125,False
Germany,Telecommunications,2016,31,True
Croatia,Telecommunications,2024,0,False
China,Telecommunications,2020,5257,False
South Korea,Telecommunications,2023,890,False
United Kingdom,Telecommunications,2018,56,True
Taiwan,Telecommunications,2021,65,False
Austria,Telecommunications,2021,2,False
Ireland,Telecommunications,2016,0,True
China,Transportation,2017,652,True
China,Transportation,2019,2382,True
China,Transportation,2021,5262,False
China,Transportation,2026,74,False
Sweden,Transportation,2018,9,True
Turkey,Transportation,2021,0,False
Spain,Transportation,2019,13,True
Philippines,Transportation,2023,1,False
Romania,Transportation,2017,0,True
Romania,Agriculture,2016,0,True
South Africa,Agriculture,2021,0,False
Slovenia,Agriculture,2018,1,True
Hungary,Agriculture,2019,2,True
United States,Agriculture,2018,146,True
United States,All,2019,15199,True
Belgium,All,2019,1,True
Mexico,All,2021,73,False
Israel,Analytics and Algorithms,2022,0,False
Brazil,Analytics and Algorithms,2021,8,False
Switzerland,Analytics and Algorithms,2019,0,True
Lithuania,Analytics and Algorithms,2021,0,False
Serbia,Analytics and Algorithms,2017,0,True
Serbia,Analytics and Algorithms,2019,0,True
Ukraine,Analytics and Algorithms,2021,0,False
Denmark,Analytics and Algorithms,2018,7,True
Saudi Arabia,Analytics and Algorithms,2022,0,False
Canada,Analytics and Algorithms,2024,0,False
Bulgaria,Banking and Finance,2017,0,True
Colombia,Banking and Finance,2024,0,False
South Korea,Banking and Finance,2023,179,False
Romania,Bio-Inspired Computing,2024,0,False
Croatia,Bio-Inspired Computing,2018,0,True
Taiwan,Bio-Inspired Computing,2020,15,False
United Kingdom,Bio-Inspired Computing,2023,1,False
France,Bio-Inspired Computing,2023,8,False
South Korea,Bio-Inspired Computing,2016,72,True
Netherlands,Bio-Inspired Computing,2021,3,False
Bulgaria,Bio-Inspired Computing,2019,1,True
Turkey,Bio-Inspired Computing,2016,0,True
India,Bio-Inspired Computing,2018,13,True
Austria,Bio-Inspired Computing,2024,0,False
Spain,Bio-Inspired Computing,2022,2,False
Israel,Business,2018,1,True
Israel,Business,2020,0,False
United States,Business,2016,987,True
Ukraine,Business,2025,0,False
Peru,Business,2016,0,True
Peru,Business,2018,0,True
Uruguay,Business,2020,0,False
Croatia,Business,2017,0,True
Russia,Computer Vision,2019,41,True
China,Computer Vision,2016,1381,True
New Zealand,Computer Vision,2020,2,False
Romania,Computer Vision,2017,0,True
Estonia,Computer Vision,2022,0,False
Croatia,Computer Vision,2017,1,True
Sweden,Computer Vision,2016,1,True
Ukraine,Computer Vision,2023,0,False
Australia,Computer Vision,2021,392,False
Netherlands,Computing in Government,2018,0,True
Peru,Computing in Government,2017,0,True
Malaysia,Computing in Government,2019,0,True
Turkey,Computing in Government,2020,0,False
Iran,Computing in Government,2018,0,True
Spain,Computing in Government,2023,0,False
China,Computing in Government,2020,573,False
San Marino,Computing in Government,2020,0,False
Philippines,Computing in Government,2017,0,True
Philippines,Computing in Government,2021,0,False
Mexico,Control Methods,2021,17,False
Serbia,Control Methods,2021,0,False
Germany,Control Methods,2020,233,False
Germany,Control Methods,2023,72,False
Australia,Control Methods,2019,67,True
Australia,Control Methods,2021,167,False
Saudi Arabia,Control Methods,2021,0,False
Saudi Arabia,Control Methods,2022,1,False
Netherlands,Control Methods,2025,2,False
Spain,Control Methods,2018,36,True
Bulgaria,Control Methods,2017,0,True
Denmark,Control Methods,2017,6,True
Tunisia,Control Methods,2021,0,False
Netherlands,Distributed AI,2021,1,False
Italy,Distributed AI,2016,0,True
Colombia,Distributed AI,2024,0,False
Finland,Distributed AI,2021,0,False
Lithuania,Distributed AI,2020,0,False
Morocco,Distributed AI,2022,0,False
Saudi Arabia,Distributed AI,2023,0,False
Philippines,Distributed AI,2020,2,False
New Zealand,Distributed AI,2022,0,False
China,Distributed AI,2026,21,False
Italy,Education,2023,0,False
Czechia,Education,2024,0,False
Singapore,Education,2018,5,True
United Kingdom,Education,2021,0,False
France,Education,2024,0,False
San Marino,Education,2020,0,False
Mexico,Education,2017,1,True
Norway,Education,2018,0,True
Taiwan,Education,2019,6,True
Austria,Energy Management,2021,4,False
Denmark,Energy Management,2016,6,True
Croatia,Energy Management,2021,0,False
Italy,Energy Management,2021,4,False
Germany,Energy Management,2019,38,True
Germany,Energy Management,2021,38,False
Germany,Energy Management,2024,11,False
Australia,Energy Management,2016,17,True
United Kingdom,Energy Management,2025,0,False
France,Energy Management,2016,6,True
Canada,Energy Management,2017,18,True
Romania,Fuzzy Logic,2018,0,True
Belgium,Fuzzy Logic,2023,0,False
Czechia,Fuzzy Logic,2022,0,False
Canada,Fuzzy Logic,2020,5,False
Ukraine,Fuzzy Logic,2025,2,False
Japan,Fuzzy Logic,2019,20,True
Taiwan,Fuzzy Logic,2025,0,False
New Zealand,Fuzzy Logic,2019,0,True
Denmark,Fuzzy Logic,2022,0,False
Portugal,Industry and Manufacturing,2024,0,False
Georgia,Industry and Manufacturing,2023,0,False
Turkey,Industry and Manufacturing,2019,1,True
Saudi Arabia,Industry and Manufacturing,2022,1,False
Brazil,Industry and Manufacturing,2020,24,False
Taiwan,Industry and Manufacturing,2023,31,False
Peru,Industry and Manufacturing,2020,2,False
Norway,Industry and Manufacturing,2017,0,True
Norway,Industry and Manufacturing,2018,1,True
Norway,Industry and Manufacturing,2019,3,True
Slovakia,Industry and Manufacturing,2023,1,False
South Africa,Industry and Manufacturing,2020,0,False
South Africa,Industry and Manufacturing,2023,0,False
China,Industry and Manufacturing,2020,3058,False
South Korea,Industry and Manufacturing,2016,67,True
Luxembourg,Industry and Manufacturing,2021,3,False
Israel,Industry and Manufacturing,2016,0,True
Israel,Industry and Manufacturing,2018,1,True
Sweden,Industry and Manufacturing,2024,2,False
Japan,Knowledge Representation,2017,96,True
United Kingdom,Knowledge Representation,2021,11,False
Russia,Knowledge Representation,2021,0,False
Turkey,Knowledge Representation,2017,0,True
Switzerland,Knowledge Representation,2023,0,False
Portugal,Knowledge Representation,2018,1,True
Norway,Knowledge Representation,2021,0,False
Netherlands,Knowledge Representation,2022,2,False
Austria,Knowledge Representation,2023,0,False
Morocco,Knowledge Representation,2019,0,True
Finland,Natural Language Processing,2024,0,False
San Marino,Natural Language Processing,2020,0,False
Spain,Natural Language Processing,2023,1,False
Germany,Natural Language Processing,2024,10,False
Ireland,Natural Language Processing,2016,0,True
Malaysia,Natural Language Processing,2020,1,False
Belgium,Natural Language Processing,2016,0,True
Israel,Natural Language Processing,2019,0,True
Serbia,Life Sciences,2019,1,True
Turkey,Life Sciences,2023,0,False
Netherlands,Life Sciences,2022,11,False
Uruguay,Life Sciences,2020,0,False
South Korea,Life Sciences,2024,289,False
Italy,Life Sciences,2024,0,False
South Africa,Life Sciences,2023,0,False
Argentina,Life Sciences,2022,0,False
Denmark,Logic-Based Knowledge Systems,2024,0,False
Italy,Logic-Based Knowledge Systems,2017,5,True
Mexico,Logic-Based Knowledge Systems,2018,11,True
Morocco,Logic-Based Knowledge Systems,2018,0,True
Ukraine,Logic-Based Knowledge Systems,2017,0,True
China,Logic-Based Knowledge Systems,2016,353,True
China,Logic-Based Knowledge Systems,2020,1369,False
Singapore,Logic-Based Knowledge Systems,2017,23,True
Lithuania,Logic-Based Knowledge Systems,2019,1,True
Canada,Logic-Based Knowledge Systems,2023,1,False
Bulgaria,Logic-Based Knowledge Systems,2021,0,False
Ukraine,Markov and Bayesian Models,2019,0,True
New Zealand,Markov and Bayesian Models,2017,3,True
Bulgaria,Markov and Bayesian Models,2025,0,False
Germany,Markov and Bayesian Models,2016,17,True
Greece,Markov and Bayesian Models,2021,0,False
Greece,Markov and Bayesian Models,2023,0,False
Uruguay,Markov and Bayesian Models,2020,0,False
Peru,Markov and Bayesian Models,2022,0,False
Norway,Markov and Bayesian Models,2016,0,True
Ireland,Markov and Bayesian Models,2018,0,True
Luxembourg,Markov and Bayesian Models,2021,1,False
Belgium,Markov and Bayesian Models,2016,0,True
Russia,Markov and Bayesian Models,2016,21,True
Russia,Markov and Bayesian Models,2019,22,True
China,Measuring and Testing,2024,6497,False
Portugal,Measuring and Testing,2021,0,False
Ireland,Measuring and Testing,2022,1,False
Germany,Measuring and Testing,2025,7,False
France,Measuring and Testing,2016,14,True
Belgium,Measuring and Testing,2023,1,False
Belgium,Measuring and Testing,2025,1,False
Czechia,Measuring and Testing,2022,0,False
Lithuania,Measuring and Testing,2017,0,True
Taiwan,Measuring and Testing,2023,50,False
Australia,Measuring and Testing,2024,0,False
United States,Measuring and Testing,2016,705,True
Sweden,Neural Networks,2023,14,False
China,Neural Networks,2026,985,False
France,Neural Networks,2016,22,True
Poland,Neural Networks,2018,16,True
Luxembourg,Neural Networks,2024,122,False
Serbia,Neural Networks,2020,1,False
Australia,Neural Networks,2020,399,False
San Marino,Neural Networks,2017,0,True
Hungary,Ontology Engineering,2023,0,False
Malaysia,Ontology Engineering,2021,0,False
Malaysia,Ontology Engineering,2022,0,False
New Zealand,Ontology Engineering,2021,0,False
Argentina,Ontology Engineering,2020,0,False
Singapore,Ontology Engineering,2016,1,True
Switzerland,Ontology Engineering,2021,0,False
Belgium,Other and Unspecified,2024,1,False
India,Other and Unspecified,2016,37,True
Turkey,Other and Unspecified,2018,0,True
Denmark,Other and Unspecified,2019,14,True
United States,Other and Unspecified,2017,3157,True
Spain,Other and Unspecified,2017,56,True
Japan,Other and Unspecified,2017,1013,True
Taiwan,Other and Unspecified,2024,218,False
United Kingdom,Other and Unspecified,2016,54,True
Kenya,Other and Unspecified,2016,1,True
New Zealand,Other and Unspecified,2021,1,False
Czechia,Other and Unspecified,2025,1,False
Japan,Personal Devices and Computing,2023,269,False
Georgia,Personal Devices and Computing,2023,0,False
Romania,Personal Devices and Computing,2022,0,False
Czechia,Personal Devices and Computing,2018,2,True
San Marino,Personal Devices and Computing,2020,0,False
Croatia,Personal Devices and Computing,2021,0,False
Australia,Personal Devices and Computing,2018,248,True
Sweden,Physical Sciences and Engineering,2018,21,True
Peru,Physical Sciences and Engineering,2020,11,False
Italy,Physical Sciences and Engineering,2017,20,True
Georgia,Physical Sciences and Engineering,2023,1,False
Taiwan,Physical Sciences and Engineering,2021,567,False
Romania,Physical Sciences and Engineering,2017,1,True
Israel,Physical Sciences and Engineering,2020,13,False
San Marino,Planning and Scheduling,2018,0,True
Argentina,Planning and Scheduling,2021,0,False
Switzerland,Planning and Scheduling,2020,0,False
Estonia,Planning and Scheduling,2022,0,False
Hungary,Planning and Scheduling,2018,1,True
Spain,Planning and Scheduling,2019,13,True
Spain,Planning and Scheduling,2021,8,False
Spain,Planning and Scheduling,2024,1,False
Australia,Planning and Scheduling,2021,106,False
United Kingdom,Planning and Scheduling,2023,6,False
Saudi Arabia,Planning and Scheduling,2021,0,False
Turkey,Planning and Scheduling,2018,1,True
Luxembourg,Planning and Scheduling,2022,11,False
Japan,Robotics,2016,121,True
Taiwan,Robotics,2020,17,False
New Zealand,Robotics,2018,0,True
South Korea,Robotics,2022,294,False
Czechia,Robotics,2025,0,False
Luxembourg,Robotics,2020,1,False
Luxembourg,Robotics,2025,3,False
Iran,Robotics,2018,0,True
Brazil,Robotics,2020,6,False
Argentina,Robotics,2018,0,True
Cuba,Robotics,2020,0,False
Bulgaria,Robotics,2024,1,False
Japan,Search Methods,2019,155,True
South Korea,Search Methods,2018,30,True
Jordan,Search Methods,2021,0,False
Australia,Search Methods,2018,39,True
Peru,Search Methods,2019,0,True
Brazil,Search Methods,2021,5,False
Saudi Arabia,Search Methods,2023,0,False
Taiwan,Search Methods,2021,10,False
Singapore,Search Methods,2020,5,False
Greece,Search Methods,2016,0,True
Israel,Search Methods,2023,0,False
France,Search Methods,2019,8,True
Mexico,Security,2017,5,True
Croatia,Security,2020,0,False
Denmark,Security,2017,3,True
Denmark,Security,2024,0,False
South Korea,Security,2019,394,True
South Africa,Security,2019,0,True
Singapore,Security,2019,15,True
France,Security,2018,21,True
Belgium,Security,2022,0,False
Czechia,Spatial and Physical Reasoning,2019,1,True
South Korea,Spatial and Physical Reasoning,2017,520,True
France,Spatial and Physical Reasoning,2021,76,False
Argentina,Spatial and Physical Reasoning,2021,2,False
Greece,Spatial and Physical Reasoning,2018,2,True
New Zealand,Spatial and Physical Reasoning,2019,6,True
Czechia,Speech Processing,2024,0,False
Japan,Speech Processing,2020,206,False
United States,Speech Processing,2017,875,True
Morocco,Speech Processing,2023,0,False
Ukraine,Speech Processing,2022,0,False
Ireland,Speech Processing,2022,0,False
Austria,Speech Processing,2018,0,True
Croatia,Speech Processing,2022,0,False
Canada,Speech Processing,2024,2,False
France,Speech Processing,2019,13,True
South Africa,Speech Processing,2018,0,True
San Marino,Telecommunications,2018,1,True
Peru,Telecommunications,2020,5,False
Germany,Telecommunications,2022,72,False
Spain,Telecommunications,2024,3,False
Portugal,Telecommunications,2024,0,False
China,Telecommunications,2022,5875,False
South Korea,Telecommunications,2018,753,True
Czechia,Telecommunications,2021,0,False
United Kingdom,Telecommunications,2023,32,False
Argentina,Telecommunications,2020,2,False
San Marino,Transportation,2020,0,False
Italy,Transportation,2019,10,True
Norway,Transportation,2022,3,False
Norway,Transportation,2025,0,False
Greece,Transportation,2025,0,False
Germany,Transportation,2018,195,True
Israel,Transportation,2018,0,True
Romania,Transportation,2021,0,False
United Kingdom,Agriculture,2017,4,True
United Kingdom,Agriculture,2023,3,False
Lithuania,Agriculture,2018,1,True
Netherlands,Agriculture,2022,5,False
Canada,Agriculture,2018,34,True
Philippines,Agriculture,2018,0,True
Taiwan,Agriculture,2025,1,False
South Korea,Agriculture,2016,18,True
Philippines,All,2020,20,False
Czechia,All,2017,1,True
China,All,2026,1374,False
Argentina,All,2017,1,True
Romania,All,2019,1,True
United Kingdom,All,2017,227,True
Hungary,All,2023,1,False
India,All,2016,113,True
Canada,All,2017,374,True
Malaysia,All,2018,24,True
Mexico,All,2016,34,True
Mexico,All,2018,76,True
France,All,2024,43,False
South Africa,All,2016,2,True
Poland,All,2023,7,False
Malaysia,Analytics and Algorithms,2021,0,False
Switzerland,Analytics and Algorithms,2022,0,False
India,Analytics and Algorithms,2019,0,True
Portugal,Analytics and Algorithms,2022,1,False
Croatia,Analytics and Algorithms,2017,0,True
Bulgaria,Analytics and Algorithms,2023,0,False
France,Analytics and Algorithms,2021,26,False
Slovenia,Analytics and Algorithms,2022,0,False
Morocco,Analytics and Algorithms,2018,1,True
Turkey,Analytics and Algorithms,2018,1,True
Saudi Arabia,Analytics and Algorithms,2019,0,True
Norway,Analytics and Algorithms,2020,1,False
Croatia,Banking and Finance,2019,0,True
Serbia,Banking and Finance,2023,0,False
Saudi Arabia,Banking and Finance,2019,0,True
Finland,Banking and Finance,2023,0,False
China,Bio-Inspired Computing,2018,1222,True
Italy,Bio-Inspired Computing,2023,1,False
San Marino,Bio-Inspired Computing,2020,0,False
Ukraine,Bio-Inspired Computing,2025,0,False
Singapore,Bio-Inspired Computing,2017,3,True
New Zealand,Bio-Inspired Computing,2021,1,False
Georgia,Bio-Inspired Computing,2023,0,False
Portugal,Bio-Inspired Computing,2018,0,True
Slovenia,Business,2019,0,True
Portugal,Business,2022,0,False
Russia,Business,2020,13,False
Philippines,Business,2020,5,False
Philippines,Business,2021,0,False
Philippines,Business,2022,0,False
Denmark,Business,2021,2,False
Turkey,Business,2020,0,False
Paraguay,Business,2021,1,False
Hungary,Business,2022,0,False
Sweden,Business,2023,3,False
Germany,Business,2020,26,False
Canada,Business,2019,104,True
Romania,Computer Vision,2023,1,False
Serbia,Computer Vision,2019,0,True
Austria,Computer Vision,2020,5,False
Morocco,Computer Vision,2018,3,True
Lithuania,Computer Vision,2019,1,True
Mexico,Computing in Government,2022,0,False
Czechia,Computing in Government,2025,0,False
Serbia,Computing in Government,2021,0,False
Israel,Computing in Government,2018,0,True
Sweden,Computing in Government,2018,0,True
France,Computing in Government,2022,0,False
Croatia,Computing in Government,2022,0,False
Portugal,Computing in Government,2018,0,True
United States,Control Methods,2023,355,False
Norway,Control Methods,2018,3,True
Luxembourg,Distributed AI,2021,0,False
Morocco,Distributed AI,2023,0,False
Canada,Distributed AI,2017,8,True
Austria,Distributed AI,2017,0,True
France,Distributed AI,2023,1,False
India,Distributed AI,2019,0,True
Ireland,Distributed AI,2022,0,False
United Kingdom,Education,2018,2,True
Canada,Education,2023,0,False
Sweden,Education,2020,0,False
Sweden,Education,2021,0,False
Tunisia,Education,2021,0,False
Taiwan,Education,2021,4,False
Brazil,Education,2016,2,True
Russia,Energy Management,2019,0,True
Denmark,Energy Management,2018,2,True
Croatia,Energy Management,2017,0,True
San Marino,Energy Management,2020,0,False
Spain,Energy Management,2017,12,True
Spain,Energy Management,2025,0,False
Poland,Energy Management,2021,3,False
Costa Rica,Energy Management,2020,0,False
South Africa,Energy Management,2018,1,True
Mexico,Energy Management,2018,3,True
France,Energy Management,2024,4,False
Switzerland,Energy Management,2017,0,True
Slovenia,Energy Management,2018,2,True
Canada,Energy Management,2023,1,False
Morocco,Fuzzy Logic,2016,0,True
Morocco,Fuzzy Logic,2020,0,False
Sweden,Fuzzy Logic,2020,0,False
Belgium,Fuzzy Logic,2022,1,False
Croatia,Fuzzy Logic,2019,0,True
United Kingdom,Fuzzy Logic,2020,4,False
Germany,Fuzzy Logic,2019,4,True
Bulgaria,Fuzzy Logic,2021,0,False
Taiwan,Industry and Manufacturing,2025,1,False
Germany,Industry and Manufacturing,2025,4,False
South Korea,Industry and Manufacturing,2023,394,False
Ireland,Industry and Manufacturing,2016,0,True
Denmark,Industry and Manufacturing,2022,2,False
Russia,Knowledge Representation,2019,4,True
Switzerland,Knowledge Representation,2024,0,False
Belgium,Knowledge Representation,2017,0,True
South Korea,Knowledge Representation,2018,54,True
Finland,Natural Language Processing,2021,0,False
Argentina,Natural Language Processing,2020,0,False
Ukraine,Natural Language Processing,2024,0,False
Austria,Natural Language Processing,2023,0,False
Bulgaria,Natural Language Processing,2022,0,False
Belgium,Natural Language Processing,2020,0,False
Israel,Natural Language Processing,2017,0,True
Portugal,Natural Language Processing,2018,0,True
Czechia,Natural Language Processing,2022,0,False
Czechia,Natural Language Processing,2024,0,False
New Zealand,Life Sciences,2017,9,True
Poland,Life Sciences,2019,9,True
United Kingdom,Life Sciences,2025,0,False
Hungary,Life Sciences,2017,2,True
Malaysia,Life Sciences,2022,0,False
Romania,Life Sciences,2018,1,True
Norway,Life Sciences,2024,0,False
Japan,Life Sciences,2017,355,True
Australia,Life Sciences,2019,180,True
Spain,Life Sciences,2016,21,True
Italy,Life Sciences,2016,4,True
Sweden,Life Sciences,2017,0,True
Finland,Logic-Based Knowledge Systems,2022,1,False
Philippines,Logic-Based Knowledge Systems,2016,0,True
Mexico,Logic-Based Knowledge Systems,2020,5,False
Turkey,Logic-Based Knowledge Systems,2016,0,True
Turkey,Logic-Based Knowledge Systems,2017,0,True
Ireland,Logic-Based Knowledge Systems,2018,1,True
Ukraine,Logic-Based Knowledge Systems,2018,2,True
Czechia,Logic-Based Knowledge Systems,2025,0,False
Kenya,Logic-Based Knowledge Systems,2016,0,True
Austria,Markov and Bayesian Models,2016,0,True
Ukraine,Markov and Bayesian Models,2023,1,False
Bulgaria,Markov and Bayesian Models,2018,0,True
Ireland,Markov and Bayesian Models,2023,0,False
Cuba,Markov and Bayesian Models,2020,0,False
Netherlands,Markov and Bayesian Models,2020,2,False
Belgium,Markov and Bayesian Models,2023,0,False
India,Markov and Bayesian Models,2018,33,True
Canada,Measuring and Testing,2024,0,False
Czechia,Measuring and Testing,2024,1,False
Czechia,Measuring and Testing,2025,0,False
Greece,Measuring and Testing,2025,0,False
United Kingdom,Measuring and Testing,2025,0,False
Russia,Measuring and Testing,2019,30,True
Luxembourg,Measuring and Testing,2021,7,False
Taiwan,Neural Networks,2017,85,True
Ukraine,Neural Networks,2021,6,False
Norway,Neural Networks,2016,1,True
United Kingdom,Neural Networks,2021,178,False
Ireland,Neural Networks,2018,1,True
Denmark,Neural Networks,2023,3,False
New Zealand,Neural Networks,2021,3,False
Germany,Ontology Engineering,2019,10,True
Morocco,Ontology Engineering,2024,0,False
Colombia,Ontology Engineering,2024,0,False
Netherlands,Other and Unspecified,2019,6,True
Netherlands,Other and Unspecified,2021,10,False
Spain,Other and Unspecified,2023,16,False
Malaysia,Other and Unspecified,2019,11,True
Austria,Other and Unspecified,2023,7,False
Poland,Other and Unspecified,2019,12,True
Slovenia,Other and Unspecified,2022,1,False
Jordan,Personal Devices and Computing,2021,0,False
Slovakia,Personal Devices and Computing,2024,0,False
Bulgaria,Personal Devices and Computing,2025,2,False
Malaysia,Personal Devices and Computing,2021,5,False
Argentina,Personal Devices and Computing,2019,3,True
Costa Rica,Personal Devices and Computing,2020,1,False
Austria,Personal Devices and Computing,2022,2,False
Peru,Personal Devices and Computing,2023,0,False
Morocco,Personal Devices and Computing,2024,1,False
Ukraine,Personal Devices and Computing,2022,0,False
Croatia,Personal Devices and Computing,2018,1,True
South Korea,Personal Devices and Computing,2022,1936,False
Austria,Physical Sciences and Engineering,2018,10,True
Peru,Physical Sciences and Engineering,2019,2,True
Argentina,Physical Sciences and Engineering,2021,3,False
Belgium,Physical Sciences and Engineering,2020,7,False
France,Planning and Scheduling,2020,9,False
China,Planning and Scheduling,2026,144,False
Morocco,Planning and Scheduling,2018,0,True
Serbia,Planning and Scheduling,2021,0,False
Italy,Planning and Scheduling,2018,2,True
Peru,Planning and Scheduling,2016,0,True
Finland,Planning and Scheduling,2017,1,True
Australia,Planning and Scheduling,2016,42,True
Croatia,Planning and Scheduling,2019,0,True
Turkey,Planning and Scheduling,2020,0,False
Poland,Planning and Scheduling,2022,1,False
Netherlands,Planning and Scheduling,2016,0,True
Philippines,Robotics,2020,0,False
Lithuania,Robotics,2018,0,True
Poland,Robotics,2016,2,True
Australia,Robotics,2017,16,True
Sweden,Robotics,2018,4,True
Argentina,Robotics,2020,0,False
Germany,Robotics,2025,2,False
Bulgaria,Robotics,2017,0,True
Philippines,Search Methods,2016,0,True
Ukraine,Search Methods,2023,0,False
Peru,Search Methods,2021,0,False
United States,Search Methods,2024,51,False
Sweden,Search Methods,2017,0,True
New Zealand,Search Methods,2020,0,False
South Africa,Search Methods,2021,0,False
Taiwan,Search Methods,2020,13,False
Turkey,Search Methods,2021,0,False
Slovakia,Search Methods,2023,0,False
Belgium,Search Methods,2016,0,True
Belgium,Search Methods,2018,0,True
Ukraine,Security,2016,0,True
Spain,Security,2018,12,True
Cuba,Security,2020,0,False
Denmark,Security,2020,3,False
Peru,Security,2019,1,True
Slovakia,Security,2024,0,False
France,Security,2019,38,True
Italy,Security,2023,0,False
Canada,Security,2016,32,True
Austria,Security,2017,0,True
Austria,Security,2020,0,False
Indonesia,Security,2016,0,True
United States,Spatial and Physical Reasoning,2019,5472,True
Philippines,Spatial and Physical Reasoning,2019,2,True
Italy,Spatial and Physical Reasoning,2023,2,False
Hungary,Spatial and Physical Reasoning,2023,1,False
Lithuania,Spatial and Physical Reasoning,2022,0,False
Austria,Spatial and Physical Reasoning,2024,0,False
Czechia,Speech Processing,2019,0,True
Philippines,Speech Processing,2023,0,False
Taiwan,Speech Processing,2020,28,False
France,Speech Processing,2016,6,True
United Kingdom,Speech Processing,2019,17,True
Luxembourg,Telecommunications,2023,9,False
Germany,Telecommunications,2020,105,False
United States,Telecommunications,2019,3915,True
Lithuania,Telecommunications,2021,0,False
China,Telecommunications,2019,3265,True
Russia,Telecommunications,2019,27,True
Poland,Telecommunications,2019,13,True
Israel,Telecommunications,2021,5,False
Switzerland,Telecommunications,2018,2,True
Ukraine,Telecommunications,2021,0,False
Greece,Telecommunications,2018,0,True
Mexico,Telecommunications,2021,17,False
Slovakia,Telecommunications,2023,0,False
China,Transportation,2022,6758,False
Italy,Transportation,2016,3,True
South Korea,Transportation,2023,386,False
United States,Transportation,2019,1680,True
Croatia,Transportation,2017,0,True
France,Transportation,2024,8,False
Colombia,Transportation,2022,0,False
Finland,Transportation,2018,0,True
Luxembourg,Agriculture,2017,0,True
Sweden,Agriculture,2017,2,True
Canada,Agriculture,2020,36,False
Israel,Agriculture,2020,0,False
Taiwan,Agriculture,2018,4,True
Taiwan,Agriculture,2020,7,False
Denmark,Agriculture,2018,2,True
Ukraine,Agriculture,2017,0,True
Denmark,All,2023,7,False
Saudi Arabia,All,2023,1,False
United Kingdom,All,2019,330,True
United Kingdom,All,2023,130,False
Taiwan,All,2019,438,True
Japan,All,2019,3901,True
New Zealand,Analytics and Algorithms,2021,0,False
Spain,Analytics and Algorithms,2018,27,True
Uruguay,Analytics and Algorithms,2020,1,False
Belgium,Analytics and Algorithms,2018,1,True
Philippines,Analytics and Algorithms,2020,1,False
Belgium,Banking and Finance,2017,0,True
Czechia,Banking and Finance,2018,0,True
Paraguay,Banking and Finance,2021,0,False
Germany,Banking and Finance,2019,28,True
Finland,Banking and Finance,2018,2,True
Austria,Banking and Finance,2016,0,True
Croatia,Bio-Inspired Computing,2024,0,False
Russia,Bio-Inspired Computing,2017,9,True
United Kingdom,Bio-Inspired Computing,2019,27,True
France,Bio-Inspired Computing,2020,7,False
Italy,Bio-Inspired Computing,2016,0,True
Indonesia,Bio-Inspired Computing,2016,0,True
Denmark,Bio-Inspired Computing,2016,2,True
Poland,Bio-Inspired Computing,2020,2,False
Singapore,Bio-Inspired Computing,2020,3,False
Kenya,Bio-Inspired Computing,2016,0,True
Israel,Bio-Inspired Computing,2023,1,False
Serbia,Bio-Inspired Computing,2019,0,True
Iran,Bio-Inspired Computing,2018,0,True
Uruguay,Bio-Inspired Computing,2017,0,True
Russia,Business,2016,13,True
Bulgaria,Business,2017,1,True
Belgium,Business,2016,0,True
Colombia,Business,2022,0,False
Romania,Business,2018,0,True
Morocco,Business,2019,2,True
Mexico,Business,2017,8,True
Italy,Computer Vision,2023,3,False
Ireland,Computer Vision,2016,2,True
South Korea,Computer Vision,2023,1488,False
Philippines,Computer Vision,2017,1,True
Denmark,Computer Vision,2017,6,True
Portugal,Computer Vision,2022,1,False
Ukraine,Computer Vision,2021,0,False
Bulgaria,Computing in Government,2018,0,True
Netherlands,Computing in Government,2017,0,True
Morocco,Computing in Government,2018,0,True
Saudi Arabia,Computing in Government,2019,0,True
Italy,Computing in Government,2018,1,True
Lithuania,Computing in Government,2020,0,False
Israel,Computing in Government,2023,0,False
Switzerland,Computing in Government,2018,0,True
Germany,Computing in Government,2019,1,True
Taiwan,Computing in Government,2025,1,False
San Marino,Computing in Government,2017,0,True
South Africa,Control Methods,2025,0,False
United States,Control Methods,2018,2119,True
United States,Control Methods,2020,1799,False
Poland,Control Methods,2020,6,False
South Korea,Control Methods,2022,530,False
Romania,Control Methods,2016,0,True
Ireland,Control Methods,2016,0,True
Greece,Control Methods,2017,1,True
Portugal,Control Methods,2024,0,False
Finland,Control Methods,2023,2,False
Costa Rica,Control Methods,2023,0,False
France,Control Methods,2017,25,True
Israel,Control Methods,2020,0,False
Argentina,Distributed AI,2020,0,False
Sweden,Distributed AI,2017,0,True
Portugal,Distributed AI,2018,0,True
Switzerland,Distributed AI,2016,0,True
Morocco,Distributed AI,2018,0,True
Morocco,Distributed AI,2019,0,True
Morocco,Distributed AI,2024,0,False
Canada,Distributed AI,2019,9,True
Peru,Distributed AI,2022,0,False
Philippines,Distributed AI,2018,0,True
New Zealand,Distributed AI,2016,0,True
Hungary,Distributed AI,2022,0,False
Bulgaria,Education,2019,0,True
Peru,Education,2019,0,True
Philippines,Education,2019,1,True
Norway,Education,2022,0,False
Argentina,Education,2021,0,False
Sweden,Energy Management,2023,3,False
Hungary,Energy Management,2020,3,False
Peru,Energy Management,2020,1,False
Japan,Energy Management,2016,70,True
Japan,Energy Management,2019,157,True
Taiwan,Energy Management,2025,3,False
United States,Energy Management,2021,279,False
Portugal,Energy Management,2022,0,False
Malaysia,Energy Management,2022,1,False
China,Energy Management,2016,344,True
China,Energy Management,2020,2739,False
Finland,Fuzzy Logic,2020,3,False
India,Fuzzy Logic,2017,3,True
China,Fuzzy Logic,2024,1184,False
New Zealand,Fuzzy Logic,2017,0,True
Luxembourg,Fuzzy Logic,2020,0,False
Portugal,Fuzzy Logic,2021,0,False
Singapore,Fuzzy Logic,2019,1,True
Argentina,Fuzzy Logic,2017,0,True
Lithuania,Fuzzy Logic,2021,0,False
South Africa,Fuzzy Logic,2024,2,False
Iran,Industry and Manufacturing,2018,0,True
Portugal,Industry and Manufacturing,2016,1,True
Saudi Arabia,Industry and Manufacturing,2019,0,True
Finland,Industry and Manufacturing,2018,3,True
Morocco,Industry and Manufacturing,2016,0,True
Belgium,Industry and Manufacturing,2019,0,True
Belgium,Industry and Manufacturing,2025,2,False
Mexico,Industry and Manufacturing,2016,7,True
South Korea,Industry and Manufacturing,2022,521,False
Russia,Industry and Manufacturing,2019,5,True
Cuba,Knowledge Representation,2020,0,False
New Zealand,Knowledge Representation,2018,1,True
New Zealand,Knowledge Representation,2022,0,False
Norway,Knowledge Representation,2022,0,False
Germany,Knowledge Representation,2017,9,True
Germany,Knowledge Representation,2018,19,True
Singapore,Knowledge Representation,2016,6,True
Spain,Knowledge Representation,2017,3,True
Costa Rica,Knowledge Representation,2020,0,False
India,Natural Language Processing,2017,38,True
Turkey,Natural Language Processing,2017,0,True
Ukraine,Natural Language Processing,2021,0,False
New Zealand,Natural Language Processing,2020,1,False
South Africa,Natural Language Processing,2022,0,False
Denmark,Natural Language Processing,2016,3,True
Denmark,Natural Language Processing,2017,2,True
Japan,Natural Language Processing,2023,61,False
Russia,Natural Language Processing,2017,11,True
Czechia,Natural Language Processing,2017,0,True
New Zealand,Life Sciences,2018,9,True
Belgium,Life Sciences,2020,2,False
Belgium,Life Sciences,2025,0,False
United States,Life Sciences,2018,1578,True
Hungary,Life Sciences,2021,1,False
Romania,Life Sciences,2021,0,False
San Marino,Life Sciences,2018,0,True
Peru,Life Sciences,2021,0,False
Saudi Arabia,Life Sciences,2021,0,False
South Africa,Life Sciences,2018,0,True
South Africa,Life Sciences,2020,0,False
Argentina,Life Sciences,2018,1,True
Sweden,Life Sciences,2019,3,True
Japan,Logic-Based Knowledge Systems,2023,57,False
Colombia,Logic-Based Knowledge Systems,2024,0,False
Morocco,Logic-Based Knowledge Systems,2020,0,False
Germany,Logic-Based Knowledge Systems,2019,41,True
China,Logic-Based Knowledge Systems,2021,1794,False
South Africa,Logic-Based Knowledge Systems,2018,0,True
United States,Markov and Bayesian Models,2022,633,False
Australia,Markov and Bayesian Models,2019,47,True
Austria,Markov and Bayesian Models,2022,0,False
Turkey,Markov and Bayesian Models,2017,0,True
China,Markov and Bayesian Models,2016,413,True
China,Markov and Bayesian Models,2025,4167,False
Hungary,Markov and Bayesian Models,2018,1,True
Uruguay,Markov and Bayesian Models,2017,0,True
Sweden,Markov and Bayesian Models,2020,1,False
South Korea,Markov and Bayesian Models,2018,177,True
Taiwan,Markov and Bayesian Models,2024,17,False
France,Measuring and Testing,2024,11,False
South Korea,Measuring and Testing,2016,145,True
South Korea,Measuring and Testing,2017,230,True
Iran,Measuring and Testing,2018,0,True
United Kingdom,Measuring and Testing,2022,50,False
South Africa,Measuring and Testing,2022,0,False
Netherlands,Neural Networks,2024,34,False
Netherlands,Neural Networks,2025,8,False
Portugal,Neural Networks,2019,5,True
Czechia,Neural Networks,2017,1,True
South Korea,Neural Networks,2022,4202,False
United States,Neural Networks,2018,6731,True
Croatia,Neural Networks,2020,1,False
Croatia,Neural Networks,2021,0,False
Finland,Neural Networks,2016,3,True
South Africa,Neural Networks,2022,31,False
Latvia,Ontology Engineering,2020,0,False
Bulgaria,Ontology Engineering,2017,0,True
Saudi Arabia,Ontology Engineering,2023,0,False
Russia,Ontology Engineering,2021,0,False
Sweden,Ontology Engineering,2022,0,False
Serbia,Other and Unspecified,2017,1,True
Serbia,Other and Unspecified,2023,1,False
Japan,Other and Unspecified,2016,680,True
United Kingdom,Other and Unspecified,2017,87,True
Germany,Other and Unspecified,2017,184,True
Germany,Other and Unspecified,2019,172,True
Israel,Other and Unspecified,2021,5,False
China,Other and Unspecified,2025,7319,False
Morocco,Other and Unspecified,2016,0,True
Sweden,Other and Unspecified,2022,8,False
Mexico,Other and Unspecified,2021,28,False
Mexico,Other and Unspecified,2022,4,False
Norway,Other and Unspecified,2017,2,True
Norway,Other and Unspecified,2019,4,True
Mexico,Personal Devices and Computing,2017,31,True
Slovakia,Personal Devices and Computing,2023,0,False
Brazil,Personal Devices and Computing,2016,38,True
Singapore,Personal Devices and Computing,2017,54,True
Singapore,Personal Devices and Computing,2018,100,True
Saudi Arabia,Personal Devices and Computing,2022,0,False
Czechia,Personal Devices and Computing,2023,0,False
Poland,Personal Devices and Computing,2023,0,False
Finland,Physical Sciences and Engineering,2023,7,False
Turkey,Physical Sciences and Engineering,2019,4,True
Croatia,Physical Sciences and Engineering,2021,1,False
Ukraine,Physical Sciences and Engineering,2016,4,True
France,Planning and Scheduling,2018,12,True
Philippines,Planning and Scheduling,2023,2,False
Switzerland,Planning and Scheduling,2018,0,True
Morocco,Planning and Scheduling,2017,1,True
Russia,Planning and Scheduling,2020,6,False
Slovakia,Planning and Scheduling,2023,0,False
Greece,Planning and Scheduling,2024,3,False
Belgium,Planning and Scheduling,2017,2,True
Belgium,Planning and Scheduling,2019,0,True
Singapore,Planning and Scheduling,2018,17,True
Romania,Planning and Scheduling,2019,0,True
Indonesia,Planning and Scheduling,2016,0,True
Luxembourg,Planning and Scheduling,2024,39,False
Japan,Robotics,2025,0,False
Morocco,Robotics,2016,0,True
Morocco,Robotics,2023,0,False
Ireland,Robotics,2016,0,True
Italy,Robotics,2016,1,True
Switzerland,Robotics,2018,1,True
Peru,Robotics,2021,0,False
Finland,Robotics,2022,0,False
South Africa,Robotics,2024,2,False
Argentina,Robotics,2021,1,False
Netherlands,Robotics,2021,3,False
United States,Robotics,2016,264,True
Norway,Search Methods,2017,0,True
Australia,Search Methods,2017,11,True
Malaysia,Search Methods,2016,1,True
Sweden,Search Methods,2024,0,False
Brazil,Search Methods,2020,4,False
New Zealand,Search Methods,2022,0,False
South Africa,Search Methods,2019,0,True
Switzerland,Search Methods,2021,0,False
Germany,Search Methods,2021,9,False
India,Search Methods,2016,7,True
France,Search Methods,2023,2,False
Bulgaria,Search Methods,2017,0,True
Bulgaria,Search Methods,2021,0,False
Bulgaria,Search Methods,2025,0,False
United Kingdom,Security,2021,15,False
Romania,Security,2016,0,True
Argentina,Security,2018,0,True
Croatia,Security,2018,0,True
Taiwan,Security,2017,9,True
Taiwan,Security,2021,33,False
South Africa,Security,2024,0,False
Poland,Spatial and Physical Reasoning,2016,4,True
Ireland,Spatial and Physical Reasoning,2022,0,False
Argentina,Speech Processing,2022,0,False
China,Speech Processing,2021,2291,False
Poland,Speech Processing,2023,0,False
Belgium,Speech Processing,2019,0,True
Belgium,Speech Processing,2024,0,False
Ukraine,Speech Processing,2016,0,True
Australia,Speech Processing,2020,30,False
South Africa,Speech Processing,2021,0,False
Slovenia,Telecommunications,2022,0,False
Croatia,Telecommunications,2019,0,True
Taiwan,Telecommunications,2024,44,False
Greece,Telecommunications,2022,1,False
Mexico,Telecommunications,2018,14,True
Philippines,Telecommunications,2018,2,True
Hungary,Transportation,2017,2,True
Morocco,Transportation,2017,1,True
Sweden,Transportation,2024,4,False
United Kingdom,Transportation,2016,22,True
Switzerland,Transportation,2020,0,False
Norway,Transportation,2021,0,False
Luxembourg,Transportation,2016,0,True
Russia,Transportation,2019,18,True
Japan,Transportation,2021,216,False
Finland,Transportation,2020,0,False
Germany,Transportation,2021,145,False
Bulgaria,Agriculture,2020,0,False
India,Agriculture,2018,1,True
New Zealand,Agriculture,2021,0,False
Netherlands,Agriculture,2019,1,True
Norway,Agriculture,2025,0,False
Philippines,Agriculture,2021,0,False
Denmark,Agriculture,2016,1,True
Russia,Agriculture,2018,0,True
Sweden,All,2021,19,False
Philippines,All,2018,5,True
Argentina,All,2018,6,True
Argentina,All,2022,5,False
Peru,All,2018,4,True
Luxembourg,All,2025,184,False
Romania,All,2021,2,False
United Kingdom,All,2018,287,True
Canada,All,2018,588,True
Mexico,All,2022,7,False
France,All,2016,62,True
Norway,All,2016,2,True
Australia,All,2023,90,False
Israel,Analytics and Algorithms,2023,0,False
Argentina,Analytics and Algorithms,2017,0,True
Japan,Analytics and Algorithms,2024,22,False
Mexico,Analytics and Algorithms,2018,10,True
Mexico,Analytics and Algorithms,2019,9,True
South Africa,Analytics and Algorithms,2021,0,False
Croatia,Banking and Finance,2024,1,False
Japan,Banking and Finance,2016,50,True
South Africa,Banking and Finance,2016,0,True
Morocco,Banking and Finance,2018,0,True
Belgium,Banking and Finance,2024,0,False
Peru,Banking and Finance,2016,0,True
France,Banking and Finance,2018,14,True
France,Banking and Finance,2020,10,False
Czechia,Banking and Finance,2025,0,False
Lithuania,Banking and Finance,2021,0,False
Germany,Banking and Finance,2016,16,True
Taiwan,Bio-Inspired Computing,2024,9,False
China,Bio-Inspired Computing,2025,3373,False
South Korea,Bio-Inspired Computing,2024,34,False
Saudi Arabia,Bio-Inspired Computing,2019,0,True
Colombia,Bio-Inspired Computing,2022,0,False
Greece,Bio-Inspired Computing,2019,1,True
Serbia,Bio-Inspired Computing,2020,0,False
Greece,Business,2022,3,False
Belgium,Business,2025,2,False
Philippines,Business,2023,2,False
Denmark,Business,2022,0,False
Morocco,Business,2024,1,False
Georgia,Business,2023,0,False
Italy,Computer Vision,2021,12,False
Norway,Computer Vision,2024,2,False
Brazil,Computer Vision,2016,25,True
Saudi Arabia,Computer Vision,2019,0,True
Turkey,Computer Vision,2018,1,True
Romania,Computer Vision,2024,0,False
Netherlands,Computer Vision,2022,26,False
Japan,Computer Vision,2021,1302,False
Slovenia,Computer Vision,2019,1,True
Canada,Computing in Government,2024,0,False
Hungary,Computing in Government,2016,0,True
Denmark,Computing in Government,2020,0,False
Israel,Computing in Government,2024,0,False
Romania,Computing in Government,2021,0,False
Taiwan,Computing in Government,2018,0,True
Singapore,Computing in Government,2018,3,True
Singapore,Computing in Government,2021,0,False
Germany,Control Methods,2019,220,True
Austria,Control Methods,2020,5,False
Ukraine,Control Methods,2023,0,False
Brazil,Control Methods,2019,29,True
Netherlands,Control Methods,2023,5,False
Spain,Control Methods,2025,0,False
Greece,Control Methods,2023,0,False
Malaysia,Control Methods,2016,4,True
Canada,Control Methods,2022,35,False
Czechia,Control Methods,2020,0,False
Belgium,Distributed AI,2016,0,True
Japan,Distributed AI,2016,16,True
Denmark,Distributed AI,2016,0,True
Peru,Distributed AI,2020,0,False
Norway,Distributed AI,2024,0,False
Poland,Distributed AI,2017,5,True
United Kingdom,Distributed AI,2023,2,False
Singapore,Distributed AI,2018,3,True
Croatia,Education,2020,0,False
China,Education,2024,538,False
Germany,Education,2025,7,False
Uruguay,Education,2022,0,False
Australia,Education,2019,12,True
Israel,Education,2018,1,True
Turkey,Education,2017,0,True
Hungary,Education,2018,0,True
Philippines,Education,2021,0,False
Finland,Energy Management,2023,0,False
Croatia,Energy Management,2019,1,True
Peru,Energy Management,2018,0,True
Czechia,Energy Management,2025,1,False
Spain,Energy Management,2023,2,False
South Korea,Energy Management,2016,67,True
Poland,Energy Management,2017,0,True
Ukraine,Energy Management,2024,0,False
Argentina,Energy Management,2018,0,True
Belgium,Fuzzy Logic,2024,0,False
Colombia,Fuzzy Logic,2024,0,False
Israel,Fuzzy Logic,2022,0,False
Norway,Fuzzy Logic,2018,0,True
Ukraine,Fuzzy Logic,2016,1,True
Netherlands,Fuzzy Logic,2019,0,True
Luxembourg,Fuzzy Logic,2016,0,True
Luxembourg,Fuzzy Logic,2018,0,True
Malaysia,Fuzzy Logic,2021,0,False
Portugal,Fuzzy Logic,2020,0,False
Philippines,Industry and Manufacturing,2020,1,False
Australia,Industry and Manufacturing,2019,39,True
Morocco,Industry and Manufacturing,2019,1,True
China,Industry and Manufacturing,2018,1026,True
United States,Industry and Manufacturing,2021,470,False
Philippines,Knowledge Representation,2023,0,False
Ukraine,Knowledge Representation,2021,0,False
Croatia,Knowledge Representation,2020,0,False
Argentina,Knowledge Representation,2019,1,True
United States,Knowledge Representation,2023,171,False
Canada,Knowledge Representation,2016,23,True
South Africa,Knowledge Representation,2017,0,True
Turkey,Natural Language Processing,2021,0,False
Costa Rica,Natural Language Processing,2023,0,False
South Korea,Natural Language Processing,2025,41,False
Spain,Natural Language Processing,2018,4,True
Poland,Natural Language Processing,2021,0,False
United Kingdom,Natural Language Processing,2022,10,False
Israel,Natural Language Processing,2018,0,True
Portugal,Natural Language Processing,2016,0,True
Czechia,Natural Language Processing,2023,0,False
Greece,Life Sciences,2018,1,True
New Zealand,Life Sciences,2019,7,True
Mexico,Life Sciences,2017,17,True
United Kingdom,Life Sciences,2017,36,True
Norway,Life Sciences,2020,2,False
Australia,Life Sciences,2016,72,True
China,Life Sciences,2018,1187,True
South Africa,Life Sciences,2022,0,False
Costa Rica,Life Sciences,2020,1,False
Taiwan,Logic-Based Knowledge Systems,2019,26,True
Czechia,Logic-Based Knowledge Systems,2020,0,False
Sweden,Logic-Based Knowledge Systems,2020,0,False
Netherlands,Logic-Based Knowledge Systems,2024,0,False
Croatia,Logic-Based Knowledge Systems,2022,0,False
Russia,Logic-Based Knowledge Systems,2019,17,True
Malaysia,Logic-Based Knowledge Systems,2022,1,False
Mexico,Markov and Bayesian Models,2017,7,True
China,Markov and Bayesian Models,2017,712,True
Spain,Markov and Bayesian Models,2018,14,True
Greece,Markov and Bayesian Models,2017,1,True
Hungary,Markov and Bayesian Models,2022,0,False
Brazil,Markov and Bayesian Models,2020,10,False
Czechia,Markov and Bayesian Models,2018,0,True
South Africa,Markov and Bayesian Models,2016,0,True
South Africa,Markov and Bayesian Models,2021,0,False
South Africa,Markov and Bayesian Models,2022,0,False
Denmark,Markov and Bayesian Models,2018,3,True
Israel,Markov and Bayesian Models,2017,1,True
Slovakia,Markov and Bayesian Models,2021,0,False
Slovakia,Markov and Bayesian Models,2024,0,False
United Kingdom,Markov and Bayesian Models,2022,14,False
Finland,Markov and Bayesian Models,2019,0,True
Luxembourg,Markov and Bayesian Models,2017,0,True
Netherlands,Markov and Bayesian Models,2018,1,True
China,Measuring and Testing,2019,2489,True
Serbia,Measuring and Testing,2023,2,False
Germany,Measuring and Testing,2017,107,True
Finland,Measuring and Testing,2020,3,False
Greece,Measuring and Testing,2023,6,False
Spain,Neural Networks,2023,12,False
Turkey,Neural Networks,2020,3,False
Luxembourg,Neural Networks,2025,130,False
United Kingdom,Neural Networks,2018,142,True
Morocco,Neural Networks,2024,3,False
San Marino,Neural Networks,2020,1,False
Finland,Ontology Engineering,2017,1,True
Israel,Ontology Engineering,2024,0,False
Czechia,Ontology Engineering,2018,0,True
Italy,Ontology Engineering,2017,0,True
Taiwan,Ontology Engineering,2019,6,True
Luxembourg,Ontology Engineering,2018,0,True
South Africa,Ontology Engineering,2023,2,False
Portugal,Ontology Engineering,2020,0,False
Canada,Other and Unspecified,2021,151,False
Peru,Other and Unspecified,2017,0,True
Colombia,Other and Unspecified,2019,0,True
United Kingdom,Other and Unspecified,2023,49,False
Germany,Other and Unspecified,2021,135,False
Israel,Other and Unspecified,2024,1,False
New Zealand,Other and Unspecified,2020,2,False
Portugal,Other and Unspecified,2018,5,True
South Korea,Other and Unspecified,2022,2209,False
Netherlands,Personal Devices and Computing,2017,2,True
Taiwan,Personal Devices and Computing,2022,183,False
Japan,Personal Devices and Computing,2017,1234,True
Sweden,Personal Devices and Computing,2019,2,True
Israel,Personal Devices and Computing,2016,3,True
South Korea,Personal Devices and Computing,2021,2490,False
South Korea,Personal Devices and Computing,2023,1547,False
Austria,Physical Sciences and Engineering,2020,15,False
Austria,Physical Sciences and Engineering,2023,11,False
Germany,Physical Sciences and Engineering,2017,364,True
Portugal,Physical Sciences and Engineering,2021,3,False
Italy,Physical Sciences and Engineering,2022,18,False
Poland,Physical Sciences and Engineering,2021,25,False
San Marino,Physical Sciences and Engineering,2017,1,True
South Africa,Planning and Scheduling,2017,1,True
South Africa,Planning and Scheduling,2018,1,True
Canada,Planning and Scheduling,2022,19,False
Australia,Planning and Scheduling,2020,78,False
United States,Planning and Scheduling,2025,6,False
Portugal,Robotics,2016,1,True
Spain,Robotics,2025,0,False
India,Robotics,2020,0,False
Serbia,Robotics,2017,0,True
Norway,Robotics,2019,1,True
Czechia,Robotics,2022,0,False
Lithuania,Robotics,2016,0,True
Turkey,Robotics,2021,0,False
United Kingdom,Robotics,2019,19,True
South Africa,Robotics,2017,0,True
Germany,Robotics,2018,40,True
Netherlands,Robotics,2024,2,False
Greece,Robotics,2016,0,True
South Korea,Search Methods,2019,78,True
Australia,Search Methods,2023,5,False
Argentina,Search Methods,2019,0,True
Denmark,Search Methods,2017,1,True
Brazil,Search Methods,2016,0,True
New Zealand,Search Methods,2016,0,True
South Africa,Search Methods,2025,0,False
Taiwan,Search Methods,2017,6,True
Germany,Search Methods,2022,14,False
Mexico,Security,2016,7,True
India,Security,2017,11,True
Sweden,Security,2019,0,True
Germany,Security,2017,25,True
Germany,Security,2021,28,False
Italy,Security,2019,3,True
Belgium,Security,2018,0,True
Austria,Security,2023,0,False
Morocco,Security,2018,0,True
Cuba,Spatial and Physical Reasoning,2020,0,False
Sweden,Spatial and Physical Reasoning,2019,4,True
Czechia,Spatial and Physical Reasoning,2025,0,False
Philippines,Spatial and Physical Reasoning,2018,0,True
Singapore,Spatial and Physical Reasoning,2020,17,False
Germany,Spatial and Physical Reasoning,2018,239,True
Taiwan,Spatial and Physical Reasoning,2020,121,False
Romania,Spatial and Physical Reasoning,2016,0,True
Turkey,Speech Processing,2023,0,False
Sweden,Speech Processing,2023,0,False
Netherlands,Speech Processing,2019,0,True
Russia,Speech Processing,2020,14,False
United States,Speech Processing,2023,318,False
Ukraine,Speech Processing,2024,0,False
Spain,Speech Processing,2017,5,True
Denmark,Speech Processing,2016,3,True
Greece,Speech Processing,2024,0,False
Morocco,Telecommunications,2017,0,True
Morocco,Telecommunications,2022,1,False
Finland,Telecommunications,2023,6,False
Netherlands,Telecommunications,2019,3,True
Netherlands,Telecommunications,2025,0,False
Ukraine,Telecommunications,2016,0,True
Brazil,Transportation,2017,18,True
United Kingdom,Transportation,2022,37,False
Portugal,Transportation,2021,0,False
Japan,Transportation,2016,295,True
Argentina,Transportation,2023,0,False
Czechia,Transportation,2017,0,True
Czechia,Transportation,2020,0,False
Peru,Transportation,2017,0,True
Philippines,Transportation,2018,1,True
Uruguay,Transportation,2022,0,False
Mexico,Transportation,2016,11,True
Belgium,Transportation,2016,0,True
Austria,Agriculture,2024,0,False
Brazil,Agriculture,2022,2,False
Lithuania,Agriculture,2021,0,False
Peru,Agriculture,2019,0,True
Spain,Agriculture,2022,0,False
Germany,Agriculture,2016,0,True
Sweden,Agriculture,2020,4,False
Israel,Agriculture,2016,0,True
San Marino,Agriculture,2018,1,True
Hungary,Agriculture,2021,0,False
Croatia,Agriculture,2022,0,False
Argentina,All,2023,2,False
Ireland,All,2022,1,False
Singapore,All,2017,84,True
Morocco,All,2022,4,False
Brazil,All,2018,126,True
Netherlands,All,2023,41,False
Taiwan,All,2020,576,False
South Africa,All,2023,99,False
Lithuania,All,2021,1,False
Romania,Analytics and Algorithms,2018,0,True
Switzerland,Analytics and Algorithms,2024,0,False
Greece,Analytics and Algorithms,2024,1,False
Russia,Analytics and Algorithms,2017,7,True
Singapore,Analytics and Algorithms,2020,3,False
United States,Analytics and Algorithms,2021,1232,False
Japan,Banking and Finance,2020,117,False
Peru,Banking and Finance,2022,3,False
Singapore,Banking and Finance,2016,5,True
Uruguay,Banking and Finance,2020,0,False
Colombia,Banking and Finance,2022,0,False
Sweden,Banking and Finance,2024,1,False
China,Banking and Finance,2023,700,False
United Kingdom,Banking and Finance,2018,15,True
United States,Bio-Inspired Computing,2019,901,True
Canada,Bio-Inspired Computing,2023,1,False
Mexico,Bio-Inspired Computing,2020,5,False
India,Bio-Inspired Computing,2020,1,False
Ireland,Bio-Inspired Computing,2023,0,False
Ireland,Business,2023,1,False
Philippines,Business,2017,1,True
South Korea,Business,2023,1226,False
Finland,Business,2020,6,False
Australia,Business,2021,139,False
New Zealand,Business,2021,0,False
United Kingdom,Business,2022,18,False
Brazil,Business,2017,6,True
Sweden,Business,2022,1,False
Croatia,Business,2024,1,False
United Kingdom,Computer Vision,2018,91,True
Poland,Computer Vision,2018,13,True
Germany,Computer Vision,2017,120,True
New Zealand,Computer Vision,2022,1,False
Croatia,Computer Vision,2018,2,True
Philippines,Computer Vision,2016,1,True
Philippines,Computer Vision,2020,10,False
Serbia,Computer Vision,2020,1,False
Luxembourg,Computer Vision,2025,55,False
Netherlands,Computing in Government,2021,0,False
United States,Computing in Government,2022,28,False
Finland,Computing in Government,2016,0,True
Norway,Computing in Government,2016,0,True
India,Computing in Government,2019,0,True
Luxembourg,Computing in Government,2019,0,True
Luxembourg,Computing in Government,2022,3,False
Australia,Computing in Government,2022,0,False
Switzerland,Computing in Government,2021,0,False
Germany,Computing in Government,2024,0,False
Taiwan,Computing in Government,2022,3,False
Brazil,Computing in Government,2018,0,True
United Kingdom,Computing in Government,2017,3,True
Singapore,Computing in Government,2020,1,False
Philippines,Computing in Government,2016,0,True
South Africa,Control Methods,2022,0,False
New Zealand,Control Methods,2019,1,True
Germany,Control Methods,2025,8,False
Romania,Control Methods,2024,0,False
Australia,Control Methods,2017,54,True
Norway,Control Methods,2023,1,False
China,Control Methods,2026,66,False
Czechia,Control Methods,2021,0,False
Netherlands,Distributed AI,2025,0,False
Romania,Distributed AI,2023,0,False
Lithuania,Distributed AI,2021,0,False
Croatia,Distributed AI,2019,0,True
Poland,Distributed AI,2016,0,True
China,Distributed AI,2019,93,True
Germany,Education,2022,7,False
Singapore,Education,2017,2,True
France,Education,2017,1,True
Denmark,Education,2024,0,False
Serbia,Education,2020,0,False
Japan,Education,2019,54,True
Romania,Education,2019,0,True
Latvia,Energy Management,2020,0,False
Finland,Energy Management,2016,2,True
Czechia,Energy Management,2022,0,False
Taiwan,Energy Management,2019,10,True
Germany,Energy Management,2023,22,False
Belgium,Energy Management,2020,1,False
Belgium,Energy Management,2024,1,False
Saudi Arabia,Energy Management,2021,0,False
China,Energy Management,2022,4615,False
India,Fuzzy Logic,2020,0,False
China,Fuzzy Logic,2017,241,True
Spain,Fuzzy Logic,2024,0,False
Israel,Fuzzy Logic,2016,0,True
Netherlands,Fuzzy Logic,2017,0,True
France,Fuzzy Logic,2019,4,True
New Zealand,Fuzzy Logic,2018,0,True
Cuba,Fuzzy Logic,2020,0,False
Romania,Industry and Manufacturing,2022,0,False
Philippines,Industry and Manufacturing,2017,0,True
Australia,Industry and Manufacturing,2016,21,True
Czechia,Industry and Manufacturing,2021,0,False
Brazil,Industry and Manufacturing,2016,6,True
Austria,Industry and Manufacturing,2018,1,True
Finland,Industry and Manufacturing,2024,0,False
Peru,Industry and Manufacturing,2016,0,True
South Africa,Industry and Manufacturing,2022,0,False
China,Industry and Manufacturing,2026,102,False
Ukraine,Industry and Manufacturing,2016,0,True
Croatia,Industry and Manufacturing,2019,0,True
United States,Industry and Manufacturing,2020,677,False
Denmark,Industry and Manufacturing,2020,2,False
Czechia,Knowledge Representation,2021,0,False
Japan,Knowledge Representation,2020,130,False
Russia,Knowledge Representation,2016,10,True
Poland,Knowledge Representation,2021,0,False
Brazil,Knowledge Representation,2019,10,True
Brazil,Knowledge Representation,2021,1,False
United States,Knowledge Representation,2018,1233,True
Latvia,Knowledge Representation,2020,0,False
Serbia,Knowledge Representation,2023,0,False
India,Natural Language Processing,2016,17,True
Mexico,Natural Language Processing,2016,2,True
New Zealand,Natural Language Processing,2016,0,True
Morocco,Natural Language Processing,2018,0,True
United States,Natural Language Processing,2023,654,False
Canada,Natural Language Processing,2018,42,True
Australia,Natural Language Processing,2024,4,False
New Zealand,Life Sciences,2022,0,False
Colombia,Life Sciences,2022,0,False
Switzerland,Life Sciences,2020,0,False
Hungary,Life Sciences,2022,2,False
Slovenia,Life Sciences,2022,0,False
Canada,Life Sciences,2023,4,False
Netherlands,Life Sciences,2017,3,True
Czechia,Life Sciences,2022,0,False
China,Life Sciences,2024,5018,False
South Korea,Life Sciences,2025,41,False
France,Life Sciences,2022,17,False
Philippines,Logic-Based Knowledge Systems,2018,0,True
Denmark,Logic-Based Knowledge Systems,2019,5,True
Brazil,Logic-Based Knowledge Systems,2016,10,True
Mexico,Logic-Based Knowledge Systems,2021,4,False
Taiwan,Logic-Based Knowledge Systems,2021,34,False
Czechia,Logic-Based Knowledge Systems,2023,1,False
Serbia,Logic-Based Knowledge Systems,2018,0,True
Argentina,Logic-Based Knowledge Systems,2021,0,False
Argentina,Logic-Based Knowledge Systems,2022,0,False
Iran,Logic-Based Knowledge Systems,2018,1,True
Bulgaria,Logic-Based Knowledge Systems,2018,0,True
Romania,Markov and Bayesian Models,2023,0,False
Czechia,Markov and Bayesian Models,2017,0,True
Italy,Markov and Bayesian Models,2017,2,True
Italy,Markov and Bayesian Models,2021,3,False
France,Markov and Bayesian Models,2017,8,True
Luxembourg,Markov and Bayesian Models,2020,1,False
Belgium,Markov and Bayesian Models,2024,0,False
Morocco,Markov and Bayesian Models,2020,0,False
China,Measuring and Testing,2022,4911,False
Portugal,Measuring and Testing,2024,0,False
Bulgaria,Measuring and Testing,2021,0,False
Czechia,Measuring and Testing,2021,0,False
Switzerland,Measuring and Testing,2023,0,False
Turkey,Measuring and Testing,2021,2,False
Singapore,Measuring and Testing,2016,12,True
Brazil,Measuring and Testing,2016,27,True
Brazil,Measuring and Testing,2022,1,False
Japan,Measuring and Testing,2016,255,True
Malaysia,Measuring and Testing,2016,2,True
Romania,Measuring and Testing,2021,0,False
Romania,Measuring and Testing,2022,0,False
United States,Measuring and Testing,2018,1630,True
Turkey,Neural Networks,2019,1,True
Malaysia,Neural Networks,2021,8,False
Ukraine,Neural Networks,2018,5,True
United States,Neural Networks,2016,2005,True
United Kingdom,Neural Networks,2019,213,True
Romania,Neural Networks,2017,1,True
Romania,Neural Networks,2023,1,False
Romania,Ontology Engineering,2023,0,False
Luxembourg,Ontology Engineering,2021,1,False
Netherlands,Ontology Engineering,2019,2,True
Georgia,Ontology Engineering,2023,0,False
China,Ontology Engineering,2026,235,False
United States,Ontology Engineering,2017,315,True
Singapore,Ontology Engineering,2017,2,True
South Africa,Ontology Engineering,2024,0,False
Mexico,Ontology Engineering,2020,2,False
Denmark,Ontology Engineering,2020,0,False
Denmark,Ontology Engineering,2021,0,False
Belgium,Other and Unspecified,2021,1,False
South Africa,Other and Unspecified,2019,3,True
Bulgaria,Other and Unspecified,2018,4,True
Taiwan,Personal Devices and Computing,2018,193,True
Sweden,Personal Devices and Computing,2016,6,True
South Africa,Personal Devices and Computing,2016,2,True
South Africa,Personal Devices and Computing,2023,0,False
South Africa,Personal Devices and Computing,2025,0,False
Morocco,Personal Devices and Computing,2017,1,True
Germany,Personal Devices and Computing,2019,283,True
Philippines,Personal Devices and Computing,2019,9,True
United States,Personal Devices and Computing,2020,9317,False
Poland,Personal Devices and Computing,2020,11,False
Mexico,Physical Sciences and Engineering,2021,73,False
Finland,Physical Sciences and Engineering,2016,8,True
Austria,Physical Sciences and Engineering,2021,15,False
Germany,Physical Sciences and Engineering,2025,151,False
Australia,Physical Sciences and Engineering,2016,229,True
Greece,Physical Sciences and Engineering,2018,5,True
Slovenia,Physical Sciences and Engineering,2018,8,True
Italy,Physical Sciences and Engineering,2016,13,True
South Africa,Physical Sciences and Engineering,2018,2,True
Belgium,Physical Sciences and Engineering,2017,2,True
Romania,Physical Sciences and Engineering,2024,1,False
Ireland,Planning and Scheduling,2016,0,True
China,Planning and Scheduling,2020,4000,False
Australia,Planning and Scheduling,2018,56,True
Sweden,Planning and Scheduling,2017,0,True
Denmark,Planning and Scheduling,2022,0,False
New Zealand,Planning and Scheduling,2021,0,False
Netherlands,Planning and Scheduling,2025,2,False
Norway,Planning and Scheduling,2022,1,False
Austria,Robotics,2021,0,False
Russia,Robotics,2018,5,True
Japan,Robotics,2019,267,True
Norway,Robotics,2016,0,True
Morocco,Robotics,2017,0,True
United Kingdom,Robotics,2024,2,False
Japan,Search Methods,2018,171,True
Norway,Search Methods,2018,0,True
Finland,Search Methods,2018,3,True
Philippines,Search Methods,2021,0,False
Serbia,Search Methods,2017,1,True
Peru,Search Methods,2016,0,True
China,Search Methods,2021,499,False
South Africa,Search Methods,2018,1,True
Hungary,Search Methods,2021,0,False
Netherlands,Search Methods,2016,0,True
India,Security,2019,2,True
Romania,Security,2017,0,True
Romania,Security,2023,0,False
Argentina,Security,2017,0,True
Slovenia,Security,2018,0,True
Lithuania,Security,2022,0,False
Finland,Security,2019,3,True
South Korea,Security,2016,60,True
Peru,Security,2020,2,False
Philippines,Security,2019,1,True
Turkey,Security,2020,1,False
Singapore,Security,2021,2,False
Poland,Security,2022,1,False
Norway,Security,2018,0,True
Sweden,Spatial and Physical Reasoning,2021,13,False
Ukraine,Spatial and Physical Reasoning,2024,0,False
Italy,Spatial and Physical Reasoning,2024,0,False
Luxembourg,Spatial and Physical Reasoning,2019,1,True
South Africa,Spatial and Physical Reasoning,2022,0,False
Spain,Spatial and Physical Reasoning,2020,43,False
Finland,Spatial and Physical Reasoning,2023,2,False
Switzerland,Spatial and Physical Reasoning,2017,0,True
Canada,Spatial and Physical Reasoning,2020,225,False
Greece,Spatial and Physical Reasoning,2016,2,True
Morocco,Spatial and Physical Reasoning,2024,2,False
Taiwan,Spatial and Physical Reasoning,2018,91,True
Netherlands,Spatial and Physical Reasoning,2022,22,False
Philippines,Speech Processing,2016,0,True
Philippines,Speech Processing,2019,0,True
Philippines,Speech Processing,2021,0,False
Portugal,Speech Processing,2018,0,True
Norway,Speech Processing,2020,0,False
Taiwan,Speech Processing,2017,15,True
South Africa,Speech Processing,2022,0,False
Norway,Telecommunications,2017,0,True
India,Telecommunications,2017,46,True
Peru,Telecommunications,2018,0,True
Peru,Telecommunications,2022,0,False
Portugal,Telecommunications,2018,2,True
Turkey,Telecommunications,2019,2,True
Latvia,Telecommunications,2020,1,False
Croatia,Telecommunications,2017,1,True
South Korea,Telecommunications,2025,54,False
Indonesia,Telecommunications,2016,1,True
Israel,Telecommunications,2023,1,False
Slovakia,Telecommunications,2024,0,False
Bulgaria,Telecommunications,2022,0,False
Argentina,Telecommunications,2018,0,True
Costa Rica,Transportation,2023,0,False
Norway,Transportation,2017,2,True
Norway,Transportation,2023,0,False
New Zealand,Transportation,2017,1,True
New Zealand,Transportation,2018,1,True
Bulgaria,Transportation,2019,0,True
United States,Transportation,2018,1694,True
Spain,Transportation,2016,9,True
Luxembourg,Transportation,2025,6,False
Germany,Transportation,2023,91,False
Taiwan,Transportation,2021,27,False
Serbia,Agriculture,2018,1,True
United Kingdom,Agriculture,2018,8,True
Israel,Agriculture,2019,0,True
Japan,Agriculture,2017,34,True
Japan,Agriculture,2023,4,False
Finland,Agriculture,2023,0,False
Denmark,All,2020,24,False
Bulgaria,All,2022,2,False
Morocco,All,2019,5,True
Morocco,All,2021,1,False
India,All,2020,4,False
Belgium,All,2022,5,False
Indonesia,All,2016,1,True
Finland,Analytics and Algorithms,2021,10,False
Ukraine,Analytics and Algorithms,2019,0,True
Greece,Analytics and Algorithms,2020,0,False
Spain,Analytics and Algorithms,2020,12,False
Japan,Analytics and Algorithms,2022,214,False
Mexico,Analytics and Algorithms,2016,3,True
Italy,Analytics and Algorithms,2019,8,True
Italy,Analytics and Algorithms,2023,1,False
South Africa,Analytics and Algorithms,2018,0,True
Norway,Analytics and Algorithms,2019,0,True
Greece,Banking and Finance,2025,0,False
Ukraine,Banking and Finance,2024,0,False
South Africa,Banking and Finance,2021,0,False
South Africa,Banking and Finance,2025,0,False
Hungary,Banking and Finance,2020,3,False
United States,Banking and Finance,2021,547,False
New Zealand,Banking and Finance,2021,0,False
Romania,Banking and Finance,2016,0,True
Peru,Banking and Finance,2017,0,True
Peru,Banking and Finance,2018,0,True
Norway,Banking and Finance,2016,0,True
Mexico,Banking and Finance,2022,0,False
Sweden,Banking and Finance,2016,3,True
Sweden,Banking and Finance,2019,0,True
Brazil,Banking and Finance,2016,2,True
Taiwan,Bio-Inspired Computing,2025,1,False
Russia,Bio-Inspired Computing,2018,4,True
New Zealand,Bio-Inspired Computing,2022,0,False
Austria,Bio-Inspired Computing,2019,0,True
Israel,Bio-Inspired Computing,2021,0,False
Costa Rica,Bio-Inspired Computing,2020,0,False
Hungary,Bio-Inspired Computing,2018,0,True
Spain,Bio-Inspired Computing,2023,3,False
Malaysia,Business,2018,4,True
Norway,Business,2022,1,False
Czechia,Business,2018,0,True
Chile,Business,2018,0,True
Taiwan,Business,2023,54,False
France,Business,2020,20,False
United States,Business,2025,13,False
Spain,Business,2019,21,True
Colombia,Business,2019,0,True
Romania,Business,2022,0,False
Sweden,Business,2019,0,True
Germany,Business,2018,37,True
Canada,Business,2021,64,False
Austria,Business,2021,1,False
Austria,Business,2024,0,False
Italy,Computer Vision,2016,3,True
Italy,Computer Vision,2020,9,False
Taiwan,Computer Vision,2024,115,False
Norway,Computer Vision,2021,3,False
Sweden,Computer Vision,2017,1,True
Canada,Computer Vision,2016,97,True
Italy,Computing in Government,2022,0,False
New Zealand,Computing in Government,2016,0,True
Switzerland,Computing in Government,2024,0,False
United Kingdom,Computing in Government,2021,1,False
Croatia,Computing in Government,2019,0,True
Uruguay,Computing in Government,2022,0,False
South Africa,Control Methods,2019,0,True
Morocco,Control Methods,2024,0,False
Norway,Control Methods,2017,1,True
Norway,Control Methods,2019,2,True
Greece,Control Methods,2024,0,False
Belgium,Control Methods,2023,1,False
Belgium,Control Methods,2024,1,False
Italy,Control Methods,2016,2,True
United Kingdom,Control Methods,2020,47,False
Philippines,Control Methods,2023,1,False
France,Control Methods,2022,44,False
Argentina,Distributed AI,2022,0,False
Japan,Distributed AI,2021,42,False
Finland,Distributed AI,2020,0,False
France,Distributed AI,2022,2,False
Bulgaria,Distributed AI,2019,0,True
South Africa,Distributed AI,2019,0,True
Ireland,Distributed AI,2016,0,True
China,Education,2018,209,True
Luxembourg,Education,2024,13,False
Peru,Education,2016,0,True
Hungary,Education,2020,0,False
Malaysia,Education,2017,1,True
Ireland,Education,2018,0,True
United States,Education,2020,198,False
Hungary,Energy Management,2023,1,False
New Zealand,Energy Management,2016,0,True
Belgium,Energy Management,2017,0,True
Saudi Arabia,Energy Management,2022,0,False
Hungary,Fuzzy Logic,2017,0,True
Brazil,Fuzzy Logic,2019,1,True
Poland,Fuzzy Logic,2016,1,True
Romania,Fuzzy Logic,2024,0,False
China,Fuzzy Logic,2016,236,True
China,Fuzzy Logic,2022,827,False
Spain,Fuzzy Logic,2023,0,False
Japan,Fuzzy Logic,2016,16,True
Japan,Fuzzy Logic,2018,20,True
United Kingdom,Fuzzy Logic,2025,0,False
Indonesia,Fuzzy Logic,2016,0,True
United States,Fuzzy Logic,2016,82,True
San Marino,Industry and Manufacturing,2020,1,False
France,Industry and Manufacturing,2019,15,True
United Kingdom,Industry and Manufacturing,2018,23,True
Australia,Industry and Manufacturing,2021,73,False
Czechia,Industry and Manufacturing,2022,0,False
Taiwan,Industry and Manufacturing,2021,45,False
Italy,Industry and Manufacturing,2023,3,False
Spain,Industry and Manufacturing,2021,18,False
United States,Industry and Manufacturing,2025,7,False
Czechia,Knowledge Representation,2017,0,True
France,Knowledge Representation,2019,7,True
Bulgaria,Knowledge Representation,2021,0,False
Slovenia,Knowledge Representation,2022,0,False
Sweden,Knowledge Representation,2019,0,True
Australia,Knowledge Representation,2023,5,False
Austria,Knowledge Representation,2021,2,False
Slovakia,Knowledge Representation,2023,0,False
Peru,Knowledge Representation,2021,0,False
Finland,Knowledge Representation,2016,0,True
South Africa,Knowledge Representation,2018,0,True
Italy,Natural Language Processing,2016,1,True
Norway,Natural Language Processing,2019,0,True
Taiwan,Natural Language Processing,2020,17,False
Slovenia,Natural Language Processing,2022,0,False
Ukraine,Natural Language Processing,2017,0,True
Greece,Natural Language Processing,2018,0,True
Bulgaria,Natural Language Processing,2024,0,False
Sweden,Natural Language Processing,2018,0,True
Lithuania,Life Sciences,2020,2,False
Indonesia,Life Sciences,2016,1,True
Chile,Life Sciences,2018,0,True
United States,Life Sciences,2016,716,True
United States,Life Sciences,2024,145,False
Bulgaria,Life Sciences,2025,1,False
France,Life Sciences,2016,14,True
France,Life Sciences,2021,32,False
Italy,Life Sciences,2019,10,True
Saudi Arabia,Life Sciences,2022,1,False
Taiwan,Life Sciences,2017,30,True
Japan,Logic-Based Knowledge Systems,2021,216,False
Japan,Logic-Based Knowledge Systems,2024,17,False
Romania,Logic-Based Knowledge Systems,2018,0,True
Ukraine,Logic-Based Knowledge Systems,2016,0,True
Ukraine,Logic-Based Knowledge Systems,2021,0,False
France,Logic-Based Knowledge Systems,2020,19,False
Greece,Logic-Based Knowledge Systems,2019,0,True
Malaysia,Logic-Based Knowledge Systems,2018,2,True
South Korea,Logic-Based Knowledge Systems,2023,113,False
Slovakia,Logic-Based Knowledge Systems,2024,0,False
Australia,Markov and Bayesian Models,2017,36,True
New Zealand,Markov and Bayesian Models,2022,0,False
Turkey,Markov and Bayesian Models,2018,1,True
China,Markov and Bayesian Models,2018,1263,True
Paraguay,Markov and Bayesian Models,2021,0,False
Romania,Markov and Bayesian Models,2024,0,False
Canada,Markov and Bayesian Models,2022,19,False
Taiwan,Markov and Bayesian Models,2017,16,True
Portugal,Markov and Bayesian Models,2022,0,False
United Kingdom,Markov and Bayesian Models,2016,19,True
Netherlands,Markov and Bayesian Models,2024,4,False
Philippines,Markov and Bayesian Models,2019,2,True
Austria,Measuring and Testing,2016,3,True
San Marino,Measuring and Testing,2020,0,False
Slovenia,Measuring and Testing,2016,2,True
Switzerland,Measuring and Testing,2017,0,True
Slovakia,Measuring and Testing,2023,2,False
Russia,Measuring and Testing,2018,36,True
United States,Measuring and Testing,2021,1246,False
Chile,Neural Networks,2018,0,True
Cuba,Neural Networks,2020,0,False
Peru,Neural Networks,2017,1,True
Taiwan,Neural Networks,2025,16,False
Canada,Neural Networks,2023,11,False
Ukraine,Ontology Engineering,2022,0,False
Ukraine,Ontology Engineering,2023,0,False
Finland,Ontology Engineering,2016,0,True
Finland,Ontology Engineering,2022,0,False
Germany,Ontology Engineering,2020,15,False
Brazil,Ontology Engineering,2021,1,False
Kenya,Ontology Engineering,2016,0,True
Japan,Ontology Engineering,2020,24,False
Greece,Ontology Engineering,2020,0,False
Croatia,Ontology Engineering,2024,0,False
Australia,Ontology Engineering,2024,0,False
Portugal,Ontology Engineering,2017,0,True
Belgium,Ontology Engineering,2021,0,False
Belgium,Ontology Engineering,2024,0,False
Netherlands,Other and Unspecified,2018,5,True
Turkey,Other and Unspecified,2017,2,True
Peru,Other and Unspecified,2016,0,True
Denmark,Other and Unspecified,2023,4,False
Croatia,Other and Unspecified,2021,1,False
Japan,Other and Unspecified,2021,1330,False
Australia,Other and Unspecified,2020,282,False
Hungary,Other and Unspecified,2020,4,False
Germany,Other and Unspecified,2016,120,True
Israel,Other and Unspecified,2022,2,False
Austria,Other and Unspecified,2022,3,False
Norway,Other and Unspecified,2016,1,True
Norway,Other and Unspecified,2022,2,False
Greece,Other and Unspecified,2019,1,True
Turkey,Personal Devices and Computing,2017,2,True
Argentina,Personal Devices and Computing,2020,4,False
Slovenia,Personal Devices and Computing,2018,5,True
Luxembourg,Personal Devices and Computing,2021,16,False
Denmark,Personal Devices and Computing,2024,0,False
Australia,Personal Devices and Computing,2021,542,False
Germany,Physical Sciences and Engineering,2016,221,True
Germany,Physical Sciences and Engineering,2023,303,False
South Korea,Physical Sciences and Engineering,2017,2018,True
Greece,Physical Sciences and Engineering,2016,4,True
United States,Physical Sciences and Engineering,2017,9054,True
Czechia,Physical Sciences and Engineering,2024,3,False
Costa Rica,Physical Sciences and Engineering,2023,1,False
Canada,Physical Sciences and Engineering,2022,207,False
Argentina,Physical Sciences and Engineering,2022,5,False
Argentina,Physical Sciences and Engineering,2023,2,False
South Africa,Physical Sciences and Engineering,2023,0,False
Argentina,Planning and Scheduling,2019,1,True
Morocco,Planning and Scheduling,2020,1,False
Australia,Planning and Scheduling,2019,72,True
Belgium,Planning and Scheduling,2025,2,False
New Zealand,Planning and Scheduling,2016,0,True
Croatia,Planning and Scheduling,2018,0,True
Turkey,Planning and Scheduling,2021,0,False
China,Robotics,2024,1931,False
Austria,Robotics,2019,0,True
Spain,Robotics,2021,6,False
Japan,Robotics,2024,3,False
Hungary,Robotics,2018,0,True
Belgium,Robotics,2017,1,True
Mexico,Robotics,2017,8,True
Germany,Robotics,2020,73,False
Canada,Search Methods,2016,19,True
Canada,Search Methods,2022,15,False
Australia,Search Methods,2021,23,False
Serbia,Search Methods,2021,0,False
Taiwan,Search Methods,2019,5,True
Hungary,Search Methods,2019,1,True
France,Search Methods,2021,6,False
Mexico,Security,2021,4,False
Ukraine,Security,2023,0,False
Hungary,Security,2021,0,False
Brazil,Security,2018,7,True
Brazil,Security,2019,11,True
Philippines,Security,2018,2,True
Norway,Security,2020,2,False
United States,Spatial and Physical Reasoning,2020,5257,False
Saudi Arabia,Spatial and Physical Reasoning,2019,0,True
Croatia,Spatial and Physical Reasoning,2021,0,False
Canada,Spatial and Physical Reasoning,2016,121,True
Luxembourg,Speech Processing,2020,1,False
Saudi Arabia,Speech Processing,2019,0,True
Israel,Speech Processing,2021,0,False
Singapore,Speech Processing,2020,2,False
Morocco,Telecommunications,2020,1,False
Luxembourg,Telecommunications,2018,1,True
Peru,Telecommunications,2021,1,False
Turkey,Telecommunications,2018,2,True
Russia,Telecommunications,2018,36,True
Israel,Telecommunications,2022,3,False
China,Transportation,2023,7897,False
Turkey,Transportation,2023,0,False
Peru,Transportation,2019,1,True
Slovenia,Transportation,2018,0,True
Taiwan,Transportation,2016,11,True
Romania,Agriculture,2021,0,False
Luxembourg,Agriculture,2020,1,False
Peru,Agriculture,2016,0,True
Peru,Agriculture,2023,0,False
Spain,Agriculture,2025,0,False
Sweden,Agriculture,2019,2,True
Sweden,Agriculture,2024,2,False
Norway,Agriculture,2022,0,False
Canada,Agriculture,2016,8,True
Taiwan,Agriculture,2022,8,False
San Marino,Agriculture,2020,0,False
France,Agriculture,2019,1,True
South Korea,Agriculture,2021,139,False
Ukraine,All,2017,2,True
Portugal,All,2020,9,False
Italy,All,2021,34,False
Greece,All,2023,21,False
Germany,All,2021,497,False
Spain,All,2022,71,False
Serbia,All,2020,1,False
Belgium,All,2018,8,True
Japan,All,2017,2290,True
Australia,Analytics and Algorithms,2024,0,False
Lithuania,Analytics and Algorithms,2016,0,True
Finland,Analytics and Algorithms,2016,1,True
Denmark,Analytics and Algorithms,2017,5,True
Denmark,Analytics and Algorithms,2024,0,False
Canada,Analytics and Algorithms,2017,64,True
Greece,Banking and Finance,2020,0,False
Greece,Banking and Finance,2023,0,False
Spain,Banking and Finance,2022,1,False
Portugal,Banking and Finance,2019,1,True
Peru,Banking and Finance,2021,1,False
Italy,Banking and Finance,2022,0,False
Norway,Banking and Finance,2017,1,True
Lithuania,Banking and Finance,2018,0,True
Lithuania,Banking and Finance,2019,0,True
Luxembourg,Banking and Finance,2016,0,True
France,Bio-Inspired Computing,2019,14,True
Peru,Bio-Inspired Computing,2022,0,False
Bulgaria,Bio-Inspired Computing,2025,0,False
Uruguay,Bio-Inspired Computing,2020,0,False
Spain,Bio-Inspired Computing,2019,8,True
Belgium,Business,2018,1,True
Philippines,Business,2018,2,True
Argentina,Business,2023,0,False
Romania,Business,2023,0,False
Saudi Arabia,Business,2023,0,False
Russia,Computer Vision,2017,39,True
Singapore,Computer Vision,2017,27,True
Taiwan,Computer Vision,2023,163,False
China,Computer Vision,2025,14459,False
Finland,Computer Vision,2021,8,False
New Zealand,Computer Vision,2018,5,True
Turkey,Computer Vision,2017,1,True
France,Computer Vision,2023,65,False
Romania,Computer Vision,2022,1,False
Portugal,Computer Vision,2019,5,True
United States,Computer Vision,2016,1366,True
United States,Computer Vision,2021,4052,False
Luxembourg,Computer Vision,2018,7,True
Costa Rica,Computing in Government,2023,0,False
Italy,Computing in Government,2024,0,False
South Africa,Computing in Government,2019,0,True
Luxembourg,Computing in Government,2017,0,True
Slovakia,Computing in Government,2021,0,False
New Zealand,Computing in Government,2021,0,False
Switzerland,Computing in Government,2023,1,False
Argentina,Computing in Government,2020,0,False
Japan,Control Methods,2020,641,False
Netherlands,Control Methods,2018,0,True
China,Control Methods,2025,2344,False
Belgium,Control Methods,2018,3,True
Czechia,Control Methods,2019,0,True
Switzerland,Control Methods,2020,0,False
Uruguay,Distributed AI,2017,0,True
Germany,Distributed AI,2025,5,False
Romania,Distributed AI,2017,0,True
Romania,Distributed AI,2024,0,False
Ukraine,Distributed AI,2024,0,False
Malaysia,Distributed AI,2019,0,True
Spain,Distributed AI,2021,0,False
Norway,Distributed AI,2017,0,True
Norway,Distributed AI,2025,0,False
Poland,Distributed AI,2021,0,False
Netherlands,Education,2021,1,False
Australia,Education,2020,13,False
Australia,Education,2021,33,False
San Marino,Education,2017,0,True
Bulgaria,Education,2021,1,False
Israel,Education,2019,0,True
Luxembourg,Education,2022,1,False
Turkey,Education,2021,0,False
Switzerland,Education,2020,0,False
Switzerland,Education,2024,0,False
Ukraine,Education,2016,0,True
Ukraine,Education,2024,0,False
Finland,Education,2023,0,False
Norway,Education,2017,0,True
Morocco,Education,2022,0,False
Morocco,Education,2024,1,False
Denmark,Energy Management,2020,1,False
Hungary,Energy Management,2018,0,True
Colombia,Energy Management,2019,0,True
Malaysia,Energy Management,2021,0,False
Switzerland,Energy Management,2023,0,False
Romania,Energy Management,2021,0,False
Switzerland,Fuzzy Logic,2019,0,True
Sweden,Fuzzy Logic,2021,0,False
Kenya,Fuzzy Logic,2016,0,True
Netherlands,Fuzzy Logic,2018,0,True
Japan,Fuzzy Logic,2023,2,False
United States,Fuzzy Logic,2019,147,True
Netherlands,Industry and Manufacturing,2024,0,False
Turkey,Industry and Manufacturing,2021,0,False
Japan,Industry and Manufacturing,2019,524,True
Norway,Industry and Manufacturing,2022,2,False
South Africa,Industry and Manufacturing,2021,0,False
Greece,Industry and Manufacturing,2025,1,False
India,Industry and Manufacturing,2018,13,True
Hungary,Knowledge Representation,2022,0,False
Israel,Knowledge Representation,2023,0,False
Slovenia,Knowledge Representation,2016,0,True
Slovenia,Knowledge Representation,2018,0,True
Luxembourg,Knowledge Representation,2022,3,False
Kenya,Knowledge Representation,2016,0,True
Norway,Knowledge Representation,2023,0,False
Peru,Natural Language Processing,2022,0,False
Peru,Natural Language Processing,2023,0,False
Mexico,Natural Language Processing,2020,5,False
New Zealand,Natural Language Processing,2018,0,True
Austria,Natural Language Processing,2018,0,True
China,Natural Language Processing,2019,1987,True
Malaysia,Natural Language Processing,2017,1,True
Philippines,Natural Language Processing,2021,0,False
Romania,Natural Language Processing,2021,0,False
Romania,Natural Language Processing,2022,0,False
United Kingdom,Natural Language Processing,2016,11,True
Israel,Natural Language Processing,2021,0,False
Georgia,Natural Language Processing,2023,0,False
Kenya,Life Sciences,2016,0,True
Romania,Life Sciences,2023,1,False
Luxembourg,Life Sciences,2019,0,True
Luxembourg,Life Sciences,2025,29,False
Japan,Life Sciences,2024,20,False
Spain,Life Sciences,2022,24,False
Czechia,Life Sciences,2017,0,True
South Korea,Life Sciences,2023,693,False
Saudi Arabia,Life Sciences,2023,0,False
South Africa,Life Sciences,2016,0,True
Argentina,Life Sciences,2017,0,True
Portugal,Life Sciences,2018,2,True
Mexico,Logic-Based Knowledge Systems,2022,1,False
Turkey,Logic-Based Knowledge Systems,2023,0,False
Australia,Markov and Bayesian Models,2018,55,True
China,Markov and Bayesian Models,2020,3051,False
Romania,Markov and Bayesian Models,2017,1,True
Canada,Markov and Bayesian Models,2021,41,False
Italy,Markov and Bayesian Models,2022,0,False
Norway,Markov and Bayesian Models,2018,0,True
Switzerland,Markov and Bayesian Models,2021,0,False
Lithuania,Markov and Bayesian Models,2019,1,True
Portugal,Markov and Bayesian Models,2017,2,True
Croatia,Markov and Bayesian Models,2018,0,True
Mexico,Measuring and Testing,2020,25,False
Canada,Measuring and Testing,2016,74,True
Canada,Measuring and Testing,2017,110,True
New Zealand,Measuring and Testing,2017,5,True
Germany,Measuring and Testing,2022,128,False
France,Measuring and Testing,2019,45,True
France,Measuring and Testing,2023,29,False
Bulgaria,Measuring and Testing,2018,0,True
Philippines,Measuring and Testing,2016,2,True
Taiwan,Measuring and Testing,2018,52,True
Australia,Measuring and Testing,2018,95,True
Malaysia,Measuring and Testing,2021,5,False
Italy,Measuring and Testing,2016,2,True
Bulgaria,Neural Networks,2025,2,False
Israel,Neural Networks,2016,0,True
Switzerland,Neural Networks,2018,3,True
Germany,Neural Networks,2020,445,False
Poland,Neural Networks,2017,12,True
Serbia,Neural Networks,2018,1,True
Belgium,Neural Networks,2021,8,False
Morocco,Neural Networks,2019,4,True
Romania,Neural Networks,2024,0,False
Ukraine,Ontology Engineering,2019,0,True
Philippines,Ontology Engineering,2016,0,True
South Korea,Ontology Engineering,2021,102,False
Israel,Ontology Engineering,2021,1,False
New Zealand,Ontology Engineering,2020,1,False
Colombia,Ontology Engineering,2019,0,True
China,Ontology Engineering,2020,3018,False
Switzerland,Ontology Engineering,2020,0,False
Switzerland,Ontology Engineering,2023,0,False
South Africa,Ontology Engineering,2018,0,True
Denmark,Ontology Engineering,2023,0,False
Belgium,Ontology Engineering,2017,0,True
Denmark,Other and Unspecified,2021,5,False
United States,Other and Unspecified,2022,2798,False
Malaysia,Other and Unspecified,2016,5,True
Australia,Other and Unspecified,2023,24,False
Colombia,Other and Unspecified,2022,1,False
South Korea,Other and Unspecified,2024,791,False
Norway,Other and Unspecified,2024,1,False
Netherlands,Personal Devices and Computing,2022,20,False
Turkey,Personal Devices and Computing,2021,2,False
Russia,Personal Devices and Computing,2018,111,True
Denmark,Personal Devices and Computing,2016,9,True
Denmark,Personal Devices and Computing,2022,0,False
Poland,Personal Devices and Computing,2021,8,False
Croatia,Physical Sciences and Engineering,2017,1,True
Slovenia,Physical Sciences and Engineering,2016,3,True
Singapore,Physical Sciences and Engineering,2019,117,True
Poland,Physical Sciences and Engineering,2023,7,False
Japan,Planning and Scheduling,2020,252,False
Finland,Planning and Scheduling,2020,5,False
Singapore,Planning and Scheduling,2020,6,False
Romania,Planning and Scheduling,2022,0,False
Luxembourg,Planning and Scheduling,2021,6,False
Norway,Planning and Scheduling,2023,0,False
India,Planning and Scheduling,2018,24,True
China,Robotics,2018,696,True
Austria,Robotics,2023,0,False
Austria,Robotics,2024,0,False
Croatia,Robotics,2018,0,True
Ukraine,Robotics,2022,0,False
Luxembourg,Robotics,2023,1,False
Switzerland,Robotics,2019,0,True
San Marino,Robotics,2017,0,True
Singapore,Robotics,2021,0,False
Netherlands,Robotics,2018,2,True
Netherlands,Robotics,2025,1,False
Canada,Search Methods,2018,59,True
United States,Search Methods,2018,1095,True
China,Search Methods,2016,48,True
New Zealand,Search Methods,2018,3,True
Russia,Search Methods,2019,7,True
Lithuania,Search Methods,2019,1,True
Germany,Search Methods,2018,13,True
Germany,Search Methods,2025,10,False
San Marino,Search Methods,2020,1,False
Hungary,Search Methods,2023,0,False
Luxembourg,Search Methods,2017,1,True
Luxembourg,Security,2018,0,True
Slovenia,Security,2022,0,False
Philippines,Security,2020,1,False
China,Security,2022,2712,False
Italy,Security,2020,1,False
Austria,Security,2024,1,False
Japan,Spatial and Physical Reasoning,2024,74,False
Bulgaria,Spatial and Physical Reasoning,2022,0,False
Bulgaria,Spatial and Physical Reasoning,2025,1,False
Finland,Spatial and Physical Reasoning,2016,3,True
Switzerland,Spatial and Physical Reasoning,2023,1,False
Greece,Spatial and Physical Reasoning,2019,1,True
Turkey,Spatial and Physical Reasoning,2018,1,True
Ireland,Spatial and Physical Reasoning,2023,1,False
Taiwan,Spatial and Physical Reasoning,2021,138,False
New Zealand,Spatial and Physical Reasoning,2017,6,True
Japan,Speech Processing,2022,97,False
Poland,Speech Processing,2016,0,True
Portugal,Speech Processing,2019,0,True
South Korea,Speech Processing,2020,441,False
Bulgaria,Speech Processing,2020,0,False
Switzerland,Speech Processing,2017,0,True
Switzerland,Speech Processing,2018,1,True
Switzerland,Speech Processing,2019,0,True
Taiwan,Speech Processing,2019,31,True
Romania,Speech Processing,2018,0,True
Romania,Speech Processing,2022,0,False
Norway,Telecommunications,2025,0,False
Morocco,Telecommunications,2018,2,True
United States,Telecommunications,2020,3991,False
South Korea,Telecommunications,2019,1256,True
New Zealand,Telecommunications,2022,0,False
China,Transportation,2020,4175,False
United Kingdom,Transportation,2024,3,False
Italy,Transportation,2023,1,False
Greece,Transportation,2016,0,True
South Africa,Transportation,2019,0,True
Ireland,Transportation,2022,0,False
Lithuania,Transportation,2019,1,True
Czechia,Transportation,2021,0,False
Denmark,Transportation,2024,0,False
Slovenia,Transportation,2019,0,True
Poland,Agriculture,2018,2,True
Slovenia,Agriculture,2019,0,True
Argentina,Agriculture,2022,0,False
Sweden,Agriculture,2016,0,True
Israel,Agriculture,2022,0,False
Hungary,Agriculture,2020,0,False
Belgium,Agriculture,2019,0,True
Colombia,Agriculture,2024,0,False
Finland,Agriculture,2016,0,True
Turkey,All,2016,1,True
Saudi Arabia,All,2022,2,False
Spain,All,2016,69,True
Canada,All,2022,207,False
Malaysia,All,2017,30,True
France,All,2017,97,True
Lithuania,All,2020,4,False
Israel,Analytics and Algorithms,2016,0,True
Sweden,Analytics and Algorithms,2021,1,False
Malaysia,Analytics and Algorithms,2018,3,True
Malaysia,Analytics and Algorithms,2019,1,True
Czechia,Analytics and Algorithms,2022,0,False
Austria,Analytics and Algorithms,2018,2,True
Portugal,Analytics and Algorithms,2017,3,True
Portugal,Analytics and Algorithms,2024,0,False
Bulgaria,Analytics and Algorithms,2019,0,True
South Korea,Analytics and Algorithms,2018,269,True
Taiwan,Analytics and Algorithms,2021,86,False
United States,Analytics and Algorithms,2024,176,False
Canada,Banking and Finance,2017,30,True
Croatia,Banking and Finance,2020,0,False
Spain,Banking and Finance,2023,2,False
Spain,Banking and Finance,2024,0,False
Taiwan,Banking and Finance,2023,24,False
Morocco,Banking and Finance,2020,1,False
New Zealand,Banking and Finance,2016,0,True
Lithuania,Banking and Finance,2020,0,False
Belgium,Bio-Inspired Computing,2022,0,False
Netherlands,Bio-Inspired Computing,2017,0,True
Ukraine,Bio-Inspired Computing,2023,0,False
Luxembourg,Bio-Inspired Computing,2018,0,True
Australia,Bio-Inspired Computing,2017,12,True
Slovenia,Bio-Inspired Computing,2019,1,True
Greece,Bio-Inspired Computing,2020,0,False
Slovenia,Business,2016,0,True
Norway,Business,2017,0,True
Belgium,Business,2020,0,False
Luxembourg,Business,2025,51,False
Taiwan,Business,2017,25,True
Denmark,Business,2017,2,True
Lithuania,Business,2016,1,True
Singapore,Business,2016,17,True
Poland,Business,2017,2,True
Japan,Business,2019,459,True
Peru,Computer Vision,2018,1,True
Finland,Computer Vision,2017,6,True
France,Computer Vision,2021,84,False
Switzerland,Computer Vision,2018,3,True
South Africa,Computer Vision,2022,0,False
Romania,Computer Vision,2016,0,True
Greece,Computer Vision,2018,3,True
Kenya,Computer Vision,2016,1,True
Ukraine,Computer Vision,2016,0,True
Australia,Computer Vision,2019,182,True
Luxembourg,Computer Vision,2019,1,True
Poland,Computing in Government,2016,0,True
Ireland,Computing in Government,2018,0,True
South Africa,Computing in Government,2021,0,False
Luxembourg,Computing in Government,2021,0,False
New Zealand,Computing in Government,2018,0,True
Germany,Computing in Government,2018,2,True
Brazil,Computing in Government,2019,1,True
Poland,Control Methods,2017,2,True
Japan,Control Methods,2019,841,True
Bulgaria,Control Methods,2022,0,False
Italy,Control Methods,2021,5,False
Canada,Control Methods,2020,96,False
Switzerland,Control Methods,2019,0,True
Hungary,Control Methods,2017,1,True
Greece,Distributed AI,2023,0,False
Japan,Distributed AI,2018,38,True
Switzerland,Distributed AI,2018,0,True
Spain,Distributed AI,2025,0,False
France,Distributed AI,2016,0,True
Austria,Education,2018,1,True
Bulgaria,Education,2023,1,False
Japan,Education,2018,43,True
Luxembourg,Education,2018,0,True
Costa Rica,Education,2020,0,False
United States,Education,2022,50,False
Morocco,Education,2021,0,False
Portugal,Energy Management,2016,0,True
Morocco,Energy Management,2024,0,False
Turkey,Energy Management,2020,0,False
Belgium,Energy Management,2018,0,True
Greece,Energy Management,2018,0,True
South Africa,Energy Management,2021,0,False
Chile,Fuzzy Logic,2018,0,True
Turkey,Fuzzy Logic,2018,0,True
China,Fuzzy Logic,2020,721,False
Colombia,Fuzzy Logic,2022,0,False
Austria,Fuzzy Logic,2021,0,False
Denmark,Fuzzy Logic,2019,1,True
Philippines,Fuzzy Logic,2017,0,True
Argentina,Fuzzy Logic,2018,0,True
Argentina,Fuzzy Logic,2021,0,False
Poland,Industry and Manufacturing,2023,0,False
United Kingdom,Industry and Manufacturing,2025,1,False
Hungary,Industry and Manufacturing,2016,3,True
Turkey,Industry and Manufacturing,2018,0,True
Bulgaria,Industry and Manufacturing,2022,0,False
Japan,Industry and Manufacturing,2022,230,False
Spain,Industry and Manufacturing,2018,16,True
Morocco,Industry and Manufacturing,2021,1,False
Peru,Industry and Manufacturing,2019,0,True
South Africa,Industry and Manufacturing,2024,0,False
Israel,Industry and Manufacturing,2022,0,False
Switzerland,Industry and Manufacturing,2023,1,False
Russia,Industry and Manufacturing,2016,5,True
Russia,Industry and Manufacturing,2021,2,False
France,Knowledge Representation,2022,3,False
South Korea,Knowledge Representation,2022,35,False
Brazil,Knowledge Representation,2020,6,False
Singapore,Knowledge Representation,2021,0,False
South Africa,Knowledge Representation,2019,0,True
South Africa,Knowledge Representation,2022,0,False
India,Natural Language Processing,2020,0,False
Argentina,Natural Language Processing,2021,0,False
Luxembourg,Natural Language Processing,2020,3,False
Turkey,Natural Language Processing,2016,0,True
Netherlands,Natural Language Processing,2018,0,True
Ukraine,Natural Language Processing,2019,0,True
Ukraine,Natural Language Processing,2022,0,False
Lithuania,Natural Language Processing,2019,0,True
Greece,Natural Language Processing,2020,0,False
Hungary,Natural Language Processing,2019,1,True
Switzerland,Natural Language Processing,2021,0,False
Poland,Natural Language Processing,2019,0,True
Canada,Natural Language Processing,2019,36,True
Morocco,Life Sciences,2019,1,True
Israel,Life Sciences,2022,0,False
Russia,Life Sciences,2021,15,False
Ireland,Life Sciences,2016,1,True
Peru,Life Sciences,2022,0,False
Croatia,Life Sciences,2021,1,False
Germany,Life Sciences,2020,87,False
Germany,Life Sciences,2021,55,False
Czechia,Life Sciences,2023,0,False
Czechia,Life Sciences,2024,1,False
China,Life Sciences,2022,3410,False
Philippines,Life Sciences,2018,2,True
Philippines,Life Sciences,2019,3,True
Norway,Logic-Based Knowledge Systems,2021,0,False
Turkey,Logic-Based Knowledge Systems,2019,2,True
Saudi Arabia,Logic-Based Knowledge Systems,2023,0,False
Poland,Logic-Based Knowledge Systems,2017,3,True
Belgium,Logic-Based Knowledge Systems,2019,0,True
United States,Logic-Based Knowledge Systems,2020,2690,False
South Korea,Logic-Based Knowledge Systems,2016,77,True
United Kingdom,Logic-Based Knowledge Systems,2018,40,True
Australia,Markov and Bayesian Models,2020,68,False
Germany,Markov and Bayesian Models,2018,39,True
Germany,Markov and Bayesian Models,2020,64,False
Romania,Markov and Bayesian Models,2018,0,True
Czechia,Markov and Bayesian Models,2022,0,False
United Kingdom,Markov and Bayesian Models,2020,22,False
Netherlands,Markov and Bayesian Models,2017,1,True
Morocco,Markov and Bayesian Models,2018,0,True
Morocco,Markov and Bayesian Models,2021,0,False
Mexico,Measuring and Testing,2021,18,False
Portugal,Measuring and Testing,2017,2,True
New Zealand,Measuring and Testing,2020,1,False
South Korea,Measuring and Testing,2021,1033,False
Philippines,Measuring and Testing,2021,2,False
Belgium,Measuring and Testing,2022,2,False
Switzerland,Measuring and Testing,2020,0,False
Ukraine,Measuring and Testing,2019,0,True
United Kingdom,Measuring and Testing,2024,1,False
Russia,Measuring and Testing,2017,31,True
Peru,Measuring and Testing,2023,1,False
Sweden,Neural Networks,2020,14,False
China,Neural Networks,2021,40169,False
Germany,Neural Networks,2025,77,False
Slovenia,Neural Networks,2016,0,True
Luxembourg,Neural Networks,2022,53,False
Czechia,Neural Networks,2018,1,True
Italy,Neural Networks,2024,1,False
South Korea,Neural Networks,2017,1122,True
South Korea,Neural Networks,2024,1461,False
Australia,Neural Networks,2022,101,False
Austria,Neural Networks,2016,1,True
Romania,Neural Networks,2019,0,True
Ukraine,Ontology Engineering,2016,0,True
Peru,Ontology Engineering,2022,0,False
Serbia,Ontology Engineering,2023,0,False
Bulgaria,Ontology Engineering,2023,0,False
Taiwan,Ontology Engineering,2024,7,False
Belgium,Ontology Engineering,2022,0,False
Spain,Ontology Engineering,2022,0,False
Serbia,Other and Unspecified,2021,0,False
Ukraine,Other and Unspecified,2021,1,False
Taiwan,Other and Unspecified,2017,57,True
Taiwan,Other and Unspecified,2021,197,False
Bulgaria,Other and Unspecified,2019,1,True
Israel,Other and Unspecified,2018,8,True
China,Other and Unspecified,2017,3500,True
China,Other and Unspecified,2020,13174,False
Romania,Other and Unspecified,2018,1,True
South Korea,Other and Unspecified,2016,423,True
Paraguay,Personal Devices and Computing,2021,1,False
Turkey,Personal Devices and Computing,2020,2,False
Hungary,Personal Devices and Computing,2021,2,False
Finland,Personal Devices and Computing,2017,10,True
Spain,Personal Devices and Computing,2017,58,True
Russia,Personal Devices and Computing,2016,76,True
Germany,Personal Devices and Computing,2017,179,True
San Marino,Personal Devices and Computing,2018,1,True
United Kingdom,Personal Devices and Computing,2018,159,True
United Kingdom,Physical Sciences and Engineering,2024,25,False
France,Physical Sciences and Engineering,2020,241,False
Portugal,Physical Sciences and Engineering,2019,11,True
Latvia,Physical Sciences and Engineering,2020,1,False
Tunisia,Physical Sciences and Engineering,2021,2,False
Argentina,Physical Sciences and Engineering,2019,7,True
Serbia,Physical Sciences and Engineering,2021,1,False
Singapore,Physical Sciences and Engineering,2018,160,True
Ukraine,Physical Sciences and Engineering,2018,7,True
Hungary,Physical Sciences and Engineering,2022,8,False
China,Planning and Scheduling,2022,4914,False
Serbia,Planning and Scheduling,2017,0,True
Ukraine,Planning and Scheduling,2023,0,False
Ukraine,Planning and Scheduling,2024,0,False
Hungary,Planning and Scheduling,2023,0,False
Spain,Planning and Scheduling,2018,11,True
Denmark,Planning and Scheduling,2024,0,False
Romania,Planning and Scheduling,2023,0,False
Norway,Planning and Scheduling,2019,2,True
Taiwan,Robotics,2025,2,False
New Zealand,Robotics,2022,0,False
Hungary,Robotics,2017,0,True
Morocco,Robotics,2021,0,False
Saudi Arabia,Robotics,2022,0,False
Luxembourg,Robotics,2021,1,False
Australia,Robotics,2023,6,False
Slovakia,Robotics,2024,0,False
Switzerland,Robotics,2016,0,True
Finland,Robotics,2016,1,True
Canada,Robotics,2023,1,False
Malaysia,Search Methods,2019,2,True
Russia,Search Methods,2018,10,True
Lithuania,Search Methods,2020,0,False
Greece,Search Methods,2023,0,False
Romania,Search Methods,2021,0,False
Spain,Search Methods,2019,8,True
Tunisia,Search Methods,2021,0,False
Mexico,Security,2022,0,False
Romania,Security,2024,0,False
Argentina,Security,2022,0,False
Sweden,Security,2022,4,False
Japan,Security,2020,180,False
Denmark,Security,2018,2,True
Greece,Security,2017,0,True
Philippines,Security,2023,0,False
France,Security,2020,23,False
Morocco,Security,2016,1,True
Peru,Spatial and Physical Reasoning,2016,0,True
Peru,Spatial and Physical Reasoning,2021,1,False
Peru,Spatial and Physical Reasoning,2022,2,False
United Kingdom,Spatial and Physical Reasoning,2017,71,True
United Kingdom,Spatial and Physical Reasoning,2021,100,False
Spain,Spatial and Physical Reasoning,2021,29,False
Finland,Spatial and Physical Reasoning,2020,4,False
Slovenia,Spatial and Physical Reasoning,2022,0,False
Serbia,Spatial and Physical Reasoning,2021,1,False
China,Spatial and Physical Reasoning,2020,19953,False
Ireland,Spatial and Physical Reasoning,2018,0,True
Portugal,Spatial and Physical Reasoning,2020,3,False
Finland,Speech Processing,2019,1,True
Netherlands,Speech Processing,2016,0,True
Netherlands,Speech Processing,2021,1,False
Israel,Speech Processing,2022,0,False
Austria,Speech Processing,2024,0,False
France,Speech Processing,2018,8,True
Germany,Telecommunications,2021,92,False
Spain,Telecommunications,2016,18,True
Portugal,Telecommunications,2022,0,False
Finland,Telecommunications,2024,0,False
France,Telecommunications,2019,62,True
Russia,Telecommunications,2017,34,True
South Africa,Telecommunications,2021,0,False
Czechia,Telecommunications,2017,0,True
Greece,Telecommunications,2020,0,False
Bulgaria,Telecommunications,2018,0,True
Austria,Telecommunications,2018,0,True
China,Transportation,2018,1243,True
Kenya,Transportation,2016,1,True
Netherlands,Transportation,2021,2,False
Norway,Transportation,2016,0,True
Bulgaria,Transportation,2023,1,False
Slovakia,Transportation,2021,0,False
Croatia,Transportation,2018,0,True
Croatia,Transportation,2024,0,False
Israel,Transportation,2019,4,True
Luxembourg,Agriculture,2021,1,False
Netherlands,Agriculture,2018,0,True
Canada,Agriculture,2023,0,False
Turkey,Agriculture,2020,0,False
Croatia,Agriculture,2019,0,True
Croatia,All,2021,1,False
China,All,2024,57064,False
Luxembourg,All,2020,13,False
Luxembourg,All,2023,94,False
Italy,All,2024,1,False
Greece,All,2016,4,True
Netherlands,All,2018,10,True
Taiwan,All,2021,571,False
Switzerland,All,2022,2,False
Netherlands,Analytics and Algorithms,2017,2,True
Finland,Analytics and Algorithms,2019,7,True
Finland,Analytics and Algorithms,2022,9,False
United Kingdom,Analytics and Algorithms,2020,25,False
Luxembourg,Analytics and Algorithms,2022,4,False
Norway,Analytics and Algorithms,2017,0,True
Canada,Analytics and Algorithms,2023,5,False
Israel,Banking and Finance,2016,0,True
Taiwan,Banking and Finance,2021,26,False
United States,Banking and Finance,2020,836,False
Belgium,Banking and Finance,2020,0,False
Belgium,Banking and Finance,2025,0,False
France,Banking and Finance,2019,15,True
Denmark,Banking and Finance,2021,0,False
Turkey,Banking and Finance,2021,0,False
Sweden,Banking and Finance,2020,0,False
Croatia,Bio-Inspired Computing,2020,0,False
Belgium,Bio-Inspired Computing,2024,0,False
Sweden,Bio-Inspired Computing,2018,1,True
Germany,Bio-Inspired Computing,2023,20,False
Italy,Bio-Inspired Computing,2024,0,False
Malaysia,Bio-Inspired Computing,2018,0,True
Lithuania,Bio-Inspired Computing,2016,0,True
Denmark,Bio-Inspired Computing,2023,1,False
Turkey,Bio-Inspired Computing,2018,0,True
Switzerland,Bio-Inspired Computing,2017,0,True
Malaysia,Business,2020,7,False
Portugal,Business,2019,1,True
Luxembourg,Business,2024,41,False
France,Business,2021,12,False
United States,Business,2023,450,False
Spain,Business,2016,8,True
Finland,Business,2021,2,False
Switzerland,Business,2016,1,True
Switzerland,Business,2017,0,True
Serbia,Business,2021,0,False
Brazil,Business,2020,13,False
Netherlands,Business,2021,4,False
Italy,Computer Vision,2022,4,False
Norway,Computer Vision,2019,1,True
France,Computer Vision,2018,44,True
Switzerland,Computer Vision,2023,1,False
Slovakia,Computer Vision,2024,0,False
Malaysia,Computer Vision,2021,4,False
Hungary,Computer Vision,2021,5,False
Uruguay,Computer Vision,2022,0,False
Denmark,Computer Vision,2022,1,False
Australia,Computer Vision,2024,8,False
Israel,Computer Vision,2021,5,False
Turkey,Computing in Government,2016,0,True
United States,Computing in Government,2025,1,False
South Africa,Computing in Government,2017,0,True
Portugal,Computing in Government,2021,1,False
New Zealand,Control Methods,2017,3,True
Peru,Control Methods,2020,3,False
South Korea,Control Methods,2016,162,True
India,Control Methods,2018,28,True
Brazil,Control Methods,2016,28,True
Italy,Control Methods,2019,13,True
Switzerland,Control Methods,2022,0,False
Philippines,Control Methods,2021,0,False
Russia,Control Methods,2017,32,True
Hungary,Control Methods,2018,1,True
Belgium,Distributed AI,2024,0,False
Japan,Distributed AI,2023,9,False
Luxembourg,Distributed AI,2022,0,False
Israel,Distributed AI,2018,0,True
Israel,Distributed AI,2019,0,True
Austria,Distributed AI,2023,0,False
France,Distributed AI,2020,2,False
South Africa,Distributed AI,2023,0,False
South Korea,Distributed AI,2021,36,False
Croatia,Education,2019,0,True
Croatia,Education,2021,0,False
China,Education,2025,430,False
Spain,Education,2016,1,True
Spain,Education,2021,3,False
Denmark,Education,2021,0,False
Israel,Education,2020,0,False
Lithuania,Education,2016,0,True
Argentina,Education,2023,0,False
Slovakia,Energy Management,2021,0,False
New Zealand,Energy Management,2019,0,True
Peru,Energy Management,2017,0,True
Taiwan,Energy Management,2017,8,True
Portugal,Energy Management,2020,0,False
South Korea,Energy Management,2024,162,False
Ukraine,Energy Management,2021,0,False
Switzerland,Fuzzy Logic,2021,0,False
Canada,Fuzzy Logic,2017,6,True
Malaysia,Fuzzy Logic,2022,0,False
United States,Fuzzy Logic,2020,100,False
United States,Fuzzy Logic,2021,71,False
United States,Fuzzy Logic,2024,10,False
Uruguay,Fuzzy Logic,2017,1,True
Lithuania,Industry and Manufacturing,2017,1,True
Australia,Industry and Manufacturing,2017,22,True
Austria,Industry and Manufacturing,2022,1,False
Italy,Industry and Manufacturing,2021,8,False
Germany,Industry and Manufacturing,2023,29,False
Finland,Industry and Manufacturing,2016,1,True
Spain,Industry and Manufacturing,2019,20,True
South Africa,Industry and Manufacturing,2025,0,False
Russia,Industry and Manufacturing,2018,7,True
Greece,Knowledge Representation,2025,0,False
United Kingdom,Knowledge Representation,2020,10,False
Switzerland,Knowledge Representation,2017,0,True
Bulgaria,Knowledge Representation,2018,0,True
Australia,Knowledge Representation,2020,26,False
Austria,Knowledge Representation,2017,0,True
Peru,Knowledge Representation,2017,0,True
Lithuania,Knowledge Representation,2022,0,False
Singapore,Natural Language Processing,2018,12,True
San Marino,Natural Language Processing,2017,0,True
Greece,Natural Language Processing,2016,0,True
Greece,Natural Language Processing,2019,0,True
China,Natural Language Processing,2018,966,True
Bulgaria,Natural Language Processing,2023,1,False
Romania,Natural Language Processing,2018,0,True
New Zealand,Life Sciences,2021,1,False
Israel,Life Sciences,2024,0,False
Denmark,Life Sciences,2018,11,True
United Kingdom,Life Sciences,2023,12,False
Spain,Life Sciences,2024,3,False
Portugal,Life Sciences,2020,3,False
Japan,Logic-Based Knowledge Systems,2020,366,False
Italy,Logic-Based Knowledge Systems,2020,2,False
Taiwan,Logic-Based Knowledge Systems,2018,23,True
Czechia,Logic-Based Knowledge Systems,2024,0,False
Germany,Logic-Based Knowledge Systems,2018,52,True
Germany,Logic-Based Knowledge Systems,2023,15,False
United States,Logic-Based Knowledge Systems,2018,2585,True
United Kingdom,Logic-Based Knowledge Systems,2017,28,True
Canada,Logic-Based Knowledge Systems,2022,15,False
Malaysia,Markov and Bayesian Models,2018,0,True
South Africa,Markov and Bayesian Models,2023,3,False
Japan,Markov and Bayesian Models,2023,50,False
Portugal,Markov and Bayesian Models,2024,0,False
Croatia,Markov and Bayesian Models,2024,0,False
Netherlands,Markov and Bayesian Models,2019,1,True
Philippines,Markov and Bayesian Models,2017,1,True
Morocco,Markov and Bayesian Models,2019,1,True
Saudi Arabia,Markov and Bayesian Models,2019,0,True
Russia,Markov and Bayesian Models,2020,25,False
India,Markov and Bayesian Models,2016,12,True
New Zealand,Measuring and Testing,2021,2,False
Norway,Measuring and Testing,2023,3,False
Australia,Measuring and Testing,2021,191,False
Uruguay,Measuring and Testing,2020,0,False
France,Neural Networks,2020,176,False
Mexico,Neural Networks,2022,3,False
Poland,Neural Networks,2022,11,False
Peru,Neural Networks,2022,2,False
Brazil,Neural Networks,2016,18,True
Greece,Neural Networks,2021,5,False
Norway,Neural Networks,2025,1,False
Philippines,Neural Networks,2023,0,False
South Africa,Neural Networks,2017,1,True
India,Ontology Engineering,2020,0,False
Turkey,Ontology Engineering,2018,0,True
Czechia,Ontology Engineering,2024,0,False
Czechia,Ontology Engineering,2025,0,False
Lithuania,Ontology Engineering,2016,0,True
Malaysia,Ontology Engineering,2019,1,True
Romania,Ontology Engineering,2019,0,True
Greece,Ontology Engineering,2023,1,False
Poland,Ontology Engineering,2021,0,False
Switzerland,Ontology Engineering,2016,0,True
Switzerland,Ontology Engineering,2017,0,True
France,Ontology Engineering,2020,2,False
Denmark,Ontology Engineering,2019,0,True
Portugal,Ontology Engineering,2021,0,False
Belgium,Other and Unspecified,2020,4,False
Belgium,Other and Unspecified,2022,3,False
Netherlands,Other and Unspecified,2025,2,False
United States,Other and Unspecified,2025,90,False
Spain,Other and Unspecified,2020,45,False
Hungary,Other and Unspecified,2019,4,True
Lithuania,Other and Unspecified,2020,1,False
Uruguay,Other and Unspecified,2020,0,False
Russia,Other and Unspecified,2021,14,False
Sweden,Personal Devices and Computing,2024,3,False
Turkey,Personal Devices and Computing,2018,4,True
Italy,Personal Devices and Computing,2019,14,True
France,Personal Devices and Computing,2017,61,True
Canada,Personal Devices and Computing,2021,172,False
Greece,Personal Devices and Computing,2016,2,True
Austria,Personal Devices and Computing,2018,5,True
Romania,Personal Devices and Computing,2016,0,True
Romania,Personal Devices and Computing,2018,0,True
Denmark,Personal Devices and Computing,2020,7,False
United States,Personal Devices and Computing,2023,2235,False
Ukraine,Personal Devices and Computing,2016,0,True
Brazil,Physical Sciences and Engineering,2018,126,True
United Kingdom,Physical Sciences and Engineering,2021,256,False
Norway,Physical Sciences and Engineering,2022,5,False
Norway,Physical Sciences and Engineering,2024,5,False
Philippines,Physical Sciences and Engineering,2019,12,True
Spain,Physical Sciences and Engineering,2019,145,True
Iran,Physical Sciences and Engineering,2018,1,True
Hungary,Physical Sciences and Engineering,2019,10,True
Israel,Physical Sciences and Engineering,2023,4,False
South Africa,Planning and Scheduling,2019,0,True
South Africa,Planning and Scheduling,2020,1,False
Serbia,Planning and Scheduling,2019,0,True
Peru,Planning and Scheduling,2020,2,False
Finland,Planning and Scheduling,2021,2,False
Lithuania,Planning and Scheduling,2021,0,False
Belgium,Planning and Scheduling,2020,0,False
Luxembourg,Planning and Scheduling,2016,0,True
Luxembourg,Planning and Scheduling,2019,2,True
Luxembourg,Planning and Scheduling,2020,3,False
Japan,Robotics,2020,190,False
Slovenia,Robotics,2016,0,True
Denmark,Robotics,2017,2,True
Peru,Robotics,2017,0,True
Brazil,Robotics,2021,3,False
Japan,Search Methods,2020,162,False
Philippines,Search Methods,2018,1,True
Peru,Search Methods,2017,0,True
China,Search Methods,2017,110,True
Czechia,Search Methods,2020,0,False
Greece,Search Methods,2024,0,False
Portugal,Search Methods,2020,1,False
Romania,Search Methods,2023,0,False
Chile,Search Methods,2018,0,True
Luxembourg,Search Methods,2023,3,False
Croatia,Security,2021,0,False
Japan,Security,2021,132,False
United States,Security,2024,238,False
Taiwan,Security,2019,25,True
Serbia,Security,2023,0,False
South Africa,Security,2018,0,True
China,Security,2018,591,True
Belgium,Security,2024,0,False
Morocco,Security,2017,0,True
Netherlands,Security,2019,1,True
Ukraine,Spatial and Physical Reasoning,2023,0,False
Russia,Spatial and Physical Reasoning,2017,52,True
South Africa,Spatial and Physical Reasoning,2025,0,False
Canada,Spatial and Physical Reasoning,2017,150,True
India,Spatial and Physical Reasoning,2019,4,True
Turkey,Spatial and Physical Reasoning,2020,1,False
Morocco,Spatial and Physical Reasoning,2019,3,True
Romania,Spatial and Physical Reasoning,2023,0,False
Bulgaria,Speech Processing,2024,0,False
Denmark,Speech Processing,2017,11,True
Romania,Speech Processing,2023,0,False
Greece,Speech Processing,2022,1,False
Morocco,Telecommunications,2023,0,False
Canada,Telecommunications,2022,32,False
Belgium,Telecommunications,2024,1,False
Serbia,Telecommunications,2019,0,True
Serbia,Telecommunications,2023,1,False
New Zealand,Telecommunications,2020,2,False
Greece,Telecommunications,2021,2,False
Brazil,Telecommunications,2017,8,True
Brazil,Telecommunications,2021,15,False
Sweden,Transportation,2020,3,False
Netherlands,Transportation,2018,0,True
Bulgaria,Transportation,2017,0,True
South Africa,Transportation,2021,0,False
South Korea,Transportation,2017,234,True
Lithuania,Transportation,2016,2,True
Austria,Transportation,2021,4,False
Austria,Transportation,2024,0,False
Finland,Transportation,2019,3,True
Israel,Transportation,2021,2,False
Belgium,Transportation,2019,0,True
United Kingdom,Agriculture,2025,0,False
Italy,Agriculture,2024,0,False
Malaysia,Agriculture,2016,0,True
Taiwan,Agriculture,2019,8,True
Denmark,Agriculture,2022,0,False
Australia,Agriculture,2020,50,False
San Marino,All,2017,1,True
Ukraine,All,2025,10,False
Portugal,All,2024,1,False
Turkey,All,2017,3,True
Ireland,All,2023,3,False
Morocco,All,2017,2,True
Taiwan,All,2022,515,False
Malaysia,All,2016,14,True
Australia,All,2017,264,True
Romania,Analytics and Algorithms,2022,0,False
Israel,Analytics and Algorithms,2020,3,False
Hungary,Analytics and Algorithms,2022,1,False
South Korea,Analytics and Algorithms,2022,519,False
Spain,Analytics and Algorithms,2021,17,False
Morocco,Analytics and Algorithms,2017,0,True
Morocco,Analytics and Algorithms,2022,0,False
Poland,Banking and Finance,2018,2,True
Greece,Banking and Finance,2018,0,True
Spain,Banking and Finance,2018,11,True
Spain,Banking and Finance,2019,7,True
Taiwan,Banking and Finance,2018,13,True
Taiwan,Banking and Finance,2022,32,False
Switzerland,Banking and Finance,2023,0,False
Portugal,Banking and Finance,2017,0,True
Luxembourg,Banking and Finance,2022,1,False
China,Banking and Finance,2016,86,True
Austria,Banking and Finance,2022,1,False
South Africa,Bio-Inspired Computing,2022,2,False
United Kingdom,Bio-Inspired Computing,2018,16,True
United Kingdom,Bio-Inspired Computing,2022,6,False
Germany,Bio-Inspired Computing,2020,28,False
Germany,Bio-Inspired Computing,2024,14,False
Peru,Bio-Inspired Computing,2018,0,True
Canada,Bio-Inspired Computing,2022,11,False
Malaysia,Bio-Inspired Computing,2022,1,False
Norway,Bio-Inspired Computing,2018,0,True
Philippines,Bio-Inspired Computing,2021,1,False
Austria,Bio-Inspired Computing,2017,0,True
Israel,Business,2024,0,False
China,Business,2019,2892,True
South Korea,Business,2018,453,True
United Kingdom,Business,2025,0,False
Sweden,Business,2017,0,True
Germany,Business,2017,25,True
Mexico,Business,2019,20,True
Mexico,Business,2020,15,False
Russia,Computer Vision,2018,52,True
Ireland,Computer Vision,2022,0,False
Mexico,Computer Vision,2016,6,True
South Africa,Computer Vision,2025,0,False
Greece,Computer Vision,2023,7,False
Uruguay,Computer Vision,2017,0,True
Australia,Computer Vision,2016,74,True
Israel,Computer Vision,2016,2,True
Poland,Computing in Government,2018,1,True
Italy,Computing in Government,2017,0,True
Israel,Computing in Government,2020,0,False
Romania,Computing in Government,2016,0,True
Luxembourg,Computing in Government,2025,7,False
Sweden,Control Methods,2020,9,False
Uruguay,Control Methods,2020,0,False
Romania,Control Methods,2017,0,True
China,Control Methods,2019,1631,True
Italy,Control Methods,2017,4,True
Philippines,Control Methods,2016,0,True
Philippines,Control Methods,2017,0,True
Philippines,Control Methods,2019,1,True
Denmark,Control Methods,2022,2,False
Russia,Distributed AI,2017,0,True
Slovakia,Distributed AI,2023,0,False
Finland,Distributed AI,2023,2,False
Switzerland,Distributed AI,2022,0,False
Brazil,Distributed AI,2018,1,True
Brazil,Distributed AI,2021,1,False
Austria,Distributed AI,2022,0,False
Saudi Arabia,Distributed AI,2019,0,True
Turkey,Distributed AI,2018,0,True
Chile,Distributed AI,2018,0,True
Australia,Distributed AI,2024,1,False
South Africa,Distributed AI,2017,0,True
South Korea,Distributed AI,2022,49,False
France,Education,2021,2,False
Bulgaria,Education,2018,0,True
Mexico,Education,2016,0,True
Russia,Education,2021,0,False
Hungary,Education,2022,0,False
Norway,Education,2021,0,False
Taiwan,Education,2016,4,True
Taiwan,Energy Management,2022,24,False
Poland,Energy Management,2019,3,True
Lithuania,Energy Management,2022,0,False
Colombia,Energy Management,2024,0,False
Norway,Energy Management,2023,0,False
Finland,Fuzzy Logic,2016,0,True
Paraguay,Fuzzy Logic,2021,0,False
Norway,Fuzzy Logic,2024,0,False
Norway,Fuzzy Logic,2025,0,False
Ukraine,Fuzzy Logic,2017,0,True
Ukraine,Fuzzy Logic,2019,0,True
Peru,Fuzzy Logic,2018,0,True
Japan,Fuzzy Logic,2021,9,False
United States,Fuzzy Logic,2022,62,False
Russia,Fuzzy Logic,2021,6,False
Netherlands,Industry and Manufacturing,2025,1,False
Romania,Industry and Manufacturing,2023,0,False
Philippines,Industry and Manufacturing,2018,0,True
United Kingdom,Industry and Manufacturing,2023,7,False
Austria,Industry and Manufacturing,2019,0,True
Finland,Industry and Manufacturing,2022,2,False
Norway,Industry and Manufacturing,2024,0,False
Slovakia,Industry and Manufacturing,2021,0,False
Argentina,Industry and Manufacturing,2023,1,False
Greece,Industry and Manufacturing,2018,1,True
Israel,Knowledge Representation,2020,0,False
Switzerland,Knowledge Representation,2018,0,True
South Korea,Knowledge Representation,2020,209,False
South Korea,Knowledge Representation,2023,21,False
Germany,Knowledge Representation,2023,3,False
Saudi Arabia,Knowledge Representation,2022,0,False
Indonesia,Knowledge Representation,2016,0,True
South Africa,Knowledge Representation,2023,0,False
Uruguay,Natural Language Processing,2022,0,False
Turkey,Natural Language Processing,2020,0,False
Spain,Natural Language Processing,2017,2,True
France,Natural Language Processing,2020,3,False
Austria,Natural Language Processing,2021,0,False
Greece,Life Sciences,2020,0,False
Australia,Life Sciences,2018,142,True
France,Life Sciences,2020,27,False
Austria,Logic-Based Knowledge Systems,2023,1,False
Denmark,Logic-Based Knowledge Systems,2018,2,True
Norway,Logic-Based Knowledge Systems,2016,0,True
Spain,Logic-Based Knowledge Systems,2017,15,True
Peru,Logic-Based Knowledge Systems,2023,0,False
Poland,Logic-Based Knowledge Systems,2020,3,False
Argentina,Logic-Based Knowledge Systems,2018,1,True
Greece,Logic-Based Knowledge Systems,2018,0,True
Russia,Logic-Based Knowledge Systems,2021,1,False
Canada,Logic-Based Knowledge Systems,2018,118,True
Bulgaria,Logic-Based Knowledge Systems,2020,0,False
Turkey,Markov and Bayesian Models,2019,0,True
Jordan,Markov and Bayesian Models,2021,0,False
Indonesia,Markov and Bayesian Models,2016,0,True
Chile,Markov and Bayesian Models,2018,0,True
Japan,Markov and Bayesian Models,2021,246,False
Portugal,Markov and Bayesian Models,2018,0,True
United Kingdom,Markov and Bayesian Models,2023,12,False
Poland,Markov and Bayesian Models,2021,1,False
India,Markov and Bayesian Models,2020,0,False
Belgium,Measuring and Testing,2016,0,True
Belgium,Measuring and Testing,2019,1,True
Ukraine,Measuring and Testing,2016,0,True
Ukraine,Measuring and Testing,2017,0,True
Argentina,Measuring and Testing,2019,3,True
Sweden,Neural Networks,2016,3,True
Spain,Neural Networks,2017,46,True
Slovakia,Neural Networks,2021,1,False
France,Neural Networks,2023,86,False
Poland,Neural Networks,2019,21,True
Malaysia,Neural Networks,2017,13,True
South Korea,Neural Networks,2021,4346,False
Latvia,Neural Networks,2020,1,False
Australia,Neural Networks,2023,63,False
Canada,Neural Networks,2024,2,False
Austria,Neural Networks,2017,3,True
Austria,Neural Networks,2020,12,False
Israel,Ontology Engineering,2016,0,True
Iran,Ontology Engineering,2018,0,True
Canada,Ontology Engineering,2017,10,True
Argentina,Ontology Engineering,2019,0,True
United States,Ontology Engineering,2021,379,False
South Africa,Ontology Engineering,2025,4,False
Portugal,Ontology Engineering,2018,0,True
Canada,Other and Unspecified,2019,175,True
Canada,Other and Unspecified,2020,211,False
South Africa,Other and Unspecified,2020,2,False
Peru,Other and Unspecified,2022,2,False
South Korea,Other and Unspecified,2021,2366,False
Lithuania,Personal Devices and Computing,2016,2,True
Colombia,Personal Devices and Computing,2022,0,False
Norway,Personal Devices and Computing,2021,3,False
Austria,Physical Sciences and Engineering,2019,5,True
Norway,Physical Sciences and Engineering,2023,5,False
Spain,Physical Sciences and Engineering,2020,130,False
Greece,Physical Sciences and Engineering,2019,3,True
Taiwan,Physical Sciences and Engineering,2019,438,True
Taiwan,Physical Sciences and Engineering,2023,485,False
Switzerland,Physical Sciences and Engineering,2021,6,False
Israel,Physical Sciences and Engineering,2019,11,True
Czechia,Planning and Scheduling,2025,0,False
China,Planning and Scheduling,2016,331,True
Switzerland,Planning and Scheduling,2017,0,True
South Korea,Planning and Scheduling,2018,202,True
Japan,Planning and Scheduling,2019,325,True
Greece,Planning and Scheduling,2016,1,True
Australia,Planning and Scheduling,2023,8,False
Netherlands,Planning and Scheduling,2018,0,True
Norway,Planning and Scheduling,2021,0,False
Romania,Robotics,2024,0,False
Malaysia,Robotics,2016,0,True
Latvia,Robotics,2020,0,False
Ukraine,Robotics,2017,0,True
Japan,Robotics,2022,94,False
Taiwan,Robotics,2018,6,True
New Zealand,Robotics,2016,1,True
Uruguay,Robotics,2022,0,False
Morocco,Robotics,2019,0,True
Singapore,Robotics,2017,3,True
Germany,Robotics,2024,7,False
United States,Robotics,2021,463,False
Argentina,Search Methods,2022,0,False
Austria,Search Methods,2024,0,False
Turkey,Search Methods,2019,0,True
Luxembourg,Search Methods,2020,1,False
Ukraine,Security,2017,0,True
Ukraine,Security,2019,0,True
Czechia,Security,2022,0,False
Argentina,Security,2021,0,False
Malaysia,Security,2018,3,True
Malaysia,Security,2022,0,False
Brazil,Security,2022,0,False
Colombia,Security,2019,0,True
South Korea,Security,2020,550,False
Germany,Security,2023,24,False
Portugal,Security,2024,0,False
Italy,Security,2024,0,False
Uruguay,Security,2017,0,True
Sweden,Spatial and Physical Reasoning,2016,4,True
Czechia,Spatial and Physical Reasoning,2018,1,True
Luxembourg,Spatial and Physical Reasoning,2021,14,False
Japan,Spatial and Physical Reasoning,2023,255,False
Morocco,Spatial and Physical Reasoning,2017,2,True
Italy,Speech Processing,2023,0,False
Indonesia,Speech Processing,2016,0,True
Brazil,Speech Processing,2016,1,True
Finland,Speech Processing,2017,2,True
Slovakia,Speech Processing,2023,0,False
Morocco,Speech Processing,2018,0,True
Morocco,Speech Processing,2020,0,False
Germany,Speech Processing,2020,23,False
Austria,Speech Processing,2021,0,False
Denmark,Speech Processing,2024,0,False
Norway,Telecommunications,2020,1,False
Japan,Telecommunications,2018,581,True
Portugal,Telecommunications,2016,4,True
Sweden,Telecommunications,2022,4,False
South Africa,Telecommunications,2025,0,False
Ukraine,Telecommunications,2022,0,False
Morocco,Transportation,2023,2,False
Poland,Transportation,2022,0,False
Ireland,Transportation,2018,0,True
Australia,Transportation,2021,62,False
Germany,Transportation,2022,120,False
Belgium,Transportation,2022,1,False
Singapore,Agriculture,2016,0,True
Greece,Agriculture,2016,0,True
Italy,Agriculture,2017,1,True
Italy,Agriculture,2018,0,True
New Zealand,Agriculture,2016,1,True
Philippines,Agriculture,2020,2,False
Czechia,Agriculture,2017,0,True
Japan,Agriculture,2025,0,False
Belgium,Agriculture,2016,0,True
Sweden,All,2020,22,False
Singapore,All,2018,160,True
Canada,All,2020,606,False
Malaysia,All,2022,6,False
Israel,All,2022,8,False
France,All,2023,118,False
Israel,Analytics and Algorithms,2018,3,True
Malaysia,Analytics and Algorithms,2022,1,False
Australia,Analytics and Algorithms,2017,38,True
Brazil,Analytics and Algorithms,2020,15,False
Finland,Analytics and Algorithms,2023,3,False
New Zealand,Analytics and Algorithms,2022,0,False
South Korea,Analytics and Algorithms,2021,600,False
Belgium,Analytics and Algorithms,2019,1,True
Greece,Banking and Finance,2022,0,False
Philippines,Banking and Finance,2019,2,True
Philippines,Banking and Finance,2020,3,False
Spain,Banking and Finance,2017,3,True
Romania,Banking and Finance,2023,0,False
Norway,Banking and Finance,2025,0,False
Slovakia,Banking and Finance,2021,0,False
Czechia,Banking and Finance,2024,0,False
Germany,Banking and Finance,2017,21,True
Australia,Banking and Finance,2023,2,False
Finland,Banking and Finance,2016,0,True
China,Banking and Finance,2025,607,False
United Kingdom,Banking and Finance,2019,13,True
Finland,Bio-Inspired Computing,2024,0,False
Belgium,Bio-Inspired Computing,2021,1,False
Sweden,Bio-Inspired Computing,2017,0,True
Italy,Bio-Inspired Computing,2020,2,False
Lithuania,Bio-Inspired Computing,2019,2,True
Morocco,Bio-Inspired Computing,2018,0,True
Morocco,Bio-Inspired Computing,2022,0,False
Luxembourg,Bio-Inspired Computing,2021,4,False
Australia,Bio-Inspired Computing,2021,59,False
Portugal,Bio-Inspired Computing,2019,2,True
Italy,Business,2018,2,True
Spain,Business,2024,1,False
Finland,Business,2024,0,False
Turkey,Business,2016,1,True
Turkey,Business,2021,0,False
Australia,Business,2024,2,False
Peru,Business,2017,0,True
Singapore,Business,2018,22,True
Sweden,Business,2020,3,False
Saudi Arabia,Business,2019,0,True
Germany,Business,2023,16,False
Finland,Computer Vision,2024,0,False
Spain,Computer Vision,2017,41,True
Israel,Computer Vision,2017,6,True
Belgium,Computing in Government,2016,0,True
Belgium,Computing in Government,2018,0,True
Hungary,Computing in Government,2018,0,True
Morocco,Computing in Government,2022,0,False
Morocco,Computing in Government,2023,0,False
Norway,Computing in Government,2018,0,True
Ukraine,Computing in Government,2016,0,True
India,Computing in Government,2018,0,True
Australia,Computing in Government,2024,0,False
Japan,Computing in Government,2020,13,False
Taiwan,Computing in Government,2016,1,True
Russia,Computing in Government,2016,1,True
Uruguay,Control Methods,2017,0,True
Taiwan,Control Methods,2025,2,False
Slovenia,Control Methods,2016,0,True
Belgium,Control Methods,2025,2,False
France,Control Methods,2021,42,False
Russia,Control Methods,2020,14,False
Belgium,Distributed AI,2021,0,False
Slovenia,Distributed AI,2019,0,True
Serbia,Distributed AI,2023,0,False
Malaysia,Distributed AI,2022,0,False
Spain,Distributed AI,2017,5,True
Spain,Distributed AI,2022,0,False
New Zealand,Distributed AI,2017,0,True
United Kingdom,Distributed AI,2020,7,False
Greece,Education,2019,0,True
Germany,Education,2024,4,False
Czechia,Education,2022,0,False
Singapore,Education,2021,0,False
France,Education,2018,3,True
Australia,Education,2018,9,True
Hungary,Education,2017,0,True
Malaysia,Education,2019,0,True
Taiwan,Education,2020,9,False
Morocco,Education,2023,0,False
Sweden,Energy Management,2018,1,True
Slovakia,Energy Management,2023,0,False
Bulgaria,Energy Management,2021,0,False
Brazil,Energy Management,2020,3,False
South Africa,Energy Management,2016,0,True
South Africa,Energy Management,2019,0,True
Ireland,Energy Management,2022,0,False
China,Energy Management,2025,4768,False
Peru,Fuzzy Logic,2021,0,False
Saudi Arabia,Fuzzy Logic,2023,0,False
South Korea,Fuzzy Logic,2016,12,True
South Korea,Fuzzy Logic,2019,27,True
Philippines,Fuzzy Logic,2022,1,False
Lithuania,Fuzzy Logic,2017,0,True
South Africa,Fuzzy Logic,2022,1,False
Australia,Industry and Manufacturing,2020,61,False
Czechia,Industry and Manufacturing,2017,0,True
Belgium,Industry and Manufacturing,2016,0,True
Israel,Industry and Manufacturing,2019,0,True
Greece,Knowledge Representation,2017,0,True
Uruguay,Knowledge Representation,2017,0,True
Italy,Knowledge Representation,2023,0,False
Bulgaria,Knowledge Representation,2024,0,False
Sweden,Knowledge Representation,2020,0,False
Sweden,Knowledge Representation,2024,0,False
Denmark,Knowledge Representation,2019,0,True
Poland,Knowledge Representation,2019,2,True
Taiwan,Knowledge Representation,2016,7,True
Taiwan,Knowledge Representation,2024,5,False
Portugal,Knowledge Representation,2019,0,True
Germany,Knowledge Representation,2016,13,True
Morocco,Knowledge Representation,2022,1,False
Peru,Natural Language Processing,2018,0,True
Brazil,Natural Language Processing,2022,0,False
Saudi Arabia,Natural Language Processing,2019,0,True
South Korea,Natural Language Processing,2021,424,False
South Korea,Natural Language Processing,2022,435,False
Morocco,Natural Language Processing,2019,0,True
Bulgaria,Natural Language Processing,2020,0,False
Malaysia,Natural Language Processing,2022,0,False
Russia,Natural Language Processing,2018,13,True
Russia,Natural Language Processing,2019,8,True
Finland,Life Sciences,2020,1,False
Finland,Life Sciences,2021,5,False
Poland,Life Sciences,2020,7,False
Uruguay,Life Sciences,2017,0,True
Germany,Life Sciences,2017,37,True
Italy,Life Sciences,2023,1,False
Philippines,Life Sciences,2023,0,False
Costa Rica,Life Sciences,2023,1,False
Turkey,Logic-Based Knowledge Systems,2018,1,True
San Marino,Logic-Based Knowledge Systems,2020,1,False
Australia,Logic-Based Knowledge Systems,2023,8,False
Czechia,Logic-Based Knowledge Systems,2018,0,True
Germany,Logic-Based Knowledge Systems,2022,22,False
Sweden,Logic-Based Knowledge Systems,2019,0,True
France,Logic-Based Knowledge Systems,2016,4,True
France,Logic-Based Knowledge Systems,2024,0,False
Poland,Logic-Based Knowledge Systems,2021,1,False
Canada,Logic-Based Knowledge Systems,2019,108,True
Ukraine,Markov and Bayesian Models,2025,0,False
Turkey,Markov and Bayesian Models,2020,0,False
Sweden,Markov and Bayesian Models,2023,4,False
France,Markov and Bayesian Models,2016,8,True
France,Markov and Bayesian Models,2019,18,True
Finland,Markov and Bayesian Models,2020,3,False
China,Measuring and Testing,2026,172,False
Saudi Arabia,Measuring and Testing,2019,0,True
Singapore,Measuring and Testing,2017,15,True
India,Measuring and Testing,2019,0,True
Norway,Measuring and Testing,2016,1,True
Georgia,Measuring and Testing,2023,0,False
Japan,Measuring and Testing,2024,27,False
Netherlands,Measuring and Testing,2021,8,False
Argentina,Neural Networks,2020,6,False
Slovenia,Neural Networks,2018,4,True
Portugal,Neural Networks,2016,1,True
Jordan,Neural Networks,2021,0,False
South Korea,Neural Networks,2025,185,False
United States,Neural Networks,2017,4168,True
Croatia,Neural Networks,2019,1,True
United Kingdom,Neural Networks,2016,70,True
Belgium,Neural Networks,2024,3,False
Morocco,Neural Networks,2022,2,False
Morocco,Ontology Engineering,2020,0,False
Tunisia,Ontology Engineering,2021,0,False
Lithuania,Ontology Engineering,2021,1,False
Poland,Ontology Engineering,2023,0,False
South Africa,Ontology Engineering,2021,0,False
Spain,Ontology Engineering,2017,1,True
France,Other and Unspecified,2024,10,False
South Africa,Other and Unspecified,2021,7,False
Luxembourg,Other and Unspecified,2023,35,False
Germany,Other and Unspecified,2022,130,False
Israel,Other and Unspecified,2016,2,True
Switzerland,Other and Unspecified,2018,0,True
Uruguay,Other and Unspecified,2022,1,False
Austria,Other and Unspecified,2020,1,False
Austria,Other and Unspecified,2024,2,False
New Zealand,Other and Unspecified,2016,5,True
China,Other and Unspecified,2019,8411,True
Mexico,Other and Unspecified,2016,27,True
Russia,Other and Unspecified,2016,39,True
South Korea,Other and Unspecified,2018,1270,True
Lithuania,Personal Devices and Computing,2022,0,False
Brazil,Personal Devices and Computing,2018,74,True
Malaysia,Personal Devices and Computing,2022,2,False
Italy,Personal Devices and Computing,2022,8,False
Hungary,Personal Devices and Computing,2020,2,False
Peru,Personal Devices and Computing,2017,1,True
Peru,Personal Devices and Computing,2020,5,False
Morocco,Personal Devices and Computing,2023,0,False
Philippines,Personal Devices and Computing,2016,2,True
Israel,Personal Devices and Computing,2023,1,False
Mexico,Physical Sciences and Engineering,2019,88,True
Cuba,Physical Sciences and Engineering,2020,1,False
Turkey,Physical Sciences and Engineering,2021,6,False
Denmark,Physical Sciences and Engineering,2020,24,False
Netherlands,Physical Sciences and Engineering,2019,26,True
Philippines,Physical Sciences and Engineering,2022,7,False
China,Physical Sciences and Engineering,2023,48826,False
Spain,Physical Sciences and Engineering,2025,3,False
Colombia,Physical Sciences and Engineering,2019,1,True
Saudi Arabia,Physical Sciences and Engineering,2021,0,False
Italy,Physical Sciences and Engineering,2019,44,True
Taiwan,Physical Sciences and Engineering,2017,162,True
South Africa,Planning and Scheduling,2024,0,False
Germany,Planning and Scheduling,2018,34,True
Germany,Planning and Scheduling,2025,33,False
Canada,Planning and Scheduling,2020,78,False
Peru,Planning and Scheduling,2023,0,False
Sweden,Planning and Scheduling,2021,1,False
Bulgaria,Planning and Scheduling,2019,0,True
Bulgaria,Planning and Scheduling,2024,3,False
Turkey,Planning and Scheduling,2019,0,True
Portugal,Planning and Scheduling,2020,1,False
China,Robotics,2019,953,True
Portugal,Robotics,2017,2,True
Malaysia,Robotics,2019,0,True
Norway,Robotics,2022,1,False
Taiwan,Robotics,2017,3,True
Singapore,Robotics,2020,1,False
Germany,Robotics,2022,35,False
Slovenia,Search Methods,2019,1,True
China,Search Methods,2020,388,False
Sweden,Search Methods,2022,0,False
Czechia,Search Methods,2019,0,True
Greece,Search Methods,2021,0,False
San Marino,Search Methods,2017,1,True
Czechia,Security,2024,0,False
Czechia,Security,2025,0,False
Australia,Security,2023,7,False
Hungary,Security,2017,0,True
Hungary,Security,2023,0,False
Spain,Security,2016,1,True
Japan,Security,2024,6,False
Colombia,Security,2024,0,False
Switzerland,Security,2016,2,True
China,Security,2019,970,True
Canada,Security,2017,42,True
Kenya,Spatial and Physical Reasoning,2016,1,True
San Marino,Spatial and Physical Reasoning,2020,0,False
Singapore,Spatial and Physical Reasoning,2018,58,True
Denmark,Spatial and Physical Reasoning,2017,4,True
Poland,Spatial and Physical Reasoning,2021,10,False
Australia,Spatial and Physical Reasoning,2021,393,False
India,Speech Processing,2016,2,True
China,Speech Processing,2023,1379,False
Mexico,Speech Processing,2019,3,True
Hungary,Speech Processing,2019,1,True
Morocco,Speech Processing,2021,0,False
New Zealand,Speech Processing,2021,1,False
Norway,Speech Processing,2022,0,False
Bulgaria,Speech Processing,2021,0,False
Bulgaria,Speech Processing,2022,0,False
Switzerland,Speech Processing,2021,0,False
United Kingdom,Speech Processing,2021,20,False
Japan,Telecommunications,2017,430,True
United States,Telecommunications,2023,1175,False
France,Telecommunications,2017,20,True
Singapore,Telecommunications,2020,9,False
Denmark,Telecommunications,2016,7,True
Israel,Telecommunications,2019,5,True
Taiwan,Telecommunications,2025,5,False
Ukraine,Telecommunications,2025,0,False
Philippines,Telecommunications,2019,2,True
Hungary,Transportation,2020,2,False
Hungary,Transportation,2022,0,False
Morocco,Transportation,2019,1,True
Greece,Transportation,2022,1,False
Czechia,Transportation,2022,2,False
Philippines,Transportation,2016,0,True
Serbia,Transportation,2018,1,True
Taiwan,Transportation,2024,16,False
Israel,Transportation,2020,0,False
Israel,Transportation,2022,1,False
South Africa,Agriculture,2024,0,False
Malaysia,Agriculture,2017,1,True
Germany,Agriculture,2018,4,True
Netherlands,Agriculture,2021,4,False
Taiwan,Agriculture,2016,1,True
Ireland,Agriculture,2022,0,False
Belgium,Agriculture,2022,0,False
Turkey,Agriculture,2021,0,False
Croatia,All,2019,2,True
Spain,All,2021,101,False
Taiwan,All,2017,163,True
France,All,2019,215,True
Switzerland,All,2020,2,False
Poland,All,2020,30,False
Netherlands,Analytics and Algorithms,2024,6,False
India,Analytics and Algorithms,2020,0,False
Portugal,Analytics and Algorithms,2016,1,True
Serbia,Analytics and Algorithms,2020,0,False
France,Analytics and Algorithms,2022,23,False
Ukraine,Analytics and Algorithms,2016,0,True
Japan,Analytics and Algorithms,2020,354,False
Mexico,Analytics and Algorithms,2022,2,False
Canada,Banking and Finance,2016,19,True
Philippines,Banking and Finance,2022,0,False
Russia,Banking and Finance,2020,5,False
Netherlands,Banking and Finance,2021,1,False
Singapore,Banking and Finance,2020,4,False
Norway,Banking and Finance,2024,0,False
Bulgaria,Banking and Finance,2025,0,False
Luxembourg,Banking and Finance,2023,2,False
Germany,Banking and Finance,2022,25,False
Australia,Banking and Finance,2018,38,True
Austria,Banking and Finance,2017,0,True
Croatia,Bio-Inspired Computing,2017,0,True
Lithuania,Bio-Inspired Computing,2018,0,True
Norway,Bio-Inspired Computing,2025,0,False
Mexico,Bio-Inspired Computing,2018,5,True
India,Bio-Inspired Computing,2017,10,True
Israel,Bio-Inspired Computing,2024,0,False
Portugal,Bio-Inspired Computing,2016,1,True
Bulgaria,Business,2020,0,False
Jordan,Business,2021,0,False
Denmark,Business,2024,0,False
Switzerland,Business,2020,0,False
Argentina,Business,2018,3,True
Argentina,Business,2019,1,True
Hungary,Business,2023,0,False
Romania,Business,2024,1,False
Slovakia,Business,2021,0,False
Mexico,Business,2021,11,False
Austria,Business,2020,3,False
Norway,Computer Vision,2020,2,False
China,Computer Vision,2019,10305,True
Belgium,Computer Vision,2023,2,False
Belgium,Computer Vision,2025,1,False
Saudi Arabia,Computer Vision,2022,0,False
Turkey,Computer Vision,2019,0,True
Turkey,Computer Vision,2021,3,False
Spain,Computer Vision,2018,60,True
Romania,Computer Vision,2019,0,True
Japan,Computer Vision,2017,737,True
Ukraine,Computer Vision,2017,0,True
United States,Computer Vision,2025,54,False
Argentina,Computer Vision,2021,2,False
Bulgaria,Computing in Government,2021,0,False
Poland,Computing in Government,2020,0,False
Greece,Computing in Government,2016,0,True
Australia,Computing in Government,2017,1,True
Germany,Computing in Government,2021,0,False
Germany,Computing in Government,2025,1,False
Austria,Computing in Government,2016,0,True
Brazil,Computing in Government,2020,1,False
France,Computing in Government,2017,1,True
Sweden,Control Methods,2016,2,True
Morocco,Control Methods,2020,1,False
Netherlands,Control Methods,2017,1,True
Netherlands,Control Methods,2019,5,True
Spain,Control Methods,2021,18,False
Greece,Control Methods,2018,1,True
Lithuania,Control Methods,2021,0,False
Slovenia,Control Methods,2018,4,True
Estonia,Control Methods,2022,0,False
Italy,Distributed AI,2019,0,True
Luxembourg,Distributed AI,2023,2,False
Ukraine,Distributed AI,2016,0,True
Portugal,Distributed AI,2022,0,False
Czechia,Distributed AI,2023,0,False
Netherlands,Education,2020,1,False
Netherlands,Education,2023,0,False
Greece,Education,2018,0,True
Czechia,Education,2023,0,False
Denmark,Education,2019,0,True
Israel,Education,2024,0,False
Peru,Education,2020,0,False
Costa Rica,Education,2023,0,False
Belgium,Education,2021,0,False
Ukraine,Education,2019,0,True
Lithuania,Education,2018,0,True
Finland,Education,2016,0,True
Norway,Education,2019,0,True
India,Education,2017,2,True
Greece,Energy Management,2017,0,True
Ireland,Energy Management,2023,0,False
Poland,Fuzzy Logic,2019,1,True
China,Fuzzy Logic,2025,1169,False
Spain,Fuzzy Logic,2025,0,False
Canada,Fuzzy Logic,2021,1,False
Canada,Fuzzy Logic,2022,0,False
Taiwan,Fuzzy Logic,2023,3,False
Greece,Fuzzy Logic,2023,0,False
Ireland,Fuzzy Logic,2023,0,False
New Zealand,Fuzzy Logic,2022,0,False
Denmark,Fuzzy Logic,2016,1,True
Germany,Fuzzy Logic,2017,5,True
Bulgaria,Fuzzy Logic,2020,0,False
South Africa,Fuzzy Logic,2017,1,True
Netherlands,Industry and Manufacturing,2022,3,False
New Zealand,Industry and Manufacturing,2018,0,True
New Zealand,Industry and Manufacturing,2022,0,False
France,Industry and Manufacturing,2018,10,True
Malaysia,Industry and Manufacturing,2016,2,True
Australia,Industry and Manufacturing,2022,9,False
Taiwan,Industry and Manufacturing,2024,26,False
Serbia,Industry and Manufacturing,2020,1,False
Argentina,Industry and Manufacturing,2021,0,False
China,Industry and Manufacturing,2017,594,True
Luxembourg,Industry and Manufacturing,2017,0,True
Russia,Knowledge Representation,2020,4,False
Italy,Knowledge Representation,2020,0,False
Israel,Knowledge Representation,2017,0,True
Switzerland,Knowledge Representation,2021,0,False
Belgium,Knowledge Representation,2021,0,False
South Korea,Knowledge Representation,2021,310,False
South Korea,Knowledge Representation,2025,0,False
China,Knowledge Representation,2023,1429,False
Ukraine,Knowledge Representation,2016,0,True
Croatia,Knowledge Representation,2019,0,True
Netherlands,Knowledge Representation,2016,1,True
Norway,Natural Language Processing,2018,0,True
Norway,Natural Language Processing,2025,1,False
Cuba,Natural Language Processing,2020,0,False
Taiwan,Natural Language Processing,2024,29,False
South Korea,Natural Language Processing,2024,225,False
Mexico,Natural Language Processing,2019,2,True
Lithuania,Natural Language Processing,2017,0,True
France,Natural Language Processing,2023,1,False
Germany,Natural Language Processing,2023,14,False
Sweden,Natural Language Processing,2024,2,False
Israel,Life Sciences,2023,0,False
Denmark,Life Sciences,2020,3,False
Switzerland,Life Sciences,2018,1,True
Switzerland,Life Sciences,2024,0,False
Luxembourg,Life Sciences,2023,12,False
Turkey,Life Sciences,2017,1,True
Japan,Life Sciences,2022,325,False
India,Logic-Based Knowledge Systems,2020,0,False
Hungary,Logic-Based Knowledge Systems,2023,0,False
Slovenia,Logic-Based Knowledge Systems,2022,0,False
Croatia,Logic-Based Knowledge Systems,2017,1,True
Lithuania,Logic-Based Knowledge Systems,2018,2,True
Luxembourg,Logic-Based Knowledge Systems,2023,1,False
Costa Rica,Logic-Based Knowledge Systems,2023,0,False
Mexico,Markov and Bayesian Models,2019,9,True
China,Markov and Bayesian Models,2023,2974,False
South Africa,Markov and Bayesian Models,2025,3,False
Philippines,Markov and Bayesian Models,2023,0,False
Canada,Measuring and Testing,2020,131,False
Morocco,Measuring and Testing,2024,2,False
Sweden,Measuring and Testing,2022,8,False
Germany,Measuring and Testing,2020,153,False
Finland,Measuring and Testing,2019,13,True
Taiwan,Measuring and Testing,2020,103,False
Japan,Measuring and Testing,2023,111,False
Colombia,Measuring and Testing,2024,0,False
Malaysia,Measuring and Testing,2017,6,True
Italy,Measuring and Testing,2017,3,True
Romania,Measuring and Testing,2017,0,True
Netherlands,Measuring and Testing,2020,2,False
Bulgaria,Neural Networks,2017,0,True
Israel,Neural Networks,2017,5,True
Israel,Neural Networks,2018,4,True
Spain,Neural Networks,2025,0,False
Argentina,Neural Networks,2019,2,True
Germany,Neural Networks,2018,298,True
Taiwan,Neural Networks,2016,35,True
Luxembourg,Neural Networks,2018,7,True
Finland,Ontology Engineering,2020,0,False
Czechia,Ontology Engineering,2020,0,False
Lithuania,Ontology Engineering,2018,0,True
New Zealand,Ontology Engineering,2016,0,True
Greece,Ontology Engineering,2016,0,True
China,Ontology Engineering,2018,788,True
United States,Ontology Engineering,2016,202,True
Australia,Ontology Engineering,2016,10,True
France,Other and Unspecified,2019,61,True
Netherlands,Other and Unspecified,2024,14,False
Spain,Other and Unspecified,2025,3,False
Hungary,Other and Unspecified,2018,0,True
Philippines,Other and Unspecified,2018,1,True
Germany,Other and Unspecified,2023,81,False
New Zealand,Other and Unspecified,2019,6,True
Poland,Other and Unspecified,2018,11,True
Poland,Other and Unspecified,2023,0,False
South Korea,Other and Unspecified,2020,2469,False
Czechia,Other and Unspecified,2018,2,True
Mexico,Personal Devices and Computing,2019,44,True
Bulgaria,Personal Devices and Computing,2023,4,False
Serbia,Personal Devices and Computing,2023,1,False
Spain,Personal Devices and Computing,2021,31,False
Luxembourg,Personal Devices and Computing,2016,1,True
Denmark,Personal Devices and Computing,2017,17,True
Denmark,Personal Devices and Computing,2019,22,True
Philippines,Personal Devices and Computing,2022,2,False
Poland,Personal Devices and Computing,2019,18,True
Mexico,Physical Sciences and Engineering,2020,95,False
Austria,Physical Sciences and Engineering,2016,9,True
France,Physical Sciences and Engineering,2024,43,False
Sweden,Physical Sciences and Engineering,2016,11,True
Croatia,Physical Sciences and Engineering,2018,2,True
Canada,Physical Sciences and Engineering,2019,594,True
Peru,Physical Sciences and Engineering,2016,2,True
Luxembourg,Physical Sciences and Engineering,2016,3,True
Israel,Physical Sciences and Engineering,2021,11,False
Austria,Planning and Scheduling,2016,0,True
Philippines,Planning and Scheduling,2020,5,False
China,Planning and Scheduling,2018,1364,True
South Korea,Planning and Scheduling,2021,556,False
Japan,Planning and Scheduling,2023,63,False
New Zealand,Planning and Scheduling,2022,1,False
China,Robotics,2023,1468,False
Croatia,Robotics,2020,0,False
Ukraine,Robotics,2024,0,False
United Kingdom,Robotics,2022,16,False
United Kingdom,Robotics,2023,7,False
Singapore,Robotics,2019,6,True
Sweden,Robotics,2017,3,True
Greece,Robotics,2019,0,True
Colombia,Robotics,2019,0,True
South Korea,Search Methods,2023,19,False
Malaysia,Search Methods,2018,1,True
Poland,Search Methods,2022,1,False
Czechia,Search Methods,2024,0,False
Croatia,Search Methods,2024,0,False
Belgium,Search Methods,2021,0,False
Luxembourg,Search Methods,2019,1,True
Bulgaria,Search Methods,2020,0,False
Mexico,Security,2018,4,True
Saudi Arabia,Security,2021,0,False
Croatia,Security,2017,0,True
New Zealand,Security,2021,0,False
Lithuania,Security,2019,0,True
South Korea,Security,2017,139,True
South Korea,Security,2025,48,False
Greece,Security,2025,0,False
Portugal,Security,2018,0,True
Switzerland,Security,2022,0,False
Poland,Security,2016,1,True
Austria,Security,2019,0,True
Netherlands,Security,2016,0,True
Philippines,Spatial and Physical Reasoning,2020,10,False
United Kingdom,Spatial and Physical Reasoning,2018,102,True
Italy,Spatial and Physical Reasoning,2017,3,True
Croatia,Spatial and Physical Reasoning,2022,0,False
France,Spatial and Physical Reasoning,2018,60,True
Lithuania,Spatial and Physical Reasoning,2020,0,False
Austria,Spatial and Physical Reasoning,2016,3,True
Czechia,Speech Processing,2018,0,True
China,Speech Processing,2016,294,True
China,Speech Processing,2017,527,True
Brazil,Speech Processing,2019,7,True
Peru,Speech Processing,2018,0,True
Germany,Speech Processing,2018,22,True
Malaysia,Speech Processing,2020,0,False
Malaysia,Speech Processing,2022,0,False
Bulgaria,Speech Processing,2019,0,True
Bulgaria,Speech Processing,2023,0,False
Denmark,Speech Processing,2022,0,False
Greece,Speech Processing,2019,0,True
Norway,Telecommunications,2016,0,True
Belgium,Telecommunications,2019,1,True
Belgium,Telecommunications,2025,0,False
Germany,Telecommunications,2024,34,False
Sweden,Telecommunications,2020,7,False
China,Telecommunications,2017,1297,True
Netherlands,Telecommunications,2017,0,True
Netherlands,Telecommunications,2022,6,False
Ukraine,Telecommunications,2019,0,True
Tunisia,Telecommunications,2021,1,False
Bulgaria,Telecommunications,2024,0,False
Hungary,Transportation,2019,0,True
Morocco,Transportation,2024,0,False
Brazil,Transportation,2018,17,True
Luxembourg,Transportation,2017,0,True
France,Transportation,2018,40,True
Romania,Transportation,2018,0,True
Romania,Transportation,2019,1,True
Greece,Agriculture,2017,0,True
Argentina,Agriculture,2019,4,True
Norway,Agriculture,2017,1,True
Czechia,Agriculture,2020,0,False
China,Agriculture,2025,1043,False
Ukraine,All,2019,2,True
Czechia,All,2023,4,False
China,All,2020,46843,False
Russia,All,2020,183,False
Greece,All,2017,10,True
Hungary,All,2022,8,False
Taiwan,All,2024,424,False
Taiwan,All,2025,60,False
South Africa,All,2022,71,False
Finland,All,2021,27,False
Australia,Analytics and Algorithms,2022,26,False
Russia,Analytics and Algorithms,2018,5,True
Latvia,Analytics and Algorithms,2020,0,False
Belgium,Analytics and Algorithms,2024,1,False
Mexico,Analytics and Algorithms,2017,8,True
Poland,Banking and Finance,2021,2,False
Canada,Banking and Finance,2023,1,False
Ukraine,Banking and Finance,2018,0,True
Taiwan,Banking and Finance,2020,25,False
Switzerland,Banking and Finance,2017,0,True
New Zealand,Banking and Finance,2017,6,True
Peru,Banking and Finance,2023,0,False
Singapore,Banking and Finance,2021,1,False
South Korea,Banking and Finance,2020,227,False
United Kingdom,Banking and Finance,2025,0,False
Croatia,Bio-Inspired Computing,2019,0,True
Brazil,Bio-Inspired Computing,2016,1,True
Belgium,Bio-Inspired Computing,2025,3,False
Philippines,Bio-Inspired Computing,2020,1,False
New Zealand,Bio-Inspired Computing,2018,0,True
Colombia,Bio-Inspired Computing,2019,0,True
Greece,Bio-Inspired Computing,2024,0,False
Slovakia,Bio-Inspired Computing,2021,0,False
Portugal,Business,2021,2,False
Iran,Business,2018,0,True
Belgium,Business,2021,1,False
Belgium,Business,2022,0,False
South Korea,Business,2019,895,True
South Korea,Business,2022,1577,False
South Korea,Business,2025,119,False
Taiwan,Business,2021,59,False
Finland,Business,2017,2,True
New Zealand,Business,2018,1,True
Brazil,Computer Vision,2018,49,True
South Africa,Computer Vision,2020,0,False
South Korea,Computer Vision,2018,1029,True
Netherlands,Computer Vision,2021,14,False
Netherlands,Computer Vision,2025,3,False
Austria,Computer Vision,2023,0,False
Luxembourg,Computing in Government,2024,10,False
Australia,Computing in Government,2019,5,True
New Zealand,Computing in Government,2020,0,False
United Kingdom,Computing in Government,2019,2,True
Russia,Computing in Government,2021,0,False
Sweden,Computing in Government,2022,0,False
Croatia,Computing in Government,2018,0,True
Portugal,Computing in Government,2017,0,True
Japan,Control Methods,2021,496,False
Netherlands,Control Methods,2016,1,True
Bulgaria,Control Methods,2019,0,True
Denmark,Control Methods,2019,10,True
Netherlands,Distributed AI,2017,0,True
Argentina,Distributed AI,2023,0,False
Greece,Distributed AI,2021,1,False
Slovenia,Distributed AI,2016,0,True
Slovenia,Distributed AI,2018,0,True
Luxembourg,Distributed AI,2016,0,True
Indonesia,Distributed AI,2016,0,True
Canada,Distributed AI,2024,0,False
Malaysia,Distributed AI,2016,0,True
Croatia,Distributed AI,2022,0,False
South Korea,Distributed AI,2016,4,True
Singapore,Education,2016,3,True
Saudi Arabia,Education,2023,0,False
San Marino,Education,2018,0,True
Peru,Education,2017,0,True
Ukraine,Education,2017,0,True
Finland,Education,2017,0,True
Romania,Education,2022,0,False
South Africa,Education,2017,0,True
South Africa,Education,2018,0,True
South Africa,Education,2025,0,False
Peru,Energy Management,2023,0,False
United States,Energy Management,2018,327,True
Portugal,Energy Management,2021,0,False
Brazil,Energy Management,2019,8,True
Greece,Energy Management,2023,2,False
United Kingdom,Energy Management,2016,5,True
Ukraine,Energy Management,2019,0,True
France,Energy Management,2018,11,True
Switzerland,Energy Management,2016,1,True
Switzerland,Fuzzy Logic,2018,0,True
Australia,Fuzzy Logic,2017,1,True
Australia,Fuzzy Logic,2022,1,False
Norway,Fuzzy Logic,2016,0,True
Greece,Fuzzy Logic,2017,0,True
Greece,Fuzzy Logic,2019,0,True
San Marino,Fuzzy Logic,2018,0,True
South Korea,Fuzzy Logic,2017,31,True
France,Industry and Manufacturing,2017,5,True
United Kingdom,Industry and Manufacturing,2024,3,False
Hungary,Industry and Manufacturing,2017,0,True
Czechia,Industry and Manufacturing,2023,1,False
Germany,Industry and Manufacturing,2020,123,False
China,Industry and Manufacturing,2023,5667,False
Slovenia,Industry and Manufacturing,2016,0,True
United Kingdom,Knowledge Representation,2025,0,False
Turkey,Knowledge Representation,2019,0,True
Norway,Knowledge Representation,2020,0,False
Canada,Knowledge Representation,2018,41,True
Finland,Knowledge Representation,2019,0,True
Lithuania,Knowledge Representation,2020,0,False
Lithuania,Knowledge Representation,2021,0,False
Finland,Natural Language Processing,2019,0,True
Spain,Natural Language Processing,2024,0,False
China,Natural Language Processing,2016,307,True
Germany,Natural Language Processing,2020,12,False
Switzerland,Natural Language Processing,2020,0,False
Colombia,Natural Language Processing,2019,0,True
Sweden,Natural Language Processing,2019,0,True
Sweden,Natural Language Processing,2022,0,False
Canada,Natural Language Processing,2016,17,True
Israel,Natural Language Processing,2024,0,False
Lithuania,Life Sciences,2017,0,True
Russia,Life Sciences,2016,30,True
Denmark,Life Sciences,2016,5,True
United Kingdom,Life Sciences,2018,65,True
United Kingdom,Life Sciences,2020,41,False
Romania,Life Sciences,2022,0,False
Norway,Life Sciences,2016,0,True
Turkey,Life Sciences,2018,0,True
Turkey,Life Sciences,2019,0,True
Argentina,Life Sciences,2019,1,True
Portugal,Logic-Based Knowledge Systems,2021,1,False
Hungary,Logic-Based Knowledge Systems,2017,1,True
Czechia,Logic-Based Knowledge Systems,2017,0,True
Czechia,Logic-Based Knowledge Systems,2021,0,False
Germany,Logic-Based Knowledge Systems,2020,55,False
France,Logic-Based Knowledge Systems,2021,13,False
Netherlands,Logic-Based Knowledge Systems,2021,1,False
Netherlands,Logic-Based Knowledge Systems,2023,1,False
Greece,Logic-Based Knowledge Systems,2025,0,False
Russia,Logic-Based Knowledge Systems,2020,13,False
South Africa,Logic-Based Knowledge Systems,2022,0,False
New Zealand,Markov and Bayesian Models,2021,1,False
Turkey,Markov and Bayesian Models,2016,0,True
Brazil,Markov and Bayesian Models,2022,0,False
Romania,Markov and Bayesian Models,2022,0,False
Japan,Markov and Bayesian Models,2018,338,True
United Kingdom,Markov and Bayesian Models,2018,42,True
Croatia,Markov and Bayesian Models,2020,0,False
Singapore,Markov and Bayesian Models,2019,16,True
Russia,Markov and Bayesian Models,2021,8,False
China,Measuring and Testing,2016,561,True
Israel,Measuring and Testing,2019,6,True
Portugal,Measuring and Testing,2022,0,False
Austria,Measuring and Testing,2017,3,True
Canada,Measuring and Testing,2023,4,False
Poland,Measuring and Testing,2017,3,True
Hungary,Neural Networks,2016,0,True
Switzerland,Neural Networks,2017,0,True
Ukraine,Neural Networks,2022,2,False
Canada,Neural Networks,2016,94,True
Denmark,Neural Networks,2022,2,False
Morocco,Neural Networks,2023,4,False
Philippines,Neural Networks,2020,16,False
United Kingdom,Ontology Engineering,2022,11,False
Italy,Ontology Engineering,2019,0,True
Lithuania,Ontology Engineering,2017,0,True
New Zealand,Ontology Engineering,2017,1,True
Slovenia,Ontology Engineering,2022,0,False
Greece,Ontology Engineering,2017,1,True
United States,Ontology Engineering,2023,155,False
South Africa,Ontology Engineering,2016,0,True
Sweden,Ontology Engineering,2019,0,True
Ukraine,Other and Unspecified,2019,0,True
Finland,Other and Unspecified,2020,8,False
Luxembourg,Other and Unspecified,2021,9,False
Brazil,Other and Unspecified,2020,41,False
Portugal,Personal Devices and Computing,2021,2,False
Sweden,Personal Devices and Computing,2018,6,True
Indonesia,Personal Devices and Computing,2016,1,True
Italy,Personal Devices and Computing,2017,7,True
Switzerland,Personal Devices and Computing,2021,2,False
Uruguay,Personal Devices and Computing,2020,1,False
Hungary,Personal Devices and Computing,2018,2,True
Finland,Personal Devices and Computing,2018,16,True
Greece,Personal Devices and Computing,2021,2,False
Austria,Personal Devices and Computing,2021,7,False
Ukraine,Personal Devices and Computing,2018,5,True
Norway,Personal Devices and Computing,2016,1,True
Brazil,Physical Sciences and Engineering,2019,166,True
Finland,Physical Sciences and Engineering,2024,3,False
Bulgaria,Physical Sciences and Engineering,2017,2,True
Bulgaria,Physical Sciences and Engineering,2019,3,True
Sweden,Physical Sciences and Engineering,2019,9,True
China,Physical Sciences and Engineering,2025,46363,False
Australia,Physical Sciences and Engineering,2022,159,False
Spain,Physical Sciences and Engineering,2018,147,True
Poland,Physical Sciences and Engineering,2018,31,True
Lithuania,Physical Sciences and Engineering,2016,3,True
San Marino,Planning and Scheduling,2017,0,True
South Korea,Planning and Scheduling,2022,712,False
Brazil,Planning and Scheduling,2016,6,True
Hungary,Planning and Scheduling,2019,0,True
Japan,Planning and Scheduling,2024,23,False
Lithuania,Planning and Scheduling,2018,0,True
Belgium,Planning and Scheduling,2022,0,False
United Kingdom,Planning and Scheduling,2016,21,True
Singapore,Planning and Scheduling,2016,13,True
New Zealand,Planning and Scheduling,2018,1,True
Romania,Planning and Scheduling,2017,0,True
Taiwan,Robotics,2024,12,False
Saudi Arabia,Robotics,2021,0,False
Czechia,Robotics,2021,0,False
Turkey,Robotics,2018,0,True
Peru,Robotics,2019,0,True
Israel,Robotics,2022,0,False
South Africa,Robotics,2025,4,False
Slovenia,Search Methods,2018,0,True
Costa Rica,Search Methods,2020,0,False
Philippines,Search Methods,2017,0,True
China,Search Methods,2025,2028,False
Austria,Search Methods,2023,0,False
Italy,Search Methods,2018,1,True
Croatia,Search Methods,2022,0,False
Netherlands,Search Methods,2021,1,False
Spain,Security,2019,10,True
Russia,Security,2017,19,True
Serbia,Security,2018,0,True
Serbia,Security,2020,0,False
Bulgaria,Security,2017,0,True
Uruguay,Security,2022,0,False
South Korea,Spatial and Physical Reasoning,2016,272,True
United Kingdom,Spatial and Physical Reasoning,2019,132,True
United Kingdom,Spatial and Physical Reasoning,2023,30,False
Argentina,Spatial and Physical Reasoning,2020,6,False
Israel,Spatial and Physical Reasoning,2022,5,False
Israel,Spatial and Physical Reasoning,2024,1,False
Germany,Spatial and Physical Reasoning,2017,185,True
Argentina,Speech Processing,2017,0,True
India,Speech Processing,2018,13,True
Italy,Speech Processing,2017,1,True
Finland,Speech Processing,2018,2,True
Israel,Speech Processing,2018,1,True
United States,Speech Processing,2021,1007,False
Portugal,Speech Processing,2022,0,False
Morocco,Speech Processing,2019,0,True
Norway,Speech Processing,2021,1,False
South Korea,Speech Processing,2017,275,True
South Korea,Speech Processing,2022,335,False
South Korea,Speech Processing,2023,252,False
Spain,Speech Processing,2018,4,True
Taiwan,Speech Processing,2018,11,True
Greece,Speech Processing,2025,0,False
Luxembourg,Telecommunications,2019,4,True
United States,Telecommunications,2018,3333,True
France,Telecommunications,2024,5,False
Denmark,Telecommunications,2017,11,True
Netherlands,Telecommunications,2020,1,False
Czechia,Telecommunications,2025,0,False
Bulgaria,Telecommunications,2025,0,False
Philippines,Telecommunications,2016,1,True
China,Transportation,2024,7946,False
Switzerland,Transportation,2019,0,True
Greece,Transportation,2018,0,True
Malaysia,Transportation,2022,0,False
Japan,Transportation,2018,502,True
Japan,Transportation,2025,0,False
Argentina,Transportation,2018,0,True
Canada,Transportation,2017,59,True
Denmark,Transportation,2017,3,True
Taiwan,Transportation,2017,9,True
Mexico,Transportation,2022,1,False
Serbia,Agriculture,2021,0,False
Poland,Agriculture,2021,1,False
Slovakia,Agriculture,2023,0,False
Lithuania,Agriculture,2017,0,True
Italy,Agriculture,2022,0,False
Philippines,Agriculture,2016,2,True
Australia,Agriculture,2024,0,False
Portugal,Agriculture,2019,3,True
Finland,Agriculture,2017,0,True
Ukraine,Agriculture,2016,0,True
Denmark,All,2018,34,True
Singapore,All,2021,4,False
Greece,All,2025,1,False
Germany,All,2016,221,True
Germany,All,2018,503,True
Spain,All,2020,130,False
South Africa,All,2025,125,False
Slovenia,All,2019,1,True
Germany,Analytics and Algorithms,2016,9,True
Sweden,Analytics and Algorithms,2018,5,True
Czechia,Analytics and Algorithms,2020,0,False
Czechia,Analytics and Algorithms,2025,1,False
Serbia,Analytics and Algorithms,2018,0,True
Greece,Analytics and Algorithms,2017,0,True
Russia,Analytics and Algorithms,2020,3,False
United Kingdom,Analytics and Algorithms,2024,3,False
China,Analytics and Algorithms,2019,1427,True
Luxembourg,Analytics and Algorithms,2021,2,False
San Marino,Analytics and Algorithms,2018,0,True
Israel,Banking and Finance,2022,0,False
Israel,Banking and Finance,2024,0,False
Russia,Banking and Finance,2017,10,True
Ukraine,Banking and Finance,2016,0,True
New Zealand,Banking and Finance,2022,0,False
Czechia,Banking and Finance,2023,0,False
Mexico,Banking and Finance,2017,5,True
Austria,Banking and Finance,2021,1,False
Romania,Bio-Inspired Computing,2018,0,True
Czechia,Bio-Inspired Computing,2023,0,False
Cuba,Bio-Inspired Computing,2020,0,False
Australia,Bio-Inspired Computing,2022,9,False
Greece,Bio-Inspired Computing,2016,0,True
Serbia,Bio-Inspired Computing,2021,0,False
Malaysia,Business,2021,1,False
Taiwan,Business,2019,44,True
Finland,Business,2019,6,True
New Zealand,Business,2022,1,False
United Kingdom,Business,2019,26,True
South Africa,Business,2024,0,False
Netherlands,Business,2022,8,False
Lithuania,Business,2022,0,False
Singapore,Business,2020,10,False
Poland,Business,2021,4,False
Mexico,Business,2018,13,True
Canada,Business,2020,100,False
Germany,Computer Vision,2020,236,False
Germany,Computer Vision,2022,173,False
Brazil,Computer Vision,2020,42,False
Brazil,Computer Vision,2021,28,False
Turkey,Computer Vision,2023,1,False
Costa Rica,Computer Vision,2023,1,False
Spain,Computer Vision,2019,55,True
South Africa,Computer Vision,2019,0,True
Paraguay,Computer Vision,2021,1,False
Philippines,Computer Vision,2022,2,False
Hungary,Computer Vision,2017,1,True
Netherlands,Computer Vision,2019,13,True
Czechia,Computer Vision,2017,0,True
Argentina,Computer Vision,2019,2,True
Bulgaria,Computing in Government,2020,0,False
Netherlands,Computing in Government,2023,2,False
Canada,Computing in Government,2017,2,True
New Zealand,Computing in Government,2019,0,True
Brazil,Computing in Government,2016,0,True
Sweden,Computing in Government,2023,0,False
Argentina,Computing in Government,2023,0,False
Argentina,Control Methods,2021,1,False
Serbia,Control Methods,2018,2,True
Taiwan,Control Methods,2019,46,True
China,Control Methods,2017,966,True
Russia,Control Methods,2016,27,True
Italy,Distributed AI,2021,0,False
Slovakia,Distributed AI,2024,0,False
Denmark,Distributed AI,2022,0,False
Spain,Distributed AI,2018,1,True
Taiwan,Distributed AI,2021,0,False
New Zealand,Distributed AI,2019,0,True
New Zealand,Distributed AI,2021,0,False
United States,Distributed AI,2020,336,False
China,Distributed AI,2018,56,True
United Kingdom,Education,2019,4,True
Colombia,Education,2019,1,True
Saudi Arabia,Education,2021,0,False
Canada,Education,2021,8,False
Japan,Education,2025,0,False
United States,Education,2025,1,False
India,Education,2016,6,True
India,Education,2019,0,True
Morocco,Education,2017,0,True
Austria,Energy Management,2022,2,False
United States,Energy Management,2017,238,True
Morocco,Energy Management,2016,0,True
Jordan,Energy Management,2021,0,False
United Kingdom,Energy Management,2018,11,True
Malaysia,Energy Management,2016,0,True
Serbia,Energy Management,2019,0,True
Brazil,Fuzzy Logic,2021,0,False
Belgium,Fuzzy Logic,2025,0,False
Czechia,Fuzzy Logic,2024,0,False
Israel,Fuzzy Logic,2018,0,True
France,Fuzzy Logic,2018,5,True
Ireland,Fuzzy Logic,2016,0,True
United Kingdom,Fuzzy Logic,2021,4,False
Saudi Arabia,Fuzzy Logic,2022,0,False
Malaysia,Fuzzy Logic,2020,0,False
Singapore,Fuzzy Logic,2018,3,True
Canada,Industry and Manufacturing,2020,62,False
Portugal,Industry and Manufacturing,2021,1,False
Hungary,Industry and Manufacturing,2018,1,True
Chile,Industry and Manufacturing,2018,0,True
Mexico,Industry and Manufacturing,2021,14,False
South Korea,Industry and Manufacturing,2019,584,True
South Korea,Industry and Manufacturing,2021,442,False
Singapore,Industry and Manufacturing,2018,11,True
Italy,Knowledge Representation,2019,1,True
India,Knowledge Representation,2020,0,False
Denmark,Knowledge Representation,2016,0,True
China,Knowledge Representation,2020,541,False
Ukraine,Knowledge Representation,2017,0,True
Ukraine,Knowledge Representation,2025,0,False
Taiwan,Knowledge Representation,2021,16,False
Taiwan,Knowledge Representation,2025,2,False
Croatia,Knowledge Representation,2018,0,True
Argentina,Knowledge Representation,2018,1,True
Morocco,Knowledge Representation,2018,0,True
Turkey,Natural Language Processing,2023,0,False
Tunisia,Natural Language Processing,2021,0,False
Slovenia,Natural Language Processing,2018,0,True
South Korea,Natural Language Processing,2017,146,True
South Korea,Natural Language Processing,2020,373,False
Netherlands,Natural Language Processing,2025,0,False
Austria,Natural Language Processing,2024,0,False
China,Natural Language Processing,2023,3316,False
Bulgaria,Natural Language Processing,2021,0,False
Portugal,Natural Language Processing,2021,1,False
Australia,Natural Language Processing,2018,30,True
Australia,Natural Language Processing,2022,17,False
Israel,Life Sciences,2017,1,True
Switzerland,Life Sciences,2021,1,False
Norway,Life Sciences,2019,1,True
Luxembourg,Life Sciences,2024,28,False
Australia,Life Sciences,2023,19,False
Spain,Life Sciences,2020,39,False
Portugal,Life Sciences,2022,1,False
Austria,Logic-Based Knowledge Systems,2019,1,True
Austria,Logic-Based Knowledge Systems,2024,1,False
Philippines,Logic-Based Knowledge Systems,2020,1,False
Spain,Logic-Based Knowledge Systems,2019,14,True
Singapore,Logic-Based Knowledge Systems,2016,14,True
Netherlands,Logic-Based Knowledge Systems,2018,1,True
Israel,Logic-Based Knowledge Systems,2016,1,True
United States,Logic-Based Knowledge Systems,2021,1576,False
Switzerland,Logic-Based Knowledge Systems,2023,0,False
United Kingdom,Logic-Based Knowledge Systems,2023,5,False
Turkey,Markov and Bayesian Models,2023,0,False
Germany,Markov and Bayesian Models,2025,16,False
Peru,Markov and Bayesian Models,2021,0,False
Denmark,Markov and Bayesian Models,2024,0,False
Japan,Markov and Bayesian Models,2025,1,False
Croatia,Markov and Bayesian Models,2019,0,True
Luxembourg,Markov and Bayesian Models,2018,0,True
Belgium,Markov and Bayesian Models,2022,0,False
Morocco,Markov and Bayesian Models,2022,0,False
Morocco,Markov and Bayesian Models,2024,0,False
Canada,Measuring and Testing,2018,147,True
Singapore,Measuring and Testing,2021,1,False
India,Measuring and Testing,2018,15,True
Brazil,Measuring and Testing,2018,46,True
Spain,Measuring and Testing,2016,19,True
Japan,Measuring and Testing,2019,656,True
Netherlands,Measuring and Testing,2024,11,False
Sweden,Neural Networks,2018,9,True
Japan,Neural Networks,2024,112,False
Russia,Neural Networks,2020,118,False
Georgia,Neural Networks,2023,1,False
Czechia,Neural Networks,2021,1,False
Italy,Neural Networks,2020,17,False
South Korea,Neural Networks,2018,2155,True
Croatia,Neural Networks,2022,0,False
Canada,Neural Networks,2022,115,False
Morocco,Neural Networks,2016,1,True
Turkey,Ontology Engineering,2017,0,True
United Kingdom,Ontology Engineering,2020,4,False
Morocco,Ontology Engineering,2019,0,True
Estonia,Ontology Engineering,2022,0,False
Canada,Ontology Engineering,2022,4,False
New Zealand,Ontology Engineering,2022,0,False
Argentina,Ontology Engineering,2022,0,False
Australia,Ontology Engineering,2020,14,False
Portugal,Ontology Engineering,2022,0,False
Cuba,Other and Unspecified,2020,1,False
Canada,Other and Unspecified,2017,146,True
Croatia,Other and Unspecified,2022,1,False
Spain,Other and Unspecified,2024,4,False
Germany,Other and Unspecified,2020,181,False
Switzerland,Other and Unspecified,2019,1,True
Switzerland,Other and Unspecified,2021,0,False
New Zealand,Other and Unspecified,2022,1,False
Russia,Other and Unspecified,2018,43,True
Russia,Other and Unspecified,2019,44,True
Sweden,Personal Devices and Computing,2023,8,False
Morocco,Personal Devices and Computing,2021,0,False
United Kingdom,Personal Devices and Computing,2016,103,True
United Kingdom,Personal Devices and Computing,2021,102,False
Denmark,Physical Sciences and Engineering,2024,1,False
Australia,Physical Sciences and Engineering,2018,415,True
New Zealand,Physical Sciences and Engineering,2016,6,True
Portugal,Physical Sciences and Engineering,2016,6,True
Lithuania,Physical Sciences and Engineering,2022,1,False
San Marino,Planning and Scheduling,2020,0,False
Malaysia,Planning and Scheduling,2020,6,False
Italy,Planning and Scheduling,2020,2,False
Italy,Planning and Scheduling,2022,0,False
Hungary,Planning and Scheduling,2022,0,False
Israel,Planning and Scheduling,2024,0,False
Luxembourg,Planning and Scheduling,2023,19,False
Portugal,Robotics,2021,0,False
Italy,Robotics,2022,1,False
Turkey,Robotics,2017,1,True
Turkey,Robotics,2019,0,True
Luxembourg,Robotics,2022,1,False
United Kingdom,Robotics,2016,12,True
South Africa,Robotics,2021,1,False
Mexico,Search Methods,2021,2,False
Denmark,Search Methods,2023,0,False
United Kingdom,Search Methods,2017,3,True
United Kingdom,Search Methods,2019,30,True
New Zealand,Search Methods,2021,0,False
Lithuania,Search Methods,2016,0,True
San Marino,Search Methods,2018,0,True
Belgium,Search Methods,2017,0,True
Finland,Security,2023,2,False
Turkey,Security,2018,1,True
Poland,Security,2021,3,False
Sweden,Spatial and Physical Reasoning,2020,9,False
Malaysia,Spatial and Physical Reasoning,2020,5,False
South Korea,Spatial and Physical Reasoning,2023,1274,False
Greece,Spatial and Physical Reasoning,2023,3,False
Morocco,Spatial and Physical Reasoning,2016,1,True
Belgium,Spatial and Physical Reasoning,2018,2,True
Norway,Spatial and Physical Reasoning,2021,2,False
Czechia,Speech Processing,2021,0,False
Costa Rica,Speech Processing,2023,0,False
Cuba,Speech Processing,2020,0,False
Israel,Speech Processing,2019,0,True
Israel,Speech Processing,2020,0,False
Norway,Speech Processing,2024,0,False
Croatia,Speech Processing,2018,0,True
Spain,Speech Processing,2021,2,False
Taiwan,Speech Processing,2023,23,False
United Kingdom,Speech Processing,2022,11,False
South Africa,Speech Processing,2017,0,True
Morocco,Telecommunications,2024,2,False
Canada,Telecommunications,2016,79,True
Spain,Telecommunications,2017,22,True
Lithuania,Telecommunications,2018,1,True
Croatia,Telecommunications,2021,0,False
China,Telecommunications,2018,2206,True
China,Telecommunications,2025,4092,False
France,Telecommunications,2016,15,True
South Korea,Telecommunications,2017,444,True
Iran,Telecommunications,2018,1,True
Switzerland,Telecommunications,2016,2,True
Switzerland,Telecommunications,2019,0,True
Czechia,Telecommunications,2023,0,False
United Kingdom,Telecommunications,2020,62,False
Italy,Telecommunications,2017,5,True
Poland,Transportation,2020,3,False
Switzerland,Transportation,2024,0,False
Norway,Transportation,2018,2,True
Bulgaria,Transportation,2018,0,True
Portugal,Transportation,2020,0,False
Luxembourg,Transportation,2019,1,True
Croatia,Transportation,2022,0,False
Australia,Transportation,2020,53,False
Canada,Transportation,2021,35,False
Denmark,Transportation,2020,3,False
Denmark,Transportation,2021,0,False
Mexico,Transportation,2017,15,True
Belgium,Transportation,2023,0,False
Austria,Agriculture,2018,0,True
Bulgaria,Agriculture,2019,0,True
Bulgaria,Agriculture,2022,0,False
Peru,Agriculture,2022,0,False
Spain,Agriculture,2016,1,True
Germany,Agriculture,2021,8,False
Germany,Agriculture,2022,11,False
Netherlands,Agriculture,2017,0,True
Philippines,Agriculture,2019,1,True
Denmark,Agriculture,2020,2,False
Ireland,Agriculture,2018,0,True
Portugal,Agriculture,2020,0,False
Portugal,Agriculture,2024,0,False
Belgium,Agriculture,2024,0,False
China,Agriculture,2024,1349,False
Morocco,Agriculture,2024,4,False
Portugal,All,2016,6,True
Austria,All,2020,15,False
Italy,All,2019,44,True
Russia,All,2021,59,False
Brazil,All,2019,166,True
Greece,All,2022,13,False
Netherlands,All,2017,5,True
Belgium,All,2023,6,False
Japan,All,2024,254,False
Lithuania,All,2018,10,True
Poland,All,2017,22,True
Poland,All,2018,31,True
Estonia,Analytics and Algorithms,2022,0,False
Peru,Analytics and Algorithms,2017,0,True
France,Analytics and Algorithms,2019,19,True
Greece,Analytics and Algorithms,2022,4,False
Spain,Analytics and Algorithms,2016,12,True
Argentina,Analytics and Algorithms,2021,0,False
Philippines,Analytics and Algorithms,2018,0,True
Norway,Analytics and Algorithms,2025,0,False
Israel,Banking and Finance,2020,0,False
Japan,Banking and Finance,2021,78,False
Russia,Banking and Finance,2021,0,False
Hungary,Banking and Finance,2019,0,True
Belgium,Banking and Finance,2016,0,True
Portugal,Banking and Finance,2022,0,False
Denmark,Banking and Finance,2018,2,True
Mexico,Banking and Finance,2020,7,False
Australia,Banking and Finance,2019,44,True
Belgium,Bio-Inspired Computing,2018,0,True
Malaysia,Bio-Inspired Computing,2017,1,True
Lithuania,Bio-Inspired Computing,2020,2,False
Norway,Bio-Inspired Computing,2024,0,False
Morocco,Bio-Inspired Computing,2017,0,True
Denmark,Bio-Inspired Computing,2020,0,False
Poland,Bio-Inspired Computing,2022,1,False
Japan,Bio-Inspired Computing,2025,0,False
Slovakia,Bio-Inspired Computing,2023,1,False
Slovenia,Business,2022,0,False
Ireland,Business,2022,0,False
Portugal,Business,2024,0,False
Bulgaria,Business,2018,1,True
Bulgaria,Business,2024,3,False
Denmark,Business,2016,2,True
Finland,Business,2023,0,False
Brazil,Business,2018,22,True
Croatia,Business,2022,0,False
Singapore,Computer Vision,2018,55,True
Mexico,Computer Vision,2017,9,True
Bulgaria,Computer Vision,2021,0,False
Philippines,Computer Vision,2019,3,True
Netherlands,Computer Vision,2017,2,True
Denmark,Computer Vision,2024,1,False
Portugal,Computer Vision,2016,3,True
Serbia,Computer Vision,2017,1,True
Japan,Computer Vision,2019,1379,True
Morocco,Computer Vision,2022,1,False
Canada,Computing in Government,2019,5,True
Turkey,Computing in Government,2018,1,True
Hungary,Computing in Government,2021,0,False
Hungary,Computing in Government,2023,0,False
Finland,Computing in Government,2021,0,False
Denmark,Computing in Government,2024,0,False
Ukraine,Computing in Government,2025,0,False
Romania,Computing in Government,2018,0,True
India,Computing in Government,2017,0,True
Philippines,Computing in Government,2019,0,True
South Africa,Control Methods,2024,0,False
Peru,Control Methods,2022,1,False
Austria,Control Methods,2021,7,False
Greece,Control Methods,2019,1,True
Italy,Control Methods,2018,4,True
Canada,Control Methods,2023,3,False
Costa Rica,Control Methods,2020,0,False
Netherlands,Distributed AI,2022,0,False
Mexico,Distributed AI,2020,0,False
Romania,Distributed AI,2019,0,True
Luxembourg,Distributed AI,2019,0,True
Israel,Distributed AI,2021,0,False
Philippines,Distributed AI,2017,0,True
Spain,Distributed AI,2024,0,False
Czechia,Distributed AI,2019,1,True
Taiwan,Distributed AI,2018,0,True
Croatia,Distributed AI,2020,0,False
United States,Distributed AI,2017,224,True
Netherlands,Education,2022,0,False
Australia,Education,2024,0,False
Japan,Education,2023,6,False
Switzerland,Education,2019,1,True
Switzerland,Education,2023,0,False
United States,Education,2018,175,True
Slovenia,Education,2016,0,True
Austria,Energy Management,2019,2,True
Slovakia,Energy Management,2024,0,False
Finland,Energy Management,2020,1,False
Bulgaria,Energy Management,2023,0,False
Singapore,Energy Management,2016,3,True
Netherlands,Energy Management,2024,1,False
Portugal,Energy Management,2019,1,True
Spain,Energy Management,2022,6,False
Belgium,Energy Management,2019,0,True
Ukraine,Energy Management,2017,0,True
Philippines,Energy Management,2020,0,False
Switzerland,Energy Management,2021,0,False
Romania,Energy Management,2019,0,True
Spain,Fuzzy Logic,2017,3,True
Spain,Fuzzy Logic,2022,0,False
Canada,Fuzzy Logic,2019,6,True
Netherlands,Fuzzy Logic,2020,0,False
Austria,Fuzzy Logic,2024,0,False
Luxembourg,Fuzzy Logic,2024,6,False
Philippines,Fuzzy Logic,2020,0,False
New Zealand,Industry and Manufacturing,2019,0,True
Austria,Industry and Manufacturing,2023,1,False
Morocco,Industry and Manufacturing,2018,1,True
Belgium,Industry and Manufacturing,2018,3,True
Norway,Industry and Manufacturing,2021,0,False
Uruguay,Industry and Manufacturing,2020,1,False
Singapore,Industry and Manufacturing,2021,0,False
France,Knowledge Representation,2016,2,True
France,Knowledge Representation,2018,5,True
France,Knowledge Representation,2024,0,False
Italy,Knowledge Representation,2024,0,False
India,Knowledge Representation,2017,27,True
Ukraine,Knowledge Representation,2023,0,False
Germany,Knowledge Representation,2022,9,False
Saudi Arabia,Knowledge Representation,2021,0,False
Finland,Natural Language Processing,2016,1,True
Norway,Natural Language Processing,2022,0,False
Brazil,Natural Language Processing,2021,6,False
Croatia,Natural Language Processing,2019,0,True
Croatia,Natural Language Processing,2021,0,False
Ukraine,Natural Language Processing,2018,0,True
Lithuania,Natural Language Processing,2020,0,False
Morocco,Natural Language Processing,2017,0,True
Romania,Natural Language Processing,2019,0,True
Canada,Natural Language Processing,2023,3,False
Hungary,Life Sciences,2019,3,True
Taiwan,Life Sciences,2022,121,False
Philippines,Life Sciences,2016,1,True
Portugal,Life Sciences,2017,3,True
Japan,Logic-Based Knowledge Systems,2018,411,True
Brazil,Logic-Based Knowledge Systems,2018,19,True
Romania,Logic-Based Knowledge Systems,2022,0,False
Turkey,Logic-Based Knowledge Systems,2021,0,False
Taiwan,Logic-Based Knowledge Systems,2020,22,False
Australia,Logic-Based Knowledge Systems,2017,41,True
South Africa,Logic-Based Knowledge Systems,2025,1,False
South Korea,Logic-Based Knowledge Systems,2017,160,True
United States,Markov and Bayesian Models,2017,1317,True
United States,Markov and Bayesian Models,2024,89,False
Australia,Markov and Bayesian Models,2016,21,True
Austria,Markov and Bayesian Models,2019,0,True
San Marino,Markov and Bayesian Models,2017,0,True
Bulgaria,Markov and Bayesian Models,2024,0,False
China,Markov and Bayesian Models,2024,3797,False
Greece,Markov and Bayesian Models,2022,0,False
Sweden,Markov and Bayesian Models,2016,1,True
Sweden,Markov and Bayesian Models,2018,3,True
Denmark,Markov and Bayesian Models,2023,0,False
South Korea,Markov and Bayesian Models,2021,302,False
Lithuania,Markov and Bayesian Models,2016,0,True
Israel,Markov and Bayesian Models,2019,1,True
Luxembourg,Markov and Bayesian Models,2024,19,False
Belgium,Markov and Bayesian Models,2020,1,False
Morocco,Measuring and Testing,2023,2,False
Kenya,Measuring and Testing,2016,1,True
Cuba,Measuring and Testing,2020,0,False
France,Measuring and Testing,2017,26,True
Hungary,Measuring and Testing,2018,1,True
Ukraine,Measuring and Testing,2024,0,False
Finland,Measuring and Testing,2016,1,True
Finland,Measuring and Testing,2023,0,False
Greece,Measuring and Testing,2018,1,True
Australia,Measuring and Testing,2019,117,True
Sweden,Neural Networks,2017,3,True
Bulgaria,Neural Networks,2020,0,False
Argentina,Neural Networks,2023,2,False
Turkey,Neural Networks,2016,0,True
Brazil,Neural Networks,2021,38,False
Slovenia,Neural Networks,2019,1,True
Canada,Neural Networks,2019,354,True
South Korea,Ontology Engineering,2016,18,True
United Kingdom,Ontology Engineering,2019,8,True
Costa Rica,Ontology Engineering,2020,0,False
Slovenia,Ontology Engineering,2016,0,True
Taiwan,Ontology Engineering,2025,1,False
Netherlands,Ontology Engineering,2021,1,False
Uruguay,Ontology Engineering,2017,0,True
Russia,Ontology Engineering,2018,4,True
India,Other and Unspecified,2018,62,True
Paraguay,Other and Unspecified,2021,0,False
Australia,Other and Unspecified,2022,51,False
Finland,Other and Unspecified,2018,9,True
San Marino,Other and Unspecified,2020,0,False
Uruguay,Other and Unspecified,2017,0,True
Austria,Other and Unspecified,2021,8,False
Poland,Other and Unspecified,2021,9,False
Sweden,Other and Unspecified,2021,7,False
Norway,Other and Unspecified,2025,0,False
China,Personal Devices and Computing,2017,5505,True
China,Personal Devices and Computing,2021,38497,False
Switzerland,Personal Devices and Computing,2022,0,False
Switzerland,Personal Devices and Computing,2024,1,False
Canada,Personal Devices and Computing,2020,334,False
Germany,Personal Devices and Computing,2022,141,False
Colombia,Personal Devices and Computing,2019,0,True
Ukraine,Personal Devices and Computing,2024,0,False
Croatia,Personal Devices and Computing,2022,0,False
Croatia,Personal Devices and Computing,2024,0,False
Norway,Personal Devices and Computing,2022,0,False
Germany,Physical Sciences and Engineering,2018,503,True
China,Physical Sciences and Engineering,2016,5481,True
China,Physical Sciences and Engineering,2026,1374,False
Croatia,Physical Sciences and Engineering,2020,1,False
Luxembourg,Physical Sciences and Engineering,2024,184,False
Costa Rica,Planning and Scheduling,2023,0,False
Georgia,Planning and Scheduling,2023,0,False
Argentina,Planning and Scheduling,2020,2,False
Philippines,Planning and Scheduling,2018,1,True
Switzerland,Planning and Scheduling,2019,0,True
Germany,Planning and Scheduling,2022,32,False
Morocco,Planning and Scheduling,2024,1,False
Peru,Planning and Scheduling,2019,0,True
Denmark,Planning and Scheduling,2021,1,False
Poland,Planning and Scheduling,2020,3,False
Israel,Planning and Scheduling,2017,2,True
Portugal,Robotics,2022,0,False
India,Robotics,2018,12,True
Croatia,Robotics,2022,0,False
Serbia,Robotics,2018,1,True
Finland,Robotics,2018,2,True
Ukraine,Search Methods,2024,0,False
Ireland,Search Methods,2018,0,True
United States,Search Methods,2020,991,False
United Kingdom,Search Methods,2016,4,True
China,Search Methods,2026,71,False
Argentina,Security,2019,0,True
Australia,Security,2019,57,True
Lithuania,Security,2017,0,True
Russia,Security,2019,21,True
Russia,Security,2021,4,False
Finland,Security,2024,0,False
Brazil,Security,2021,5,False
Serbia,Security,2019,0,True
South Korea,Security,2018,228,True
Switzerland,Security,2017,0,True
Israel,Security,2021,4,False
Malaysia,Spatial and Physical Reasoning,2017,8,True
Saudi Arabia,Spatial and Physical Reasoning,2022,0,False
Peru,Spatial and Physical Reasoning,2023,2,False
United Kingdom,Spatial and Physical Reasoning,2025,0,False
Italy,Spatial and Physical Reasoning,2016,2,True
Croatia,Spatial and Physical Reasoning,2024,0,False
Switzerland,Spatial and Physical Reasoning,2020,2,False
Czechia,Speech Processing,2025,0,False
Mexico,Speech Processing,2020,5,False
Lithuania,Speech Processing,2017,0,True
Finland,Speech Processing,2022,2,False
United States,Speech Processing,2024,70,False
Denmark,Speech Processing,2023,1,False
Canada,Speech Processing,2017,21,True
Luxembourg,Telecommunications,2022,11,False
Australia,Telecommunications,2020,166,False
Japan,Telecommunications,2019,684,True
Japan,Telecommunications,2021,512,False
Japan,Telecommunications,2023,115,False
Germany,Telecommunications,2019,107,True
Slovenia,Telecommunications,2019,0,True
Czechia,Telecommunications,2024,0,False
Colombia,Telecommunications,2024,0,False
Hungary,Telecommunications,2021,2,False
Sweden,Transportation,2021,3,False
Portugal,Transportation,2016,2,True
United States,Transportation,2021,941,False
United States,Transportation,2022,649,False
Serbia,Transportation,2023,0,False
Austria,Agriculture,2023,1,False
Jordan,Agriculture,2021,0,False
Saudi Arabia,Agriculture,2022,0,False
Brazil,Agriculture,2018,19,True
New Zealand,Agriculture,2020,1,False
Philippines,Agriculture,2017,0,True
Japan,Agriculture,2024,2,False
Colombia,Agriculture,2019,0,True
South Korea,Agriculture,2020,129,False
South Korea,All,2025,338,False
Czechia,All,2019,1,True
Saudi Arabia,All,2019,1,True
New Zealand,All,2016,6,True
South Africa,All,2019,4,True
Lithuania,All,2016,3,True
Lithuania,All,2017,4,True
Ireland,Analytics and Algorithms,2018,0,True
Ireland,Analytics and Algorithms,2023,0,False
Sweden,Analytics and Algorithms,2024,0,False
Lithuania,Analytics and Algorithms,2018,3,True
Bulgaria,Analytics and Algorithms,2021,0,False
Turkey,Analytics and Algorithms,2020,1,False
Philippines,Analytics and Algorithms,2022,0,False
Israel,Banking and Finance,2017,1,True
Spain,Banking and Finance,2016,0,True
Taiwan,Banking and Finance,2017,8,True
Switzerland,Banking and Finance,2020,0,False
New Zealand,Banking and Finance,2018,2,True
Norway,Banking and Finance,2019,1,True
Denmark,Banking and Finance,2022,0,False
Brazil,Banking and Finance,2020,7,False
United Kingdom,Bio-Inspired Computing,2020,11,False
France,Bio-Inspired Computing,2022,10,False
Poland,Bio-Inspired Computing,2017,1,True
Ukraine,Bio-Inspired Computing,2016,3,True
Jordan,Bio-Inspired Computing,2021,0,False
Switzerland,Bio-Inspired Computing,2020,0,False
Serbia,Bio-Inspired Computing,2017,0,True
Ireland,Bio-Inspired Computing,2018,1,True
Hungary,Bio-Inspired Computing,2020,0,False
China,Business,2025,6459,False
Denmark,Business,2018,3,True
Denmark,Business,2020,4,False
Peru,Business,2020,2,False
Lithuania,Business,2019,0,True
Romania,Business,2021,0,False
India,Business,2019,1,True
Costa Rica,Business,2020,0,False
Italy,Computer Vision,2019,15,True
Germany,Computer Vision,2016,66,True
Taiwan,Computer Vision,2021,185,False
Norway,Computer Vision,2016,0,True
Norway,Computer Vision,2017,0,True
Belgium,Computer Vision,2021,8,False
Costa Rica,Computer Vision,2020,1,False
Spain,Computer Vision,2024,0,False
South Africa,Computer Vision,2024,0,False
Austria,Computer Vision,2017,3,True
Austria,Computer Vision,2019,0,True
Canada,Computer Vision,2024,0,False
Luxembourg,Computer Vision,2020,3,False
Bulgaria,Computing in Government,2023,0,False
Peru,Computing in Government,2016,0,True
Mexico,Computing in Government,2016,0,True
Czechia,Computing in Government,2020,0,False
Denmark,Computing in Government,2022,0,False
Greece,Computing in Government,2024,2,False
Romania,Computing in Government,2024,0,False
Spain,Computing in Government,2016,0,True
Japan,Computing in Government,2016,3,True
Japan,Computing in Government,2022,15,False
Japan,Computing in Government,2025,0,False
Sweden,Computing in Government,2016,0,True
Argentina,Computing in Government,2021,0,False
Poland,Control Methods,2016,4,True
Sweden,Control Methods,2024,2,False
Germany,Control Methods,2018,218,True
Austria,Control Methods,2024,2,False
Colombia,Control Methods,2019,0,True
Australia,Control Methods,2020,95,False
Spain,Control Methods,2024,1,False
Greece,Control Methods,2020,0,False
United Kingdom,Control Methods,2022,34,False
Philippines,Control Methods,2018,0,True
Luxembourg,Control Methods,2022,15,False
Portugal,Distributed AI,2016,0,True
Czechia,Distributed AI,2021,0,False
Bulgaria,Distributed AI,2018,0,True
United States,Distributed AI,2016,62,True
Australia,Distributed AI,2017,4,True
China,Education,2019,414,True
Portugal,Education,2018,0,True
France,Education,2020,0,False
Canada,Education,2017,8,True
Austria,Education,2017,1,True
Japan,Education,2016,30,True
Mexico,Education,2022,0,False
Russia,Education,2020,3,False
Belgium,Education,2019,0,True
South Korea,Education,2023,131,False
Morocco,Education,2020,0,False
Austria,Energy Management,2020,2,False
Sweden,Energy Management,2021,0,False
New Zealand,Energy Management,2021,1,False
Bulgaria,Energy Management,2024,1,False
Czechia,Energy Management,2019,0,True
South Korea,Energy Management,2025,55,False
Turkey,Energy Management,2021,0,False
Brazil,Energy Management,2021,2,False
Greece,Energy Management,2020,1,False
Greece,Energy Management,2024,1,False
United Kingdom,Energy Management,2020,8,False
Ukraine,Energy Management,2023,0,False
Luxembourg,Energy Management,2019,0,True
France,Energy Management,2022,16,False
Poland,Fuzzy Logic,2018,0,True
Finland,Fuzzy Logic,2021,0,False
Romania,Fuzzy Logic,2017,0,True
Slovenia,Fuzzy Logic,2016,0,True
Czechia,Fuzzy Logic,2021,0,False
Italy,Fuzzy Logic,2019,0,True
Croatia,Fuzzy Logic,2022,0,False
Germany,Fuzzy Logic,2018,5,True
Philippines,Fuzzy Logic,2023,0,False
Singapore,Fuzzy Logic,2017,1,True
Canada,Industry and Manufacturing,2021,44,False
San Marino,Industry and Manufacturing,2018,0,True
Romania,Industry and Manufacturing,2019,0,True
Colombia,Industry and Manufacturing,2022,0,False
Czechia,Industry and Manufacturing,2024,0,False
Spain,Industry and Manufacturing,2016,9,True
Switzerland,Industry and Manufacturing,2017,0,True
Uruguay,Industry and Manufacturing,2017,1,True
United States,Industry and Manufacturing,2022,267,False
Czechia,Knowledge Representation,2025,0,False
Russia,Knowledge Representation,2018,14,True
Israel,Knowledge Representation,2019,0,True
Israel,Knowledge Representation,2024,0,False
Sweden,Knowledge Representation,2022,0,False
China,Knowledge Representation,2024,2494,False
Taiwan,Knowledge Representation,2018,7,True
Portugal,Knowledge Representation,2022,0,False
Argentina,Knowledge Representation,2022,0,False
Canada,Knowledge Representation,2024,0,False
Romania,Knowledge Representation,2017,0,True
Lithuania,Knowledge Representation,2019,0,True
Luxembourg,Natural Language Processing,2023,3,False
Taiwan,Natural Language Processing,2023,18,False
South Korea,Natural Language Processing,2023,413,False
Netherlands,Natural Language Processing,2019,1,True
Morocco,Natural Language Processing,2022,0,False
Malaysia,Natural Language Processing,2018,1,True
Denmark,Natural Language Processing,2021,0,False
Philippines,Natural Language Processing,2017,0,True
Russia,Natural Language Processing,2016,9,True
Greece,Life Sciences,2023,6,False
Denmark,Life Sciences,2021,3,False
United Kingdom,Life Sciences,2019,41,True
United States,Life Sciences,2019,1891,True
Serbia,Life Sciences,2023,1,False
Norway,Life Sciences,2022,0,False
Canada,Life Sciences,2018,192,True
Croatia,Life Sciences,2017,0,True
Croatia,Life Sciences,2024,0,False
Philippines,Logic-Based Knowledge Systems,2022,0,False
Brazil,Logic-Based Knowledge Systems,2022,0,False
Peru,Logic-Based Knowledge Systems,2022,0,False
Australia,Logic-Based Knowledge Systems,2016,54,True
China,Logic-Based Knowledge Systems,2017,571,True
Singapore,Logic-Based Knowledge Systems,2019,20,True
France,Logic-Based Knowledge Systems,2017,11,True
Lithuania,Logic-Based Knowledge Systems,2017,0,True
Romania,Markov and Bayesian Models,2021,0,False
South Africa,Markov and Bayesian Models,2024,2,False
Israel,Markov and Bayesian Models,2021,1,False
France,Markov and Bayesian Models,2021,9,False
Croatia,Markov and Bayesian Models,2017,0,True
Belgium,Markov and Bayesian Models,2018,0,True
Singapore,Markov and Bayesian Models,2021,0,False
Austria,Measuring and Testing,2018,5,True
Bulgaria,Measuring and Testing,2020,1,False
Denmark,Measuring and Testing,2019,10,True
Denmark,Measuring and Testing,2021,3,False
Saudi Arabia,Measuring and Testing,2023,0,False
Taiwan,Measuring and Testing,2021,61,False
Romania,Measuring and Testing,2016,0,True
Netherlands,Measuring and Testing,2025,3,False
Switzerland,Neural Networks,2020,1,False
Portugal,Neural Networks,2024,1,False
Ukraine,Neural Networks,2019,2,True
South Korea,Neural Networks,2020,3987,False
Australia,Neural Networks,2021,632,False
Morocco,Neural Networks,2017,1,True
Singapore,Neural Networks,2016,12,True
Philippines,Ontology Engineering,2020,0,False
Serbia,Ontology Engineering,2021,0,False
San Marino,Ontology Engineering,2018,0,True
Israel,Ontology Engineering,2019,0,True
Czechia,Ontology Engineering,2019,0,True
Brazil,Ontology Engineering,2020,3,False
Norway,Ontology Engineering,2019,0,True
Uruguay,Ontology Engineering,2020,0,False
United States,Ontology Engineering,2025,6,False
Slovakia,Ontology Engineering,2024,0,False
Costa Rica,Other and Unspecified,2020,0,False
Turkey,Other and Unspecified,2020,1,False
Croatia,Other and Unspecified,2017,0,True
United States,Other and Unspecified,2019,4314,True
Singapore,Other and Unspecified,2018,54,True
Finland,Other and Unspecified,2023,2,False
Austria,Other and Unspecified,2019,2,True
Morocco,Other and Unspecified,2024,7,False
Greece,Other and Unspecified,2022,1,False
Mexico,Personal Devices and Computing,2022,4,False
Lithuania,Personal Devices and Computing,2017,2,True
Czechia,Personal Devices and Computing,2024,0,False
Luxembourg,Personal Devices and Computing,2023,35,False
Israel,Personal Devices and Computing,2019,6,True
Mexico,Physical Sciences and Engineering,2022,7,False
United Kingdom,Physical Sciences and Engineering,2017,227,True
Turkey,Physical Sciences and Engineering,2017,3,True
Turkey,Physical Sciences and Engineering,2018,5,True
Sweden,Physical Sciences and Engineering,2022,24,False
Australia,Physical Sciences and Engineering,2017,264,True
Spain,Physical Sciences and Engineering,2016,69,True
Uruguay,Physical Sciences and Engineering,2022,1,False
Peru,Physical Sciences and Engineering,2017,1,True
Slovenia,Planning and Scheduling,2022,0,False
Philippines,Planning and Scheduling,2022,0,False
Germany,Planning and Scheduling,2017,24,True
South Korea,Planning and Scheduling,2019,403,True
Ukraine,Planning and Scheduling,2021,0,False
Canada,Planning and Scheduling,2019,81,True
Peru,Planning and Scheduling,2022,2,False
Portugal,Robotics,2019,0,True
Austria,Robotics,2018,1,True
Spain,Robotics,2022,4,False
Croatia,Robotics,2019,0,True
Norway,Robotics,2021,0,False
Australia,Robotics,2016,17,True
Brazil,Robotics,2019,9,True
Singapore,Robotics,2016,1,True
Greece,Robotics,2023,2,False
Bulgaria,Robotics,2023,0,False
United States,Robotics,2018,566,True
Australia,Search Methods,2020,43,False
Switzerland,Search Methods,2019,0,True
Switzerland,Search Methods,2023,0,False
Israel,Search Methods,2022,0,False
Spain,Search Methods,2016,0,True
Mexico,Security,2019,8,True
United Kingdom,Security,2022,21,False
Spain,Security,2017,4,True
San Marino,Security,2017,0,True
Japan,Security,2022,98,False
Peru,Security,2016,0,True
Poland,Security,2017,0,True
Poland,Security,2020,4,False
Czechia,Spatial and Physical Reasoning,2020,1,False
South Korea,Spatial and Physical Reasoning,2024,636,False
Italy,Spatial and Physical Reasoning,2022,5,False
Denmark,Spatial and Physical Reasoning,2018,14,True
Serbia,Spatial and Physical Reasoning,2017,2,True
Hungary,Spatial and Physical Reasoning,2016,2,True
Indonesia,Spatial and Physical Reasoning,2016,0,True
Australia,Spatial and Physical Reasoning,2017,101,True
Israel,Spatial and Physical Reasoning,2018,8,True
Romania,Spatial and Physical Reasoning,2022,1,False
Czechia,Speech Processing,2023,0,False
Luxembourg,Speech Processing,2021,0,False
Poland,Speech Processing,2020,1,False
Belgium,Speech Processing,2025,0,False
Finland,Speech Processing,2016,0,True
Saudi Arabia,Speech Processing,2021,0,False
Israel,Speech Processing,2017,1,True
Portugal,Speech Processing,2017,0,True
Croatia,Speech Processing,2017,0,True
Australia,Speech Processing,2019,33,True
Colombia,Speech Processing,2022,0,False
Canada,Telecommunications,2024,1,False
Japan,Telecommunications,2022,346,False
Belgium,Telecommunications,2016,0,True
Spain,Telecommunications,2020,22,False
Sweden,Telecommunications,2021,5,False
China,Telecommunications,2023,4655,False
France,Telecommunications,2021,40,False
New Zealand,Telecommunications,2016,1,True
Bulgaria,Telecommunications,2017,0,True
Ukraine,Transportation,2016,0,True
Netherlands,Transportation,2024,1,False
Italy,Transportation,2017,5,True
South Korea,Transportation,2025,19,False
Australia,Transportation,2017,35,True
India,Transportation,2016,4,True
Germany,Transportation,2024,65,False
Taiwan,Transportation,2019,16,True
Israel,Transportation,2023,1,False
Mexico,Agriculture,2017,4,True
Greece,Agriculture,2023,1,False
Romania,Agriculture,2022,0,False
Slovenia,Agriculture,2016,0,True
Canada,Agriculture,2021,14,False
Switzerland,Agriculture,2021,0,False
Switzerland,Agriculture,2024,0,False
Ukraine,Agriculture,2018,4,True
Croatia,Agriculture,2017,0,True
Philippines,All,2016,2,True
Philippines,All,2023,2,False
Luxembourg,All,2024,184,False
Morocco,All,2024,10,False
Brazil,All,2016,72,True
Serbia,All,2017,2,True
Finland,All,2022,20,False
Finland,Analytics and Algorithms,2020,9,False
South Korea,Analytics and Algorithms,2020,467,False
Denmark,Analytics and Algorithms,2022,3,False
Japan,Analytics and Algorithms,2019,361,True
Japan,Analytics and Algorithms,2021,325,False
Jordan,Analytics and Algorithms,2021,0,False
Philippines,Analytics and Algorithms,2019,1,True
Italy,Analytics and Algorithms,2022,3,False
Canada,Banking and Finance,2021,32,False
Argentina,Banking and Finance,2018,0,True
Croatia,Banking and Finance,2022,0,False
Ukraine,Banking and Finance,2023,0,False
Serbia,Banking and Finance,2020,0,False
Serbia,Banking and Finance,2021,0,False
Italy,Banking and Finance,2020,0,False
Italy,Banking and Finance,2023,0,False
Slovenia,Banking and Finance,2019,0,True
Estonia,Banking and Finance,2022,0,False
South Korea,Banking and Finance,2022,274,False
Australia,Banking and Finance,2022,9,False
United Kingdom,Banking and Finance,2022,7,False
France,Bio-Inspired Computing,2017,4,True
Germany,Bio-Inspired Computing,2017,15,True
Germany,Bio-Inspired Computing,2025,20,False
Italy,Bio-Inspired Computing,2018,0,True
Mexico,Bio-Inspired Computing,2017,1,True
Philippines,Bio-Inspired Computing,2019,0,True
New Zealand,Bio-Inspired Computing,2017,1,True
Slovenia,Bio-Inspired Computing,2016,1,True
Israel,Bio-Inspired Computing,2018,0,True
Switzerland,Bio-Inspired Computing,2024,0,False
Ireland,Business,2018,0,True
Norway,Business,2021,0,False
Israel,Business,2022,0,False
Belgium,Business,2023,2,False
Philippines,Business,2016,0,True
France,Business,2018,13,True
Turkey,Business,2018,2,True
Ukraine,Business,2024,0,False
San Marino,Business,2017,0,True
Netherlands,Business,2020,1,False
Lithuania,Business,2021,1,False
Poland,Business,2016,0,True
United Kingdom,Computer Vision,2019,124,True
France,Computer Vision,2016,17,True
Bulgaria,Computer Vision,2017,1,True
Chile,Computer Vision,2018,0,True
Czechia,Computer Vision,2022,1,False
Morocco,Computer Vision,2023,2,False
Argentina,Computer Vision,2023,2,False
Lithuania,Computing in Government,2017,0,True
Spain,Computing in Government,2022,0,False
South Korea,Computing in Government,2016,15,True
China,Computing in Government,2018,133,True
Philippines,Computing in Government,2022,0,False
South Korea,Control Methods,2023,359,False
Japan,Control Methods,2018,852,True
Netherlands,Control Methods,2024,5,False
Kenya,Control Methods,2016,1,True
Taiwan,Control Methods,2017,21,True
United Kingdom,Control Methods,2019,77,True
Israel,Control Methods,2024,0,False
Netherlands,Distributed AI,2020,0,False
Sweden,Distributed AI,2019,1,True
Germany,Distributed AI,2024,1,False
Japan,Distributed AI,2022,41,False
San Marino,Distributed AI,2017,0,True
Denmark,Distributed AI,2019,0,True
Denmark,Distributed AI,2021,0,False
Switzerland,Distributed AI,2019,0,True
Spain,Distributed AI,2019,1,True
Czechia,Distributed AI,2022,0,False
Czechia,Distributed AI,2024,0,False
France,Distributed AI,2017,1,True
Bulgaria,Distributed AI,2023,0,False
Poland,Distributed AI,2019,1,True
Poland,Distributed AI,2020,0,False
South Africa,Distributed AI,2024,0,False
Ireland,Distributed AI,2018,0,True
China,Education,2017,129,True
Austria,Education,2019,0,True
Bulgaria,Education,2024,1,False
New Zealand,Education,2017,1,True
Brazil,Education,2021,0,False
Croatia,Energy Management,2022,0,False
Peru,Energy Management,2022,0,False
Japan,Energy Management,2017,110,True
Japan,Energy Management,2024,7,False
Netherlands,Energy Management,2023,3,False
Spain,Energy Management,2019,10,True
South Korea,Energy Management,2023,319,False
Lithuania,Energy Management,2016,0,True
Ukraine,Energy Management,2018,0,True
Uruguay,Energy Management,2020,0,False
Philippines,Energy Management,2017,0,True
Malaysia,Energy Management,2018,3,True
Luxembourg,Energy Management,2025,9,False
Norway,Energy Management,2018,0,True
Romania,Energy Management,2022,0,False
Brazil,Fuzzy Logic,2022,1,False
Poland,Fuzzy Logic,2017,1,True
Belgium,Fuzzy Logic,2019,0,True
Ukraine,Fuzzy Logic,2023,0,False
Croatia,Fuzzy Logic,2021,0,False
Austria,Fuzzy Logic,2017,0,True
South Korea,Fuzzy Logic,2020,20,False
Bulgaria,Fuzzy Logic,2019,0,True
Canada,Industry and Manufacturing,2016,35,True
Lithuania,Industry and Manufacturing,2022,0,False
Philippines,Industry and Manufacturing,2019,2,True
Hungary,Industry and Manufacturing,2023,0,False
Australia,Industry and Manufacturing,2018,24,True
Taiwan,Industry and Manufacturing,2016,12,True
Taiwan,Industry and Manufacturing,2019,33,True
Spain,Industry and Manufacturing,2024,0,False
Argentina,Industry and Manufacturing,2017,0,True
Slovenia,Industry and Manufacturing,2019,0,True
Tunisia,Industry and Manufacturing,2021,0,False
Czechia,Knowledge Representation,2022,0,False
Greece,Knowledge Representation,2016,0,True
Japan,Knowledge Representation,2018,140,True
Malaysia,Knowledge Representation,2018,1,True
Philippines,Knowledge Representation,2019,1,True
Turkey,Knowledge Representation,2020,0,False
South Korea,Knowledge Representation,2019,70,True
Denmark,Knowledge Representation,2022,0,False
Chile,Knowledge Representation,2018,0,True
United States,Knowledge Representation,2021,696,False
Serbia,Knowledge Representation,2018,0,True
Saudi Arabia,Knowledge Representation,2023,0,False
Italy,Natural Language Processing,2022,0,False
Argentina,Natural Language Processing,2017,0,True
Poland,Natural Language Processing,2020,1,False
United Kingdom,Natural Language Processing,2019,13,True
Lithuania,Life Sciences,2018,4,True
Lithuania,Life Sciences,2021,0,False
Finland,Life Sciences,2016,1,True
Israel,Life Sciences,2021,0,False
Canada,Life Sciences,2022,54,False
Australia,Life Sciences,2024,0,False
Peru,Life Sciences,2019,0,True
Germany,Life Sciences,2018,54,True
Czechia,Life Sciences,2025,0,False
South Korea,Life Sciences,2022,1179,False
Italy,Life Sciences,2022,4,False
Portugal,Logic-Based Knowledge Systems,2024,0,False
Romania,Logic-Based Knowledge Systems,2024,0,False
Ukraine,Logic-Based Knowledge Systems,2019,0,True
Croatia,Logic-Based Knowledge Systems,2021,0,False
Luxembourg,Logic-Based Knowledge Systems,2020,2,False
Malaysia,Markov and Bayesian Models,2021,0,False
Mexico,Markov and Bayesian Models,2022,0,False
Hungary,Markov and Bayesian Models,2019,1,True
Latvia,Markov and Bayesian Models,2020,0,False
Sweden,Markov and Bayesian Models,2021,2,False
Romania,Markov and Bayesian Models,2016,0,True
Denmark,Markov and Bayesian Models,2017,3,True
Mexico,Measuring and Testing,2022,2,False
Austria,Measuring and Testing,2019,2,True
Bulgaria,Measuring and Testing,2019,2,True
South Korea,Measuring and Testing,2025,61,False
Belgium,Measuring and Testing,2017,0,True
Hungary,Measuring and Testing,2023,0,False
Singapore,Measuring and Testing,2019,19,True
India,Measuring and Testing,2017,16,True
United Kingdom,Measuring and Testing,2018,62,True
Russia,Measuring and Testing,2020,13,False
Peru,Measuring and Testing,2022,1,False
Poland,Measuring and Testing,2016,6,True
Poland,Measuring and Testing,2022,5,False
Italy,Measuring and Testing,2023,1,False
Netherlands,Measuring and Testing,2018,0,True
Bulgaria,Neural Networks,2018,0,True
Netherlands,Neural Networks,2017,3,True
Czechia,Neural Networks,2025,0,False
Italy,Neural Networks,2019,28,True
Morocco,Neural Networks,2018,4,True
Finland,Neural Networks,2019,15,True
Germany,Ontology Engineering,2025,0,False
Japan,Ontology Engineering,2018,30,True
Luxembourg,Ontology Engineering,2022,1,False
Poland,Ontology Engineering,2022,0,False
Singapore,Ontology Engineering,2018,1,True
France,Other and Unspecified,2017,43,True
Netherlands,Other and Unspecified,2022,20,False
Turkey,Other and Unspecified,2023,0,False
Denmark,Other and Unspecified,2016,18,True
Finland,Other and Unspecified,2017,7,True
Argentina,Other and Unspecified,2017,0,True
Hungary,Other and Unspecified,2017,3,True
Luxembourg,Other and Unspecified,2019,4,True
Ireland,Other and Unspecified,2018,0,True
Czechia,Other and Unspecified,2021,1,False
Greece,Other and Unspecified,2020,1,False
Taiwan,Personal Devices and Computing,2025,15,False
Brazil,Personal Devices and Computing,2019,90,True
China,Personal Devices and Computing,2024,28241,False
Serbia,Personal Devices and Computing,2018,1,True
Malaysia,Personal Devices and Computing,2016,7,True
South Africa,Personal Devices and Computing,2024,0,False
France,Personal Devices and Computing,2023,45,False
Colombia,Personal Devices and Computing,2024,0,False
Czechia,Personal Devices and Computing,2020,1,False
Luxembourg,Personal Devices and Computing,2024,78,False
Norway,Personal Devices and Computing,2019,4,True
Norway,Physical Sciences and Engineering,2017,2,True
Germany,Physical Sciences and Engineering,2024,220,False
Australia,Physical Sciences and Engineering,2019,491,True
Greece,Physical Sciences and Engineering,2021,6,False
Argentina,Physical Sciences and Engineering,2017,1,True
South Africa,Physical Sciences and Engineering,2016,2,True
San Marino,Physical Sciences and Engineering,2018,1,True
Philippines,Planning and Scheduling,2019,3,True
Japan,Planning and Scheduling,2018,274,True
Australia,Planning and Scheduling,2022,9,False
New Zealand,Planning and Scheduling,2020,0,False
Netherlands,Planning and Scheduling,2021,3,False
Netherlands,Planning and Scheduling,2022,7,False
Malaysia,Robotics,2022,0,False
Taiwan,Robotics,2022,16,False
Hungary,Robotics,2020,0,False
Kenya,Robotics,2016,0,True
Australia,Robotics,2024,1,False
United Kingdom,Robotics,2020,9,False
Jordan,Robotics,2021,0,False
Costa Rica,Robotics,2020,0,False
Argentina,Robotics,2019,1,True
Greece,Robotics,2020,0,False
United States,Robotics,2022,250,False
Finland,Search Methods,2019,2,True
United States,Search Methods,2025,5,False
Sweden,Search Methods,2019,0,True
Morocco,Search Methods,2024,0,False
Italy,Search Methods,2024,0,False
Germany,Search Methods,2016,5,True
Germany,Search Methods,2019,18,True
Sweden,Security,2016,0,True
Australia,Security,2022,18,False
Hungary,Security,2019,1,True
United States,Security,2017,852,True
Turkey,Security,2021,0,False
Israel,Security,2017,2,True
Israel,Security,2022,1,False
Iran,Security,2018,1,True
Netherlands,Security,2022,2,False
Saudi Arabia,Spatial and Physical Reasoning,2023,0,False
San Marino,Spatial and Physical Reasoning,2018,1,True
Uruguay,Spatial and Physical Reasoning,2017,0,True
South Africa,Spatial and Physical Reasoning,2016,0,True
Bulgaria,Spatial and Physical Reasoning,2024,1,False
Ireland,Spatial and Physical Reasoning,2016,2,True
Taiwan,Spatial and Physical Reasoning,2019,97,True
Czechia,Speech Processing,2017,0,True
Lithuania,Speech Processing,2020,0,False
Singapore,Speech Processing,2021,0,False
Croatia,Speech Processing,2019,0,True
Australia,Speech Processing,2018,13,True
Canada,Speech Processing,2018,16,True
Japan,Telecommunications,2016,219,True
United States,Telecommunications,2024,405,False
Finland,Telecommunications,2016,2,True
Finland,Telecommunications,2018,12,True
Serbia,Telecommunications,2018,1,True
Poland,Telecommunications,2023,2,False
Switzerland,Telecommunications,2023,0,False
Switzerland,Telecommunications,2024,0,False
Czechia,Telecommunications,2018,0,True
United Kingdom,Telecommunications,2025,0,False
Hungary,Telecommunications,2020,4,False
Chile,Telecommunications,2018,0,True
Indonesia,Transportation,2016,0,True
Iran,Transportation,2018,0,True
United Kingdom,Transportation,2025,1,False
Italy,Transportation,2018,4,True
Switzerland,Transportation,2021,1,False
Russia,Transportation,2021,6,False
Japan,Transportation,2017,419,True
France,Transportation,2021,58,False
Argentina,Transportation,2019,2,True
India,Transportation,2020,0,False
Canada,Transportation,2019,37,True
Germany,Transportation,2017,164,True
Singapore,Agriculture,2021,0,False
Romania,Agriculture,2018,0,True
South Africa,Agriculture,2020,0,False
United Kingdom,Agriculture,2020,15,False
Bulgaria,Agriculture,2017,0,True
San Marino,Agriculture,2017,0,True
Hungary,Agriculture,2016,0,True
Hungary,Agriculture,2017,1,True
Czechia,Agriculture,2019,0,True
United States,Agriculture,2020,177,False
Australia,Agriculture,2016,8,True
Morocco,Agriculture,2022,1,False
Turkey,Agriculture,2016,0,True
Croatia,Agriculture,2024,0,False
Ukraine,All,2016,4,True
Croatia,All,2018,2,True
United States,All,2018,12642,True
United States,All,2021,12264,False
Greece,All,2020,3,False
United Kingdom,All,2021,256,False
Netherlands,All,2024,49,False
Canada,All,2021,430,False
Japan,All,2016,1353,True
France,All,2021,204,False
Slovenia,All,2018,8,True
Poland,All,2021,25,False
Germany,Analytics and Algorithms,2018,46,True
Czechia,Analytics and Algorithms,2019,0,True
Netherlands,Analytics and Algorithms,2018,0,True
Switzerland,Analytics and Algorithms,2017,0,True
Russia,Analytics and Algorithms,2016,10,True
Argentina,Analytics and Algorithms,2019,2,True
Denmark,Analytics and Algorithms,2020,5,False
Belgium,Analytics and Algorithms,2016,0,True
Poland,Analytics and Algorithms,2018,7,True
Poland,Analytics and Algorithms,2019,5,True
Taiwan,Analytics and Algorithms,2024,38,False
Japan,Banking and Finance,2019,128,True
Russia,Banking and Finance,2016,3,True
Switzerland,Banking and Finance,2022,0,False
United States,Banking and Finance,2016,280,True
Slovenia,Banking and Finance,2022,0,False
Norway,Banking and Finance,2020,0,False
Luxembourg,Banking and Finance,2019,1,True
Finland,Banking and Finance,2019,0,True
Tunisia,Banking and Finance,2021,0,False
Finland,Bio-Inspired Computing,2018,2,True
Argentina,Bio-Inspired Computing,2020,1,False
Russia,Bio-Inspired Computing,2021,0,False
Lithuania,Bio-Inspired Computing,2021,0,False
Morocco,Bio-Inspired Computing,2016,0,True
Israel,Bio-Inspired Computing,2019,0,True
Portugal,Bio-Inspired Computing,2021,0,False
Spain,Bio-Inspired Computing,2021,3,False
Malaysia,Business,2022,0,False
Portugal,Business,2020,1,False
Czechia,Business,2022,0,False
Bulgaria,Business,2019,0,True
China,Business,2020,5083,False
South Korea,Business,2024,772,False
Switzerland,Business,2019,0,True
Ukraine,Business,2022,0,False
New Zealand,Business,2016,0,True
Brazil,Business,2019,31,True
South Africa,Business,2019,0,True
South Africa,Business,2022,0,False
Cuba,Business,2020,0,False
Japan,Business,2020,354,False
Germany,Computer Vision,2019,235,True
China,Computer Vision,2017,2977,True
Finland,Computer Vision,2019,11,True
Tunisia,Computer Vision,2021,1,False
Belgium,Computer Vision,2018,2,True
Belgium,Computer Vision,2022,0,False
Hungary,Computer Vision,2023,1,False
Denmark,Computer Vision,2021,5,False
Austria,Computer Vision,2022,0,False
Ukraine,Computer Vision,2024,0,False
Australia,Computer Vision,2023,42,False
Netherlands,Computing in Government,2024,0,False
Malaysia,Computing in Government,2017,0,True
Norway,Computing in Government,2023,0,False
Ukraine,Computing in Government,2024,0,False
Spain,Computing in Government,2017,0,True
Switzerland,Computing in Government,2017,0,True
Germany,Computing in Government,2016,1,True
United Kingdom,Computing in Government,2016,1,True
France,Computing in Government,2020,1,False
France,Computing in Government,2024,0,False
Sweden,Control Methods,2017,4,True
Morocco,Control Methods,2019,2,True
Singapore,Control Methods,2019,11,True
India,Control Methods,2020,0,False
Brazil,Control Methods,2021,12,False
Georgia,Control Methods,2023,0,False
Belgium,Control Methods,2020,0,False
Portugal,Control Methods,2022,0,False
Croatia,Control Methods,2017,0,True
United Kingdom,Control Methods,2017,54,True
France,Control Methods,2016,16,True
Mexico,Distributed AI,2021,0,False
Belgium,Distributed AI,2022,0,False
Uruguay,Distributed AI,2020,0,False
Finland,Distributed AI,2024,0,False
Philippines,Distributed AI,2016,0,True
Malaysia,Distributed AI,2021,0,False
Australia,Distributed AI,2021,8,False
Hungary,Distributed AI,2020,0,False
Croatia,Education,2018,0,True
Israel,Education,2021,0,False
Hungary,Education,2016,0,True
Belgium,Education,2023,0,False
Philippines,Education,2023,0,False
Lithuania,Education,2019,0,True
Finland,Education,2020,1,False
South Africa,Education,2019,0,True
Singapore,Energy Management,2021,0,False
United States,Energy Management,2022,147,False
Portugal,Energy Management,2017,0,True
Belgium,Energy Management,2021,0,False
United Kingdom,Energy Management,2024,2,False
Argentina,Energy Management,2021,0,False
France,Energy Management,2021,11,False
France,Energy Management,2023,7,False
Canada,Energy Management,2020,17,False
Switzerland,Fuzzy Logic,2016,1,True
Sweden,Fuzzy Logic,2024,0,False
Belgium,Fuzzy Logic,2016,1,True
Estonia,Fuzzy Logic,2022,0,False
Canada,Fuzzy Logic,2018,15,True
Israel,Fuzzy Logic,2017,0,True
Uruguay,Fuzzy Logic,2020,0,False
Latvia,Industry and Manufacturing,2020,0,False
Portugal,Industry and Manufacturing,2019,3,True
Japan,Industry and Manufacturing,2023,104,False
Italy,Industry and Manufacturing,2016,2,True
Norway,Industry and Manufacturing,2023,0,False
China,Industry and Manufacturing,2025,3919,False
Mexico,Knowledge Representation,2016,3,True
Luxembourg,Knowledge Representation,2017,0,True
Denmark,Knowledge Representation,2017,0,True
Taiwan,Knowledge Representation,2017,8,True
Romania,Knowledge Representation,2018,0,True
Morocco,Knowledge Representation,2021,0,False
Finland,Natural Language Processing,2017,2,True
Bulgaria,Natural Language Processing,2017,0,True
United States,Natural Language Processing,2020,1470,False
Japan,Natural Language Processing,2019,153,True
Sweden,Natural Language Processing,2016,1,True
Serbia,Natural Language Processing,2021,0,False
Portugal,Natural Language Processing,2020,1,False
New Zealand,Life Sciences,2020,3,False
Austria,Life Sciences,2022,0,False
Morocco,Life Sciences,2018,2,True
Belgium,Life Sciences,2023,1,False
Ukraine,Life Sciences,2018,1,True
Croatia,Life Sciences,2018,0,True
Philippines,Life Sciences,2017,0,True
Philippines,Logic-Based Knowledge Systems,2019,3,True
Denmark,Logic-Based Knowledge Systems,2016,0,True
Taiwan,Logic-Based Knowledge Systems,2022,17,False
Canada,Logic-Based Knowledge Systems,2017,68,True
Australia,Markov and Bayesian Models,2024,1,False
Malaysia,Markov and Bayesian Models,2020,0,False
New Zealand,Markov and Bayesian Models,2018,4,True
Norway,Markov and Bayesian Models,2023,0,False
Japan,Markov and Bayesian Models,2017,200,True
Japan,Markov and Bayesian Models,2019,304,True
Israel,Markov and Bayesian Models,2018,1,True
Croatia,Markov and Bayesian Models,2022,0,False
Finland,Markov and Bayesian Models,2022,1,False
Mexico,Measuring and Testing,2019,34,True
Morocco,Measuring and Testing,2017,0,True
Bulgaria,Measuring and Testing,2024,2,False
Lithuania,Measuring and Testing,2020,0,False
Switzerland,Measuring and Testing,2022,1,False
Norway,Measuring and Testing,2017,1,True
Tunisia,Measuring and Testing,2021,0,False
Italy,Measuring and Testing,2021,12,False
Netherlands,Measuring and Testing,2016,1,True
Netherlands,Measuring and Testing,2022,16,False
India,Neural Networks,2016,32,True
Japan,Neural Networks,2018,1693,True
Switzerland,Neural Networks,2022,2,False
Taiwan,Neural Networks,2020,341,False
Malaysia,Neural Networks,2019,9,True
Portugal,Neural Networks,2020,7,False
Lithuania,Neural Networks,2020,4,False
Italy,Neural Networks,2016,5,True
Ireland,Neural Networks,2016,2,True
Morocco,Neural Networks,2021,1,False
Philippines,Neural Networks,2022,2,False
Germany,Ontology Engineering,2016,7,True
San Marino,Ontology Engineering,2017,0,True
Hungary,Ontology Engineering,2016,0,True
New Zealand,Ontology Engineering,2018,2,True
Slovenia,Ontology Engineering,2018,0,True
Japan,Ontology Engineering,2019,40,True
Denmark,Ontology Engineering,2016,0,True
France,Other and Unspecified,2023,25,False
United States,Other and Unspecified,2016,2368,True
United States,Other and Unspecified,2021,3811,False
Malaysia,Other and Unspecified,2020,7,False
Japan,Other and Unspecified,2023,422,False
Luxembourg,Other and Unspecified,2016,2,True
Morocco,Other and Unspecified,2019,1,True
South Korea,Other and Unspecified,2017,773,True
Greece,Other and Unspecified,2025,1,False
Portugal,Personal Devices and Computing,2016,4,True
China,Personal Devices and Computing,2016,2926,True
Turkey,Personal Devices and Computing,2016,0,True
Uruguay,Personal Devices and Computing,2022,0,False
Argentina,Personal Devices and Computing,2023,0,False
France,Personal Devices and Computing,2021,78,False
Morocco,Personal Devices and Computing,2016,1,True
Philippines,Personal Devices and Computing,2020,9,False
South Korea,Personal Devices and Computing,2020,2553,False
Mexico,Physical Sciences and Engineering,2017,55,True
Denmark,Physical Sciences and Engineering,2021,12,False
Netherlands,Physical Sciences and Engineering,2021,44,False
Ireland,Physical Sciences and Engineering,2018,1,True
China,Physical Sciences and Engineering,2017,9671,True
Portugal,Physical Sciences and Engineering,2024,1,False
Malaysia,Physical Sciences and Engineering,2018,24,True
Belgium,Physical Sciences and Engineering,2023,6,False
Philippines,Planning and Scheduling,2017,1,True
Switzerland,Planning and Scheduling,2024,0,False
Italy,Planning and Scheduling,2021,5,False
Canada,Planning and Scheduling,2017,46,True
Peru,Planning and Scheduling,2017,0,True
Colombia,Planning and Scheduling,2022,0,False
Spain,Planning and Scheduling,2023,1,False
United Kingdom,Planning and Scheduling,2019,22,True
Saudi Arabia,Planning and Scheduling,2023,0,False
Mexico,Planning and Scheduling,2020,12,False
United States,Planning and Scheduling,2019,1327,True
Portugal,Planning and Scheduling,2016,0,True
Norway,Planning and Scheduling,2025,0,False
India,Planning and Scheduling,2019,1,True
Austria,Robotics,2017,1,True
Malaysia,Robotics,2021,0,False
Ukraine,Robotics,2025,0,False
Italy,Robotics,2021,4,False
Turkey,Robotics,2023,0,False
Switzerland,Robotics,2023,0,False
South Africa,Robotics,2019,0,True
Netherlands,Robotics,2019,3,True
Paraguay,Search Methods,2021,0,False
Slovenia,Search Methods,2016,0,True
Australia,Search Methods,2022,13,False
Malaysia,Search Methods,2020,2,False
Ireland,Search Methods,2022,0,False
Serbia,Search Methods,2018,0,True
Cuba,Search Methods,2020,0,False
United States,Search Methods,2017,645,True
Morocco,Search Methods,2018,0,True
New Zealand,Search Methods,2019,0,True
Colombia,Search Methods,2022,0,False
Singapore,Search Methods,2016,2,True
Czechia,Search Methods,2025,0,False
Hungary,Search Methods,2018,1,True
Israel,Search Methods,2016,1,True
Israel,Search Methods,2024,0,False
Bulgaria,Search Methods,2019,0,True
India,Security,2020,1,False
Sweden,Security,2023,2,False
Hungary,Security,2020,2,False
Russia,Security,2016,14,True
Brazil,Security,2020,5,False
Germany,Security,2020,32,False
Peru,Security,2021,1,False
Norway,Security,2019,0,True
Czechia,Spatial and Physical Reasoning,2017,0,True
United States,Spatial and Physical Reasoning,2023,1214,False
Luxembourg,Spatial and Physical Reasoning,2025,59,False
Bulgaria,Spatial and Physical Reasoning,2020,0,False
Spain,Spatial and Physical Reasoning,2018,61,True
Luxembourg,Speech Processing,2018,0,True
Luxembourg,Speech Processing,2024,2,False
Japan,Speech Processing,2017,173,True
Mexico,Speech Processing,2018,1,True
Georgia,Speech Processing,2023,0,False
Belgium,Speech Processing,2017,0,True
Peru,Speech Processing,2021,0,False
Bulgaria,Speech Processing,2017,0,True
Norway,Telecommunications,2019,2,True
Croatia,Telecommunications,2020,0,False
Croatia,Telecommunications,2022,0,False
China,Telecommunications,2016,610,True
Saudi Arabia,Telecommunications,2021,0,False
Poland,Telecommunications,2020,7,False
Israel,Telecommunications,2020,9,False
Philippines,Telecommunications,2021,4,False
Italy,Telecommunications,2024,0,False
Netherlands,Transportation,2022,3,False
Portugal,Transportation,2022,0,False
Spain,Transportation,2023,3,False
France,Transportation,2019,58,True
Denmark,Transportation,2016,6,True
Uruguay,Transportation,2020,0,False
Israel,Transportation,2024,0,False
Brazil,Agriculture,2019,22,True
Portugal,Agriculture,2021,0,False
South Korea,Agriculture,2017,27,True
San Marino,All,2020,1,False
Croatia,All,2024,1,False
Argentina,All,2021,3,False
Austria,All,2023,11,False
Uruguay,All,2020,1,False
Romania,All,2016,1,True
Romania,All,2017,1,True
Australia,All,2018,415,True
Australia,All,2020,737,False
Peru,Analytics and Algorithms,2018,0,True
Lithuania,Analytics and Algorithms,2020,0,False
Finland,Analytics and Algorithms,2024,3,False
Ukraine,Analytics and Algorithms,2017,0,True
South Korea,Analytics and Algorithms,2016,65,True
South Korea,Analytics and Algorithms,2025,7,False
China,Analytics and Algorithms,2023,4303,False
Argentina,Analytics and Algorithms,2020,2,False
Turkey,Analytics and Algorithms,2019,0,True
Italy,Analytics and Algorithms,2017,7,True
Saudi Arabia,Analytics and Algorithms,2023,0,False
Norway,Analytics and Algorithms,2018,2,True
Switzerland,Banking and Finance,2016,2,True
Peru,Banking and Finance,2020,2,False
France,Banking and Finance,2023,2,False
Malaysia,Banking and Finance,2018,4,True
Luxembourg,Banking and Finance,2017,0,True
Luxembourg,Banking and Finance,2018,0,True
Finland,Bio-Inspired Computing,2022,2,False
Taiwan,Bio-Inspired Computing,2021,10,False
China,Bio-Inspired Computing,2016,581,True
Peru,Bio-Inspired Computing,2023,0,False
Malaysia,Bio-Inspired Computing,2020,2,False
Luxembourg,Bio-Inspired Computing,2022,14,False
New Zealand,Bio-Inspired Computing,2019,1,True
Portugal,Bio-Inspired Computing,2022,0,False
Spain,Bio-Inspired Computing,2018,6,True
Taiwan,Business,2018,27,True
Taiwan,Business,2024,60,False
Taiwan,Business,2025,18,False
Spain,Business,2025,0,False
Sweden,Business,2016,2,True
Germany,Business,2024,19,False
Germany,Business,2025,42,False
Slovakia,Business,2024,0,False
Finland,Computer Vision,2020,1,False
Switzerland,Computer Vision,2022,1,False
San Marino,Computer Vision,2017,1,True
Croatia,Computer Vision,2021,0,False
Hungary,Computer Vision,2018,4,True
Netherlands,Computer Vision,2024,19,False
Sweden,Computer Vision,2021,9,False
Argentina,Computer Vision,2022,4,False
Bulgaria,Computing in Government,2017,0,True
Czechia,Computing in Government,2022,0,False
Poland,Computing in Government,2019,0,True
Ireland,Computing in Government,2016,0,True
Luxembourg,Computing in Government,2020,0,False
South Korea,Computing in Government,2021,180,False
Sweden,Computing in Government,2019,0,True
Croatia,Computing in Government,2017,0,True
Sweden,Control Methods,2018,11,True
Mexico,Control Methods,2017,22,True
Serbia,Control Methods,2019,0,True
Colombia,Control Methods,2022,0,False
Singapore,Control Methods,2016,12,True
Romania,Control Methods,2021,0,False
Ukraine,Control Methods,2017,2,True
Brazil,Control Methods,2018,24,True
Greece,Control Methods,2021,2,False
Finland,Control Methods,2019,10,True
France,Control Methods,2024,7,False
Germany,Distributed AI,2016,4,True
Japan,Distributed AI,2025,0,False
Switzerland,Distributed AI,2021,0,False
Morocco,Distributed AI,2020,0,False
Austria,Distributed AI,2021,0,False
Taiwan,Distributed AI,2022,2,False
United Kingdom,Distributed AI,2017,0,True
Netherlands,Education,2019,0,True
Germany,Education,2019,6,True
Uruguay,Education,2020,0,False
Serbia,Education,2017,0,True
Japan,Education,2020,45,False
Mexico,Education,2020,2,False
United States,Education,2017,127,True
Morocco,Education,2019,0,True
Brazil,Education,2020,2,False
Argentina,Education,2018,0,True
Austria,Energy Management,2023,6,False
Russia,Energy Management,2020,0,False
Turkey,Energy Management,2016,0,True
Poland,Energy Management,2018,1,True
Belgium,Energy Management,2016,1,True
Ukraine,Energy Management,2025,0,False
Luxembourg,Energy Management,2016,2,True
Hungary,Fuzzy Logic,2021,0,False
Poland,Fuzzy Logic,2023,0,False
India,Fuzzy Logic,2019,1,True
Morocco,Fuzzy Logic,2023,0,False
Jordan,Fuzzy Logic,2021,0,False
France,Fuzzy Logic,2020,2,False
France,Fuzzy Logic,2023,1,False
Greece,Fuzzy Logic,2025,0,False
Serbia,Fuzzy Logic,2019,0,True
Philippines,Fuzzy Logic,2019,0,True
Uruguay,Fuzzy Logic,2022,0,False
Netherlands,Industry and Manufacturing,2020,4,False
Netherlands,Industry and Manufacturing,2021,6,False
Turkey,Industry and Manufacturing,2017,1,True
Bulgaria,Industry and Manufacturing,2017,0,True
Japan,Industry and Manufacturing,2016,170,True
Morocco,Industry and Manufacturing,2023,1,False
Argentina,Industry and Manufacturing,2019,1,True
Luxembourg,Industry and Manufacturing,2025,8,False
Switzerland,Industry and Manufacturing,2016,0,True
Greece,Industry and Manufacturing,2016,0,True
India,Industry and Manufacturing,2020,0,False
United States,Industry and Manufacturing,2017,411,True
Denmark,Industry and Manufacturing,2019,4,True
Hungary,Knowledge Representation,2016,0,True
Hungary,Knowledge Representation,2023,0,False
Switzerland,Knowledge Representation,2016,0,True
Luxembourg,Knowledge Representation,2021,1,False
Austria,Knowledge Representation,2020,0,False
Spain,Knowledge Representation,2016,5,True
Morocco,Knowledge Representation,2020,0,False
India,Natural Language Processing,2019,2,True
Luxembourg,Natural Language Processing,2017,0,True
Luxembourg,Natural Language Processing,2024,7,False
Turkey,Natural Language Processing,2018,1,True
San Marino,Natural Language Processing,2018,0,True
Taiwan,Natural Language Processing,2025,5,False
Mexico,Natural Language Processing,2022,1,False
Netherlands,Natural Language Processing,2016,0,True
France,Natural Language Processing,2016,2,True
China,Natural Language Processing,2020,4013,False
Malaysia,Natural Language Processing,2016,2,True
Canada,Natural Language Processing,2017,28,True
Australia,Natural Language Processing,2021,78,False
Austria,Life Sciences,2018,1,True
United States,Life Sciences,2023,332,False
Tunisia,Life Sciences,2021,1,False
Turkey,Life Sciences,2020,0,False
Peru,Life Sciences,2016,0,True
Spain,Life Sciences,2018,46,True
China,Life Sciences,2025,4239,False
Philippines,Logic-Based Knowledge Systems,2017,0,True
Denmark,Logic-Based Knowledge Systems,2022,0,False
Slovenia,Logic-Based Knowledge Systems,2016,0,True
Peru,Logic-Based Knowledge Systems,2019,0,True
Serbia,Logic-Based Knowledge Systems,2017,1,True
Uruguay,Logic-Based Knowledge Systems,2017,0,True
Argentina,Logic-Based Knowledge Systems,2023,0,False
Lithuania,Logic-Based Knowledge Systems,2021,0,False
Belgium,Logic-Based Knowledge Systems,2023,0,False
Luxembourg,Logic-Based Knowledge Systems,2022,7,False
United States,Logic-Based Knowledge Systems,2016,1277,True
United States,Logic-Based Knowledge Systems,2023,281,False
South Africa,Logic-Based Knowledge Systems,2017,0,True
South Korea,Logic-Based Knowledge Systems,2019,283,True
San Marino,Markov and Bayesian Models,2018,0,True
Ukraine,Markov and Bayesian Models,2016,0,True
Ukraine,Markov and Bayesian Models,2022,0,False
China,Markov and Bayesian Models,2019,1922,True
Serbia,Markov and Bayesian Models,2017,0,True
Serbia,Markov and Bayesian Models,2020,0,False
Italy,Markov and Bayesian Models,2018,2,True
Norway,Markov and Bayesian Models,2025,0,False
Switzerland,Markov and Bayesian Models,2017,0,True
South Korea,Markov and Bayesian Models,2020,288,False
Taiwan,Markov and Bayesian Models,2020,28,False
United Kingdom,Markov and Bayesian Models,2024,2,False
China,Measuring and Testing,2025,6031,False
Sweden,Measuring and Testing,2017,3,True
France,Measuring and Testing,2022,53,False
Philippines,Measuring and Testing,2022,3,False
Slovenia,Measuring and Testing,2022,0,False
Brazil,Measuring and Testing,2020,28,False
Peru,Measuring and Testing,2019,2,True
Colombia,Measuring and Testing,2022,1,False
Israel,Neural Networks,2019,5,True
France,Neural Networks,2017,44,True
Russia,Neural Networks,2017,80,True
Netherlands,Neural Networks,2023,29,False
Poland,Neural Networks,2023,7,False
Greece,Neural Networks,2025,0,False
Czechia,Neural Networks,2019,0,True
Canada,Neural Networks,2020,364,False
Germany,Ontology Engineering,2023,3,False
Serbia,Ontology Engineering,2017,0,True
Canada,Ontology Engineering,2016,5,True
Taiwan,Ontology Engineering,2018,6,True
France,Ontology Engineering,2024,0,False
Belgium,Ontology Engineering,2019,0,True
Belgium,Ontology Engineering,2025,0,False
Hungary,Other and Unspecified,2021,3,False
Colombia,Other and Unspecified,2024,1,False
Lithuania,Other and Unspecified,2022,0,False
Israel,Other and Unspecified,2019,5,True
New Zealand,Other and Unspecified,2018,3,True
Portugal,Personal Devices and Computing,2020,5,False
Portugal,Personal Devices and Computing,2024,0,False
Malaysia,Personal Devices and Computing,2017,14,True
Italy,Personal Devices and Computing,2020,10,False
Belgium,Personal Devices and Computing,2020,2,False
United States,Personal Devices and Computing,2021,6796,False
Israel,Personal Devices and Computing,2024,0,False
United Kingdom,Personal Devices and Computing,2020,133,False
Australia,Personal Devices and Computing,2022,58,False
Poland,Personal Devices and Computing,2018,15,True
Morocco,Physical Sciences and Engineering,2018,4,True
Australia,Physical Sciences and Engineering,2020,737,False
United States,Physical Sciences and Engineering,2019,15197,True
Italy,Physical Sciences and Engineering,2018,20,True
Switzerland,Physical Sciences and Engineering,2018,3,True
Ukraine,Physical Sciences and Engineering,2023,0,False
Israel,Physical Sciences and Engineering,2017,15,True
China,Planning and Scheduling,2019,2280,True
Belgium,Planning and Scheduling,2021,1,False
Singapore,Planning and Scheduling,2019,16,True
Turkey,Planning and Scheduling,2023,0,False
Poland,Planning and Scheduling,2023,0,False
Israel,Planning and Scheduling,2018,1,True
China,Robotics,2021,1689,False
Japan,Robotics,2021,142,False
South Korea,Robotics,2017,84,True
South Korea,Robotics,2018,161,True
Belgium,Robotics,2016,0,True
Peru,Robotics,2022,0,False
Greece,Robotics,2017,1,True
United States,Robotics,2020,571,False
Australia,Search Methods,2016,9,True
Denmark,Search Methods,2024,0,False
Taiwan,Search Methods,2018,7,True
Slovakia,Search Methods,2021,0,False
Slovakia,Search Methods,2024,0,False
Switzerland,Search Methods,2018,0,True
Singapore,Search Methods,2021,0,False
Poland,Search Methods,2018,0,True
Croatia,Search Methods,2018,0,True
Netherlands,Search Methods,2023,2,False
Luxembourg,Search Methods,2022,4,False
Sweden,Security,2018,1,True
New Zealand,Security,2019,3,True
Spain,Security,2020,8,False
Japan,Security,2025,0,False
Denmark,Security,2022,0,False
Taiwan,Security,2022,33,False
Peru,Security,2023,0,False
Israel,Security,2020,9,False
Norway,Security,2023,0,False
Slovakia,Spatial and Physical Reasoning,2024,0,False
Costa Rica,Spatial and Physical Reasoning,2020,1,False
Singapore,Spatial and Physical Reasoning,2017,33,True
Canada,Spatial and Physical Reasoning,2018,212,True
Belgium,Spatial and Physical Reasoning,2016,0,True
Belgium,Spatial and Physical Reasoning,2020,0,False
Netherlands,Spatial and Physical Reasoning,2020,6,False
Norway,Spatial and Physical Reasoning,2016,0,True
Norway,Spatial and Physical Reasoning,2019,3,True
Turkey,Speech Processing,2018,0,True
Sweden,Speech Processing,2019,0,True
United States,Speech Processing,2018,1079,True
New Zealand,Speech Processing,2019,0,True
Norway,Speech Processing,2016,0,True
Spain,Speech Processing,2024,0,False
Luxembourg,Telecommunications,2025,18,False
Australia,Telecommunications,2021,194,False
Japan,Telecommunications,2025,1,False
Switzerland,Telecommunications,2022,0,False
Bulgaria,Transportation,2021,0,False
United States,Transportation,2025,13,False
France,Transportation,2023,28,False
Austria,Agriculture,2019,0,True
Greece,Agriculture,2024,0,False
Bulgaria,Agriculture,2021,0,False
Bulgaria,Agriculture,2023,0,False
New Zealand,Agriculture,2018,3,True
Costa Rica,Agriculture,2023,0,False
Australia,Agriculture,2022,5,False
China,Agriculture,2023,1051,False
China,Agriculture,2026,28,False
Finland,Agriculture,2019,1,True
South Korea,All,2021,6939,False
Croatia,All,2020,1,False
Austria,All,2017,11,True
Romania,All,2023,1,False
Germany,All,2020,647,False
Switzerland,All,2021,6,False
Finland,All,2023,7,False
Australia,Analytics and Algorithms,2021,152,False
Brazil,Analytics and Algorithms,2018,16,True
Hungary,Analytics and Algorithms,2018,1,True
Lithuania,Analytics and Algorithms,2017,0,True
Croatia,Analytics and Algorithms,2019,0,True
Bulgaria,Analytics and Algorithms,2020,0,False
France,Analytics and Algorithms,2020,30,False
China,Analytics and Algorithms,2026,153,False
Argentina,Analytics and Algorithms,2023,0,False
Turkey,Analytics and Algorithms,2016,0,True
Turkey,Analytics and Algorithms,2023,0,False
South Africa,Banking and Finance,2018,0,True
France,Banking and Finance,2022,9,False
Iran,Banking and Finance,2018,0,True
Slovakia,Banking and Finance,2023,0,False
Czechia,Banking and Finance,2022,0,False
South Korea,Banking and Finance,2017,64,True
Mexico,Banking and Finance,2021,4,False
Brazil,Banking and Finance,2017,5,True
Romania,Bio-Inspired Computing,2023,0,False
Italy,Bio-Inspired Computing,2021,1,False
Canada,Bio-Inspired Computing,2017,19,True
Malaysia,Bio-Inspired Computing,2019,3,True
Norway,Business,2025,0,False
Czechia,Business,2021,0,False
Czechia,Business,2023,1,False
China,Business,2026,162,False
Australia,Business,2018,72,True
San Marino,Business,2020,0,False
United Kingdom,Business,2017,20,True
Costa Rica,Business,2023,0,False
Japan,Business,2017,245,True
Germany,Business,2021,16,False
Canada,Business,2022,26,False
Canada,Business,2023,4,False
United Kingdom,Computer Vision,2020,106,False
Mexico,Computer Vision,2021,26,False
France,Computer Vision,2017,30,True
Switzerland,Computer Vision,2021,2,False
Malaysia,Computer Vision,2020,10,False
Sweden,Computer Vision,2018,5,True
Canada,Computer Vision,2019,221,True
Luxembourg,Computer Vision,2016,0,True
Netherlands,Computing in Government,2020,0,False
Mexico,Computing in Government,2018,0,True
Canada,Computing in Government,2020,3,False
United States,Computing in Government,2017,30,True
Hungary,Computing in Government,2017,0,True
Saudi Arabia,Computing in Government,2023,0,False
Lithuania,Computing in Government,2019,0,True
Israel,Computing in Government,2021,0,False
South Korea,Computing in Government,2024,83,False
Brazil,Computing in Government,2021,0,False
Sweden,Computing in Government,2024,0,False
Argentina,Control Methods,2017,0,True
Ukraine,Control Methods,2024,0,False
Lithuania,Control Methods,2018,1,True
Slovenia,Control Methods,2022,0,False
Bulgaria,Control Methods,2025,0,False
Switzerland,Control Methods,2018,0,True
Russia,Control Methods,2019,14,True
Italy,Distributed AI,2020,0,False
Cuba,Distributed AI,2020,0,False
Belgium,Distributed AI,2019,0,True
Switzerland,Distributed AI,2020,0,False
Lithuania,Distributed AI,2016,0,True
Paraguay,Distributed AI,2021,0,False
Czechia,Distributed AI,2018,0,True
France,Distributed AI,2019,5,True
France,Distributed AI,2021,3,False
Taiwan,Distributed AI,2025,1,False
India,Distributed AI,2018,6,True
China,Distributed AI,2016,16,True
China,Distributed AI,2024,659,False
Hungary,Distributed AI,2019,0,True
Canada,Education,2022,5,False
Australia,Education,2017,5,True
Mexico,Education,2018,1,True
Sweden,Education,2016,0,True
Sweden,Education,2022,0,False
Poland,Education,2022,0,False
Bulgaria,Energy Management,2025,0,False
Japan,Energy Management,2022,94,False
Japan,Energy Management,2023,25,False
United States,Energy Management,2019,324,True
Israel,Energy Management,2018,0,True
Australia,Energy Management,2017,10,True
Lithuania,Energy Management,2018,1,True
Philippines,Energy Management,2018,0,True
Switzerland,Energy Management,2019,0,True
Hungary,Fuzzy Logic,2022,0,False
Switzerland,Fuzzy Logic,2017,0,True
Slovakia,Fuzzy Logic,2021,0,False
Canada,Fuzzy Logic,2024,0,False
Italy,Fuzzy Logic,2020,0,False
Peru,Fuzzy Logic,2019,0,True
New Zealand,Fuzzy Logic,2020,0,False
Austria,Fuzzy Logic,2016,0,True
Germany,Fuzzy Logic,2016,5,True
South Korea,Fuzzy Logic,2018,27,True
Argentina,Fuzzy Logic,2022,0,False
Netherlands,Industry and Manufacturing,2017,0,True
United Kingdom,Industry and Manufacturing,2017,16,True
Japan,Industry and Manufacturing,2020,432,False
Brazil,Industry and Manufacturing,2018,13,True
South Korea,Industry and Manufacturing,2020,532,False
Israel,Industry and Manufacturing,2017,3,True
United States,Industry and Manufacturing,2019,700,True
Singapore,Industry and Manufacturing,2016,4,True
Colombia,Knowledge Representation,2024,0,False
Denmark,Knowledge Representation,2018,0,True
China,Knowledge Representation,2025,3343,False
China,Knowledge Representation,2026,156,False
Australia,Knowledge Representation,2021,43,False
Canada,Knowledge Representation,2020,30,False
Canada,Knowledge Representation,2023,1,False
Spain,Knowledge Representation,2023,0,False
Peru,Knowledge Representation,2020,0,False
Luxembourg,Natural Language Processing,2022,0,False
Brazil,Natural Language Processing,2016,2,True
Taiwan,Natural Language Processing,2017,8,True
Switzerland,Natural Language Processing,2023,0,False
Israel,Life Sciences,2020,2,False
Russia,Life Sciences,2019,9,True
Poland,Life Sciences,2016,6,True
Poland,Life Sciences,2017,4,True
Denmark,Life Sciences,2019,12,True
Estonia,Life Sciences,2022,0,False
Bulgaria,Life Sciences,2021,2,False
Romania,Life Sciences,2016,1,True
Ukraine,Life Sciences,2019,0,True
Ukraine,Life Sciences,2021,1,False
Ukraine,Life Sciences,2025,0,False
Peru,Life Sciences,2020,3,False
Sweden,Life Sciences,2016,1,True
Portugal,Life Sciences,2016,1,True
Finland,Logic-Based Knowledge Systems,2023,0,False
Norway,Logic-Based Knowledge Systems,2024,0,False
Croatia,Logic-Based Knowledge Systems,2024,0,False
South Korea,Logic-Based Knowledge Systems,2018,201,True
United Kingdom,Logic-Based Knowledge Systems,2019,30,True
Canada,Logic-Based Knowledge Systems,2016,66,True
Spain,Markov and Bayesian Models,2020,6,False
Czechia,Markov and Bayesian Models,2019,0,True
Norway,Markov and Bayesian Models,2017,0,True
Taiwan,Markov and Bayesian Models,2023,19,False
Iran,Markov and Bayesian Models,2018,1,True
Finland,Markov and Bayesian Models,2016,1,True
Kenya,Markov and Bayesian Models,2016,0,True
Philippines,Markov and Bayesian Models,2016,1,True
Portugal,Measuring and Testing,2016,2,True
Bulgaria,Measuring and Testing,2023,0,False
Denmark,Measuring and Testing,2020,4,False
Belgium,Measuring and Testing,2020,1,False
Spain,Measuring and Testing,2024,5,False
Russia,Measuring and Testing,2016,24,True
Hungary,Neural Networks,2019,5,True
Argentina,Neural Networks,2018,4,True
Mexico,Neural Networks,2016,4,True
Brazil,Neural Networks,2017,28,True
Uruguay,Neural Networks,2020,1,False
United States,Neural Networks,2023,2420,False
Austria,Neural Networks,2022,2,False
South Africa,Neural Networks,2016,0,True
South Africa,Neural Networks,2023,44,False
Cuba,Ontology Engineering,2020,0,False
Brazil,Ontology Engineering,2022,0,False
Lithuania,Ontology Engineering,2020,0,False
Hungary,Ontology Engineering,2022,0,False
Norway,Ontology Engineering,2025,0,False
Taiwan,Ontology Engineering,2016,1,True
Greece,Ontology Engineering,2021,0,False
South Africa,Ontology Engineering,2020,0,False
Russia,Ontology Engineering,2019,2,True
Mexico,Ontology Engineering,2018,1,True
Portugal,Ontology Engineering,2024,0,False
Sweden,Ontology Engineering,2018,0,True
India,Other and Unspecified,2019,0,True
United States,Other and Unspecified,2020,3999,False
Argentina,Other and Unspecified,2021,1,False
United Kingdom,Other and Unspecified,2020,90,False
United Kingdom,Other and Unspecified,2022,71,False
Lithuania,Other and Unspecified,2016,3,True
Austria,Other and Unspecified,2016,8,True
Portugal,Other and Unspecified,2016,4,True
Sweden,Other and Unspecified,2023,3,False
Mexico,Personal Devices and Computing,2020,41,False
Netherlands,Personal Devices and Computing,2019,8,True
Japan,Personal Devices and Computing,2022,629,False
India,Personal Devices and Computing,2016,80,True
India,Personal Devices and Computing,2018,144,True
Turkey,Personal Devices and Computing,2023,0,False
Uruguay,Personal Devices and Computing,2017,0,True
Belgium,Personal Devices and Computing,2025,3,False
Peru,Personal Devices and Computing,2022,3,False
United States,Personal Devices and Computing,2017,6054,True
Ukraine,Personal Devices and Computing,2019,0,True
Finland,Physical Sciences and Engineering,2020,28,False
Bulgaria,Physical Sciences and Engineering,2024,18,False
Netherlands,Physical Sciences and Engineering,2023,41,False
South Korea,Physical Sciences and Engineering,2018,3526,True
South Korea,Physical Sciences and Engineering,2023,4539,False
United States,Physical Sciences and Engineering,2020,14944,False
Costa Rica,Physical Sciences and Engineering,2020,2,False
Canada,Physical Sciences and Engineering,2024,4,False
Malaysia,Physical Sciences and Engineering,2020,27,False
Slovakia,Physical Sciences and Engineering,2024,1,False
Israel,Physical Sciences and Engineering,2016,3,True
Czechia,Planning and Scheduling,2024,0,False
China,Planning and Scheduling,2017,707,True
Canada,Planning and Scheduling,2018,93,True
Lithuania,Planning and Scheduling,2022,0,False
Netherlands,Planning and Scheduling,2020,1,False
Luxembourg,Robotics,2018,0,True
Slovakia,Robotics,2023,0,False
Switzerland,Robotics,2021,0,False
Bulgaria,Robotics,2025,0,False
Ukraine,Search Methods,2016,0,True
Argentina,Search Methods,2020,1,False
Argentina,Search Methods,2021,0,False
United States,Search Methods,2019,1216,True
United States,Search Methods,2023,108,False
United Kingdom,Search Methods,2023,2,False
South Africa,Search Methods,2020,0,False
Turkey,Search Methods,2023,0,False
Greece,Search Methods,2025,0,False
Portugal,Search Methods,2022,0,False
United Kingdom,Security,2018,25,True
Tunisia,Security,2021,0,False
Singapore,Security,2020,7,False
Sweden,Spatial and Physical Reasoning,2024,4,False
Ukraine,Spatial and Physical Reasoning,2021,0,False
South Korea,Spatial and Physical Reasoning,2025,95,False
Philippines,Spatial and Physical Reasoning,2021,22,False
Philippines,Spatial and Physical Reasoning,2023,0,False
Russia,Spatial and Physical Reasoning,2021,11,False
Argentina,Spatial and Physical Reasoning,2017,1,True
Slovenia,Spatial and Physical Reasoning,2019,0,True
Serbia,Spatial and Physical Reasoning,2018,2,True
Australia,Spatial and Physical Reasoning,2016,76,True
Israel,Spatial and Physical Reasoning,2016,2,True
Morocco,Spatial and Physical Reasoning,2018,2,True
Belgium,Spatial and Physical Reasoning,2019,0,True
Germany,Spatial and Physical Reasoning,2021,247,False
Italy,Speech Processing,2021,0,False
Netherlands,Speech Processing,2020,0,False
Saudi Arabia,Speech Processing,2023,0,False
Russia,Speech Processing,2019,8,True
Portugal,Speech Processing,2021,1,False
Norway,Speech Processing,2023,0,False
Malaysia,Speech Processing,2017,1,True
Bulgaria,Speech Processing,2018,0,True
Spain,Speech Processing,2022,2,False
France,Speech Processing,2017,1,True
United Kingdom,Speech Processing,2016,14,True
Norway,Telecommunications,2021,2,False
Morocco,Telecommunications,2021,0,False
Australia,Telecommunications,2017,62,True
Turkey,Telecommunications,2020,0,False
Romania,Telecommunications,2022,0,False
Saudi Arabia,Telecommunications,2022,0,False
Poland,Telecommunications,2018,8,True
Ukraine,Telecommunications,2018,0,True
Ukraine,Telecommunications,2023,0,False
Greece,Telecommunications,2024,1,False
Costa Rica,Telecommunications,2020,0,False
Italy,Telecommunications,2016,1,True
Brazil,Transportation,2022,0,False
Switzerland,Transportation,2017,0,True
New Zealand,Transportation,2022,0,False
South Africa,Transportation,2025,0,False
Luxembourg,Transportation,2023,7,False
Japan,Transportation,2023,81,False
France,Transportation,2022,48,False
Australia,Transportation,2024,1,False
Romania,Transportation,2023,0,False
South Africa,Agriculture,2019,0,True
Malaysia,Agriculture,2019,0,True
Argentina,Agriculture,2018,5,True
Spain,Agriculture,2018,11,True
Netherlands,Agriculture,2025,1,False
United States,Agriculture,2023,32,False
Belgium,Agriculture,2020,0,False
Colombia,Agriculture,2022,0,False
Morocco,Agriculture,2017,0,True
Morocco,Agriculture,2021,0,False
Morocco,Agriculture,2023,0,False
South Korea,All,2020,6584,False
Ukraine,All,2022,4,False
Ireland,All,2018,1,True
Netherlands,All,2019,26,True
Israel,All,2020,13,False
Israel,All,2023,4,False
Peru,Analytics and Algorithms,2016,1,True
Czechia,Analytics and Algorithms,2017,0,True
Hungary,Analytics and Algorithms,2023,0,False
India,Analytics and Algorithms,2017,25,True
Croatia,Analytics and Algorithms,2021,0,False
Greece,Analytics and Algorithms,2025,0,False
Slovenia,Analytics and Algorithms,2016,1,True
Japan,Analytics and Algorithms,2018,247,True
Philippines,Analytics and Algorithms,2017,0,True
Norway,Analytics and Algorithms,2023,0,False
United States,Analytics and Algorithms,2022,858,False
Poland,Banking and Finance,2017,1,True
Japan,Banking and Finance,2022,59,False
Japan,Banking and Finance,2024,1,False
Chile,Banking and Finance,2018,0,True
Morocco,Banking and Finance,2019,1,True
Morocco,Banking and Finance,2023,1,False
Switzerland,Banking and Finance,2024,0,False
Belgium,Banking and Finance,2022,0,False
France,Banking and Finance,2017,7,True
Brazil,Banking and Finance,2019,12,True
Taiwan,Bio-Inspired Computing,2022,7,False
United States,Bio-Inspired Computing,2021,414,False
Germany,Bio-Inspired Computing,2022,25,False
Canada,Bio-Inspired Computing,2021,18,False
Norway,Bio-Inspired Computing,2016,0,True
Philippines,Bio-Inspired Computing,2016,0,True
Philippines,Bio-Inspired Computing,2018,0,True
Greece,Bio-Inspired Computing,2023,1,False
Israel,Bio-Inspired Computing,2017,2,True
Portugal,Bio-Inspired Computing,2020,0,False
Ireland,Bio-Inspired Computing,2016,1,True
Uruguay,Bio-Inspired Computing,2022,0,False
Israel,Business,2016,0,True
Australia,Business,2022,14,False
Poland,Business,2019,5,True
Croatia,Business,2019,0,True
Canada,Business,2017,55,True
Ireland,Computer Vision,2023,1,False
Taiwan,Computer Vision,2025,9,False
Finland,Computer Vision,2022,5,False
Switzerland,Computer Vision,2016,0,True
Switzerland,Computer Vision,2017,0,True
Bulgaria,Computer Vision,2019,1,True
Romania,Computer Vision,2021,2,False
Malaysia,Computer Vision,2016,4,True
Hungary,Computer Vision,2020,2,False
Sweden,Computer Vision,2022,12,False
Czechia,Computer Vision,2025,0,False
Australia,Computer Vision,2017,85,True
Argentina,Computer Vision,2017,0,True
Slovenia,Computer Vision,2022,1,False
Peru,Computing in Government,2018,0,True
Czechia,Computing in Government,2021,0,False
South Africa,Computing in Government,2024,0,False
Israel,Computing in Government,2022,0,False
Australia,Computing in Government,2018,3,True
France,Computing in Government,2018,1,True
Philippines,Computing in Government,2020,1,False
United States,Control Methods,2021,1258,False
Poland,Control Methods,2018,7,True
Morocco,Control Methods,2018,1,True
Australia,Control Methods,2023,12,False
San Marino,Control Methods,2017,0,True
Portugal,Control Methods,2016,2,True
Switzerland,Control Methods,2017,0,True
France,Control Methods,2023,18,False
Netherlands,Distributed AI,2024,1,False
Israel,Distributed AI,2023,0,False
Peru,Distributed AI,2023,0,False
Spain,Distributed AI,2016,0,True
Norway,Distributed AI,2018,0,True
Australia,Distributed AI,2019,9,True
Australia,Distributed AI,2020,8,False
South Korea,Distributed AI,2024,16,False
Slovakia,Education,2023,0,False
Cuba,Education,2020,0,False
Germany,Education,2018,7,True
Czechia,Education,2018,0,True
Australia,Education,2022,1,False
Bulgaria,Education,2020,1,False
Philippines,Education,2018,0,True
Lithuania,Education,2020,0,False
Poland,Education,2019,0,True
Sweden,Energy Management,2019,2,True
Czechia,Energy Management,2024,1,False
Italy,Energy Management,2024,1,False
San Marino,Energy Management,2018,0,True
Australia,Energy Management,2023,2,False
Lithuania,Energy Management,2021,0,False
South Africa,Energy Management,2025,0,False
Norway,Energy Management,2021,1,False
Canada,Energy Management,2019,18,True
Morocco,Fuzzy Logic,2022,0,False
Czechia,Fuzzy Logic,2017,0,True
Norway,Fuzzy Logic,2023,0,False
France,Fuzzy Logic,2016,1,True
Croatia,Fuzzy Logic,2018,0,True
Denmark,Fuzzy Logic,2020,0,False
South Korea,Fuzzy Logic,2024,4,False
Portugal,Fuzzy Logic,2019,1,True
Mexico,Fuzzy Logic,2019,1,True
Mexico,Fuzzy Logic,2022,0,False
Argentina,Industry and Manufacturing,2020,0,False
Israel,Industry and Manufacturing,2024,0,False
India,Industry and Manufacturing,2019,0,True
Sweden,Industry and Manufacturing,2022,5,False
Italy,Knowledge Representation,2022,0,False
Bulgaria,Knowledge Representation,2025,0,False
Croatia,Knowledge Representation,2024,0,False
Netherlands,Knowledge Representation,2020,1,False
Spain,Knowledge Representation,2021,0,False
Morocco,Knowledge Representation,2023,0,False
Ireland,Knowledge Representation,2018,0,True
South Africa,Knowledge Representation,2021,0,False
Norway,Natural Language Processing,2017,0,True
Slovenia,Natural Language Processing,2016,0,True
Netherlands,Natural Language Processing,2020,1,False
Lithuania,Natural Language Processing,2016,0,True
Germany,Natural Language Processing,2025,14,False
Belgium,Natural Language Processing,2024,0,False
United States,Natural Language Processing,2021,1369,False
Greece,Life Sciences,2024,5,False
Morocco,Life Sciences,2023,3,False
Switzerland,Life Sciences,2017,1,True
Romania,Life Sciences,2019,0,True
Ireland,Life Sciences,2022,0,False
India,Life Sciences,2016,18,True
Italy,Life Sciences,2017,8,True
Sweden,Life Sciences,2018,4,True
Latvia,Logic-Based Knowledge Systems,2020,0,False
Ireland,Logic-Based Knowledge Systems,2023,0,False
Netherlands,Logic-Based Knowledge Systems,2016,1,True
Argentina,Logic-Based Knowledge Systems,2019,2,True
Belgium,Logic-Based Knowledge Systems,2017,0,True
Russia,Logic-Based Knowledge Systems,2018,29,True
Jordan,Logic-Based Knowledge Systems,2021,0,False
New Zealand,Logic-Based Knowledge Systems,2016,0,True
Canada,Logic-Based Knowledge Systems,2024,0,False
Austria,Markov and Bayesian Models,2023,0,False
Spain,Markov and Bayesian Models,2021,6,False
Portugal,Markov and Bayesian Models,2016,0,True
Ireland,Markov and Bayesian Models,2016,0,True
Morocco,Markov and Bayesian Models,2023,0,False
Germany,Measuring and Testing,2021,121,False
South Korea,Measuring and Testing,2022,1076,False
Philippines,Measuring and Testing,2019,4,True
Saudi Arabia,Measuring and Testing,2022,0,False
Hungary,Measuring and Testing,2016,3,True
Costa Rica,Measuring and Testing,2020,0,False
Taiwan,Measuring and Testing,2025,2,False
United Kingdom,Measuring and Testing,2017,27,True
Italy,Measuring and Testing,2018,6,True
South Africa,Measuring and Testing,2023,0,False
South Africa,Measuring and Testing,2024,0,False
Netherlands,Measuring and Testing,2023,10,False
Sweden,Neural Networks,2019,6,True
Japan,Neural Networks,2020,2128,False
Argentina,Neural Networks,2022,3,False
Slovakia,Neural Networks,2024,1,False
China,Neural Networks,2023,36100,False
Turkey,Neural Networks,2021,4,False
Switzerland,Neural Networks,2016,1,True
Russia,Neural Networks,2018,127,True
Taiwan,Neural Networks,2018,192,True
Saudi Arabia,Neural Networks,2023,0,False
Ukraine,Neural Networks,2024,4,False
Norway,Neural Networks,2021,5,False
South Africa,Neural Networks,2021,15,False
Ukraine,Ontology Engineering,2025,1,False
Philippines,Ontology Engineering,2019,0,True
Italy,Ontology Engineering,2022,0,False
Hungary,Ontology Engineering,2018,0,True
Norway,Ontology Engineering,2017,0,True
Canada,Ontology Engineering,2020,18,False
Canada,Ontology Engineering,2023,0,False
Colombia,Ontology Engineering,2022,0,False
Taiwan,Ontology Engineering,2022,9,False
Japan,Ontology Engineering,2016,21,True
Croatia,Ontology Engineering,2021,0,False
Australia,Ontology Engineering,2019,7,True
Saudi Arabia,Ontology Engineering,2021,0,False
Switzerland,Ontology Engineering,2019,0,True
Sweden,Ontology Engineering,2017,0,True
Croatia,Other and Unspecified,2020,0,False
Bulgaria,Other and Unspecified,2023,9,False
Bulgaria,Other and Unspecified,2025,5,False
New Zealand,Other and Unspecified,2017,9,True
Morocco,Other and Unspecified,2017,1,True
Norway,Other and Unspecified,2023,4,False
Czechia,Other and Unspecified,2019,0,True
France,Personal Devices and Computing,2016,35,True
Greece,Personal Devices and Computing,2019,1,True
Peru,Personal Devices and Computing,2018,2,True
Chile,Personal Devices and Computing,2018,0,True
United States,Personal Devices and Computing,2016,3846,True
Israel,Personal Devices and Computing,2020,11,False
United Kingdom,Physical Sciences and Engineering,2020,291,False
Morocco,Physical Sciences and Engineering,2020,2,False
Japan,Physical Sciences and Engineering,2017,2289,True
France,Physical Sciences and Engineering,2018,160,True
China,Physical Sciences and Engineering,2021,57876,False
Costa Rica,Planning and Scheduling,2020,0,False
France,Planning and Scheduling,2021,11,False
Austria,Planning and Scheduling,2018,0,True
Austria,Planning and Scheduling,2024,0,False
Argentina,Planning and Scheduling,2022,0,False
China,Planning and Scheduling,2025,5708,False
Russia,Planning and Scheduling,2018,10,True
Italy,Planning and Scheduling,2016,0,True
Israel,Planning and Scheduling,2022,0,False
Romania,Robotics,2016,0,True
Ukraine,Robotics,2021,0,False
Greece,Robotics,2021,0,False
Tunisia,Robotics,2021,0,False
Canada,Robotics,2022,20,False
Ukraine,Search Methods,2022,0,False
Peru,Search Methods,2023,1,False
Turkey,Search Methods,2018,0,True
Croatia,Search Methods,2019,0,True
Spain,Search Methods,2020,3,False
Luxembourg,Security,2020,1,False
Czechia,Security,2018,0,True
Australia,Security,2020,79,False
Malaysia,Security,2016,3,True
United States,Security,2019,1554,True
Germany,Security,2025,21,False
Greece,Security,2016,0,True
China,Security,2020,2087,False
Canada,Security,2019,58,True
Netherlands,Security,2021,1,False
Brazil,Spatial and Physical Reasoning,2016,37,True
United Kingdom,Spatial and Physical Reasoning,2024,11,False
Italy,Spatial and Physical Reasoning,2020,10,False
France,Spatial and Physical Reasoning,2016,19,True
Bulgaria,Spatial and Physical Reasoning,2021,0,False
Argentina,Spatial and Physical Reasoning,2023,2,False
Serbia,Spatial and Physical Reasoning,2019,0,True
China,Spatial and Physical Reasoning,2026,839,False
Portugal,Spatial and Physical Reasoning,2021,2,False
Netherlands,Spatial and Physical Reasoning,2023,11,False
Poland,Speech Processing,2022,1,False
Turkey,Speech Processing,2019,0,True
Slovenia,Speech Processing,2016,0,True
Brazil,Speech Processing,2021,5,False
Tunisia,Speech Processing,2021,0,False
Malaysia,Speech Processing,2019,1,True
Singapore,Speech Processing,2019,4,True
Taiwan,Speech Processing,2024,17,False
Australia,Telecommunications,2018,101,True
Australia,Telecommunications,2023,24,False
Spain,Telecommunications,2025,0,False
Lithuania,Telecommunications,2016,2,True
France,Telecommunications,2022,33,False
South Africa,Telecommunications,2018,0,True
Romania,Telecommunications,2017,1,True
Brazil,Telecommunications,2020,26,False
Austria,Telecommunications,2023,0,False
Poland,Transportation,2019,2,True
Netherlands,Transportation,2023,5,False
Bulgaria,Transportation,2024,1,False
United States,Transportation,2020,1368,False
Finland,Transportation,2021,4,False
Denmark,Transportation,2022,0,False
Paraguay,Agriculture,2021,0,False
Peru,Agriculture,2017,0,True
Peru,Agriculture,2020,2,False
United States,Agriculture,2019,149,True
Switzerland,Agriculture,2020,0,False
Ukraine,Agriculture,2019,0,True
Sweden,All,2022,24,False
Denmark,All,2016,24,True
Bulgaria,All,2017,2,True
Bulgaria,All,2018,4,True
Portugal,All,2017,8,True
Argentina,All,2020,10,False
Estonia,All,2022,1,False
Costa Rica,All,2020,2,False
Luxembourg,All,2017,3,True
Brazil,All,2017,74,True
Germany,All,2023,303,False
Netherlands,All,2016,6,True
Canada,All,2024,4,False
Finland,All,2018,29,True
Malaysia,Analytics and Algorithms,2016,1,True
Austria,Analytics and Algorithms,2017,2,True
Greece,Analytics and Algorithms,2023,0,False
Spain,Analytics and Algorithms,2025,0,False
Iran,Analytics and Algorithms,2018,0,True
Belgium,Analytics and Algorithms,2023,1,False
Taiwan,Analytics and Algorithms,2023,64,False
South Africa,Analytics and Algorithms,2020,0,False
Canada,Banking and Finance,2020,45,False
Taiwan,Banking and Finance,2024,41,False
United States,Banking and Finance,2023,201,False
Belgium,Banking and Finance,2018,0,True
South Korea,Banking and Finance,2025,11,False
Australia,Banking and Finance,2020,54,False
Germany,Bio-Inspired Computing,2016,12,True
Peru,Bio-Inspired Computing,2016,0,True
Malaysia,Bio-Inspired Computing,2021,0,False
Denmark,Bio-Inspired Computing,2024,0,False
Poland,Bio-Inspired Computing,2019,2,True
Singapore,Bio-Inspired Computing,2016,5,True
Australia,Bio-Inspired Computing,2020,34,False
Slovenia,Bio-Inspired Computing,2022,0,False
Switzerland,Bio-Inspired Computing,2022,0,False
Serbia,Bio-Inspired Computing,2023,0,False
Hungary,Bio-Inspired Computing,2022,1,False
Czechia,Business,2019,0,True
Belgium,Business,2017,2,True
Spain,Business,2022,3,False
Ukraine,Business,2023,0,False
Austria,Business,2022,0,False
New Zealand,Computer Vision,2021,2,False
South Africa,Computer Vision,2023,0,False
South Korea,Computer Vision,2021,2360,False
Serbia,Computer Vision,2023,1,False
Japan,Computer Vision,2018,1101,True
Bulgaria,Computing in Government,2019,0,True
Cuba,Computing in Government,2020,0,False
Norway,Computing in Government,2021,0,False
Lithuania,Computing in Government,2022,0,False
South Korea,Computing in Government,2018,41,True
South Korea,Computing in Government,2022,176,False
Austria,Computing in Government,2018,0,True
United Kingdom,Computing in Government,2025,0,False
Russia,Computing in Government,2018,0,True
Portugal,Computing in Government,2022,0,False
South Africa,Control Methods,2020,0,False
Austria,Control Methods,2018,4,True
Japan,Control Methods,2022,331,False
Croatia,Control Methods,2018,1,True
United Kingdom,Control Methods,2024,5,False
Finland,Control Methods,2022,3,False
Switzerland,Control Methods,2024,0,False
Luxembourg,Control Methods,2025,21,False
Russia,Control Methods,2018,19,True
Mexico,Distributed AI,2017,1,True
Sweden,Distributed AI,2016,0,True
Romania,Distributed AI,2016,0,True
Bulgaria,Distributed AI,2017,0,True
Hungary,Distributed AI,2021,0,False
Singapore,Distributed AI,2016,0,True
Singapore,Distributed AI,2020,0,False
Greece,Education,2023,1,False
China,Education,2022,404,False
Italy,Education,2017,1,True
Luxembourg,Education,2025,9,False
Ukraine,Education,2018,0,True
Philippines,Education,2022,1,False
Slovenia,Education,2019,0,True
Sweden,Energy Management,2020,3,False
Netherlands,Energy Management,2017,0,True
South Korea,Energy Management,2017,113,True
Poland,Energy Management,2023,0,False
India,Energy Management,2016,2,True
India,Energy Management,2019,0,True
Romania,Energy Management,2024,0,False
Finland,Fuzzy Logic,2019,3,True
Switzerland,Fuzzy Logic,2020,0,False
Morocco,Fuzzy Logic,2018,0,True
Belgium,Fuzzy Logic,2021,0,False
Czechia,Fuzzy Logic,2019,0,True
Czechia,Fuzzy Logic,2025,0,False
France,Fuzzy Logic,2017,1,True
Italy,Fuzzy Logic,2016,0,True
Italy,Fuzzy Logic,2022,0,False
Serbia,Fuzzy Logic,2020,0,False
Austria,Fuzzy Logic,2022,0,False
Portugal,Fuzzy Logic,2022,0,False
Singapore,Fuzzy Logic,2016,0,True
South Africa,Fuzzy Logic,2021,0,False
Canada,Industry and Manufacturing,2022,16,False
Japan,Industry and Manufacturing,2024,21,False
Austria,Industry and Manufacturing,2021,3,False
Peru,Industry and Manufacturing,2021,1,False
Paraguay,Industry and Manufacturing,2021,0,False
Israel,Industry and Manufacturing,2021,0,False
Ireland,Industry and Manufacturing,2022,0,False
Ukraine,Industry and Manufacturing,2019,0,True
Ukraine,Industry and Manufacturing,2025,0,False
United States,Industry and Manufacturing,2024,36,False
Czechia,Knowledge Representation,2023,0,False
Philippines,Knowledge Representation,2021,1,False
New Zealand,Knowledge Representation,2021,0,False
Bulgaria,Knowledge Representation,2017,0,True
Luxembourg,Knowledge Representation,2025,24,False
Taiwan,Knowledge Representation,2019,6,True
Germany,Knowledge Representation,2020,20,False
Netherlands,Knowledge Representation,2018,0,True
Uruguay,Natural Language Processing,2020,0,False
Finland,Natural Language Processing,2020,0,False
Finland,Natural Language Processing,2022,1,False
Norway,Natural Language Processing,2016,0,True
Kenya,Natural Language Processing,2016,0,True
Slovenia,Natural Language Processing,2019,0,True
Morocco,Natural Language Processing,2024,0,False
Malaysia,Natural Language Processing,2019,1,True
Malaysia,Natural Language Processing,2021,2,False
Belgium,Natural Language Processing,2023,0,False
Japan,Natural Language Processing,2025,1,False
Canada,Natural Language Processing,2021,41,False
Czechia,Natural Language Processing,2025,0,False
Morocco,Life Sciences,2022,1,False
Poland,Life Sciences,2022,3,False
Belgium,Life Sciences,2019,0,True
Denmark,Life Sciences,2024,0,False
Jordan,Life Sciences,2021,0,False
San Marino,Life Sciences,2017,0,True
Japan,Life Sciences,2019,750,True
Czechia,Life Sciences,2018,0,True
Philippines,Life Sciences,2022,0,False
Sweden,Life Sciences,2021,3,False
Portugal,Logic-Based Knowledge Systems,2020,0,False
Hungary,Logic-Based Knowledge Systems,2016,1,True
Taiwan,Logic-Based Knowledge Systems,2025,3,False
Australia,Logic-Based Knowledge Systems,2024,2,False
Sweden,Logic-Based Knowledge Systems,2022,0,False
Israel,Logic-Based Knowledge Systems,2022,0,False
Indonesia,Logic-Based Knowledge Systems,2016,1,True
Switzerland,Logic-Based Knowledge Systems,2017,0,True
New Zealand,Logic-Based Knowledge Systems,2019,0,True
United States,Markov and Bayesian Models,2020,1617,False
Peru,Markov and Bayesian Models,2023,1,False
South Africa,Markov and Bayesian Models,2017,0,True
South Africa,Markov and Bayesian Models,2019,0,True
Switzerland,Markov and Bayesian Models,2024,0,False
Lithuania,Markov and Bayesian Models,2018,0,True
Israel,Markov and Bayesian Models,2023,1,False
Luxembourg,Markov and Bayesian Models,2023,3,False
Luxembourg,Markov and Bayesian Models,2025,20,False
Poland,Markov and Bayesian Models,2016,1,True
Saudi Arabia,Markov and Bayesian Models,2021,0,False
Ireland,Measuring and Testing,2023,0,False
Serbia,Measuring and Testing,2019,2,True
Serbia,Measuring and Testing,2021,0,False
Greece,Measuring and Testing,2016,0,True
Spain,Measuring and Testing,2020,37,False
Spain,Measuring and Testing,2021,28,False
Argentina,Measuring and Testing,2017,1,True
Peru,Measuring and Testing,2016,2,True
Australia,Measuring and Testing,2022,30,False
South Africa,Measuring and Testing,2018,1,True
Tunisia,Neural Networks,2021,1,False
Iran,Neural Networks,2018,0,True
France,Neural Networks,2019,143,True
Poland,Neural Networks,2020,15,False
Malaysia,Neural Networks,2018,8,True
Ukraine,Neural Networks,2016,4,True
Ukraine,Neural Networks,2025,6,False
Norway,Neural Networks,2017,0,True
United States,Neural Networks,2019,8766,True
United Kingdom,Neural Networks,2024,14,False
Belgium,Neural Networks,2020,3,False
Ukraine,Ontology Engineering,2021,1,False
Finland,Ontology Engineering,2021,1,False
Germany,Ontology Engineering,2017,4,True
Czechia,Ontology Engineering,2021,0,False
Lithuania,Ontology Engineering,2022,0,False
China,Ontology Engineering,2021,4081,False
China,Ontology Engineering,2023,4245,False
France,Ontology Engineering,2016,1,True
Portugal,Ontology Engineering,2019,0,True
Belgium,Ontology Engineering,2023,0,False
Chile,Other and Unspecified,2018,0,True
Belgium,Other and Unspecified,2023,2,False
Croatia,Other and Unspecified,2024,1,False
Spain,Other and Unspecified,2021,47,False
Philippines,Other and Unspecified,2019,5,True
Lithuania,Other and Unspecified,2021,1,False
China,Other and Unspecified,2021,15770,False
China,Other and Unspecified,2026,171,False
Romania,Other and Unspecified,2022,1,False
Sweden,Other and Unspecified,2017,8,True
Norway,Other and Unspecified,2018,3,True
Greece,Other and Unspecified,2024,9,False
Mexico,Personal Devices and Computing,2021,15,False
Hungary,Personal Devices and Computing,2023,1,False
Morocco,Physical Sciences and Engineering,2019,5,True
Norway,Physical Sciences and Engineering,2020,7,False
Norway,Physical Sciences and Engineering,2021,6,False
Canada,Physical Sciences and Engineering,2016,314,True
South Africa,Physical Sciences and Engineering,2019,0,True
Poland,Physical Sciences and Engineering,2016,19,True
Lithuania,Physical Sciences and Engineering,2018,10,True
Ukraine,Planning and Scheduling,2019,0,True
Taiwan,Planning and Scheduling,2019,29,True
Taiwan,Planning and Scheduling,2022,33,False
Denmark,Planning and Scheduling,2019,2,True
Poland,Planning and Scheduling,2019,3,True
Uruguay,Planning and Scheduling,2017,0,True
Uruguay,Planning and Scheduling,2022,0,False
Ukraine,Robotics,2016,0,True
Norway,Robotics,2018,1,True
South Korea,Robotics,2020,344,False
Czechia,Robotics,2019,0,True
Belgium,Robotics,2019,0,True
France,Robotics,2018,7,True
Poland,Robotics,2017,2,True
San Marino,Robotics,2020,0,False
United Kingdom,Robotics,2025,0,False
Israel,Robotics,2020,0,False
Mexico,Robotics,2016,5,True
Ukraine,Search Methods,2018,2,True
Ukraine,Search Methods,2019,0,True
Poland,Search Methods,2019,1,True
Romania,Search Methods,2019,0,True
Netherlands,Search Methods,2018,0,True
Belgium,Search Methods,2019,0,True
France,Search Methods,2018,11,True
Romania,Security,2018,0,True
Romania,Security,2022,0,False
New Zealand,Security,2018,1,True
San Marino,Security,2018,0,True
South Africa,Security,2021,0,False
Philippines,Security,2022,0,False
Poland,Security,2018,3,True
Belgium,Security,2016,0,True
Canada,Security,2020,54,False
Netherlands,Security,2017,0,True
France,Spatial and Physical Reasoning,2022,86,False
China,Spatial and Physical Reasoning,2019,10924,True
Mexico,Spatial and Physical Reasoning,2017,21,True
Greece,Spatial and Physical Reasoning,2020,2,False
Turkey,Spatial and Physical Reasoning,2021,1,False
Taiwan,Spatial and Physical Reasoning,2016,25,True
Argentina,Speech Processing,2019,0,True
Luxembourg,Speech Processing,2017,0,True
Luxembourg,Speech Processing,2025,8,False
Japan,Speech Processing,2016,118,True
Iran,Speech Processing,2018,0,True
Netherlands,Speech Processing,2018,0,True
Netherlands,Speech Processing,2023,1,False
Israel,Speech Processing,2023,0,False
South Korea,Speech Processing,2025,16,False
South Africa,Speech Processing,2024,0,False
Malaysia,Telecommunications,2022,0,False
Canada,Telecommunications,2018,125,True
Japan,Telecommunications,2020,611,False
Portugal,Telecommunications,2017,3,True
Turkey,Telecommunications,2021,2,False
Serbia,Telecommunications,2017,1,True
China,Telecommunications,2026,102,False
Romania,Telecommunications,2021,1,False
Romania,Telecommunications,2024,0,False
Brazil,Telecommunications,2018,23,True
Philippines,Telecommunications,2020,5,False
Hungary,Transportation,2021,0,False
Italy,Transportation,2024,0,False
Bulgaria,Transportation,2020,0,False
Portugal,Transportation,2017,2,True
United States,Transportation,2024,111,False
Luxembourg,Transportation,2022,4,False
Peru,Transportation,2023,0,False
Poland,Agriculture,2020,1,False
Latvia,Agriculture,2020,0,False
Netherlands,Agriculture,2024,6,False
Iran,Agriculture,2018,0,True
Israel,Agriculture,2018,1,True
France,Agriculture,2021,0,False
Switzerland,Agriculture,2017,0,True
Switzerland,Agriculture,2018,0,True
Finland,Agriculture,2024,0,False
South Korea,All,2017,2018,True
Denmark,All,2021,12,False
Spain,All,2018,147,True
Belgium,All,2020,7,False
Israel,All,2016,3,True
New Zealand,All,2021,5,False
New Zealand,All,2022,1,False
Slovakia,All,2023,4,False
Norway,All,2018,5,True
Malaysia,Analytics and Algorithms,2017,0,True
Austria,Analytics and Algorithms,2016,2,True
Switzerland,Analytics and Algorithms,2018,1,True
Portugal,Analytics and Algorithms,2021,0,False
France,Analytics and Algorithms,2016,7,True
Greece,Analytics and Algorithms,2019,0,True
Uruguay,Analytics and Algorithms,2017,0,True
Luxembourg,Analytics and Algorithms,2020,2,False
South Africa,Analytics and Algorithms,2019,0,True
Canada,Analytics and Algorithms,2019,85,True
Canada,Analytics and Algorithms,2022,25,False
Argentina,Banking and Finance,2020,0,False
Croatia,Banking and Finance,2021,0,False
Israel,Banking and Finance,2018,0,True
Ukraine,Banking and Finance,2021,0,False
Morocco,Banking and Finance,2017,0,True
Morocco,Banking and Finance,2021,0,False
Netherlands,Banking and Finance,2016,0,True
Italy,Banking and Finance,2018,1,True
Czechia,Banking and Finance,2021,0,False
Finland,Banking and Finance,2024,0,False
China,Banking and Finance,2017,218,True
China,Banking and Finance,2026,9,False
Romania,Bio-Inspired Computing,2016,0,True
China,Bio-Inspired Computing,2017,763,True
Peru,Bio-Inspired Computing,2017,0,True
South Korea,Bio-Inspired Computing,2017,112,True
South Korea,Bio-Inspired Computing,2019,267,True
Norway,Bio-Inspired Computing,2020,0,False
Philippines,Bio-Inspired Computing,2022,0,False
Bulgaria,Bio-Inspired Computing,2017,0,True
New Zealand,Bio-Inspired Computing,2020,0,False
Japan,Bio-Inspired Computing,2018,161,True
Tunisia,Bio-Inspired Computing,2021,0,False
Switzerland,Business,2024,0,False
Brazil,Business,2016,6,True
South Africa,Business,2020,1,False
Netherlands,Business,2016,0,True
Romania,Business,2017,1,True
India,Business,2016,29,True
Singapore,Business,2019,21,True
Poland,Business,2020,3,False
Latvia,Business,2020,0,False
Peru,Computer Vision,2019,2,True
Italy,Computer Vision,2017,3,True
Taiwan,Computer Vision,2017,40,True
Spain,Computer Vision,2022,30,False
Bulgaria,Computer Vision,2024,0,False
South Korea,Computer Vision,2020,2133,False
South Korea,Computer Vision,2022,2244,False
Greece,Computer Vision,2025,0,False
Malaysia,Computer Vision,2018,3,True
Ukraine,Computer Vision,2022,0,False
United States,Computer Vision,2022,2667,False
Israel,Computer Vision,2023,2,False
Belgium,Computing in Government,2019,0,True
Mexico,Computing in Government,2019,0,True
Malaysia,Computing in Government,2021,1,False
Turkey,Computing in Government,2019,0,True
South Africa,Computing in Government,2018,0,True
South Africa,Computing in Government,2022,0,False
China,Computing in Government,2019,324,True
Japan,Computing in Government,2018,16,True
Morocco,Control Methods,2016,0,True
Morocco,Control Methods,2023,1,False
Austria,Control Methods,2017,7,True
Japan,Control Methods,2016,462,True
Philippines,Control Methods,2022,0,False
Denmark,Control Methods,2024,0,False
Luxembourg,Control Methods,2019,3,True
Russia,Distributed AI,2019,0,True
Costa Rica,Distributed AI,2020,0,False
Sweden,Distributed AI,2020,1,False
Greece,Distributed AI,2016,0,True
Denmark,Distributed AI,2017,0,True
Denmark,Distributed AI,2020,0,False
Switzerland,Distributed AI,2023,0,False
Lithuania,Distributed AI,2019,0,True
Austria,Distributed AI,2019,0,True
France,Distributed AI,2018,0,True
Norway,Distributed AI,2023,0,False
Spain,Education,2024,1,False
United Kingdom,Education,2022,1,False
Canada,Education,2020,6,False
Denmark,Education,2016,0,True
Serbia,Education,2019,0,True
Israel,Education,2023,0,False
Peru,Education,2018,1,True
Taiwan,Education,2022,7,False
South Africa,Education,2023,0,False
Morocco,Energy Management,2020,0,False
South Korea,Energy Management,2019,344,True
Poland,Energy Management,2020,4,False
Brazil,Energy Management,2022,0,False
South Africa,Energy Management,2017,0,True
South Africa,Energy Management,2023,0,False
Poland,Fuzzy Logic,2021,0,False
Slovenia,Fuzzy Logic,2018,0,True
Czechia,Fuzzy Logic,2018,0,True
Canada,Fuzzy Logic,2016,3,True
Norway,Fuzzy Logic,2022,1,False
Luxembourg,Fuzzy Logic,2023,7,False
Denmark,Fuzzy Logic,2023,1,False
United States,Fuzzy Logic,2025,0,False
South Korea,Fuzzy Logic,2021,21,False
Mexico,Fuzzy Logic,2021,0,False
Poland,Industry and Manufacturing,2017,2,True
Poland,Industry and Manufacturing,2019,9,True
Poland,Industry and Manufacturing,2020,10,False
Poland,Industry and Manufacturing,2021,6,False
Colombia,Industry and Manufacturing,2019,0,True
Bulgaria,Industry and Manufacturing,2023,0,False
Germany,Industry and Manufacturing,2021,85,False
Peru,Industry and Manufacturing,2023,0,False
South Korea,Industry and Manufacturing,2017,149,True
Luxembourg,Industry and Manufacturing,2018,0,True
Croatia,Industry and Manufacturing,2022,1,False
United States,Industry and Manufacturing,2018,537,True
Singapore,Industry and Manufacturing,2017,7,True
Italy,Knowledge Representation,2021,1,False
Mexico,Knowledge Representation,2022,0,False
Philippines,Knowledge Representation,2016,0,True
Austria,Knowledge Representation,2022,0,False
India,Natural Language Processing,2018,30,True
Uruguay,Natural Language Processing,2017,0,True
Finland,Natural Language Processing,2023,0,False
Luxembourg,Natural Language Processing,2016,0,True
China,Natural Language Processing,2022,4141,False
Israel,Natural Language Processing,2016,0,True
Finland,Life Sciences,2022,5,False
Belgium,Life Sciences,2022,1,False
Slovenia,Life Sciences,2018,2,True
Norway,Life Sciences,2021,2,False
Netherlands,Life Sciences,2018,3,True
Peru,Life Sciences,2017,0,True
Spain,Life Sciences,2023,5,False
South Korea,Life Sciences,2021,1232,False
Taiwan,Life Sciences,2020,125,False
Finland,Logic-Based Knowledge Systems,2017,3,True
Denmark,Logic-Based Knowledge Systems,2023,0,False
Italy,Logic-Based Knowledge Systems,2021,1,False
Romania,Logic-Based Knowledge Systems,2017,1,True
Colombia,Logic-Based Knowledge Systems,2019,0,True
Peru,Logic-Based Knowledge Systems,2016,0,True
Taiwan,Logic-Based Knowledge Systems,2017,23,True
Germany,Logic-Based Knowledge Systems,2024,8,False
Singapore,Logic-Based Knowledge Systems,2021,0,False
Israel,Logic-Based Knowledge Systems,2017,1,True
Poland,Logic-Based Knowledge Systems,2018,4,True
Belgium,Logic-Based Knowledge Systems,2025,0,False
Malaysia,Logic-Based Knowledge Systems,2021,2,False
Peru,Markov and Bayesian Models,2018,0,True
Finland,Markov and Bayesian Models,2018,5,True
Argentina,Markov and Bayesian Models,2023,0,False
Belgium,Markov and Bayesian Models,2025,1,False
Saudi Arabia,Markov and Bayesian Models,2023,0,False
Mexico,Measuring and Testing,2017,15,True
China,Measuring and Testing,2020,3678,False
Israel,Measuring and Testing,2017,5,True
Czechia,Measuring and Testing,2023,2,False
Lithuania,Measuring and Testing,2018,1,True
Lithuania,Measuring and Testing,2021,0,False
Argentina,Measuring and Testing,2021,1,False
Peru,Measuring and Testing,2020,1,False
Costa Rica,Neural Networks,2023,1,False
Germany,Neural Networks,2016,76,True
Germany,Neural Networks,2019,420,True
Greece,Neural Networks,2017,10,True
Italy,Neural Networks,2023,7,False
South Korea,Neural Networks,2023,2964,False
Denmark,Neural Networks,2021,8,False
Philippines,Neural Networks,2019,6,True
Finland,Ontology Engineering,2019,0,True
Finland,Ontology Engineering,2024,0,False
Philippines,Ontology Engineering,2017,0,True
South Korea,Ontology Engineering,2020,82,False
Luxembourg,Ontology Engineering,2017,0,True
China,Ontology Engineering,2019,1647,True
Poland,Ontology Engineering,2020,1,False
France,Other and Unspecified,2022,39,False
Italy,Other and Unspecified,2024,0,False
Denmark,Other and Unspecified,2017,22,True
Spain,Other and Unspecified,2016,38,True
Spain,Other and Unspecified,2019,51,True
Costa Rica,Personal Devices and Computing,2023,0,False
Spain,Personal Devices and Computing,2020,51,False
France,Personal Devices and Computing,2020,125,False
Saudi Arabia,Personal Devices and Computing,2021,0,False
Germany,Personal Devices and Computing,2021,176,False
Germany,Personal Devices and Computing,2025,60,False
Luxembourg,Personal Devices and Computing,2025,85,False
South Korea,Personal Devices and Computing,2016,576,True
New Zealand,Personal Devices and Computing,2020,4,False
United Kingdom,Personal Devices and Computing,2024,10,False
Morocco,Physical Sciences and Engineering,2023,11,False
Bulgaria,Physical Sciences and Engineering,2022,2,False
France,Physical Sciences and Engineering,2019,215,True
China,Physical Sciences and Engineering,2024,57064,False
New Zealand,Physical Sciences and Engineering,2017,20,True
Spain,Physical Sciences and Engineering,2017,112,True
Greece,Physical Sciences and Engineering,2017,10,True
United States,Physical Sciences and Engineering,2024,1531,False
Argentina,Physical Sciences and Engineering,2018,6,True
Belgium,Physical Sciences and Engineering,2025,7,False
Kenya,Physical Sciences and Engineering,2016,1,True
Ireland,Planning and Scheduling,2018,0,True
Japan,Planning and Scheduling,2017,166,True
Finland,Planning and Scheduling,2018,3,True
Greece,Planning and Scheduling,2023,3,False
Denmark,Planning and Scheduling,2020,4,False
Singapore,Planning and Scheduling,2017,15,True
Portugal,Planning and Scheduling,2022,0,False
Spain,Robotics,2019,12,True
Russia,Robotics,2017,4,True
Russia,Robotics,2021,1,False
Ukraine,Robotics,2019,0,True
South Korea,Robotics,2024,68,False
Hungary,Robotics,2021,0,False
Morocco,Robotics,2018,1,True
Belgium,Robotics,2025,0,False
Iran,Search Methods,2018,0,True
Sweden,Search Methods,2020,0,False
Colombia,Search Methods,2024,0,False
France,Search Methods,2022,4,False
Luxembourg,Security,2016,0,True
Luxembourg,Security,2023,7,False
Luxembourg,Security,2025,14,False
Croatia,Security,2019,0,True
Costa Rica,Security,2023,0,False
Malaysia,Security,2019,2,True
Japan,Security,2017,133,True
Japan,Security,2019,164,True
United States,Security,2020,1536,False
Bulgaria,Security,2023,1,False
Switzerland,Security,2019,0,True
Philippines,Spatial and Physical Reasoning,2022,2,False
Japan,Spatial and Physical Reasoning,2018,1094,True
Uruguay,Spatial and Physical Reasoning,2020,0,False
Finland,Spatial and Physical Reasoning,2022,10,False
Argentina,Spatial and Physical Reasoning,2019,2,True
Argentina,Spatial and Physical Reasoning,2022,4,False
Mexico,Spatial and Physical Reasoning,2021,26,False
Belgium,Spatial and Physical Reasoning,2022,2,False
Norway,Spatial and Physical Reasoning,2020,3,False
Norway,Spatial and Physical Reasoning,2024,3,False
Serbia,Speech Processing,2020,0,False
Hungary,Speech Processing,2016,0,True
Belgium,Speech Processing,2020,1,False
Paraguay,Speech Processing,2021,0,False
United States,Speech Processing,2019,1192,True
Morocco,Speech Processing,2017,0,True
South Korea,Speech Processing,2016,136,True
Australia,Speech Processing,2016,15,True
Greece,Speech Processing,2018,0,True
France,Telecommunications,2020,58,False
South Korea,Telecommunications,2016,212,True
Poland,Telecommunications,2016,3,True
Bulgaria,Telecommunications,2019,0,True
Philippines,Telecommunications,2023,0,False
Poland,Transportation,2023,0,False
Singapore,Transportation,2020,6,False
Italy,Transportation,2022,1,False
Croatia,Transportation,2019,0,True
Lithuania,Transportation,2022,0,False
India,Transportation,2018,15,True
Philippines,Transportation,2021,0,False
Serbia,Agriculture,2020,0,False
Singapore,Agriculture,2017,3,True
Italy,Agriculture,2023,1,False
Germany,Agriculture,2024,1,False
Philippines,Agriculture,2023,0,False
Taiwan,Agriculture,2023,6,False
United States,Agriculture,2017,110,True
Ukraine,Agriculture,2024,0,False
China,All,2018,17896,True
Tunisia,All,2021,2,False
Greece,All,2018,5,True
Hungary,All,2019,10,True
Belgium,All,2025,7,False
Lithuania,All,2019,3,True
Finland,All,2016,8,True
Australia,All,2016,229,True
Romania,Analytics and Algorithms,2019,0,True
Romania,Analytics and Algorithms,2023,0,False
Greece,Analytics and Algorithms,2021,0,False
United Kingdom,Analytics and Algorithms,2018,42,True
Denmark,Analytics and Algorithms,2016,4,True
Taiwan,Banking and Finance,2025,10,False
Morocco,Banking and Finance,2024,0,False
San Marino,Banking and Finance,2020,0,False
Belgium,Banking and Finance,2023,0,False
Romania,Banking and Finance,2024,0,False
Czechia,Banking and Finance,2020,0,False
Denmark,Banking and Finance,2023,0,False
United States,Bio-Inspired Computing,2025,7,False
Brazil,Bio-Inspired Computing,2020,5,False
Sweden,Bio-Inspired Computing,2024,0,False
South Korea,Bio-Inspired Computing,2020,142,False
Lithuania,Bio-Inspired Computing,2022,0,False
Turkey,Bio-Inspired Computing,2019,0,True
Estonia,Bio-Inspired Computing,2022,0,False
Russia,Business,2021,1,False
Philippines,Business,2019,4,True
United States,Business,2021,1430,False
United States,Business,2024,129,False
Ukraine,Business,2018,2,True
New Zealand,Business,2017,3,True
India,Business,2018,35,True
Singapore,Business,2021,1,False
Saudi Arabia,Business,2021,0,False
Mexico,Business,2016,13,True
Austria,Business,2019,0,True
South Korea,Computer Vision,2017,584,True
South Korea,Computer Vision,2024,674,False
Czechia,Computer Vision,2023,0,False
Austria,Computer Vision,2016,1,True
Mexico,Computing in Government,2021,0,False
Finland,Computing in Government,2017,0,True
Kenya,Computing in Government,2016,0,True
Greece,Computing in Government,2025,0,False
Spain,Computing in Government,2018,0,True
Sweden,Computing in Government,2020,0,False
Philippines,Computing in Government,2023,0,False
Tunisia,Computing in Government,2021,0,False
Slovenia,Computing in Government,2016,0,True
Morocco,Control Methods,2022,0,False
Australia,Control Methods,2024,1,False
Ireland,Control Methods,2022,0,False
Norway,Control Methods,2016,0,True
Malaysia,Control Methods,2019,3,True
Croatia,Control Methods,2020,0,False
Czechia,Control Methods,2017,0,True
Cuba,Control Methods,2020,1,False
Denmark,Control Methods,2023,3,False
Israel,Control Methods,2017,6,True
Netherlands,Distributed AI,2023,0,False
Argentina,Distributed AI,2018,0,True
Costa Rica,Distributed AI,2023,0,False
Greece,Distributed AI,2019,0,True
Georgia,Distributed AI,2023,0,False
Ukraine,Distributed AI,2022,0,False
Morocco,Distributed AI,2017,0,True
Bulgaria,Distributed AI,2024,0,False
South Africa,Distributed AI,2018,0,True
South Africa,Distributed AI,2020,0,False
Bulgaria,Education,2025,1,False
Serbia,Education,2023,0,False
Japan,Education,2022,17,False
Turkey,Education,2020,0,False
Switzerland,Education,2016,1,True
Ukraine,Education,2022,0,False
Slovenia,Education,2018,0,True
Poland,Education,2018,1,True
Denmark,Energy Management,2017,4,True
New Zealand,Energy Management,2020,0,False
Czechia,Energy Management,2023,0,False
Italy,Energy Management,2016,1,True
United States,Energy Management,2020,293,False
Israel,Energy Management,2022,0,False
Australia,Energy Management,2021,52,False
Australia,Energy Management,2024,0,False
Brazil,Energy Management,2017,2,True
Greece,Energy Management,2021,1,False
Mexico,Energy Management,2019,6,True
France,Energy Management,2019,10,True
Switzerland,Energy Management,2022,0,False
Finland,Fuzzy Logic,2022,0,False
Romania,Fuzzy Logic,2021,0,False
Slovenia,Fuzzy Logic,2019,1,True
Slovakia,Fuzzy Logic,2023,0,False
Sweden,Fuzzy Logic,2018,0,True
Japan,Fuzzy Logic,2020,11,False
Japan,Fuzzy Logic,2022,3,False
Bulgaria,Fuzzy Logic,2017,0,True
Taiwan,Industry and Manufacturing,2017,14,True
Mexico,Industry and Manufacturing,2017,10,True
China,Industry and Manufacturing,2016,369,True
Luxembourg,Industry and Manufacturing,2020,3,False
Croatia,Industry and Manufacturing,2017,0,True
Italy,Knowledge Representation,2018,0,True
Tunisia,Knowledge Representation,2021,0,False
Poland,Knowledge Representation,2022,1,False
Australia,Knowledge Representation,2022,4,False
Austria,Knowledge Representation,2016,0,True
Serbia,Knowledge Representation,2020,0,False
Finland,Knowledge Representation,2020,1,False
Finland,Knowledge Representation,2022,1,False
Argentina,Natural Language Processing,2022,0,False
Norway,Natural Language Processing,2020,0,False
Singapore,Natural Language Processing,2017,5,True
Croatia,Natural Language Processing,2022,0,False
Mexico,Natural Language Processing,2017,2,True
Finland,Life Sciences,2018,8,True
Greece,Life Sciences,2022,5,False
Morocco,Life Sciences,2024,1,False
Belgium,Life Sciences,2024,2,False
Paraguay,Life Sciences,2021,0,False
Netherlands,Life Sciences,2016,1,True
Spain,Life Sciences,2025,0,False
France,Life Sciences,2019,25,True
Taiwan,Life Sciences,2024,94,False
Austria,Logic-Based Knowledge Systems,2018,0,True
Hungary,Logic-Based Knowledge Systems,2018,2,True
Turkey,Logic-Based Knowledge Systems,2020,0,False
Morocco,Logic-Based Knowledge Systems,2023,0,False
Russia,Logic-Based Knowledge Systems,2017,32,True
Bulgaria,Logic-Based Knowledge Systems,2024,1,False
Malaysia,Markov and Bayesian Models,2016,1,True
Spain,Markov and Bayesian Models,2016,5,True
Colombia,Markov and Bayesian Models,2022,0,False
Ireland,Markov and Bayesian Models,2022,0,False
Ireland,Measuring and Testing,2016,0,True
Canada,Measuring and Testing,2022,41,False
Sweden,Measuring and Testing,2023,9,False
Bulgaria,Measuring and Testing,2017,0,True
South Korea,Measuring and Testing,2018,426,True
Belgium,Measuring and Testing,2024,2,False
Lithuania,Measuring and Testing,2016,1,True
Switzerland,Measuring and Testing,2018,0,True
Ukraine,Measuring and Testing,2025,0,False
Croatia,Measuring and Testing,2022,0,False
Italy,Measuring and Testing,2024,1,False
Israel,Neural Networks,2024,1,False
Hungary,Neural Networks,2018,4,True
China,Neural Networks,2022,40896,False
China,Neural Networks,2025,34497,False
Switzerland,Neural Networks,2021,5,False
Russia,Neural Networks,2021,41,False
Germany,Neural Networks,2023,214,False
Uruguay,Neural Networks,2017,0,True
Kenya,Neural Networks,2016,0,True
Finland,Neural Networks,2017,13,True
Finland,Neural Networks,2021,15,False
Romania,Neural Networks,2016,0,True
Ukraine,Ontology Engineering,2024,0,False
Turkey,Ontology Engineering,2021,0,False
Philippines,Ontology Engineering,2018,0,True
Germany,Ontology Engineering,2022,2,False
Czechia,Ontology Engineering,2017,0,True
Taiwan,Ontology Engineering,2023,12,False
Greece,Ontology Engineering,2018,0,True
Croatia,Ontology Engineering,2022,0,False
Denmark,Ontology Engineering,2018,0,True
Spain,Ontology Engineering,2016,2,True
Indonesia,Other and Unspecified,2016,0,True
Serbia,Other and Unspecified,2018,2,True
Turkey,Other and Unspecified,2019,1,True
Japan,Other and Unspecified,2022,967,False
Luxembourg,Other and Unspecified,2024,42,False
Philippines,Other and Unspecified,2017,0,True
Sweden,Other and Unspecified,2019,3,True
Taiwan,Personal Devices and Computing,2019,268,True
South Africa,Personal Devices and Computing,2021,0,False
Argentina,Personal Devices and Computing,2017,0,True
Canada,Personal Devices and Computing,2017,231,True
Saudi Arabia,Personal Devices and Computing,2019,0,True
Belgium,Personal Devices and Computing,2023,4,False
Czechia,Personal Devices and Computing,2022,0,False
Croatia,Personal Devices and Computing,2020,0,False
New Zealand,Personal Devices and Computing,2018,6,True
New Zealand,Personal Devices and Computing,2021,1,False
Japan,Physical Sciences and Engineering,2019,3901,True
Philippines,Physical Sciences and Engineering,2018,5,True
South Korea,Physical Sciences and Engineering,2016,1012,True
United States,Physical Sciences and Engineering,2022,7777,False
Peru,Physical Sciences and Engineering,2018,4,True
Paraguay,Physical Sciences and Engineering,2021,1,False
Poland,Physical Sciences and Engineering,2019,37,True
Poland,Physical Sciences and Engineering,2022,17,False
Switzerland,Physical Sciences and Engineering,2017,1,True
Israel,Physical Sciences and Engineering,2024,2,False
France,Planning and Scheduling,2016,1,True
Slovenia,Planning and Scheduling,2018,0,True
Morocco,Planning and Scheduling,2021,0,False
Japan,Planning and Scheduling,2021,216,False
Finland,Planning and Scheduling,2016,1,True
Finland,Planning and Scheduling,2023,0,False
Taiwan,Planning and Scheduling,2018,23,True
Netherlands,Planning and Scheduling,2019,2,True
Croatia,Robotics,2017,0,True
Malaysia,Robotics,2017,1,True
Hungary,Robotics,2019,0,True
Denmark,Robotics,2019,0,True
Poland,Robotics,2019,3,True
Mexico,Robotics,2019,9,True
Argentina,Robotics,2022,0,False
Canada,Robotics,2017,31,True
Bulgaria,Robotics,2020,2,False
South Korea,Search Methods,2022,30,False
Norway,Search Methods,2025,0,False
China,Search Methods,2023,794,False
Morocco,Search Methods,2023,0,False
New Zealand,Search Methods,2017,1,True
Taiwan,Search Methods,2024,6,False
Switzerland,Search Methods,2022,0,False
Russia,Search Methods,2016,1,True
Lithuania,Search Methods,2021,0,False
Czechia,Search Methods,2023,0,False
Uruguay,Search Methods,2020,0,False
Israel,Search Methods,2021,0,False
Spain,Search Methods,2017,4,True
Romania,Security,2021,0,False
Sweden,Security,2020,2,False
Brazil,Security,2016,6,True
South Africa,Security,2020,0,False
Singapore,Security,2017,10,True
Switzerland,Security,2020,0,False
Netherlands,Security,2023,1,False
Netherlands,Security,2025,0,False
Iran,Spatial and Physical Reasoning,2018,1,True
Bulgaria,Spatial and Physical Reasoning,2017,0,True
Denmark,Spatial and Physical Reasoning,2022,1,False
Latvia,Spatial and Physical Reasoning,2020,0,False
Canada,Spatial and Physical Reasoning,2021,165,False
Greece,Spatial and Physical Reasoning,2017,4,True
Poland,Spatial and Physical Reasoning,2017,11,True
Poland,Spatial and Physical Reasoning,2023,3,False
Germany,Spatial and Physical Reasoning,2023,125,False
New Zealand,Spatial and Physical Reasoning,2018,5,True
Poland,Speech Processing,2019,1,True
Italy,Speech Processing,2018,0,True
Netherlands,Speech Processing,2024,0,False
United States,Speech Processing,2025,15,False
Portugal,Speech Processing,2020,0,False
Peru,Speech Processing,2022,0,False
Croatia,Speech Processing,2024,0,False
Canada,Speech Processing,2020,29,False
Jordan,Speech Processing,2021,0,False
United Kingdom,Speech Processing,2018,16,True
South Africa,Speech Processing,2025,0,False
Sweden,Telecommunications,2019,2,True
Taiwan,Telecommunications,2018,46,True
Mexico,Telecommunications,2019,26,True
Uruguay,Telecommunications,2020,0,False
Hungary,Transportation,2018,0,True
Sweden,Transportation,2022,4,False
Turkey,Transportation,2016,1,True
Poland,Transportation,2021,2,False
Ireland,Transportation,2023,0,False
Luxembourg,Transportation,2018,1,True
Jordan,Transportation,2021,0,False
Mexico,Transportation,2018,11,True
Belgium,Transportation,2017,2,True
Mexico,Agriculture,2019,8,True
Georgia,Agriculture,2023,0,False
Uruguay,Agriculture,2022,0,False
Lithuania,Agriculture,2020,0,False
Argentina,Agriculture,2021,0,False
Sweden,Agriculture,2021,3,False
Australia,Agriculture,2023,1,False
Sweden,All,2018,21,True
Croatia,All,2022,1,False
China,All,2021,57876,False
Italy,All,2017,20,True
Russia,All,2017,183,True
Romania,All,2018,1,True
United Kingdom,All,2020,291,False
Taiwan,All,2016,94,True
Slovakia,All,2024,1,False
Romania,Analytics and Algorithms,2016,1,True
Indonesia,Analytics and Algorithms,2016,0,True
Switzerland,Analytics and Algorithms,2016,1,True
Bulgaria,Analytics and Algorithms,2025,0,False
Spain,Analytics and Algorithms,2022,10,False
Belgium,Analytics and Algorithms,2020,2,False
Belgium,Analytics and Algorithms,2022,1,False
Poland,Analytics and Algorithms,2023,2,False
United States,Analytics and Algorithms,2025,29,False
Russia,Banking and Finance,2018,7,True
South Africa,Banking and Finance,2024,0,False
Taiwan,Banking and Finance,2016,1,True
Romania,Banking and Finance,2019,0,True
Denmark,Banking and Finance,2020,0,False
Mexico,Banking and Finance,2016,3,True
Luxembourg,Banking and Finance,2024,7,False
Germany,Banking and Finance,2018,38,True
Finland,Bio-Inspired Computing,2016,0,True
Finland,Bio-Inspired Computing,2020,4,False
Argentina,Bio-Inspired Computing,2018,2,True
Argentina,Bio-Inspired Computing,2022,0,False
Argentina,Bio-Inspired Computing,2023,0,False
Belgium,Bio-Inspired Computing,2023,0,False
Netherlands,Bio-Inspired Computing,2018,0,True
Morocco,Bio-Inspired Computing,2019,0,True
Turkey,Bio-Inspired Computing,2020,0,False
Ukraine,Bio-Inspired Computing,2021,0,False
Luxembourg,Bio-Inspired Computing,2023,8,False
Slovenia,Business,2018,0,True
Ireland,Business,2016,0,True
Czechia,Business,2025,0,False
Taiwan,Business,2022,46,False
France,Business,2017,8,True
United States,Business,2018,1725,True
Peru,Business,2023,0,False
Japan,Business,2018,362,True
Austria,Business,2018,0,True
Poland,Computer Vision,2016,2,True
Poland,Computer Vision,2017,11,True
New Zealand,Computer Vision,2016,0,True
Colombia,Computer Vision,2022,0,False
France,Computer Vision,2020,91,False
Greece,Computer Vision,2024,2,False
Philippines,Computer Vision,2018,1,True
Ukraine,Computer Vision,2019,0,True
Belgium,Computing in Government,2023,0,False
Malaysia,Computing in Government,2016,0,True
Malaysia,Computing in Government,2018,0,True
Poland,Computing in Government,2021,0,False
Norway,Computing in Government,2024,0,False
Italy,Computing in Government,2016,0,True
Switzerland,Computing in Government,2016,0,True
Switzerland,Computing in Government,2019,0,True
Japan,Computing in Government,2021,13,False
France,Computing in Government,2023,0,False
South Africa,Control Methods,2023,0,False
Sweden,Control Methods,2023,6,False
Japan,Control Methods,2024,14,False
Japan,Control Methods,2025,0,False
United Kingdom,Control Methods,2025,1,False
Jordan,Control Methods,2021,0,False
Turkey,Control Methods,2018,0,True
Mexico,Distributed AI,2022,0,False
Luxembourg,Distributed AI,2024,3,False
Ukraine,Distributed AI,2017,0,True
Austria,Distributed AI,2020,0,False
Taiwan,Distributed AI,2023,3,False
Taiwan,Distributed AI,2024,3,False
United States,Distributed AI,2024,16,False
United Kingdom,Distributed AI,2019,11,True
Greece,Education,2020,0,False
Greece,Education,2025,0,False
Croatia,Education,2024,0,False
Portugal,Education,2022,0,False
Germany,Education,2016,3,True
Czechia,Education,2020,0,False
United Kingdom,Education,2020,5,False
Uruguay,Education,2017,0,True
Canada,Education,2016,15,True
Denmark,Education,2020,2,False
Hungary,Education,2021,0,False
Belgium,Education,2022,0,False
Philippines,Education,2017,0,True
Austria,Energy Management,2024,2,False
Finland,Energy Management,2017,1,True
Portugal,Energy Management,2018,1,True
Brazil,Energy Management,2016,4,True
Saudi Arabia,Energy Management,2023,0,False
Luxembourg,Energy Management,2017,0,True
Luxembourg,Energy Management,2022,2,False
Switzerland,Energy Management,2024,0,False
Romania,Energy Management,2017,0,True
Romania,Energy Management,2018,0,True
Switzerland,Fuzzy Logic,2022,0,False
Slovakia,Fuzzy Logic,2024,0,False
Taiwan,Fuzzy Logic,2019,7,True
Taiwan,Fuzzy Logic,2024,0,False
United States,Fuzzy Logic,2017,99,True
Portugal,Fuzzy Logic,2016,0,True
Netherlands,Industry and Manufacturing,2016,0,True
Portugal,Industry and Manufacturing,2020,0,False
France,Industry and Manufacturing,2024,2,False
United Kingdom,Industry and Manufacturing,2022,17,False
Czechia,Industry and Manufacturing,2018,0,True
Japan,Industry and Manufacturing,2018,414,True
Japan,Industry and Manufacturing,2021,356,False
Austria,Industry and Manufacturing,2016,0,True
Greece,Industry and Manufacturing,2017,1,True
Greece,Industry and Manufacturing,2021,1,False
Czechia,Knowledge Representation,2018,0,True
United Kingdom,Knowledge Representation,2017,12,True
Italy,Knowledge Representation,2016,0,True
Luxembourg,Knowledge Representation,2020,2,False
Denmark,Knowledge Representation,2021,0,False
Poland,Knowledge Representation,2023,0,False
Norway,Knowledge Representation,2025,1,False
Singapore,Knowledge Representation,2020,2,False
Spain,Knowledge Representation,2024,0,False
Peru,Knowledge Representation,2023,0,False
Greece,Natural Language Processing,2022,2,False
Belgium,Natural Language Processing,2022,0,False
Hungary,Natural Language Processing,2021,0,False
Switzerland,Natural Language Processing,2018,0,True
Greece,Life Sciences,2019,0,True
Austria,Life Sciences,2019,0,True
Latvia,Life Sciences,2020,0,False
Belgium,Life Sciences,2021,2,False
Romania,Life Sciences,2017,0,True
India,Life Sciences,2020,0,False
Ukraine,Life Sciences,2017,0,True
Netherlands,Life Sciences,2021,9,False
Argentina,Life Sciences,2020,3,False
Finland,Logic-Based Knowledge Systems,2020,2,False
Philippines,Logic-Based Knowledge Systems,2021,1,False
Italy,Logic-Based Knowledge Systems,2024,0,False
Mexico,Logic-Based Knowledge Systems,2019,13,True
Lithuania,Logic-Based Knowledge Systems,2020,0,False
Luxembourg,Logic-Based Knowledge Systems,2017,2,True
Switzerland,Logic-Based Knowledge Systems,2016,2,True
Switzerland,Logic-Based Knowledge Systems,2022,0,False
New Zealand,Logic-Based Knowledge Systems,2020,0,False
Australia,Markov and Bayesian Models,2022,15,False
Spain,Markov and Bayesian Models,2022,1,False
Serbia,Markov and Bayesian Models,2021,0,False
Czechia,Markov and Bayesian Models,2021,0,False
Norway,Markov and Bayesian Models,2021,2,False
Switzerland,Markov and Bayesian Models,2022,0,False
South Korea,Markov and Bayesian Models,2017,111,True
Japan,Markov and Bayesian Models,2022,144,False
Taiwan,Markov and Bayesian Models,2016,8,True
United Kingdom,Markov and Bayesian Models,2017,32,True
France,Markov and Bayesian Models,2024,1,False
Finland,Markov and Bayesian Models,2024,0,False
Belgium,Markov and Bayesian Models,2017,0,True
Singapore,Markov and Bayesian Models,2018,20,True
Poland,Markov and Bayesian Models,2020,4,False
Germany,Measuring and Testing,2016,55,True
Finland,Measuring and Testing,2021,4,False
United Kingdom,Measuring and Testing,2016,21,True
Bulgaria,Neural Networks,2023,0,False
Turkey,Neural Networks,2023,1,False
Italy,Neural Networks,2018,11,True
Australia,Neural Networks,2019,279,True
New Zealand,Neural Networks,2020,6,False
Singapore,Neural Networks,2020,26,False
Norway,Ontology Engineering,2018,0,True
Greece,Ontology Engineering,2019,0,True
United States,Ontology Engineering,2019,471,True
South Africa,Ontology Engineering,2019,0,True
South Africa,Other and Unspecified,2024,72,False
Japan,Other and Unspecified,2018,1324,True
Argentina,Other and Unspecified,2022,2,False
Hungary,Other and Unspecified,2022,2,False
Mexico,Other and Unspecified,2018,26,True
Taiwan,Personal Devices and Computing,2020,328,False
Italy,Personal Devices and Computing,2021,11,False
South Africa,Personal Devices and Computing,2018,1,True
Spain,Personal Devices and Computing,2025,0,False
Belgium,Personal Devices and Computing,2018,3,True
Russia,Personal Devices and Computing,2019,96,True
San Marino,Personal Devices and Computing,2017,1,True
Israel,Personal Devices and Computing,2018,9,True
South Korea,Personal Devices and Computing,2017,1016,True
United Kingdom,Personal Devices and Computing,2022,60,False
Japan,Physical Sciences and Engineering,2020,3743,False
Denmark,Physical Sciences and Engineering,2023,7,False
Czechia,Physical Sciences and Engineering,2018,3,True
Czechia,Physical Sciences and Engineering,2019,1,True
Saudi Arabia,Physical Sciences and Engineering,2019,0,True
Belgium,Physical Sciences and Engineering,2016,2,True
Belgium,Physical Sciences and Engineering,2019,1,True
Hungary,Physical Sciences and Engineering,2023,1,False
France,Planning and Scheduling,2017,4,True
Russia,Planning and Scheduling,2019,14,True
Serbia,Planning and Scheduling,2020,0,False
Tunisia,Planning and Scheduling,2021,0,False
Finland,Planning and Scheduling,2019,5,True
Sweden,Planning and Scheduling,2024,1,False
Israel,Planning and Scheduling,2019,1,True
Jordan,Planning and Scheduling,2021,0,False
Romania,Robotics,2022,0,False
New Zealand,Robotics,2020,0,False
South Korea,Robotics,2025,3,False
Saudi Arabia,Robotics,2023,0,False
Brazil,Robotics,2022,0,False
Canada,Robotics,2019,40,True
Mexico,Search Methods,2016,0,True
Ireland,Search Methods,2023,0,False
Argentina,Search Methods,2017,0,True
United Kingdom,Search Methods,2020,8,False
Austria,Search Methods,2016,0,True
Saudi Arabia,Search Methods,2021,0,False
Italy,Search Methods,2021,1,False
Israel,Search Methods,2020,1,False
Belgium,Search Methods,2024,0,False
Argentina,Security,2023,0,False
Costa Rica,Security,2020,0,False
Greece,Security,2023,2,False
Sweden,Spatial and Physical Reasoning,2022,14,False
Ukraine,Spatial and Physical Reasoning,2022,0,False
South Korea,Spatial and Physical Reasoning,2022,1676,False
Hungary,Spatial and Physical Reasoning,2018,3,True
Turkey,Spatial and Physical Reasoning,2023,1,False
Germany,Spatial and Physical Reasoning,2020,252,False
Netherlands,Spatial and Physical Reasoning,2016,2,True
Romania,Spatial and Physical Reasoning,2018,0,True
Norway,Spatial and Physical Reasoning,2022,2,False
Luxembourg,Speech Processing,2019,0,True
Turkey,Speech Processing,2016,0,True
Sweden,Speech Processing,2021,1,False
Latvia,Speech Processing,2020,0,False
Singapore,Speech Processing,2016,1,True
Austria,Speech Processing,2020,0,False
Portugal,Telecommunications,2020,1,False
Finland,Telecommunications,2021,16,False
France,Telecommunications,2018,33,True
South Africa,Telecommunications,2019,0,True
Saudi Arabia,Telecommunications,2023,0,False
Singapore,Telecommunications,2017,27,True
Switzerland,Telecommunications,2021,1,False
United Kingdom,Telecommunications,2022,60,False
Argentina,Telecommunications,2019,1,True
Sweden,Transportation,2017,6,True
United Kingdom,Transportation,2017,36,True
United States,Transportation,2017,1208,True
Spain,Transportation,2020,8,False
France,Transportation,2020,51,False
Finland,Transportation,2024,0,False
Peru,Transportation,2016,0,True
Canada,Transportation,2018,72,True
Saudi Arabia,Transportation,2021,0,False
Saudi Arabia,Transportation,2022,0,False
Belgium,Transportation,2020,0,False
Serbia,Agriculture,2019,2,True
Austria,Agriculture,2022,0,False
Argentina,Agriculture,2020,3,False
Australia,Agriculture,2018,32,True
Russia,Agriculture,2017,5,True
Morocco,Agriculture,2018,0,True
Sweden,All,2023,21,False
Ukraine,All,2024,14,False
Bulgaria,All,2024,18,False
United States,All,2022,7779,False
Argentina,All,2019,7,True
Canada,All,2023,23,False
Slovenia,All,2016,3,True
Germany,Analytics and Algorithms,2024,36,False
Sweden,Analytics and Algorithms,2017,2,True
Serbia,Analytics and Algorithms,2023,0,False
France,Analytics and Algorithms,2017,6,True
Japan,Analytics and Algorithms,2025,1,False
Luxembourg,Analytics and Algorithms,2018,1,True
Luxembourg,Analytics and Algorithms,2024,26,False
United States,Analytics and Algorithms,2016,444,True
Philippines,Banking and Finance,2021,8,False
Japan,Banking and Finance,2017,92,True
Ukraine,Banking and Finance,2017,0,True
United States,Banking and Finance,2019,832,True
Portugal,Banking and Finance,2020,0,False
France,Banking and Finance,2021,5,False
Finland,Banking and Finance,2017,0,True
United Kingdom,Banking and Finance,2024,2,False
China,Bio-Inspired Computing,2023,2385,False
China,Bio-Inspired Computing,2024,4024,False
United Kingdom,Bio-Inspired Computing,2025,0,False
Italy,Bio-Inspired Computing,2017,1,True
Denmark,Bio-Inspired Computing,2022,1,False
Poland,Bio-Inspired Computing,2018,3,True
India,Bio-Inspired Computing,2019,1,True
Hungary,Bio-Inspired Computing,2023,0,False
Malaysia,Business,2019,4,True
China,Business,2018,1752,True
Taiwan,Business,2020,50,False
France,Business,2016,4,True
Spain,Business,2020,13,False
Morocco,Business,2022,2,False
United Kingdom,Computer Vision,2017,62,True
Belgium,Computer Vision,2016,0,True
Turkey,Computer Vision,2016,0,True
Switzerland,Computer Vision,2024,1,False
Greece,Computer Vision,2021,0,False
Austria,Computer Vision,2024,0,False
Morocco,Computer Vision,2017,1,True
Morocco,Computer Vision,2021,0,False
Colombia,Computing in Government,2022,0,False
Paraguay,Computing in Government,2021,0,False
Ireland,Computing in Government,2022,0,False
South Africa,Computing in Government,2016,1,True
Israel,Computing in Government,2019,0,True
Spain,Computing in Government,2020,0,False
Switzerland,Computing in Government,2022,0,False
South Korea,Computing in Government,2023,131,False
China,Computing in Government,2023,887,False
China,Computing in Government,2024,1181,False
Singapore,Computing in Government,2017,1,True
New Zealand,Control Methods,2022,0,False
Poland,Control Methods,2021,3,False
Peru,Control Methods,2023,1,False
Croatia,Control Methods,2022,0,False
Czechia,Control Methods,2024,0,False
Hungary,Control Methods,2023,1,False
Sweden,Distributed AI,2018,1,True
Germany,Distributed AI,2018,4,True
Germany,Distributed AI,2022,5,False
Romania,Distributed AI,2018,0,True
Ukraine,Distributed AI,2019,0,True
Ukraine,Distributed AI,2025,0,False
Portugal,Distributed AI,2020,0,False
Switzerland,Distributed AI,2017,0,True
Estonia,Distributed AI,2022,0,False
Brazil,Distributed AI,2017,0,True
Serbia,Distributed AI,2020,0,False
United Kingdom,Distributed AI,2021,5,False
Hungary,Distributed AI,2018,0,True
China,Education,2026,13,False
Portugal,Education,2016,0,True
Singapore,Education,2020,0,False
Denmark,Education,2022,0,False
Malaysia,Education,2016,0,True
Malaysia,Education,2020,0,False
New Zealand,Education,2020,0,False
Austria,Energy Management,2016,3,True
Hungary,Energy Management,2022,0,False
Netherlands,Energy Management,2016,0,True
Greece,Energy Management,2025,0,False
Ireland,Energy Management,2018,0,True
France,Energy Management,2017,9,True
Slovenia,Energy Management,2019,0,True
Brazil,Fuzzy Logic,2018,1,True
Sweden,Fuzzy Logic,2023,0,False
Ukraine,Fuzzy Logic,2024,6,False
United Kingdom,Industry and Manufacturing,2019,11,True
United Kingdom,Industry and Manufacturing,2020,27,False
Bulgaria,Industry and Manufacturing,2019,0,True
Spain,Industry and Manufacturing,2020,17,False
Switzerland,Industry and Manufacturing,2022,0,False
Switzerland,Industry and Manufacturing,2024,0,False
Greece,Industry and Manufacturing,2019,0,True
Ukraine,Industry and Manufacturing,2018,0,True
Belgium,Knowledge Representation,2024,0,False
Argentina,Knowledge Representation,2017,0,True
Ireland,Knowledge Representation,2022,0,False
Ireland,Knowledge Representation,2023,0,False
Peru,Natural Language Processing,2020,1,False
Taiwan,Natural Language Processing,2021,15,False
South Africa,Natural Language Processing,2017,0,True
France,Natural Language Processing,2019,8,True
Belgium,Natural Language Processing,2017,0,True
Denmark,Natural Language Processing,2024,0,False
Canada,Natural Language Processing,2020,44,False
Singapore,Life Sciences,2017,23,True
Morocco,Life Sciences,2016,1,True
Bulgaria,Life Sciences,2020,6,False
Norway,Life Sciences,2023,1,False
Luxembourg,Life Sciences,2017,0,True
Turkey,Life Sciences,2021,1,False
Finland,Logic-Based Knowledge Systems,2024,0,False
Sweden,Logic-Based Knowledge Systems,2016,3,True
Sweden,Logic-Based Knowledge Systems,2021,1,False
China,Logic-Based Knowledge Systems,2018,658,True
Argentina,Logic-Based Knowledge Systems,2017,0,True
Belgium,Logic-Based Knowledge Systems,2024,0,False
Costa Rica,Logic-Based Knowledge Systems,2020,0,False
Slovakia,Logic-Based Knowledge Systems,2021,0,False
Austria,Markov and Bayesian Models,2021,0,False
Bulgaria,Markov and Bayesian Models,2023,0,False
Germany,Markov and Bayesian Models,2023,19,False
Georgia,Markov and Bayesian Models,2023,0,False
Denmark,Markov and Bayesian Models,2020,1,False
Lithuania,Markov and Bayesian Models,2020,1,False
Netherlands,Markov and Bayesian Models,2025,3,False
Israel,Measuring and Testing,2022,3,False
Israel,Measuring and Testing,2024,1,False
Switzerland,Measuring and Testing,2016,0,True
United Kingdom,Measuring and Testing,2021,50,False
Malaysia,Measuring and Testing,2022,4,False
United States,Measuring and Testing,2020,1718,False
Bulgaria,Neural Networks,2022,0,False
Japan,Neural Networks,2016,481,True
Israel,Neural Networks,2021,7,False
South Korea,Neural Networks,2016,516,True
United Kingdom,Neural Networks,2023,81,False
Belgium,Neural Networks,2018,5,True
India,Ontology Engineering,2016,9,True
United Kingdom,Ontology Engineering,2018,3,True
Norway,Ontology Engineering,2021,0,False
Romania,Ontology Engineering,2016,0,True
Japan,Ontology Engineering,2021,16,False
Poland,Ontology Engineering,2017,1,True
Russia,Ontology Engineering,2016,5,True
Malaysia,Other and Unspecified,2022,2,False
Japan,Other and Unspecified,2025,2,False
Bulgaria,Other and Unspecified,2022,1,False
Israel,Other and Unspecified,2023,2,False
Bulgaria,Personal Devices and Computing,2019,0,True
Singapore,Personal Devices and Computing,2021,4,False
Canada,Personal Devices and Computing,2022,77,False
Ireland,Personal Devices and Computing,2016,2,True
Ireland,Personal Devices and Computing,2022,0,False
Greece,Personal Devices and Computing,2024,3,False
Estonia,Personal Devices and Computing,2022,0,False
Belgium,Personal Devices and Computing,2019,0,True
Romania,Personal Devices and Computing,2019,0,True
Romania,Personal Devices and Computing,2021,0,False
Czechia,Personal Devices and Computing,2017,0,True
Denmark,Personal Devices and Computing,2023,1,False
Croatia,Personal Devices and Computing,2019,1,True
Australia,Personal Devices and Computing,2017,159,True
Japan,Physical Sciences and Engineering,2016,1353,True
Sweden,Physical Sciences and Engineering,2017,11,True
New Zealand,Physical Sciences and Engineering,2022,1,False
Slovenia,Physical Sciences and Engineering,2022,1,False
South Africa,Physical Sciences and Engineering,2020,1,False
Ukraine,Planning and Scheduling,2016,0,True
Taiwan,Planning and Scheduling,2017,18,True
Denmark,Planning and Scheduling,2017,2,True
Luxembourg,Planning and Scheduling,2017,0,True
Ukraine,Robotics,2018,0,True
South Korea,Robotics,2019,690,True
Czechia,Robotics,2017,0,True
Italy,Robotics,2018,0,True
Turkey,Robotics,2020,0,False
Australia,Robotics,2018,30,True
Finland,Robotics,2020,1,False
Sweden,Robotics,2021,4,False
China,Search Methods,2018,154,True
China,Search Methods,2019,217,True
Morocco,Search Methods,2020,0,False
Saudi Arabia,Search Methods,2022,0,False
Russia,Search Methods,2017,15,True
Greece,Search Methods,2019,0,True
Germany,Search Methods,2020,22,False
Luxembourg,Security,2017,0,True
Hungary,Security,2018,0,True
Hungary,Security,2022,1,False
Latvia,Security,2020,0,False
South Korea,Security,2023,473,False
Germany,Security,2018,29,True
China,Security,2017,318,True
Poland,Security,2023,0,False
Czechia,Spatial and Physical Reasoning,2024,1,False
Ukraine,Spatial and Physical Reasoning,2025,0,False
Luxembourg,Spatial and Physical Reasoning,2017,1,True
Croatia,Spatial and Physical Reasoning,2018,1,True
Singapore,Spatial and Physical Reasoning,2016,14,True
Uruguay,Spatial and Physical Reasoning,2022,0,False
Spain,Spatial and Physical Reasoning,2025,0,False
China,Spatial and Physical Reasoning,2022,28257,False
Lithuania,Spatial and Physical Reasoning,2016,1,True
Morocco,Spatial and Physical Reasoning,2022,0,False
New Zealand,Spatial and Physical Reasoning,2016,1,True
Argentina,Speech Processing,2018,0,True
Japan,Speech Processing,2023,29,False
Japan,Speech Processing,2025,0,False
Sweden,Speech Processing,2020,2,False
Finland,Speech Processing,2023,0,False
Norway,Speech Processing,2018,0,True
Norway,Speech Processing,2025,0,False
Ukraine,Speech Processing,2017,0,True
Australia,Speech Processing,2024,0,False
Canada,Speech Processing,2016,17,True
France,Speech Processing,2020,4,False
United Kingdom,Speech Processing,2023,13,False
South Africa,Speech Processing,2023,0,False
Malaysia,Telecommunications,2021,1,False
Peru,Telecommunications,2016,1,True
Belgium,Telecommunications,2022,0,False
Portugal,Telecommunications,2021,3,False
Slovenia,Telecommunications,2016,2,True
Poland,Telecommunications,2021,3,False
Singapore,Telecommunications,2018,41,True
Colombia,Telecommunications,2019,0,True
Greece,Telecommunications,2025,1,False
Hungary,Telecommunications,2017,3,True
Ukraine,Transportation,2019,0,True
Ukraine,Transportation,2023,0,False
Poland,Transportation,2016,6,True
Greece,Transportation,2017,1,True
Slovakia,Transportation,2023,0,False
Lithuania,Transportation,2017,0,True
Argentina,Transportation,2022,0,False
Czechia,Transportation,2024,0,False
Philippines,Transportation,2017,0,True
Germany,Transportation,2019,192,True
Denmark,Transportation,2018,7,True
Uruguay,Transportation,2017,0,True
Belgium,Transportation,2024,0,False
Serbia,Agriculture,2017,0,True
Greece,Agriculture,2018,0,True
Saudi Arabia,Agriculture,2021,0,False
Norway,Agriculture,2016,0,True
Canada,Agriculture,2022,8,False
Indonesia,Agriculture,2016,0,True
China,Agriculture,2022,950,False
Turkey,Agriculture,2017,0,True
South Korea,All,2023,4539,False
New Zealand,All,2020,7,False
France,All,2020,241,False
South Africa,All,2024,132,False
Finland,All,2020,28,False
Romania,Analytics and Algorithms,2024,0,False
Australia,Analytics and Algorithms,2020,101,False
Netherlands,Analytics and Algorithms,2020,2,False
Bulgaria,Analytics and Algorithms,2022,0,False
China,Analytics and Algorithms,2017,458,True
Singapore,Analytics and Algorithms,2017,7,True
Turkey,Analytics and Algorithms,2021,1,False
San Marino,Analytics and Algorithms,2017,0,True
Poland,Banking and Finance,2020,2,False
Greece,Banking and Finance,2024,0,False
Croatia,Banking and Finance,2018,0,True
United States,Banking and Finance,2025,8,False
South Korea,Banking and Finance,2016,29,True
Czechia,Bio-Inspired Computing,2019,0,True
United States,Bio-Inspired Computing,2017,665,True
United States,Bio-Inspired Computing,2018,895,True
China,Bio-Inspired Computing,2021,2826,False
United Kingdom,Bio-Inspired Computing,2016,8,True
Canada,Bio-Inspired Computing,2018,56,True
Norway,Bio-Inspired Computing,2017,0,True
Morocco,Bio-Inspired Computing,2023,1,False
Luxembourg,Bio-Inspired Computing,2017,0,True
Luxembourg,Bio-Inspired Computing,2020,1,False
Australia,Bio-Inspired Computing,2024,2,False
Japan,Bio-Inspired Computing,2020,129,False
Belgium,Business,2024,1,False
Poland,Business,2022,1,False
Japan,Business,2024,53,False
Italy,Computer Vision,2018,6,True
Singapore,Computer Vision,2019,39,True
China,Computer Vision,2024,19763,False
Brazil,Computer Vision,2019,66,True
India,Computer Vision,2020,2,False
South Africa,Computer Vision,2016,0,True
Bulgaria,Computer Vision,2022,0,False
Czechia,Computer Vision,2024,1,False
Lithuania,Computer Vision,2021,1,False
Peru,Computing in Government,2023,0,False
Mexico,Computing in Government,2017,0,True
Hungary,Computing in Government,2020,0,False
Finland,Computing in Government,2019,1,True
Italy,Computing in Government,2023,0,False
Greece,Computing in Government,2023,0,False
Luxembourg,Computing in Government,2023,1,False
Spain,Computing in Government,2024,0,False
China,Computing in Government,2016,32,True
United Kingdom,Computing in Government,2024,1,False
Argentina,Computing in Government,2022,0,False
Peru,Control Methods,2021,0,False
Ireland,Control Methods,2023,0,False
Taiwan,Control Methods,2018,39,True
Bulgaria,Control Methods,2024,3,False
China,Control Methods,2018,1238,True
Belgium,Control Methods,2019,0,True
Philippines,Control Methods,2020,1,False
Turkey,Control Methods,2017,0,True
Luxembourg,Control Methods,2023,19,False
Argentina,Distributed AI,2019,0,True
Argentina,Distributed AI,2021,0,False
Sweden,Distributed AI,2024,0,False
Uruguay,Distributed AI,2022,0,False
Denmark,Distributed AI,2018,1,True
Morocco,Distributed AI,2016,0,True
Malaysia,Distributed AI,2020,0,False
Bulgaria,Distributed AI,2025,0,False
Australia,Distributed AI,2018,3,True
Israel,Education,2022,0,False
Hungary,Education,2023,0,False
Belgium,Education,2016,0,True
Switzerland,Education,2021,0,False
Taiwan,Education,2018,2,True
Romania,Education,2017,0,True
Argentina,Education,2017,0,True
Israel,Energy Management,2021,0,False
Turkey,Energy Management,2018,0,True
Turkey,Energy Management,2023,0,False
Australia,Energy Management,2019,22,True
Australia,Energy Management,2020,30,False
Luxembourg,Energy Management,2024,17,False
Spain,Fuzzy Logic,2018,2,True
Australia,Fuzzy Logic,2024,0,False
United Kingdom,Fuzzy Logic,2024,0,False
Russia,Fuzzy Logic,2020,13,False
Indonesia,Industry and Manufacturing,2016,0,True
Romania,Industry and Manufacturing,2018,0,True
Hungary,Industry and Manufacturing,2019,2,True
Malaysia,Industry and Manufacturing,2020,0,False
Germany,Industry and Manufacturing,2018,71,True
Germany,Industry and Manufacturing,2019,83,True
Finland,Industry and Manufacturing,2019,6,True
Finland,Industry and Manufacturing,2021,4,False
Peru,Industry and Manufacturing,2018,0,True
South Korea,Industry and Manufacturing,2018,257,True
Sweden,Industry and Manufacturing,2023,4,False
Czechia,Knowledge Representation,2019,0,True
Turkey,Knowledge Representation,2023,0,False
Australia,Knowledge Representation,2017,12,True
Australia,Knowledge Representation,2018,30,True
Estonia,Knowledge Representation,2022,0,False
Morocco,Knowledge Representation,2024,0,False
South Africa,Knowledge Representation,2024,0,False
Italy,Natural Language Processing,2023,1,False
Italy,Natural Language Processing,2024,0,False
Jordan,Natural Language Processing,2021,0,False
China,Natural Language Processing,2021,4872,False
Bulgaria,Natural Language Processing,2025,0,False
Hungary,Natural Language Processing,2017,0,True
Colombia,Natural Language Processing,2024,0,False
Japan,Natural Language Processing,2024,22,False
Australia,Natural Language Processing,2019,34,True
Brazil,Life Sciences,2022,0,False
Singapore,Life Sciences,2019,36,True
Israel,Life Sciences,2018,0,True
Poland,Life Sciences,2021,6,False
Luxembourg,Life Sciences,2018,4,True
Peru,Life Sciences,2023,2,False
Italy,Life Sciences,2020,7,False
Slovenia,Logic-Based Knowledge Systems,2019,1,True
Morocco,Logic-Based Knowledge Systems,2022,2,False
Serbia,Logic-Based Knowledge Systems,2023,0,False
Uruguay,Logic-Based Knowledge Systems,2022,0,False
Belgium,Logic-Based Knowledge Systems,2021,0,False
Greece,Logic-Based Knowledge Systems,2020,0,False
South Africa,Logic-Based Knowledge Systems,2024,0,False
Bulgaria,Logic-Based Knowledge Systems,2025,0,False
Spain,Markov and Bayesian Models,2017,16,True
Greece,Markov and Bayesian Models,2025,0,False
Brazil,Markov and Bayesian Models,2017,10,True
South Africa,Markov and Bayesian Models,2020,0,False
Denmark,Markov and Bayesian Models,2019,6,True
Luxembourg,Markov and Bayesian Models,2019,1,True
Israel,Measuring and Testing,2021,3,False
Paraguay,Measuring and Testing,2021,1,False
Croatia,Measuring and Testing,2018,1,True
Croatia,Measuring and Testing,2021,0,False
Japan,Measuring and Testing,2025,1,False
Australia,Measuring and Testing,2017,62,True
South Africa,Measuring and Testing,2017,0,True
India,Neural Networks,2020,2,False
China,Neural Networks,2018,11610,True
France,Neural Networks,2021,147,False
Russia,Neural Networks,2016,56,True
Luxembourg,Neural Networks,2017,1,True
Saudi Arabia,Neural Networks,2021,0,False
Lithuania,Neural Networks,2022,1,False
South Korea,Neural Networks,2019,3361,True
Belgium,Neural Networks,2017,0,True
Austria,Neural Networks,2024,1,False
Singapore,Neural Networks,2017,41,True
Philippines,Neural Networks,2017,1,True
Ireland,Ontology Engineering,2018,0,True
Ukraine,Ontology Engineering,2017,0,True
Israel,Ontology Engineering,2020,0,False
Czechia,Ontology Engineering,2022,0,False
Austria,Ontology Engineering,2016,0,True
United States,Ontology Engineering,2020,496,False
France,Other and Unspecified,2018,40,True
India,Other and Unspecified,2017,55,True
Saudi Arabia,Other and Unspecified,2023,1,False
United States,Other and Unspecified,2023,1779,False
Ukraine,Other and Unspecified,2025,2,False
Taiwan,Other and Unspecified,2025,38,False
Romania,Other and Unspecified,2024,1,False
Brazil,Other and Unspecified,2017,36,True
Jordan,Other and Unspecified,2021,2,False
Japan,Personal Devices and Computing,2021,1020,False
Brazil,Personal Devices and Computing,2020,53,False
Argentina,Personal Devices and Computing,2022,1,False
Austria,Personal Devices and Computing,2024,1,False
Germany,Personal Devices and Computing,2023,90,False
Brazil,Physical Sciences and Engineering,2021,62,False
United Kingdom,Physical Sciences and Engineering,2023,130,False
United Kingdom,Physical Sciences and Engineering,2025,1,False
Morocco,Physical Sciences and Engineering,2022,4,False
Poland,Physical Sciences and Engineering,2020,30,False
Czechia,Planning and Scheduling,2017,0,True
South Korea,Planning and Scheduling,2016,69,True
Canada,Planning and Scheduling,2016,52,True
Brazil,Planning and Scheduling,2018,21,True
Brazil,Planning and Scheduling,2020,11,False
Colombia,Planning and Scheduling,2019,0,True
Spain,Planning and Scheduling,2020,7,False
Saudi Arabia,Planning and Scheduling,2022,0,False
United States,Planning and Scheduling,2018,1160,True
Norway,Planning and Scheduling,2016,0,True
Spain,Robotics,2020,5,False
Romania,Robotics,2018,0,True
Japan,Robotics,2023,46,False
New Zealand,Robotics,2017,1,True
Philippines,Robotics,2019,2,True
Belgium,Robotics,2024,0,False
Denmark,Robotics,2021,0,False
France,Robotics,2019,11,True
France,Robotics,2021,6,False
Switzerland,Robotics,2020,0,False
Chile,Robotics,2018,1,True
Greece,Robotics,2024,0,False
Georgia,Robotics,2023,0,False
Japan,Search Methods,2017,76,True
Denmark,Search Methods,2021,1,False
Taiwan,Search Methods,2016,4,True
Turkey,Search Methods,2020,0,False
Lithuania,Search Methods,2018,0,True
Hungary,Search Methods,2017,0,True
India,Search Methods,2017,17,True
Spain,Search Methods,2021,2,False
Belgium,Search Methods,2022,0,False
Bulgaria,Search Methods,2022,0,False
Bulgaria,Search Methods,2024,0,False
Ukraine,Security,2025,0,False
Saudi Arabia,Security,2022,0,False
Czechia,Security,2019,0,True
Slovenia,Security,2019,0,True
Lithuania,Security,2016,1,True
Lithuania,Security,2021,0,False
Ireland,Security,2016,0,True
Finland,Security,2017,1,True
Germany,Security,2024,14,False
Greece,Security,2024,0,False
South Africa,Security,2023,0,False
China,Security,2024,3149,False
Slovakia,Security,2021,0,False
France,Security,2022,19,False
Italy,Security,2021,4,False
Italy,Security,2022,1,False
Canada,Security,2022,24,False
Brazil,Spatial and Physical Reasoning,2017,38,True
Malaysia,Spatial and Physical Reasoning,2018,5,True
United Kingdom,Spatial and Physical Reasoning,2016,52,True
Luxembourg,Spatial and Physical Reasoning,2018,5,True
France,Spatial and Physical Reasoning,2019,91,True
France,Spatial and Physical Reasoning,2020,74,False
Denmark,Spatial and Physical Reasoning,2016,6,True
Denmark,Spatial and Physical Reasoning,2024,1,False
Colombia,Spatial and Physical Reasoning,2019,0,True
Canada,Spatial and Physical Reasoning,2024,0,False
Greece,Spatial and Physical Reasoning,2021,1,False
India,Spatial and Physical Reasoning,2016,18,True
Australia,Spatial and Physical Reasoning,2022,69,False
Israel,Spatial and Physical Reasoning,2020,3,False
Netherlands,Spatial and Physical Reasoning,2021,11,False
Norway,Spatial and Physical Reasoning,2018,2,True
Mexico,Speech Processing,2017,2,True
Spain,Speech Processing,2020,9,False
South Africa,Speech Processing,2019,0,True
Canada,Telecommunications,2021,91,False
Australia,Telecommunications,2024,1,False
Peru,Telecommunications,2017,0,True
Georgia,Telecommunications,2023,0,False
United States,Telecommunications,2021,3269,False
South Korea,Telecommunications,2022,1273,False
United Kingdom,Telecommunications,2019,70,True
Ukraine,Transportation,2024,0,False
Tunisia,Transportation,2021,0,False
Italy,Transportation,2021,7,False
Switzerland,Transportation,2018,0,True
South Korea,Transportation,2020,619,False
Colombia,Transportation,2019,0,True
Serbia,Transportation,2020,0,False
Greece,Agriculture,2021,1,False
Luxembourg,Agriculture,2023,3,False
Germany,Agriculture,2023,3,False
Canada,Agriculture,2017,18,True
South Korea,Agriculture,2018,53,True
China,All,2017,9671,True
Portugal,All,2021,3,False
Costa Rica,All,2023,1,False
Colombia,All,2024,1,False
Hungary,All,2016,8,True
New Zealand,All,2019,13,True
Switzerland,All,2023,1,False
Germany,Analytics and Algorithms,2022,64,False
Israel,Analytics and Algorithms,2019,0,True
Israel,Analytics and Algorithms,2021,1,False
Brazil,Analytics and Algorithms,2022,0,False
Austria,Analytics and Algorithms,2019,0,True
New Zealand,Analytics and Algorithms,2020,3,False
France,Analytics and Algorithms,2023,13,False
Spain,Analytics and Algorithms,2019,19,True
United Kingdom,Analytics and Algorithms,2017,15,True
China,Analytics and Algorithms,2016,222,True
Morocco,Analytics and Algorithms,2020,0,False
Poland,Analytics and Algorithms,2020,5,False
Canada,Analytics and Algorithms,2021,67,False
Philippines,Banking and Finance,2017,0,True
Latvia,Banking and Finance,2020,0,False
Mexico,Banking and Finance,2019,8,True
Brazil,Banking and Finance,2022,0,False
India,Banking and Finance,2016,1,True
Czechia,Bio-Inspired Computing,2021,0,False
Finland,Bio-Inspired Computing,2019,1,True
Russia,Bio-Inspired Computing,2019,8,True
Netherlands,Bio-Inspired Computing,2024,5,False
Philippines,Bio-Inspired Computing,2017,0,True
Denmark,Bio-Inspired Computing,2017,3,True
Saudi Arabia,Bio-Inspired Computing,2022,0,False
Ukraine,Bio-Inspired Computing,2024,0,False
Luxembourg,Bio-Inspired Computing,2019,1,True
Japan,Bio-Inspired Computing,2017,110,True
China,Business,2023,4567,False
Luxembourg,Business,2020,3,False
Ukraine,Business,2019,0,True
Peru,Business,2021,0,False
Croatia,Business,2018,0,True
China,Computer Vision,2022,23018,False
New Zealand,Computer Vision,2019,5,True
Greece,Computer Vision,2017,5,True
Japan,Computer Vision,2022,810,False
Japan,Computer Vision,2024,86,False
Colombia,Computing in Government,2024,0,False
Greece,Computing in Government,2019,0,True
South Korea,Computing in Government,2020,118,False
Brazil,Computing in Government,2022,0,False
United States,Control Methods,2025,12,False
Sweden,Control Methods,2022,6,False
Peru,Control Methods,2016,0,True
Serbia,Control Methods,2020,1,False
Austria,Control Methods,2016,5,True
Slovakia,Control Methods,2023,0,False
Latvia,Control Methods,2020,0,False
Taiwan,Control Methods,2023,43,False
Slovenia,Control Methods,2019,1,True
Belgium,Control Methods,2021,0,False
United Kingdom,Control Methods,2016,32,True
United Kingdom,Control Methods,2023,14,False
Finland,Control Methods,2016,1,True
Turkey,Control Methods,2019,2,True
Netherlands,Distributed AI,2016,0,True
Colombia,Distributed AI,2022,0,False
Germany,Distributed AI,2021,2,False
Luxembourg,Distributed AI,2025,9,False
Peru,Distributed AI,2018,0,True
Philippines,Distributed AI,2019,1,True
South Africa,Distributed AI,2021,0,False
Kenya,Education,2016,0,True
Denmark,Education,2018,1,True
Sweden,Education,2019,0,True
Peru,Education,2023,0,False
Ireland,Education,2023,0,False
Lithuania,Education,2022,0,False
Romania,Education,2024,0,False
Finland,Energy Management,2022,1,False
Tunisia,Energy Management,2021,0,False
Spain,Energy Management,2024,0,False
Belgium,Energy Management,2022,0,False
Greece,Energy Management,2019,1,True
Mexico,Energy Management,2020,3,False
Serbia,Energy Management,2017,0,True
Serbia,Energy Management,2023,1,False
Hungary,Fuzzy Logic,2016,1,True
Norway,Fuzzy Logic,2019,0,True
Taiwan,Fuzzy Logic,2022,6,False
Serbia,Fuzzy Logic,2017,0,True
Denmark,Fuzzy Logic,2021,0,False
Germany,Fuzzy Logic,2022,4,False
Bulgaria,Fuzzy Logic,2024,0,False
Argentina,Fuzzy Logic,2020,0,False
South Africa,Fuzzy Logic,2018,0,True
Hungary,Industry and Manufacturing,2022,2,False
Turkey,Industry and Manufacturing,2020,1,False
Australia,Industry and Manufacturing,2023,4,False
Morocco,Industry and Manufacturing,2024,1,False
Norway,Industry and Manufacturing,2025,0,False
Mexico,Industry and Manufacturing,2019,16,True
Switzerland,Industry and Manufacturing,2019,0,True
Hungary,Knowledge Representation,2019,0,True
United Kingdom,Knowledge Representation,2024,0,False
Mexico,Knowledge Representation,2018,2,True
Philippines,Knowledge Representation,2018,0,True
Turkey,Knowledge Representation,2021,0,False
Israel,Knowledge Representation,2022,0,False
Bulgaria,Knowledge Representation,2020,0,False
Iran,Knowledge Representation,2018,0,True
Taiwan,Knowledge Representation,2022,6,False
Portugal,Knowledge Representation,2024,0,False
Canada,Knowledge Representation,2021,29,False
Argentina,Natural Language Processing,2018,0,True
Spain,Natural Language Processing,2019,3,True
Greece,Natural Language Processing,2023,3,False
Belgium,Natural Language Processing,2018,0,True
Switzerland,Natural Language Processing,2017,0,True
Serbia,Natural Language Processing,2019,0,True
Brazil,Life Sciences,2016,23,True
Denmark,Life Sciences,2023,2,False
United Kingdom,Life Sciences,2022,15,False
United States,Life Sciences,2025,33,False
Iran,Life Sciences,2018,0,True
Hungary,Life Sciences,2020,2,False
Luxembourg,Life Sciences,2021,3,False
Japan,Life Sciences,2018,593,True
Germany,Life Sciences,2019,85,True
South Korea,Life Sciences,2018,517,True
Italy,Life Sciences,2021,6,False
Taiwan,Life Sciences,2025,9,False
Norway,Logic-Based Knowledge Systems,2023,0,False
Norway,Logic-Based Knowledge Systems,2025,1,False
Cuba,Logic-Based Knowledge Systems,2020,0,False
Peru,Logic-Based Knowledge Systems,2021,0,False
Netherlands,Logic-Based Knowledge Systems,2020,1,False
Israel,Logic-Based Knowledge Systems,2023,0,False
Poland,Logic-Based Knowledge Systems,2016,3,True
United States,Markov and Bayesian Models,2025,17,False
China,Markov and Bayesian Models,2021,3632,False
Greece,Markov and Bayesian Models,2019,0,True
Hungary,Markov and Bayesian Models,2017,3,True
Hungary,Markov and Bayesian Models,2023,0,False
Colombia,Markov and Bayesian Models,2024,0,False
Brazil,Markov and Bayesian Models,2016,4,True
Brazil,Markov and Bayesian Models,2021,6,False
Costa Rica,Markov and Bayesian Models,2023,0,False
Singapore,Markov and Bayesian Models,2016,4,True
India,Markov and Bayesian Models,2017,42,True
New Zealand,Measuring and Testing,2016,1,True
Saudi Arabia,Measuring and Testing,2021,0,False
Slovenia,Measuring and Testing,2018,1,True
Hungary,Measuring and Testing,2020,4,False
Hungary,Measuring and Testing,2022,1,False
Finland,Measuring and Testing,2017,5,True
Greece,Measuring and Testing,2020,1,False
Argentina,Measuring and Testing,2020,3,False
Taiwan,Measuring and Testing,2017,24,True
Japan,Measuring and Testing,2018,597,True
Colombia,Measuring and Testing,2019,0,True
Malaysia,Measuring and Testing,2018,2,True
Italy,Measuring and Testing,2022,5,False
Netherlands,Measuring and Testing,2017,1,True
Spain,Neural Networks,2016,24,True
Spain,Neural Networks,2021,54,False
Taiwan,Neural Networks,2023,260,False
Italy,Neural Networks,2017,9,True
Ireland,Neural Networks,2023,3,False
Belgium,Neural Networks,2023,4,False
New Zealand,Neural Networks,2017,9,True
Romania,Neural Networks,2018,0,True
Italy,Ontology Engineering,2018,0,True
Hungary,Ontology Engineering,2021,0,False
Japan,Ontology Engineering,2017,30,True
Netherlands,Ontology Engineering,2023,0,False
Netherlands,Ontology Engineering,2024,1,False
Croatia,Ontology Engineering,2018,1,True
Singapore,Ontology Engineering,2020,0,False
Mexico,Ontology Engineering,2016,0,True
Mexico,Ontology Engineering,2019,1,True
Croatia,Other and Unspecified,2019,1,True
Australia,Other and Unspecified,2018,147,True
Taiwan,Other and Unspecified,2016,39,True
Singapore,Other and Unspecified,2016,23,True
China,Other and Unspecified,2016,2315,True
Brazil,Other and Unspecified,2022,0,False
Netherlands,Personal Devices and Computing,2025,2,False
Japan,Personal Devices and Computing,2018,1693,True
Japan,Personal Devices and Computing,2020,1514,False
China,Personal Devices and Computing,2020,30541,False
China,Personal Devices and Computing,2026,794,False
Italy,Personal Devices and Computing,2024,0,False
Spain,Personal Devices and Computing,2024,1,False
Morocco,Personal Devices and Computing,2022,1,False
Czechia,Personal Devices and Computing,2025,1,False
Luxembourg,Personal Devices and Computing,2020,9,False
Norway,Physical Sciences and Engineering,2018,5,True
France,Physical Sciences and Engineering,2021,204,False
China,Physical Sciences and Engineering,2019,29711,True
Portugal,Physical Sciences and Engineering,2018,14,True
Italy,Physical Sciences and Engineering,2020,28,False
Serbia,Physical Sciences and Engineering,2019,2,True
Switzerland,Planning and Scheduling,2023,1,False
Germany,Planning and Scheduling,2016,21,True
South Korea,Planning and Scheduling,2023,506,False
Brazil,Planning and Scheduling,2019,23,True
Sweden,Planning and Scheduling,2018,1,True
Mexico,Planning and Scheduling,2017,8,True
Romania,Planning and Scheduling,2024,0,False
Israel,Planning and Scheduling,2021,1,False
Romania,Robotics,2019,0,True
Slovenia,Robotics,2019,0,True
Taiwan,Robotics,2016,8,True
Ireland,Robotics,2022,0,False
Denmark,Robotics,2024,0,False
Mexico,Robotics,2022,1,False
Netherlands,Robotics,2020,3,False
Philippines,Search Methods,2023,0,False
Peru,Search Methods,2020,0,False
China,Search Methods,2022,749,False
Sweden,Search Methods,2021,0,False
Taiwan,Search Methods,2022,6,False
Greece,Search Methods,2017,0,True
Germany,Search Methods,2017,4,True
Israel,Search Methods,2018,1,True
Spain,Search Methods,2018,6,True
Spain,Search Methods,2022,2,False
Georgia,Search Methods,2023,1,False
Australia,Security,2021,129,False
Spain,Security,2024,0,False
Russia,Security,2018,23,True
Russia,Security,2020,22,False
United States,Security,2021,1222,False
United States,Security,2023,564,False
Singapore,Security,2016,9,True
Norway,Security,2016,0,True
Austria,Security,2022,0,False
Brazil,Spatial and Physical Reasoning,2020,42,False
Malaysia,Spatial and Physical Reasoning,2016,4,True
Russia,Spatial and Physical Reasoning,2019,37,True
Finland,Spatial and Physical Reasoning,2017,8,True
Colombia,Spatial and Physical Reasoning,2024,0,False
China,Spatial and Physical Reasoning,2018,5951,True
Switzerland,Spatial and Physical Reasoning,2018,2,True
Portugal,Spatial and Physical Reasoning,2019,3,True
Serbia,Speech Processing,2021,0,False
Italy,Speech Processing,2022,0,False
Turkey,Speech Processing,2017,0,True
Hungary,Speech Processing,2022,0,False
Russia,Speech Processing,2017,7,True
Slovakia,Speech Processing,2021,0,False
United States,Speech Processing,2022,643,False
New Zealand,Speech Processing,2018,2,True
Uruguay,Speech Processing,2017,0,True
Ukraine,Speech Processing,2018,0,True
Switzerland,Speech Processing,2023,0,False
Greece,Speech Processing,2017,3,True
Norway,Telecommunications,2022,1,False
Germany,Telecommunications,2017,82,True
South Africa,Telecommunications,2024,0,False
Singapore,Telecommunications,2021,3,False
Denmark,Telecommunications,2022,0,False
Czechia,Telecommunications,2020,0,False
Taiwan,Telecommunications,2019,86,True
Taiwan,Telecommunications,2023,64,False
Turkey,Transportation,2020,0,False
Chile,Transportation,2018,1,True
Portugal,Transportation,2024,0,False
Argentina,Transportation,2020,0,False
Philippines,Transportation,2020,5,False
Lithuania,Agriculture,2022,0,False
Bulgaria,Agriculture,2024,1,False
Peru,Agriculture,2021,0,False
Argentina,Agriculture,2023,1,False
Czechia,Agriculture,2021,1,False
France,Agriculture,2016,0,True
Finland,Agriculture,2021,0,False
Ukraine,All,2023,9,False
Philippines,All,2019,12,True
Czechia,All,2021,2,False
Czechia,All,2022,2,False
China,All,2025,46364,False
Austria,All,2021,15,False
Italy,All,2018,20,True
United Kingdom,All,2022,224,False
Netherlands,All,2021,45,False
India,All,2017,196,True
New Zealand,All,2017,20,True
Switzerland,All,2024,1,False
Finland,All,2019,32,True
Norway,All,2019,7,True
Sweden,Analytics and Algorithms,2016,3,True
Brazil,Analytics and Algorithms,2017,6,True
Netherlands,Analytics and Algorithms,2019,1,True
Switzerland,Analytics and Algorithms,2021,1,False
United Kingdom,Analytics and Algorithms,2022,35,False
Luxembourg,Analytics and Algorithms,2019,1,True
United States,Analytics and Algorithms,2023,434,False
Hungary,Banking and Finance,2023,0,False
Portugal,Banking and Finance,2021,0,False
Czechia,Banking and Finance,2017,0,True
Czechia,Banking and Finance,2019,0,True
Finland,Banking and Finance,2020,0,False
China,Banking and Finance,2024,752,False
Czechia,Bio-Inspired Computing,2024,1,False
Taiwan,Bio-Inspired Computing,2018,12,True
Brazil,Bio-Inspired Computing,2019,10,True
United Kingdom,Bio-Inspired Computing,2021,17,False
France,Bio-Inspired Computing,2016,0,True
Ireland,Bio-Inspired Computing,2022,0,False
Slovakia,Bio-Inspired Computing,2024,0,False
Italy,Business,2020,3,False
Belgium,Business,2019,0,True
Taiwan,Business,2016,15,True
Turkey,Business,2019,0,True
New Zealand,Business,2019,1,True
United Kingdom,Business,2023,6,False
Argentina,Business,2020,2,False
Hungary,Business,2016,3,True
Japan,Business,2016,147,True
Slovakia,Business,2023,0,False
Austria,Business,2023,1,False
United Kingdom,Computer Vision,2022,83,False
Mexico,Computer Vision,2018,32,True
Norway,Computer Vision,2022,1,False
Belgium,Computer Vision,2019,0,True
Slovakia,Computer Vision,2021,0,False
Georgia,Computer Vision,2023,1,False
United States,Computer Vision,2017,2683,True
Peru,Computing in Government,2020,0,False
Canada,Computing in Government,2018,7,True
Malaysia,Computing in Government,2020,0,False
Indonesia,Computing in Government,2016,0,True
Morocco,Computing in Government,2017,0,True
Morocco,Computing in Government,2021,0,False
Ukraine,Computing in Government,2019,0,True
India,Computing in Government,2020,0,False
New Zealand,Computing in Government,2022,0,False
Croatia,Computing in Government,2021,0,False
Mexico,Control Methods,2016,11,True
South Korea,Control Methods,2019,769,True
Spain,Control Methods,2016,18,True
Czechia,Control Methods,2022,1,False
Hungary,Control Methods,2022,0,False
Germany,Distributed AI,2019,13,True
Japan,Distributed AI,2020,38,False
Denmark,Distributed AI,2024,0,False
Portugal,Distributed AI,2017,0,True
Serbia,Distributed AI,2017,0,True
Canada,Distributed AI,2020,8,False
Peru,Distributed AI,2019,0,True
Turkey,Distributed AI,2021,0,False
Norway,Distributed AI,2019,0,True
Australia,Distributed AI,2016,2,True
Australia,Distributed AI,2023,1,False
China,Distributed AI,2020,245,False
South Africa,Distributed AI,2016,0,True
South Korea,Distributed AI,2025,1,False
Slovakia,Education,2024,0,False
Portugal,Education,2017,0,True
Germany,Education,2017,6,True
Czechia,Education,2019,0,True
Luxembourg,Education,2021,0,False
Russia,Education,2017,1,True
South Korea,Education,2021,202,False
New Zealand,Education,2018,0,True
Romania,Education,2018,0,True
Russia,Energy Management,2016,1,True
South Korea,Energy Management,2022,430,False
Poland,Energy Management,2016,4,True
Belgium,Energy Management,2023,0,False
Norway,Energy Management,2019,1,True
Switzerland,Energy Management,2020,0,False
Turkey,Fuzzy Logic,2020,0,False
Morocco,Fuzzy Logic,2017,0,True
Spain,Fuzzy Logic,2016,2,True
Japan,Fuzzy Logic,2024,0,False
South Korea,Fuzzy Logic,2023,8,False
France,Industry and Manufacturing,2020,20,False
Hungary,Industry and Manufacturing,2020,3,False
Italy,Industry and Manufacturing,2019,7,True
Morocco,Industry and Manufacturing,2017,0,True
Morocco,Industry and Manufacturing,2022,0,False
India,Industry and Manufacturing,2016,4,True
Ukraine,Industry and Manufacturing,2017,0,True
Ukraine,Industry and Manufacturing,2022,0,False
United States,Industry and Manufacturing,2023,125,False
Denmark,Industry and Manufacturing,2016,3,True
Malaysia,Knowledge Representation,2022,0,False
Turkey,Knowledge Representation,2018,0,True
Netherlands,Knowledge Representation,2017,1,True
Austria,Knowledge Representation,2018,0,True
Canada,Knowledge Representation,2019,35,True
New Zealand,Natural Language Processing,2021,0,False
Belgium,Natural Language Processing,2025,0,False
Hungary,Natural Language Processing,2018,0,True
Switzerland,Natural Language Processing,2022,0,False
Philippines,Natural Language Processing,2019,0,True
Poland,Natural Language Processing,2018,0,True
Portugal,Natural Language Processing,2019,0,True
Australia,Natural Language Processing,2016,21,True
Finland,Life Sciences,2017,3,True
Greece,Life Sciences,2017,0,True
Morocco,Life Sciences,2020,0,False
Belgium,Life Sciences,2017,0,True
San Marino,Life Sciences,2020,0,False
Japan,Life Sciences,2020,692,False
Ukraine,Life Sciences,2023,0,False
Canada,Life Sciences,2017,125,True
France,Life Sciences,2017,17,True
Sweden,Life Sciences,2020,3,False
Brazil,Logic-Based Knowledge Systems,2017,10,True
Morocco,Logic-Based Knowledge Systems,2017,0,True
China,Logic-Based Knowledge Systems,2019,775,True
France,Logic-Based Knowledge Systems,2019,17,True
United Kingdom,Logic-Based Knowledge Systems,2020,21,False
Austria,Markov and Bayesian Models,2017,1,True
Germany,Markov and Bayesian Models,2021,28,False
South Korea,Markov and Bayesian Models,2024,46,False
Costa Rica,Markov and Bayesian Models,2020,0,False
United Kingdom,Markov and Bayesian Models,2019,47,True
France,Markov and Bayesian Models,2018,15,True
Poland,Markov and Bayesian Models,2022,3,False
Austria,Measuring and Testing,2021,7,False
Sweden,Measuring and Testing,2016,4,True
Sweden,Measuring and Testing,2018,6,True
Germany,Measuring and Testing,2023,78,False
France,Measuring and Testing,2018,32,True
Denmark,Measuring and Testing,2017,5,True
Greece,Measuring and Testing,2022,1,False
Spain,Measuring and Testing,2022,14,False
Costa Rica,Measuring and Testing,2023,0,False
Poland,Measuring and Testing,2020,9,False
Romania,Measuring and Testing,2019,0,True
Estonia,Neural Networks,2022,0,False
Russia,Neural Networks,2019,99,True
Mexico,Neural Networks,2019,46,True
Peru,Neural Networks,2021,2,False
Greece,Neural Networks,2016,2,True
Lithuania,Neural Networks,2017,0,True
Lithuania,Neural Networks,2018,4,True
Croatia,Neural Networks,2017,0,True
Austria,Neural Networks,2018,4,True
Singapore,Neural Networks,2018,91,True
Finland,Neural Networks,2018,19,True
Bulgaria,Ontology Engineering,2021,0,False
Canada,Other and Unspecified,2016,160,True
Turkey,Other and Unspecified,2021,2,False
Peru,Other and Unspecified,2019,0,True
Australia,Other and Unspecified,2021,411,False
Taiwan,Other and Unspecified,2023,226,False
Singapore,Other and Unspecified,2017,26,True
San Marino,Other and Unspecified,2018,0,True
Philippines,Other and Unspecified,2022,4,False
United Kingdom,Other and Unspecified,2019,110,True
United Kingdom,Other and Unspecified,2024,11,False
Austria,Other and Unspecified,2018,6,True
Ireland,Other and Unspecified,2023,0,False
Finland,Personal Devices and Computing,2016,6,True
Finland,Personal Devices and Computing,2021,5,False
Finland,Personal Devices and Computing,2022,7,False
Canada,Personal Devices and Computing,2024,3,False
Saudi Arabia,Personal Devices and Computing,2023,0,False
Philippines,Personal Devices and Computing,2021,22,False
United States,Personal Devices and Computing,2019,9860,True
South Korea,Personal Devices and Computing,2019,2402,True
Poland,Personal Devices and Computing,2017,13,True
Germany,Physical Sciences and Engineering,2020,647,False
Philippines,Physical Sciences and Engineering,2023,2,False
South Korea,Physical Sciences and Engineering,2021,6939,False
India,Physical Sciences and Engineering,2017,196,True
Australia,Physical Sciences and Engineering,2021,1161,False
Portugal,Physical Sciences and Engineering,2022,1,False
Luxembourg,Physical Sciences and Engineering,2022,77,False
Belgium,Physical Sciences and Engineering,2024,4,False
Romania,Physical Sciences and Engineering,2018,1,True
Malaysia,Planning and Scheduling,2018,3,True
Cuba,Planning and Scheduling,2020,0,False
Switzerland,Planning and Scheduling,2016,1,True
South Korea,Planning and Scheduling,2017,107,True
Italy,Planning and Scheduling,2019,2,True
Finland,Planning and Scheduling,2024,0,False
Spain,Planning and Scheduling,2025,0,False
Sweden,Planning and Scheduling,2016,2,True
Croatia,Planning and Scheduling,2024,1,False
Spain,Robotics,2024,0,False
Estonia,Robotics,2022,0,False
Poland,Robotics,2018,3,True
Australia,Robotics,2019,37,True
Israel,Robotics,2016,2,True
Colombia,Robotics,2022,0,False
Canada,Robotics,2020,37,False
Bulgaria,Robotics,2022,0,False
Japan,Search Methods,2021,107,False
South Korea,Search Methods,2024,6,False
Canada,Search Methods,2017,25,True
Australia,Search Methods,2024,2,False
United Kingdom,Search Methods,2018,16,True
Austria,Search Methods,2019,0,True
Czechia,Search Methods,2022,0,False
Netherlands,Search Methods,2020,1,False
France,Search Methods,2020,9,False
Romania,Security,2019,0,True
Greece,Security,2022,1,False
Philippines,Security,2021,0,False
Italy,Security,2018,2,True
Philippines,Spatial and Physical Reasoning,2017,1,True
South Africa,Spatial and Physical Reasoning,2017,2,True
Denmark,Spatial and Physical Reasoning,2023,0,False
Colombia,Spatial and Physical Reasoning,2022,0,False
China,Spatial and Physical Reasoning,2024,30955,False
Mexico,Spatial and Physical Reasoning,2018,31,True
Australia,Spatial and Physical Reasoning,2020,266,False
Israel,Spatial and Physical Reasoning,2019,7,True
Turkey,Spatial and Physical Reasoning,2019,0,True
Germany,Spatial and Physical Reasoning,2022,208,False
Lithuania,Speech Processing,2016,0,True
Peru,Speech Processing,2020,0,False
Canada,Speech Processing,2021,17,False
Romania,Speech Processing,2024,0,False
Belgium,Telecommunications,2023,1,False
United States,Telecommunications,2017,2560,True
Slovenia,Telecommunications,2018,1,True
Israel,Telecommunications,2016,2,True
Taiwan,Telecommunications,2016,19,True
Mexico,Telecommunications,2016,11,True
Bulgaria,Telecommunications,2021,0,False
Hungary,Transportation,2023,0,False
Czechia,Transportation,2025,0,False
Australia,Transportation,2018,52,True
Finland,Transportation,2016,0,True
Canada,Transportation,2022,18,False
Mexico,Transportation,2020,8,False
Luxembourg,Agriculture,2019,0,True
Poland,Agriculture,2022,0,False
Slovakia,Agriculture,2021,0,False
Italy,Agriculture,2020,1,False
New Zealand,Agriculture,2022,0,False
Netherlands,Agriculture,2016,0,True
Netherlands,Agriculture,2020,0,False
Costa Rica,Agriculture,2020,0,False
Denmark,Agriculture,2024,1,False
Japan,Agriculture,2022,36,False
Ukraine,Agriculture,2021,0,False
Bulgaria,All,2021,3,False
Bulgaria,All,2025,7,False
Georgia,All,2023,1,False
United States,All,2016,5688,True
United States,All,2020,14944,False
Italy,All,2022,18,False
United Kingdom,All,2016,145,True
Canada,All,2016,314,True
New Zealand,All,2018,14,True
South Africa,All,2017,3,True
Brazil,Analytics and Algorithms,2016,8,True
Austria,Analytics and Algorithms,2023,0,False
Netherlands,Analytics and Algorithms,2016,1,True
New Zealand,Analytics and Algorithms,2017,1,True
Serbia,Analytics and Algorithms,2021,0,False
Greece,Analytics and Algorithms,2018,0,True
Spain,Analytics and Algorithms,2024,4,False
China,Analytics and Algorithms,2018,907,True
China,Analytics and Algorithms,2020,3154,False
Argentina,Analytics and Algorithms,2022,0,False
Colombia,Analytics and Algorithms,2019,0,True
Colombia,Analytics and Algorithms,2024,0,False
Taiwan,Analytics and Algorithms,2018,20,True
Taiwan,Analytics and Algorithms,2025,7,False
United States,Analytics and Algorithms,2020,1537,False
Argentina,Banking and Finance,2023,0,False
Taiwan,Banking and Finance,2019,29,True
San Marino,Banking and Finance,2017,0,True
Romania,Banking and Finance,2017,0,True
Netherlands,Banking and Finance,2019,0,True
Norway,Banking and Finance,2022,0,False
Bulgaria,Banking and Finance,2019,0,True
Bulgaria,Banking and Finance,2023,0,False
Malaysia,Banking and Finance,2017,4,True
Sweden,Banking and Finance,2021,1,False
Sweden,Banking and Finance,2023,1,False
Luxembourg,Banking and Finance,2020,0,False
Czechia,Bio-Inspired Computing,2018,0,True
Taiwan,Bio-Inspired Computing,2023,5,False
Argentina,Bio-Inspired Computing,2017,1,True
China,Bio-Inspired Computing,2022,2889,False
Germany,Bio-Inspired Computing,2018,20,True
Germany,Bio-Inspired Computing,2019,27,True
Australia,Bio-Inspired Computing,2019,36,True
Italy,Business,2023,1,False
Greece,Business,2024,4,False
South Korea,Business,2016,124,True
Estonia,Business,2022,0,False
Luxembourg,Business,2023,21,False
Denmark,Business,2019,2,True
Australia,Business,2016,54,True
Australia,Business,2019,96,True
Serbia,Business,2019,0,True
Peru,Business,2022,2,False
Canada,Business,2024,3,False
Germany,Computer Vision,2023,110,False
Taiwan,Computer Vision,2020,206,False
Taiwan,Computer Vision,2022,150,False
Spain,Computer Vision,2016,22,True
Spain,Computer Vision,2023,9,False
Malaysia,Computer Vision,2019,6,True
Portugal,Computer Vision,2021,2,False
Ukraine,Computer Vision,2025,0,False
United States,Computer Vision,2023,1381,False
Morocco,Computer Vision,2020,1,False
Argentina,Computer Vision,2020,5,False
Israel,Computer Vision,2018,8,True
Lithuania,Computer Vision,2016,0,True
Denmark,Computing in Government,2017,0,True
India,Computing in Government,2016,1,True
Sweden,Computing in Government,2021,0,False
New Zealand,Control Methods,2018,1,True
India,Control Methods,2017,30,True
Indonesia,Control Methods,2016,0,True
Croatia,Control Methods,2019,1,True
Turkey,Control Methods,2021,0,False
Israel,Control Methods,2019,2,True
Israel,Control Methods,2022,1,False
Brazil,Distributed AI,2016,0,True
Austria,Distributed AI,2018,0,True
Turkey,Distributed AI,2023,0,False
Norway,Distributed AI,2021,0,False
United States,Distributed AI,2018,237,True
Ireland,Distributed AI,2023,0,False
Croatia,Education,2017,0,True
China,Education,2020,582,False
Portugal,Education,2024,0,False
Italy,Education,2019,0,True
Spain,Education,2019,2,True
Japan,Education,2017,44,True
Sweden,Education,2018,0,True
United States,Education,2021,108,False
Japan,Energy Management,2018,156,True
Netherlands,Energy Management,2019,0,True
Morocco,Energy Management,2023,3,False
China,Energy Management,2021,3741,False
Turkey,Fuzzy Logic,2023,0,False
China,Fuzzy Logic,2019,463,True
Spain,Fuzzy Logic,2020,2,False
Taiwan,Fuzzy Logic,2018,5,True
United Kingdom,Fuzzy Logic,2023,0,False
Canada,Industry and Manufacturing,2023,2,False
Lithuania,Industry and Manufacturing,2018,0,True
Lithuania,Industry and Manufacturing,2020,0,False
Turkey,Industry and Manufacturing,2016,1,True
Costa Rica,Industry and Manufacturing,2020,2,False
Peru,Industry and Manufacturing,2017,0,True
Slovenia,Industry and Manufacturing,2018,0,True
Hungary,Knowledge Representation,2021,0,False
United Kingdom,Knowledge Representation,2019,14,True
Israel,Knowledge Representation,2016,0,True
Belgium,Knowledge Representation,2019,0,True
Jordan,Knowledge Representation,2021,0,False
China,Knowledge Representation,2018,213,True
Taiwan,Knowledge Representation,2020,6,False
Norway,Knowledge Representation,2016,0,True
Netherlands,Knowledge Representation,2023,0,False
Lithuania,Knowledge Representation,2018,0,True
Luxembourg,Natural Language Processing,2018,0,True
South Korea,Natural Language Processing,2019,324,True
Austria,Natural Language Processing,2022,0,False
Denmark,Natural Language Processing,2020,1,False
Romania,Natural Language Processing,2024,0,False
Canada,Natural Language Processing,2024,2,False
Mexico,Life Sciences,2016,9,True
Mexico,Life Sciences,2019,23,True
Bulgaria,Life Sciences,2024,5,False
Serbia,Life Sciences,2018,0,True
Slovenia,Life Sciences,2019,1,True
Ukraine,Life Sciences,2022,0,False
China,Life Sciences,2016,410,True
Argentina,Life Sciences,2023,1,False
Romania,Logic-Based Knowledge Systems,2021,0,False
Norway,Logic-Based Knowledge Systems,2019,1,True
Spain,Logic-Based Knowledge Systems,2024,1,False
Saudi Arabia,Logic-Based Knowledge Systems,2021,0,False
Taiwan,Logic-Based Knowledge Systems,2024,16,False
Argentina,Logic-Based Knowledge Systems,2020,2,False
Greece,Logic-Based Knowledge Systems,2017,0,True
Russia,Logic-Based Knowledge Systems,2016,26,True
United States,Logic-Based Knowledge Systems,2017,2118,True
Switzerland,Logic-Based Knowledge Systems,2021,2,False
South Korea,Logic-Based Knowledge Systems,2025,2,False
United Kingdom,Logic-Based Knowledge Systems,2024,3,False
Bulgaria,Markov and Bayesian Models,2019,0,True
Spain,Markov and Bayesian Models,2025,0,False
Italy,Markov and Bayesian Models,2023,2,False
Norway,Markov and Bayesian Models,2020,1,False
Tunisia,Markov and Bayesian Models,2021,0,False
United Kingdom,Markov and Bayesian Models,2021,27,False
Netherlands,Markov and Bayesian Models,2022,1,False
Serbia,Measuring and Testing,2020,1,False
Germany,Measuring and Testing,2018,142,True
Hungary,Measuring and Testing,2021,4,False
Finland,Measuring and Testing,2022,4,False
Norway,Measuring and Testing,2019,1,True
Norway,Measuring and Testing,2025,0,False
Spain,Measuring and Testing,2023,4,False
Luxembourg,Measuring and Testing,2019,1,True
Peru,Measuring and Testing,2017,0,True
Uruguay,Measuring and Testing,2022,0,False
Sweden,Neural Networks,2022,15,False
Israel,Neural Networks,2022,6,False
Poland,Neural Networks,2021,15,False
Taiwan,Neural Networks,2019,265,True
Ukraine,Neural Networks,2023,5,False
Croatia,Neural Networks,2018,2,True
Denmark,Neural Networks,2017,13,True
Austria,Neural Networks,2023,3,False
Finland,Neural Networks,2023,5,False
Romania,Neural Networks,2022,1,False
Finland,Ontology Engineering,2018,1,True
Norway,Ontology Engineering,2024,0,False
Romania,Ontology Engineering,2018,0,True
Bulgaria,Ontology Engineering,2022,0,False
Australia,Ontology Engineering,2021,24,False
Slovakia,Ontology Engineering,2023,0,False
Turkey,Other and Unspecified,2016,1,True
United States,Other and Unspecified,2024,602,False
Finland,Other and Unspecified,2024,3,False
Argentina,Other and Unspecified,2018,2,True
Israel,Other and Unspecified,2020,4,False
Mexico,Other and Unspecified,2017,33,True
Czechia,Other and Unspecified,2017,0,True
Czechia,Other and Unspecified,2023,1,False
Greece,Other and Unspecified,2016,2,True
Italy,Personal Devices and Computing,2018,10,True
Belgium,Personal Devices and Computing,2024,0,False
Poland,Personal Devices and Computing,2016,8,True
Morocco,Physical Sciences and Engineering,2021,1,False
Colombia,Physical Sciences and Engineering,2024,1,False
Czechia,Physical Sciences and Engineering,2023,4,False
Switzerland,Physical Sciences and Engineering,2023,1,False
Switzerland,Physical Sciences and Engineering,2024,1,False
Ukraine,Physical Sciences and Engineering,2024,0,False
Hungary,Physical Sciences and Engineering,2016,8,True
Ireland,Planning and Scheduling,2022,0,False
Japan,Planning and Scheduling,2022,144,False
United Kingdom,Planning and Scheduling,2022,13,False
United Kingdom,Planning and Scheduling,2024,1,False
United Kingdom,Planning and Scheduling,2025,0,False
Croatia,Planning and Scheduling,2020,0,False
Portugal,Robotics,2024,0,False
France,Robotics,2017,2,True
Switzerland,Robotics,2024,0,False
South Africa,Robotics,2023,5,False
Japan,Search Methods,2023,25,False
Argentina,Search Methods,2018,1,True
Sweden,Search Methods,2018,1,True
Morocco,Search Methods,2021,0,False
Brazil,Search Methods,2019,12,True
Austria,Search Methods,2018,0,True
South Africa,Search Methods,2022,0,False
India,Search Methods,2020,0,False
United Kingdom,Security,2023,5,False
Saudi Arabia,Security,2023,0,False
Estonia,Security,2022,0,False
United States,Security,2018,1208,True
Greece,Security,2021,0,False
Portugal,Security,2022,0,False
Czechia,Spatial and Physical Reasoning,2022,1,False
Malaysia,Spatial and Physical Reasoning,2019,7,True
Ukraine,Spatial and Physical Reasoning,2019,0,True
South Africa,Spatial and Physical Reasoning,2023,0,False
Finland,Spatial and Physical Reasoning,2018,7,True
Serbia,Spatial and Physical Reasoning,2023,1,False
Hungary,Spatial and Physical Reasoning,2019,0,True
Greece,Spatial and Physical Reasoning,2025,0,False
Lithuania,Spatial and Physical Reasoning,2018,3,True
Netherlands,Spatial and Physical Reasoning,2025,3,False
Lithuania,Speech Processing,2021,1,False
Hungary,Speech Processing,2018,0,True
San Marino,Speech Processing,2017,0,True
United States,Speech Processing,2016,579,True
Germany,Speech Processing,2016,12,True
Austria,Speech Processing,2019,0,True
France,Speech Processing,2024,1,False
Canada,Telecommunications,2019,157,True
Germany,Telecommunications,2025,26,False
Turkey,Telecommunications,2016,0,True
China,Telecommunications,2021,5764,False
South Korea,Telecommunications,2024,444,False
South Africa,Telecommunications,2016,0,True
United Kingdom,Telecommunications,2016,44,True
Austria,Telecommunications,2017,0,True
Ukraine,Transportation,2017,1,True
Switzerland,Transportation,2023,0,False
Bulgaria,Transportation,2025,0,False
Ireland,Transportation,2016,0,True
Spain,Transportation,2018,26,True
Luxembourg,Transportation,2021,0,False
Latvia,Transportation,2020,0,False
Peru,Transportation,2022,1,False
Mexico,Transportation,2019,12,True
South Africa,Agriculture,2025,0,False
Germany,Agriculture,2020,7,False
Norway,Agriculture,2018,1,True
Bulgaria,All,2020,10,False
United States,All,2025,212,False
Peru,All,2023,2,False
Turkey,All,2023,1,False
Brazil,All,2020,115,False
Germany,All,2022,457,False
Spain,All,2024,9,False
India,All,2018,203,True
Norway,All,2017,2,True
India,Analytics and Algorithms,2016,13,True
Finland,Analytics and Algorithms,2018,10,True
Spain,Analytics and Algorithms,2017,20,True
Russia,Analytics and Algorithms,2019,5,True
Poland,Analytics and Algorithms,2022,2,False
Taiwan,Analytics and Algorithms,2019,51,True
Italy,Analytics and Algorithms,2018,6,True
South Africa,Analytics and Algorithms,2022,0,False
Norway,Analytics and Algorithms,2016,0,True
United States,Analytics and Algorithms,2019,1455,True
Poland,Banking and Finance,2019,1,True
Ukraine,Banking and Finance,2019,0,True
Spain,Banking and Finance,2020,5,False
Belgium,Banking and Finance,2019,0,True
Romania,Banking and Finance,2018,0,True
Serbia,Banking and Finance,2017,0,True
Norway,Banking and Finance,2023,0,False
Bulgaria,Banking and Finance,2021,0,False
Saudi Arabia,Banking and Finance,2022,0,False
Austria,Banking and Finance,2023,0,False
Croatia,Bio-Inspired Computing,2022,0,False
United States,Bio-Inspired Computing,2024,42,False
Sweden,Bio-Inspired Computing,2019,2,True
France,Bio-Inspired Computing,2018,13,True
Canada,Bio-Inspired Computing,2020,34,False
Mexico,Bio-Inspired Computing,2016,1,True
Mexico,Bio-Inspired Computing,2019,4,True
Poland,Bio-Inspired Computing,2023,0,False
New Zealand,Bio-Inspired Computing,2016,0,True
Switzerland,Bio-Inspired Computing,2018,0,True
Spain,Bio-Inspired Computing,2016,4,True
Greece,Business,2018,0,True
Greece,Business,2021,1,False
China,Business,2016,405,True
Tunisia,Business,2021,0,False
Ukraine,Business,2021,0,False
Argentina,Business,2017,1,True
South Africa,Business,2018,1,True
Romania,Business,2016,0,True
Austria,Business,2017,2,True
China,Computer Vision,2018,5686,True
India,Computer Vision,2018,78,True
South Korea,Computer Vision,2019,1658,True
Ukraine,Computer Vision,2018,4,True
Australia,Computer Vision,2018,157,True
Netherlands,Computing in Government,2022,0,False
Canada,Computing in Government,2023,0,False
United States,Computing in Government,2021,48,False
Colombia,Computing in Government,2019,0,True
Greece,Computing in Government,2022,0,False
Switzerland,Computing in Government,2020,0,False
Germany,Computing in Government,2023,4,False
Japan,Computing in Government,2023,3,False
Sweden,Control Methods,2021,8,False
Peru,Control Methods,2017,0,True
Ukraine,Control Methods,2021,0,False
Saudi Arabia,Control Methods,2019,0,True
Bulgaria,Control Methods,2023,1,False
Russia,Distributed AI,2018,1,True
Italy,Distributed AI,2023,0,False
Colombia,Distributed AI,2019,0,True
Israel,Distributed AI,2020,0,False
Lithuania,Distributed AI,2017,0,True
Bulgaria,Distributed AI,2022,0,False
Poland,Distributed AI,2018,0,True
Hungary,Distributed AI,2017,0,True
Spain,Education,2025,0,False
Luxembourg,Education,2020,0,False
Switzerland,Education,2018,0,True
United States,Education,2016,100,True
Morocco,Education,2018,0,True
Romania,Education,2021,0,False
Hungary,Energy Management,2017,0,True
Bulgaria,Energy Management,2019,0,True
Cuba,Energy Management,2020,1,False
United States,Energy Management,2024,24,False
Netherlands,Energy Management,2022,5,False
Turkey,Energy Management,2019,0,True
India,Energy Management,2020,0,False
Brazil,Energy Management,2018,5,True
United Kingdom,Energy Management,2021,11,False
Norway,Energy Management,2016,0,True
Serbia,Energy Management,2018,0,True
Georgia,Fuzzy Logic,2023,0,False
Switzerland,Fuzzy Logic,2024,0,False
Morocco,Fuzzy Logic,2019,0,True
Latvia,Fuzzy Logic,2020,0,False
Belgium,Fuzzy Logic,2018,0,True
China,Fuzzy Logic,2026,26,False
Netherlands,Fuzzy Logic,2016,0,True
Greece,Fuzzy Logic,2020,0,False
United Kingdom,Fuzzy Logic,2019,8,True
Austria,Fuzzy Logic,2018,0,True
Russia,Fuzzy Logic,2018,17,True
New Zealand,Industry and Manufacturing,2017,4,True
Spain,Industry and Manufacturing,2022,9,False
Greece,Industry and Manufacturing,2020,0,False
Ukraine,Industry and Manufacturing,2021,0,False
Croatia,Industry and Manufacturing,2021,0,False
Denmark,Industry and Manufacturing,2021,2,False
Israel,Knowledge Representation,2021,1,False
Belgium,Knowledge Representation,2018,0,True
Sweden,Knowledge Representation,2016,1,True
Brazil,Knowledge Representation,2018,4,True
Argentina,Knowledge Representation,2020,0,False
Saudi Arabia,Knowledge Representation,2019,0,True
Morocco,Knowledge Representation,2016,0,True
Peru,Knowledge Representation,2016,0,True
Singapore,Natural Language Processing,2020,1,False
Ukraine,Natural Language Processing,2016,0,True
South Africa,Natural Language Processing,2020,1,False
Austria,Natural Language Processing,2017,0,True
Austria,Natural Language Processing,2019,0,True
China,Natural Language Processing,2017,661,True
Hungary,Natural Language Processing,2016,0,True
Chile,Natural Language Processing,2018,0,True
Greece,Life Sciences,2016,0,True
Russia,Life Sciences,2017,31,True
Slovakia,Life Sciences,2024,1,False
Australia,Life Sciences,2020,233,False
Australia,Life Sciences,2022,57,False
Netherlands,Life Sciences,2023,4,False
China,Life Sciences,2019,1921,True
South Korea,Life Sciences,2019,753,True
France,Life Sciences,2024,4,False
Taiwan,Life Sciences,2021,105,False
Finland,Logic-Based Knowledge Systems,2021,1,False
India,Logic-Based Knowledge Systems,2019,3,True
Ukraine,Logic-Based Knowledge Systems,2023,0,False
Netherlands,Logic-Based Knowledge Systems,2025,1,False
Israel,Logic-Based Knowledge Systems,2020,2,False
United States,Logic-Based Knowledge Systems,2022,634,False
Hungary,Markov and Bayesian Models,2020,0,False
Canada,Markov and Bayesian Models,2016,26,True
Czechia,Markov and Bayesian Models,2023,0,False
Russia,Markov and Bayesian Models,2017,28,True
Israel,Measuring and Testing,2023,2,False
Austria,Measuring and Testing,2023,5,False
New Zealand,Measuring and Testing,2018,3,True
Serbia,Measuring and Testing,2017,0,True
Sweden,Measuring and Testing,2020,8,False
France,Measuring and Testing,2020,56,False
Slovenia,Measuring and Testing,2019,1,True
Ukraine,Measuring and Testing,2018,1,True
Finland,Measuring and Testing,2018,6,True
Spain,Measuring and Testing,2018,42,True
Taiwan,Measuring and Testing,2022,52,False
Taiwan,Measuring and Testing,2024,33,False
Japan,Measuring and Testing,2020,657,False
Spain,Neural Networks,2024,5,False
China,Neural Networks,2024,41385,False
Luxembourg,Neural Networks,2019,5,True
Colombia,Neural Networks,2019,1,True
Norway,Neural Networks,2018,2,True
South Africa,Neural Networks,2025,53,False
Peru,Ontology Engineering,2017,0,True
Brazil,Ontology Engineering,2018,2,True
Netherlands,Ontology Engineering,2016,0,True
Greece,Ontology Engineering,2022,2,False
United States,Ontology Engineering,2022,254,False
France,Ontology Engineering,2021,2,False
Mexico,Ontology Engineering,2017,1,True
Belgium,Ontology Engineering,2016,0,True
Canada,Other and Unspecified,2018,197,True
Japan,Other and Unspecified,2024,137,False
Portugal,Other and Unspecified,2017,4,True
Morocco,Other and Unspecified,2021,0,False
Slovenia,Other and Unspecified,2016,2,True
Greece,Other and Unspecified,2021,1,False
Portugal,Personal Devices and Computing,2022,0,False
Bulgaria,Personal Devices and Computing,2017,0,True
Bulgaria,Personal Devices and Computing,2018,1,True
China,Personal Devices and Computing,2022,28994,False
China,Personal Devices and Computing,2023,22255,False
Serbia,Personal Devices and Computing,2017,1,True
Switzerland,Personal Devices and Computing,2023,0,False
France,Personal Devices and Computing,2022,52,False
Slovenia,Personal Devices and Computing,2016,1,True
Romania,Personal Devices and Computing,2024,0,False
Germany,Personal Devices and Computing,2024,74,False
Denmark,Personal Devices and Computing,2021,2,False
United States,Personal Devices and Computing,2018,8438,True
Croatia,Personal Devices and Computing,2017,1,True
Germany,Physical Sciences and Engineering,2022,457,False
Turkey,Physical Sciences and Engineering,2020,4,False
France,Physical Sciences and Engineering,2022,192,False
Denmark,Physical Sciences and Engineering,2017,36,True
Netherlands,Physical Sciences and Engineering,2016,6,True
South Korea,Physical Sciences and Engineering,2019,5495,True
South Korea,Physical Sciences and Engineering,2022,6460,False
Greece,Physical Sciences and Engineering,2022,13,False
Russia,Physical Sciences and Engineering,2020,183,False
Singapore,Physical Sciences and Engineering,2016,50,True
Ukraine,Physical Sciences and Engineering,2021,0,False
Ukraine,Physical Sciences and Engineering,2025,0,False
Romania,Physical Sciences and Engineering,2023,1,False
San Marino,Physical Sciences and Engineering,2020,1,False
Malaysia,Planning and Scheduling,2022,0,False
Ireland,Planning and Scheduling,2023,0,False
China,Planning and Scheduling,2024,6087,False
Brazil,Planning and Scheduling,2021,8,False
Poland,Planning and Scheduling,2021,4,False
China,Robotics,2025,1479,False
India,Robotics,2019,0,True
Philippines,Robotics,2016,0,True
South Korea,Robotics,2023,197,False
Hungary,Robotics,2016,1,True
Belgium,Robotics,2018,0,True
Denmark,Robotics,2022,0,False
Finland,Robotics,2021,1,False
Germany,Robotics,2017,40,True
Germany,Robotics,2021,70,False
Canada,Robotics,2021,30,False
Japan,Search Methods,2016,35,True
Finland,Search Methods,2024,0,False
United Kingdom,Search Methods,2022,7,False
Switzerland,Search Methods,2017,0,True
India,Search Methods,2018,17,True
Uruguay,Search Methods,2017,0,True
Spain,Search Methods,2023,0,False
United Kingdom,Security,2017,29,True
Denmark,Security,2023,1,False
Bulgaria,Security,2021,0,False
Turkey,Security,2016,0,True
China,Security,2021,2611,False
Israel,Security,2016,0,True
Netherlands,Security,2020,0,False
Malaysia,Spatial and Physical Reasoning,2022,1,False
Luxembourg,Spatial and Physical Reasoning,2016,0,True
Japan,Spatial and Physical Reasoning,2017,829,True
Slovenia,Spatial and Physical Reasoning,2016,1,True
Jordan,Spatial and Physical Reasoning,2021,0,False
Portugal,Spatial and Physical Reasoning,2022,0,False
Netherlands,Spatial and Physical Reasoning,2024,14,False
Argentina,Speech Processing,2020,1,False
Japan,Speech Processing,2024,4,False
Finland,Speech Processing,2024,0,False
New Zealand,Speech Processing,2017,0,True
Uruguay,Speech Processing,2022,0,False
Ireland,Speech Processing,2016,0,True
Malaysia,Speech Processing,2016,0,True
Malaysia,Speech Processing,2021,1,False
Spain,Speech Processing,2025,0,False
Denmark,Speech Processing,2018,4,True
Switzerland,Speech Processing,2022,0,False
Romania,Speech Processing,2019,0,True
Luxembourg,Telecommunications,2021,4,False
India,Telecommunications,2016,26,True
Paraguay,Telecommunications,2021,1,False
Australia,Telecommunications,2016,70,True
Lithuania,Telecommunications,2020,2,False
Romania,Telecommunications,2018,0,True
Czechia,Telecommunications,2019,1,True
Mexico,Telecommunications,2020,21,False
Brazil,Telecommunications,2019,49,True
Austria,Telecommunications,2019,0,True
Brazil,Transportation,2020,6,False
Turkey,Transportation,2017,0,True
Poland,Transportation,2017,4,True
Singapore,Transportation,2017,11,True
Malaysia,Transportation,2017,3,True
Lithuania,Transportation,2021,0,False
Colombia,Transportation,2024,0,False
India,Transportation,2019,0,True
Canada,Transportation,2020,48,False
Singapore,Agriculture,2020,0,False
Greece,Agriculture,2019,0,True
Luxembourg,Agriculture,2024,5,False
Chile,Agriculture,2018,0,True
United Kingdom,Agriculture,2021,1,False
Israel,Agriculture,2024,1,False
Russia,Agriculture,2019,2,True
South Korea,Agriculture,2024,41,False
South Korea,All,2019,5495,True
Croatia,All,2017,1,True
Morocco,All,2018,4,True
Serbia,All,2021,1,False
Canada,All,2019,594,True
Japan,All,2023,837,False
Germany,Analytics and Algorithms,2017,28,True
Sweden,Analytics and Algorithms,2023,1,False
Czechia,Analytics and Algorithms,2021,1,False
Switzerland,Analytics and Algorithms,2023,0,False
Croatia,Analytics and Algorithms,2018,0,True
Georgia,Analytics and Algorithms,2023,0,False
Russia,Analytics and Algorithms,2021,0,False
Colombia,Analytics and Algorithms,2022,0,False
Turkey,Analytics and Algorithms,2017,0,True
Italy,Analytics and Algorithms,2021,2,False
South Africa,Analytics and Algorithms,2023,0,False
Croatia,Banking and Finance,2017,0,True
Japan,Banking and Finance,2023,25,False
Italy,Banking and Finance,2024,0,False
Bulgaria,Banking and Finance,2018,0,True
Bulgaria,Banking and Finance,2020,0,False
Denmark,Banking and Finance,2017,2,True
Saudi Arabia,Banking and Finance,2023,0,False
Sweden,Banking and Finance,2017,1,True
Australia,Banking and Finance,2017,22,True
Finland,Bio-Inspired Computing,2021,2,False
South Africa,Bio-Inspired Computing,2023,3,False
Morocco,Bio-Inspired Computing,2024,1,False
Denmark,Bio-Inspired Computing,2021,1,False
Australia,Bio-Inspired Computing,2023,4,False
Norway,Business,2016,0,True
Luxembourg,Business,2017,0,True
Finland,Business,2018,4,True
Switzerland,Business,2018,0,True
Hungary,Business,2020,3,False
Singapore,Business,2017,20,True
Poland,Business,2023,0,False
Germany,Computer Vision,2025,25,False
China,Computer Vision,2023,20349,False
New Zealand,Computer Vision,2017,7,True
Greece,Computer Vision,2020,3,False
Croatia,Computer Vision,2024,0,False
Netherlands,Computer Vision,2016,1,True
Portugal,Computer Vision,2020,4,False
Czechia,Computer Vision,2020,0,False
Czechia,Computer Vision,2021,0,False
Australia,Computer Vision,2022,77,False
Latvia,Computing in Government,2020,0,False
Finland,Computing in Government,2022,0,False
Finland,Computing in Government,2024,0,False
Austria,Computing in Government,2022,0,False
Taiwan,Computing in Government,2017,4,True
San Marino,Computing in Government,2018,0,True
United Kingdom,Computing in Government,2022,1,False
Russia,Computing in Government,2019,0,True
France,Computing in Government,2021,1,False
United States,Control Methods,2017,1592,True
Peru,Control Methods,2019,2,True
Austria,Control Methods,2022,5,False
South Korea,Control Methods,2017,281,True
Finland,Control Methods,2024,0,False
France,Control Methods,2018,28,True
Luxembourg,Control Methods,2016,2,True
Israel,Control Methods,2021,2,False
Greece,Distributed AI,2025,0,False
Serbia,Distributed AI,2021,0,False
Spain,Distributed AI,2023,0,False
Czechia,Distributed AI,2020,0,False
India,Distributed AI,2016,3,True
India,Distributed AI,2020,0,False
Jordan,Distributed AI,2021,0,False
Italy,Education,2020,1,False
Spain,Education,2020,1,False
Spain,Education,2023,2,False
United Kingdom,Education,2025,0,False
Serbia,Education,2021,0,False
Luxembourg,Education,2017,0,True
Peru,Education,2021,0,False
Malaysia,Education,2021,0,False
Philippines,Education,2016,0,True
Finland,Education,2022,0,False
Slovenia,Education,2022,0,False
Romania,Education,2016,0,True
Argentina,Education,2019,0,True
Denmark,Energy Management,2021,1,False
Singapore,Energy Management,2020,0,False
Czechia,Energy Management,2018,0,True
Germany,Energy Management,2017,26,True
Lithuania,Energy Management,2019,0,True
Argentina,Energy Management,2023,0,False
Uruguay,Energy Management,2022,1,False
Mexico,Energy Management,2022,1,False
Poland,Fuzzy Logic,2020,0,False
Morocco,Fuzzy Logic,2024,0,False
Sweden,Fuzzy Logic,2019,0,True
Belgium,Fuzzy Logic,2017,0,True
Spain,Fuzzy Logic,2019,3,True
Greece,Fuzzy Logic,2022,1,False
United States,Fuzzy Logic,2023,18,False
Lithuania,Fuzzy Logic,2020,0,False
Morocco,Industry and Manufacturing,2020,0,False
South Africa,Industry and Manufacturing,2016,0,True
China,Industry and Manufacturing,2022,5255,False
Luxembourg,Industry and Manufacturing,2019,0,True
Israel,Industry and Manufacturing,2020,0,False
Russia,Industry and Manufacturing,2017,7,True
Denmark,Industry and Manufacturing,2018,2,True
France,Knowledge Representation,2023,2,False
Mexico,Knowledge Representation,2020,1,False
Mexico,Knowledge Representation,2021,3,False
Malaysia,Knowledge Representation,2021,1,False
Philippines,Knowledge Representation,2022,0,False
New Zealand,Knowledge Representation,2019,0,True
Sweden,Knowledge Representation,2017,0,True
South Korea,Knowledge Representation,2017,45,True
Denmark,Knowledge Representation,2023,0,False
Peru,Knowledge Representation,2022,0,False
Peru,Natural Language Processing,2021,0,False
Norway,Natural Language Processing,2024,0,False
Saudi Arabia,Natural Language Processing,2022,0,False
New Zealand,Natural Language Processing,2019,0,True
Greece,Natural Language Processing,2021,0,False
Germany,Natural Language Processing,2021,5,False
Poland,Natural Language Processing,2016,0,True
Serbia,Natural Language Processing,2023,0,False
Israel,Natural Language Processing,2023,0,False
Israel,Life Sciences,2019,1,True
Bulgaria,Life Sciences,2017,0,True
Malaysia,Life Sciences,2020,5,False
Ireland,Life Sciences,2018,0,True
India,Life Sciences,2018,23,True
Australia,Life Sciences,2021,330,False
India,Logic-Based Knowledge Systems,2018,54,True
Saudi Arabia,Logic-Based Knowledge Systems,2022,0,False
Morocco,Logic-Based Knowledge Systems,2016,0,True
Ukraine,Logic-Based Knowledge Systems,2022,1,False
Australia,Logic-Based Knowledge Systems,2021,107,False
Croatia,Logic-Based Knowledge Systems,2019,0,True
Lithuania,Logic-Based Knowledge Systems,2016,0,True
South Korea,Logic-Based Knowledge Systems,2020,387,False
United Kingdom,Logic-Based Knowledge Systems,2022,5,False
Austria,Markov and Bayesian Models,2020,1,False
Malaysia,Markov and Bayesian Models,2019,4,True
Brazil,Markov and Bayesian Models,2019,14,True
Canada,Markov and Bayesian Models,2017,50,True
Peru,Markov and Bayesian Models,2017,0,True
Belgium,Markov and Bayesian Models,2019,0,True
Singapore,Markov and Bayesian Models,2020,6,False
Mexico,Measuring and Testing,2018,26,True
Morocco,Measuring and Testing,2019,3,True
Bulgaria,Measuring and Testing,2022,0,False
South Korea,Measuring and Testing,2024,331,False
Czechia,Measuring and Testing,2019,0,True
Peru,Measuring and Testing,2021,1,False
Netherlands,Measuring and Testing,2019,5,True
Spain,Neural Networks,2020,79,False
China,Neural Networks,2017,5316,True
Mexico,Neural Networks,2018,45,True
Brazil,Neural Networks,2019,104,True
Czechia,Neural Networks,2024,1,False
Saudi Arabia,Neural Networks,2022,0,False
Lithuania,Neural Networks,2016,0,True
Norway,Neural Networks,2020,2,False
Canada,Neural Networks,2021,262,False
Denmark,Neural Networks,2024,1,False
Finland,Neural Networks,2020,16,False
Philippines,Neural Networks,2021,24,False
South Africa,Neural Networks,2020,1,False
Peru,Ontology Engineering,2020,0,False
Italy,Ontology Engineering,2020,1,False
Hungary,Ontology Engineering,2019,0,True
Romania,Ontology Engineering,2024,0,False
Netherlands,Ontology Engineering,2018,0,True
Belgium,Ontology Engineering,2018,0,True
Belgium,Ontology Engineering,2020,0,False
Sweden,Ontology Engineering,2021,0,False
Belgium,Other and Unspecified,2017,2,True
South Africa,Other and Unspecified,2025,69,False
Malaysia,Other and Unspecified,2018,11,True
Ukraine,Other and Unspecified,2022,0,False
Germany,Other and Unspecified,2024,68,False
Switzerland,Other and Unspecified,2023,0,False
Sweden,Other and Unspecified,2016,6,True
Greece,Other and Unspecified,2018,0,True
Greece,Other and Unspecified,2023,9,False
Netherlands,Personal Devices and Computing,2024,16,False
Sweden,Personal Devices and Computing,2020,8,False
Lithuania,Personal Devices and Computing,2021,1,False
France,Personal Devices and Computing,2024,12,False
Belgium,Personal Devices and Computing,2016,1,True
Norway,Personal Devices and Computing,2018,2,True
New Zealand,Personal Devices and Computing,2022,0,False
Japan,Physical Sciences and Engineering,2025,6,False
South Korea,Physical Sciences and Engineering,2025,338,False
New Zealand,Physical Sciences and Engineering,2018,14,True
Spain,Physical Sciences and Engineering,2023,29,False
Greece,Physical Sciences and Engineering,2020,3,False
Greece,Physical Sciences and Engineering,2024,11,False
United States,Physical Sciences and Engineering,2018,12642,True
Italy,Physical Sciences and Engineering,2021,34,False
Singapore,Physical Sciences and Engineering,2020,31,False
Taiwan,Physical Sciences and Engineering,2018,323,True
Hungary,Physical Sciences and Engineering,2020,8,False
Lithuania,Physical Sciences and Engineering,2021,1,False
Czechia,Planning and Scheduling,2018,0,True
Austria,Planning and Scheduling,2020,3,False
Greece,Planning and Scheduling,2018,0,True
Australia,Planning and Scheduling,2017,30,True
Sweden,Planning and Scheduling,2022,1,False
Bulgaria,Planning and Scheduling,2017,0,True
Bulgaria,Planning and Scheduling,2023,2,False
Romania,Planning and Scheduling,2018,0,True
Spain,Robotics,2016,10,True
Spain,Robotics,2017,10,True
Taiwan,Robotics,2019,4,True
Philippines,Robotics,2018,0,True
Morocco,Robotics,2020,0,False
Paraguay,Robotics,2021,0,False
France,Robotics,2023,4,False
Australia,Robotics,2021,49,False
Germany,Robotics,2016,14,True
Greece,Robotics,2022,1,False
Sweden,Search Methods,2023,4,False
Singapore,Search Methods,2017,6,True
Poland,Search Methods,2016,0,True
Poland,Search Methods,2023,0,False
Portugal,Search Methods,2021,0,False
Romania,Search Methods,2024,0,False
Belgium,Search Methods,2023,0,False
Luxembourg,Search Methods,2024,10,False
Luxembourg,Security,2024,13,False
New Zealand,Security,2017,2,True
Ireland,Security,2023,0,False
Japan,Security,2016,93,True
Germany,Security,2016,13,True
Georgia,Security,2023,0,False
Jordan,Security,2021,1,False
Bulgaria,Security,2019,0,True
Kenya,Security,2016,0,True
China,Security,2026,74,False
Canada,Security,2018,58,True
Morocco,Security,2022,1,False
Brazil,Spatial and Physical Reasoning,2019,65,True
United States,Spatial and Physical Reasoning,2017,2953,True
Japan,Spatial and Physical Reasoning,2022,756,False
Finland,Spatial and Physical Reasoning,2024,0,False
China,Spatial and Physical Reasoning,2023,27149,False
China,Spatial and Physical Reasoning,2025,26338,False
Chile,Spatial and Physical Reasoning,2018,1,True
Belgium,Spatial and Physical Reasoning,2024,2,False
China,Speech Processing,2020,2082,False
Slovenia,Speech Processing,2019,0,True
Hungary,Speech Processing,2023,0,False
San Marino,Speech Processing,2020,1,False
Portugal,Speech Processing,2024,0,False
Peru,Speech Processing,2017,0,True
Norway,Telecommunications,2024,0,False
San Marino,Telecommunications,2017,1,True
Malaysia,Telecommunications,2017,7,True
Finland,Telecommunications,2017,7,True
Lithuania,Telecommunications,2022,1,False
South Africa,Telecommunications,2022,0,False
New Zealand,Telecommunications,2019,4,True
Ukraine,Telecommunications,2024,0,False
Italy,Telecommunications,2023,2,False
China,Transportation,2016,377,True
Slovakia,Transportation,2024,0,False
Austria,Transportation,2017,6,True
Germany,Transportation,2025,5,False
Romania,Agriculture,2023,0,False
Lithuania,Agriculture,2019,0,True
Spain,Agriculture,2023,0,False
Spain,Agriculture,2024,0,False
Germany,Agriculture,2017,3,True
Norway,Agriculture,2023,2,False
Hungary,Agriculture,2022,0,False
Czechia,Agriculture,2022,0,False
Czechia,Agriculture,2025,0,False
Belgium,Agriculture,2025,0,False
China,Agriculture,2021,708,False
Turkey,Agriculture,2019,0,True
China,All,2023,48826,False
United States,All,2017,9054,True
Peru,All,2022,4,False
Austria,All,2018,10,True
Luxembourg,All,2018,9,True
Hungary,All,2020,8,False
Malaysia,All,2021,14,False
Cuba,All,2020,1,False
Switzerland,All,2019,2,True
Germany,Analytics and Algorithms,2023,35,False
Israel,Analytics and Algorithms,2024,0,False
Portugal,Analytics and Algorithms,2020,1,False
Bulgaria,Analytics and Algorithms,2018,0,True
United Kingdom,Analytics and Algorithms,2025,0,False
Uruguay,Analytics and Algorithms,2022,0,False
Italy,Analytics and Algorithms,2020,6,False
Japan,Banking and Finance,2018,114,True
Spain,Banking and Finance,2021,7,False
Singapore,Banking and Finance,2018,19,True
Slovakia,Banking and Finance,2024,0,False
Turkey,Banking and Finance,2018,1,True
Germany,Banking and Finance,2024,17,False
Finland,Bio-Inspired Computing,2017,2,True
Finland,Bio-Inspired Computing,2023,0,False
South Korea,Bio-Inspired Computing,2025,4,False
Netherlands,Bio-Inspired Computing,2025,1,False
Greece,Bio-Inspired Computing,2017,2,True
Spain,Bio-Inspired Computing,2020,2,False
Russia,Business,2019,17,True
Italy,Business,2016,1,True
Italy,Business,2019,2,True
Israel,Business,2023,1,False
Greece,Business,2025,1,False
South Korea,Business,2021,1264,False
Australia,Business,2020,104,False
Romania,Business,2019,0,True
India,Business,2017,35,True
Japan,Business,2025,0,False
Finland,Computer Vision,2018,10,True
France,Computer Vision,2022,85,False
India,Computer Vision,2019,3,True
San Marino,Computer Vision,2020,0,False
Netherlands,Computer Vision,2023,10,False
Portugal,Computer Vision,2018,8,True
Sweden,Computer Vision,2019,2,True
Canada,Computer Vision,2017,113,True
Canada,Computer Vision,2018,207,True
Israel,Computer Vision,2020,2,False
Lithuania,Computer Vision,2022,0,False
Hungary,Computing in Government,2019,0,True
Denmark,Computing in Government,2016,0,True
Denmark,Computing in Government,2021,0,False
Ireland,Computing in Government,2023,0,False
South Africa,Computing in Government,2020,0,False
Spain,Computing in Government,2025,0,False
Japan,Computing in Government,2019,12,True
Taiwan,Computing in Government,2019,1,True
Sweden,Computing in Government,2017,0,True
Slovenia,Computing in Government,2022,0,False
Argentina,Control Methods,2018,0,True
Argentina,Control Methods,2022,2,False
Morocco,Control Methods,2017,1,True
South Korea,Control Methods,2018,425,True
Romania,Control Methods,2023,0,False
Brazil,Control Methods,2020,21,False
Spain,Control Methods,2017,28,True
China,Control Methods,2023,1879,False
Canada,Control Methods,2017,90,True
Canada,Control Methods,2021,70,False
Finland,Control Methods,2020,7,False
Switzerland,Control Methods,2023,0,False
Denmark,Control Methods,2016,9,True
Luxembourg,Control Methods,2021,5,False
Hungary,Control Methods,2019,2,True
Italy,Distributed AI,2017,0,True
Iran,Distributed AI,2018,0,True
Israel,Distributed AI,2022,0,False
China,Distributed AI,2017,47,True
United Kingdom,Distributed AI,2025,0,False
South Africa,Distributed AI,2022,0,False
Spain,Education,2018,1,True
United Kingdom,Education,2023,0,False
Mexico,Education,2019,1,True
Norway,Education,2020,0,False
India,Education,2020,0,False
Brazil,Education,2022,0,False
South Africa,Education,2016,0,True
Sweden,Energy Management,2017,0,True
Italy,Energy Management,2017,1,True
Argentina,Energy Management,2020,0,False
Philippines,Energy Management,2023,0,False
Spain,Fuzzy Logic,2021,0,False
Ukraine,Fuzzy Logic,2018,0,True
Netherlands,Fuzzy Logic,2022,1,False
Peru,Fuzzy Logic,2017,0,True
New Zealand,Fuzzy Logic,2021,0,False
Germany,Fuzzy Logic,2021,4,False
South Africa,Fuzzy Logic,2016,0,True
Netherlands,Industry and Manufacturing,2018,0,True
Czechia,Industry and Manufacturing,2019,0,True
Finland,Industry and Manufacturing,2023,0,False
Greece,Industry and Manufacturing,2022,0,False
Sweden,Industry and Manufacturing,2016,1,True
Sweden,Industry and Manufacturing,2021,5,False
Czechia,Knowledge Representation,2020,0,False
Hungary,Knowledge Representation,2017,0,True
Belgium,Knowledge Representation,2022,0,False
Colombia,Knowledge Representation,2019,0,True
Ukraine,Knowledge Representation,2024,0,False
Germany,Knowledge Representation,2021,15,False
Germany,Knowledge Representation,2024,5,False
Austria,Knowledge Representation,2024,0,False
United States,Knowledge Representation,2024,55,False
Canada,Knowledge Representation,2022,7,False
Singapore,Knowledge Representation,2019,7,True
Luxembourg,Natural Language Processing,2019,1,True
Morocco,Natural Language Processing,2016,0,True
Bulgaria,Natural Language Processing,2018,0,True
United States,Natural Language Processing,2018,1339,True
United States,Natural Language Processing,2025,32,False
Switzerland,Natural Language Processing,2024,0,False
Philippines,Natural Language Processing,2016,0,True
Philippines,Natural Language Processing,2023,0,False
Sweden,Natural Language Processing,2020,3,False
Sweden,Natural Language Processing,2021,0,False
United Kingdom,Natural Language Processing,2018,17,True
United Kingdom,Natural Language Processing,2023,3,False
Serbia,Natural Language Processing,2017,0,True
Australia,Natural Language Processing,2017,21,True
Austria,Life Sciences,2023,1,False
Mexico,Life Sciences,2018,29,True
United States,Life Sciences,2020,1763,False
Croatia,Life Sciences,2022,0,False
Uruguay,Life Sciences,2022,0,False
South Africa,Life Sciences,2021,0,False
Austria,Logic-Based Knowledge Systems,2021,3,False
Portugal,Logic-Based Knowledge Systems,2017,1,True
India,Logic-Based Knowledge Systems,2016,43,True
Hungary,Logic-Based Knowledge Systems,2020,1,False
Morocco,Logic-Based Knowledge Systems,2021,0,False
Germany,Logic-Based Knowledge Systems,2016,26,True
Tunisia,Logic-Based Knowledge Systems,2021,0,False
Greece,Logic-Based Knowledge Systems,2024,1,False
Switzerland,Logic-Based Knowledge Systems,2024,0,False
South Korea,Logic-Based Knowledge Systems,2022,190,False
New Zealand,Logic-Based Knowledge Systems,2018,4,True
United States,Markov and Bayesian Models,2016,844,True
San Marino,Markov and Bayesian Models,2020,0,False
China,Markov and Bayesian Models,2022,3472,False
Norway,Markov and Bayesian Models,2019,1,True
Switzerland,Markov and Bayesian Models,2016,2,True
Switzerland,Markov and Bayesian Models,2019,0,True
Slovenia,Markov and Bayesian Models,2019,0,True
Japan,Markov and Bayesian Models,2024,9,False
Portugal,Markov and Bayesian Models,2020,0,False
Philippines,Markov and Bayesian Models,2018,1,True
Israel,Measuring and Testing,2016,1,True
Portugal,Measuring and Testing,2019,5,True
Sweden,Measuring and Testing,2021,5,False
San Marino,Measuring and Testing,2018,0,True
Germany,Measuring and Testing,2024,55,False
France,Measuring and Testing,2021,55,False
Philippines,Measuring and Testing,2023,0,False
Turkey,Measuring and Testing,2018,0,True
Norway,Measuring and Testing,2018,1,True
Sweden,Neural Networks,2021,11,False
China,Neural Networks,2020,32230,False
Turkey,Neural Networks,2018,3,True
Netherlands,Neural Networks,2018,5,True
Mexico,Neural Networks,2017,14,True
Peru,Neural Networks,2020,6,False
Luxembourg,Neural Networks,2021,26,False
Serbia,Neural Networks,2023,2,False
Czechia,Neural Networks,2020,2,False
Ukraine,Neural Networks,2017,1,True
Norway,Neural Networks,2019,2,True
United Kingdom,Neural Networks,2020,190,False
Australia,Neural Networks,2016,79,True
Peru,Ontology Engineering,2018,0,True
Israel,Ontology Engineering,2023,0,False
Luxembourg,Ontology Engineering,2016,1,True
Greece,Ontology Engineering,2025,0,False
Uruguay,Ontology Engineering,2022,0,False
United States,Ontology Engineering,2018,404,True
Poland,Ontology Engineering,2019,0,True
Spain,Ontology Engineering,2019,0,True
Serbia,Other and Unspecified,2020,0,False
Belgium,Other and Unspecified,2016,0,True
Belgium,Other and Unspecified,2025,2,False
Spain,Other and Unspecified,2018,62,True
Finland,Other and Unspecified,2019,15,True
Finland,Other and Unspecified,2021,10,False
Argentina,Other and Unspecified,2020,3,False
Brazil,Other and Unspecified,2016,44,True
Sweden,Other and Unspecified,2018,12,True
Sweden,Other and Unspecified,2024,1,False
Slovakia,Other and Unspecified,2023,1,False
Ireland,Other and Unspecified,2016,0,True
Netherlands,Personal Devices and Computing,2023,10,False
Taiwan,Personal Devices and Computing,2023,170,False
Sweden,Personal Devices and Computing,2021,10,False
Argentina,Personal Devices and Computing,2021,1,False
Finland,Personal Devices and Computing,2024,0,False
Greece,Personal Devices and Computing,2017,6,True
Russia,Personal Devices and Computing,2017,113,True
Norway,Personal Devices and Computing,2023,1,False
Australia,Personal Devices and Computing,2020,392,False
Brazil,Physical Sciences and Engineering,2016,72,True
Morocco,Physical Sciences and Engineering,2016,1,True
Bulgaria,Physical Sciences and Engineering,2023,10,False
Japan,Physical Sciences and Engineering,2024,254,False
United States,Physical Sciences and Engineering,2016,5688,True
Argentina,Physical Sciences and Engineering,2020,10,False
Taiwan,Physical Sciences and Engineering,2024,424,False
Romania,Physical Sciences and Engineering,2021,2,False
Hungary,Physical Sciences and Engineering,2018,6,True
Austria,Planning and Scheduling,2022,0,False
Morocco,Planning and Scheduling,2019,1,True
Brazil,Planning and Scheduling,2022,0,False
Finland,Planning and Scheduling,2022,0,False
Netherlands,Planning and Scheduling,2023,3,False
Slovenia,Robotics,2022,0,False
New Zealand,Robotics,2021,0,False
Hungary,Robotics,2023,0,False
Italy,Robotics,2017,0,True
Denmark,Robotics,2020,0,False
Poland,Robotics,2023,1,False
Luxembourg,Robotics,2016,0,True
Argentina,Robotics,2023,0,False
Netherlands,Robotics,2023,2,False
Mexico,Search Methods,2017,1,True
Norway,Search Methods,2020,0,False
Philippines,Search Methods,2020,0,False
United States,Search Methods,2022,408,False
Singapore,Search Methods,2019,11,True
Italy,Search Methods,2019,2,True
Israel,Search Methods,2017,0,True
Luxembourg,Search Methods,2021,1,False
Australia,Security,2017,26,True
Japan,Security,2018,159,True
Taiwan,Security,2023,23,False
Greece,Security,2019,0,True
Portugal,Security,2016,1,True
Portugal,Security,2021,1,False
South Africa,Security,2025,0,False
Slovakia,Security,2023,0,False
Israel,Security,2023,0,False
Uruguay,Security,2020,0,False
United States,Spatial and Physical Reasoning,2021,4204,False
France,Spatial and Physical Reasoning,2024,24,False
South Africa,Spatial and Physical Reasoning,2018,1,True
Switzerland,Spatial and Physical Reasoning,2024,1,False
Paraguay,Spatial and Physical Reasoning,2021,1,False
Canada,Spatial and Physical Reasoning,2023,7,False
Israel,Spatial and Physical Reasoning,2017,10,True
Romania,Spatial and Physical Reasoning,2024,0,False
Luxembourg,Speech Processing,2023,1,False
Serbia,Speech Processing,2019,0,True
Sweden,Speech Processing,2018,0,True
Brazil,Speech Processing,2022,0,False
Finland,Speech Processing,2021,0,False
Morocco,Speech Processing,2022,0,False
New Zealand,Speech Processing,2016,2,True
Germany,Speech Processing,2023,20,False
Germany,Speech Processing,2024,13,False
Bulgaria,Speech Processing,2025,0,False
Austria,Speech Processing,2022,0,False
Spain,Speech Processing,2023,2,False
Denmark,Speech Processing,2021,1,False
Greece,Speech Processing,2020,0,False
Belgium,Telecommunications,2020,1,False
Turkey,Telecommunications,2017,0,True
Sweden,Telecommunications,2017,5,True
Russia,Telecommunications,2021,6,False
Denmark,Telecommunications,2019,10,True
Netherlands,Telecommunications,2021,3,False
United Kingdom,Telecommunications,2017,50,True
United Kingdom,Telecommunications,2021,51,False
Costa Rica,Telecommunications,2023,0,False
Costa Rica,Transportation,2020,0,False
Singapore,Transportation,2019,12,True
Netherlands,Transportation,2020,1,False
United Kingdom,Transportation,2019,39,True
United States,Transportation,2023,339,False
Spain,Transportation,2022,2,False
Czechia,Transportation,2019,0,True
Austria,Transportation,2019,3,True
Peru,Transportation,2021,0,False
India,Transportation,2017,13,True
Slovenia,Transportation,2022,0,False
Serbia,Agriculture,2023,0,False
Singapore,Agriculture,2018,0,True
Luxembourg,Agriculture,2016,0,True
Luxembourg,Agriculture,2025,12,False
South Africa,Agriculture,2017,0,True
Italy,Agriculture,2019,3,True
Spain,Agriculture,2020,8,False
Russia,Agriculture,2020,4,False
Switzerland,Agriculture,2023,0,False
Sweden,All,2019,9,True
Bulgaria,All,2023,10,False
Colombia,All,2022,1,False
Luxembourg,All,2016,3,True
Morocco,All,2023,11,False
Spain,All,2017,112,True
Belgium,All,2017,2,True
Mexico,All,2019,88,True
Switzerland,All,2018,3,True
South Africa,All,2018,6,True
Australia,Analytics and Algorithms,2016,30,True
Australia,Analytics and Algorithms,2019,77,True
Ukraine,Analytics and Algorithms,2018,0,True
Cuba,Analytics and Algorithms,2020,0,False
Slovenia,Analytics and Algorithms,2019,0,True
Japan,Analytics and Algorithms,2016,106,True
Philippines,Analytics and Algorithms,2016,0,True
Taiwan,Analytics and Algorithms,2020,87,False
Italy,Analytics and Algorithms,2016,3,True
South Africa,Analytics and Algorithms,2017,1,True
Slovakia,Analytics and Algorithms,2024,1,False
Norway,Analytics and Algorithms,2024,0,False
Argentina,Banking and Finance,2021,0,False
South Africa,Banking and Finance,2019,0,True
Bulgaria,Banking and Finance,2022,0,False
Denmark,Banking and Finance,2024,0,False
South Korea,Banking and Finance,2024,111,False
Sweden,Banking and Finance,2018,3,True
Australia,Banking and Finance,2016,11,True
China,Banking and Finance,2021,1254,False
Brazil,Banking and Finance,2021,4,False
United Kingdom,Banking and Finance,2023,2,False
Czechia,Bio-Inspired Computing,2025,0,False
United Kingdom,Bio-Inspired Computing,2017,8,True
United Kingdom,Bio-Inspired Computing,2024,2,False
Canada,Bio-Inspired Computing,2024,0,False
Norway,Bio-Inspired Computing,2023,0,False
Japan,Bio-Inspired Computing,2024,4,False
Bulgaria,Business,2021,0,False
Bulgaria,Business,2023,3,False
China,Business,2024,7049,False
United States,Business,2020,2064,False
Spain,Business,2023,1,False
Denmark,Business,2023,0,False
Colombia,Business,2024,1,False
Argentina,Business,2022,0,False
Croatia,Business,2021,0,False
Germany,Business,2019,30,True
Germany,Business,2022,32,False
Taiwan,Computer Vision,2018,100,True
Norway,Computer Vision,2018,0,True
China,Computer Vision,2026,425,False
Finland,Computer Vision,2023,0,False
Saudi Arabia,Computer Vision,2023,0,False
Netherlands,Computer Vision,2020,6,False
Morocco,Computer Vision,2016,1,True
Slovenia,Computer Vision,2016,0,True
Czechia,Computing in Government,2018,0,True
Poland,Computing in Government,2023,0,False
Denmark,Computing in Government,2019,0,True
Greece,Computing in Government,2018,0,True
Romania,Computing in Government,2022,0,False
Australia,Computing in Government,2021,9,False
Slovakia,Computing in Government,2023,0,False
Slovakia,Computing in Government,2024,0,False
South Korea,Computing in Government,2019,94,True
China,Computing in Government,2022,870,False
United Kingdom,Computing in Government,2023,0,False
Russia,Computing in Government,2020,0,False
Croatia,Computing in Government,2024,0,False
Georgia,Computing in Government,2023,0,False
South Africa,Control Methods,2021,0,False
Singapore,Control Methods,2018,27,True
Romania,Control Methods,2018,0,True
Romania,Control Methods,2022,1,False
Ireland,Control Methods,2018,0,True
Taiwan,Control Methods,2020,65,False
Canada,Control Methods,2016,73,True
Hungary,Control Methods,2021,0,False
Italy,Distributed AI,2024,0,False
Japan,Distributed AI,2017,32,True
Japan,Distributed AI,2019,45,True
Finland,Distributed AI,2017,0,True
Serbia,Distributed AI,2018,0,True
Malaysia,Distributed AI,2017,0,True
Netherlands,Education,2016,0,True
Greece,Education,2021,0,False
Georgia,Education,2023,0,False
Austria,Education,2024,0,False
Bulgaria,Education,2022,0,False
Turkey,Education,2019,0,True
Belgium,Education,2017,0,True
Ukraine,Education,2025,0,False
Norway,Education,2023,0,False
Norway,Education,2024,0,False
Poland,Education,2016,0,True
Poland,Education,2017,1,True
New Zealand,Energy Management,2017,1,True
Peru,Energy Management,2021,1,False
United States,Energy Management,2016,161,True
United States,Energy Management,2023,69,False
South Korea,Energy Management,2020,383,False
United Kingdom,Energy Management,2023,3,False
Canada,Energy Management,2024,0,False
Serbia,Energy Management,2020,1,False
Greece,Fuzzy Logic,2021,0,False
Portugal,Fuzzy Logic,2017,0,True
Bulgaria,Fuzzy Logic,2018,0,True
South Africa,Fuzzy Logic,2019,0,True
Canada,Industry and Manufacturing,2019,53,True
Philippines,Industry and Manufacturing,2021,1,False
Japan,Industry and Manufacturing,2017,322,True
Japan,Industry and Manufacturing,2025,1,False
Germany,Industry and Manufacturing,2017,61,True
Norway,Industry and Manufacturing,2020,1,False
Argentina,Industry and Manufacturing,2018,1,True
Singapore,Industry and Manufacturing,2020,0,False
Greece,Knowledge Representation,2023,0,False
Malaysia,Knowledge Representation,2019,1,True
Malaysia,Knowledge Representation,2020,0,False
Poland,Knowledge Representation,2016,2,True
Ukraine,Knowledge Representation,2022,0,False
Germany,Knowledge Representation,2019,10,True
Netherlands,Knowledge Representation,2024,0,False
Taiwan,Natural Language Processing,2019,16,True
South Africa,Natural Language Processing,2024,0,False
Denmark,Natural Language Processing,2023,0,False
Romania,Natural Language Processing,2017,0,True
Japan,Natural Language Processing,2018,175,True
Japan,Natural Language Processing,2021,116,False
Russia,Natural Language Processing,2021,1,False
Brazil,Life Sciences,2020,39,False
Russia,Life Sciences,2018,26,True
Slovenia,Life Sciences,2016,0,True
Japan,Life Sciences,2016,221,True
China,Life Sciences,2020,2885,False
Portugal,Life Sciences,2019,3,True
Portugal,Logic-Based Knowledge Systems,2018,3,True
Denmark,Logic-Based Knowledge Systems,2017,3,True
Brazil,Logic-Based Knowledge Systems,2019,28,True
Sweden,Logic-Based Knowledge Systems,2018,1,True
United States,Logic-Based Knowledge Systems,2019,2743,True
Turkey,Markov and Bayesian Models,2021,0,False
Serbia,Markov and Bayesian Models,2019,0,True
Belgium,Markov and Bayesian Models,2021,0,False
Philippines,Markov and Bayesian Models,2020,2,False
Saudi Arabia,Markov and Bayesian Models,2022,0,False
Morocco,Measuring and Testing,2021,0,False
Denmark,Measuring and Testing,2016,5,True
Philippines,Measuring and Testing,2020,5,False
Belgium,Measuring and Testing,2018,1,True
Turkey,Measuring and Testing,2017,0,True
Croatia,Measuring and Testing,2017,0,True
India,Measuring and Testing,2020,0,False
Spain,Measuring and Testing,2019,36,True
United Kingdom,Measuring and Testing,2020,51,False
Poland,Measuring and Testing,2019,11,True
India,Neural Networks,2018,106,True
Germany,Neural Networks,2017,147,True
Netherlands,Neural Networks,2019,19,True
Poland,Neural Networks,2016,3,True
Peru,Neural Networks,2023,1,False
United States,Neural Networks,2024,850,False
Canada,Neural Networks,2018,320,True
Denmark,Neural Networks,2020,16,False
Morocco,Neural Networks,2020,0,False
Ireland,Ontology Engineering,2022,0,False
Turkey,Ontology Engineering,2020,0,False
United Kingdom,Ontology Engineering,2017,7,True
Brazil,Ontology Engineering,2016,1,True
Malaysia,Ontology Engineering,2016,2,True
Malaysia,Ontology Engineering,2017,2,True
Canada,Ontology Engineering,2019,16,True
Croatia,Ontology Engineering,2017,0,True
Indonesia,Ontology Engineering,2016,0,True
Switzerland,Ontology Engineering,2018,0,True
Portugal,Ontology Engineering,2016,0,True
Italy,Other and Unspecified,2023,3,False
Australia,Other and Unspecified,2019,170,True
San Marino,Other and Unspecified,2017,0,True
Portugal,Other and Unspecified,2022,1,False
Czechia,Other and Unspecified,2022,0,False
Netherlands,Personal Devices and Computing,2018,9,True
Slovakia,Personal Devices and Computing,2021,0,False
Switzerland,Personal Devices and Computing,2018,3,True
Singapore,Personal Devices and Computing,2016,39,True
Canada,Personal Devices and Computing,2023,12,False
Slovenia,Personal Devices and Computing,2019,0,True
Peru,Personal Devices and Computing,2019,1,True
Romania,Personal Devices and Computing,2023,0,False
United Kingdom,Personal Devices and Computing,2023,42,False
Australia,Personal Devices and Computing,2016,155,True
Australia,Personal Devices and Computing,2023,36,False
Finland,Physical Sciences and Engineering,2019,32,True
United Kingdom,Physical Sciences and Engineering,2016,145,True
Japan,Physical Sciences and Engineering,2018,3342,True
Philippines,Physical Sciences and Engineering,2016,2,True
Canada,Physical Sciences and Engineering,2017,374,True
Luxembourg,Physical Sciences and Engineering,2023,94,False
Malaysia,Physical Sciences and Engineering,2021,14,False
Ukraine,Physical Sciences and Engineering,2017,2,True
Romania,Physical Sciences and Engineering,2019,1,True
France,Planning and Scheduling,2019,14,True
Slovenia,Planning and Scheduling,2019,0,True
South Africa,Planning and Scheduling,2025,0,False
Colombia,Planning and Scheduling,2024,0,False
Greece,Planning and Scheduling,2025,1,False
Taiwan,Planning and Scheduling,2023,43,False
Denmark,Planning and Scheduling,2023,0,False
Paraguay,Planning and Scheduling,2021,0,False
Romania,Planning and Scheduling,2016,0,True
Portugal,Planning and Scheduling,2021,1,False
Latvia,Planning and Scheduling,2020,0,False
Romania,Robotics,2017,0,True
Ukraine,Robotics,2023,0,False
South Korea,Robotics,2016,59,True
Saudi Arabia,Robotics,2019,0,True
France,Robotics,2022,10,False
Israel,Robotics,2017,2,True
Finland,Robotics,2019,0,True
Sweden,Robotics,2023,2,False
Denmark,Search Methods,2016,0,True
United Kingdom,Search Methods,2025,0,False
Morocco,Search Methods,2017,0,True
Austria,Search Methods,2017,1,True
South Africa,Search Methods,2016,0,True
South Africa,Search Methods,2017,0,True
United Kingdom,Security,2020,23,False
India,Security,2016,5,True
Finland,Security,2016,0,True
Taiwan,Security,2025,5,False
Germany,Security,2022,21,False
Bulgaria,Security,2022,0,False
Austria,Security,2016,1,True
Russia,Spatial and Physical Reasoning,2016,32,True
Spain,Spatial and Physical Reasoning,2016,18,True
Switzerland,Spatial and Physical Reasoning,2019,1,True
Switzerland,Spatial and Physical Reasoning,2021,1,False
Australia,Spatial and Physical Reasoning,2024,5,False
Belgium,Spatial and Physical Reasoning,2023,2,False
Portugal,Spatial and Physical Reasoning,2024,0,False
India,Speech Processing,2020,1,False
Lithuania,Speech Processing,2019,0,True
Philippines,Speech Processing,2018,0,True
Philippines,Speech Processing,2022,1,False
Germany,Speech Processing,2019,30,True
Germany,Speech Processing,2025,12,False
Ukraine,Speech Processing,2021,0,False
Taiwan,Speech Processing,2016,4,True
Canada,Speech Processing,2019,30,True
France,Speech Processing,2021,5,False
Germany,Telecommunications,2023,51,False
Finland,Telecommunications,2022,8,False
Czechia,Telecommunications,2022,0,False
Greece,Telecommunications,2023,6,False
Uruguay,Telecommunications,2022,1,False
Philippines,Telecommunications,2022,0,False
Morocco,Transportation,2022,0,False
Netherlands,Transportation,2016,1,True
Malaysia,Transportation,2021,0,False
South Africa,Transportation,2024,0,False
Russia,Transportation,2018,14,True
Lithuania,Transportation,2020,0,False
Austria,Transportation,2023,2,False
Serbia,Transportation,2021,0,False
Belgium,Transportation,2025,0,False
Greece,Agriculture,2022,2,False
United Kingdom,Agriculture,2019,10,True
India,Agriculture,2017,0,True
New Zealand,Agriculture,2017,3,True
Spain,Agriculture,2019,10,True
United States,Agriculture,2024,7,False
France,Agriculture,2023,0,False
Portugal,Agriculture,2016,0,True
Belgium,Agriculture,2021,0,False
South Korea,Agriculture,2022,161,False
Czechia,All,2018,3,True
Russia,All,2018,200,True
Romania,All,2022,2,False
Slovenia,All,2022,1,False
Norway,All,2020,7,False
Sweden,Analytics and Algorithms,2020,3,False
Hungary,Analytics and Algorithms,2016,0,True
Austria,Analytics and Algorithms,2020,2,False
Lithuania,Analytics and Algorithms,2019,0,True
New Zealand,Analytics and Algorithms,2019,2,True
South Korea,Analytics and Algorithms,2023,264,False
Chile,Analytics and Algorithms,2018,0,True
United Kingdom,Analytics and Algorithms,2016,6,True
China,Analytics and Algorithms,2021,5493,False
Denmark,Analytics and Algorithms,2021,0,False
Morocco,Analytics and Algorithms,2019,3,True
Poland,Analytics and Algorithms,2016,5,True
Canada,Banking and Finance,2019,42,True
Indonesia,Banking and Finance,2016,1,True
United States,Banking and Finance,2017,484,True
Uruguay,Banking and Finance,2022,1,False
Turkey,Banking and Finance,2019,0,True
India,Banking and Finance,2019,0,True
India,Banking and Finance,2020,0,False
Austria,Banking and Finance,2024,0,False
United Kingdom,Banking and Finance,2017,9,True
Czechia,Bio-Inspired Computing,2017,0,True
Taiwan,Bio-Inspired Computing,2019,6,True
South Korea,Bio-Inspired Computing,2021,213,False
Netherlands,Bio-Inspired Computing,2020,2,False
Austria,Bio-Inspired Computing,2018,0,True
Spain,Bio-Inspired Computing,2017,5,True
Italy,Business,2024,0,False
Greece,Business,2020,0,False
France,Business,2019,18,True
United States,Business,2019,2085,True
New Zealand,Business,2020,0,False
Netherlands,Business,2023,5,False
Hungary,Business,2019,0,True
Poland,Business,2018,3,True
Morocco,Business,2018,0,True
Belgium,Computer Vision,2024,3,False
Bulgaria,Computer Vision,2020,0,False
San Marino,Computer Vision,2018,1,True
Canada,Computer Vision,2021,176,False
Morocco,Computer Vision,2024,2,False
Luxembourg,Computer Vision,2024,57,False
Netherlands,Computing in Government,2016,0,True
Malaysia,Computing in Government,2022,0,False
United States,Computing in Government,2020,130,False
Finland,Computing in Government,2023,0,False
Greece,Computing in Government,2017,0,True
South Africa,Computing in Government,2025,0,False
Germany,Computing in Government,2020,1,False
Austria,Computing in Government,2021,0,False
Uruguay,Computing in Government,2017,0,True
South Africa,Control Methods,2016,0,True
Sweden,Control Methods,2019,6,True
Japan,Control Methods,2023,138,False
Canada,Control Methods,2024,0,False
Czechia,Control Methods,2025,0,False
Turkey,Control Methods,2020,1,False
Italy,Distributed AI,2018,0,True
Belgium,Distributed AI,2017,0,True
Belgium,Distributed AI,2023,0,False
Germany,Distributed AI,2023,4,False
Lithuania,Distributed AI,2022,0,False
Canada,Distributed AI,2022,3,False
Turkey,Distributed AI,2016,0,True
Norway,Distributed AI,2016,0,True
South Korea,Distributed AI,2018,21,True
Portugal,Education,2019,1,True
France,Education,2016,2,True
Belgium,Education,2020,0,False
Norway,Education,2016,0,True
Taiwan,Education,2025,4,False
Peru,Energy Management,2019,0,True
Netherlands,Energy Management,2025,1,False
Australia,Energy Management,2022,6,False
Estonia,Energy Management,2022,0,False
Ukraine,Energy Management,2016,0,True
Luxembourg,Energy Management,2021,2,False
South Africa,Energy Management,2024,0,False
China,Energy Management,2017,560,True
Canada,Energy Management,2022,13,False
Hungary,Fuzzy Logic,2018,0,True
Finland,Fuzzy Logic,2018,0,True
Slovenia,Fuzzy Logic,2022,0,False
Sweden,Fuzzy Logic,2022,0,False
Ukraine,Fuzzy Logic,2022,2,False
Netherlands,Fuzzy Logic,2024,0,False
Peru,Fuzzy Logic,2023,0,False
Japan,Fuzzy Logic,2025,0,False
South Korea,Fuzzy Logic,2025,1,False
Mexico,Fuzzy Logic,2018,1,True
Bulgaria,Fuzzy Logic,2022,0,False
Lithuania,Fuzzy Logic,2019,1,True
New Zealand,Industry and Manufacturing,2016,1,True
Portugal,Industry and Manufacturing,2018,2,True
Portugal,Industry and Manufacturing,2022,0,False
Brazil,Industry and Manufacturing,2017,6,True
Italy,Industry and Manufacturing,2022,1,False
Serbia,Industry and Manufacturing,2018,1,True
Belgium,Industry and Manufacturing,2020,0,False
South Africa,Industry and Manufacturing,2017,0,True
Luxembourg,Industry and Manufacturing,2016,0,True
Switzerland,Industry and Manufacturing,2021,1,False
Russia,Industry and Manufacturing,2020,8,False
Japan,Knowledge Representation,2022,59,False
Philippines,Knowledge Representation,2017,0,True
Belgium,Knowledge Representation,2023,0,False
South Korea,Knowledge Representation,2016,30,True
Denmark,Knowledge Representation,2020,1,False
Poland,Knowledge Representation,2020,1,False
Croatia,Knowledge Representation,2021,0,False
United States,Knowledge Representation,2017,1006,True
Costa Rica,Knowledge Representation,2023,0,False
Finland,Natural Language Processing,2018,2,True
Argentina,Natural Language Processing,2023,0,False
Turkey,Natural Language Processing,2019,0,True
Singapore,Natural Language Processing,2021,0,False
Netherlands,Natural Language Processing,2024,3,False
United Kingdom,Natural Language Processing,2025,0,False
Czechia,Natural Language Processing,2020,0,False
Lithuania,Life Sciences,2016,0,True
Lithuania,Life Sciences,2019,2,True
Greece,Life Sciences,2021,0,False
Poland,Life Sciences,2023,3,False
Bulgaria,Life Sciences,2023,0,False
Serbia,Life Sciences,2021,0,False
Norway,Life Sciences,2017,0,True
India,Life Sciences,2017,27,True
Netherlands,Life Sciences,2020,3,False
Czechia,Life Sciences,2021,1,False
Taiwan,Life Sciences,2023,117,False
Philippines,Logic-Based Knowledge Systems,2023,0,False
Japan,Logic-Based Knowledge Systems,2016,187,True
San Marino,Logic-Based Knowledge Systems,2018,0,True
Peru,Logic-Based Knowledge Systems,2020,2,False
Ireland,Logic-Based Knowledge Systems,2022,0,False
Serbia,Logic-Based Knowledge Systems,2021,0,False
South Korea,Logic-Based Knowledge Systems,2024,33,False
New Zealand,Logic-Based Knowledge Systems,2022,0,False
Ukraine,Markov and Bayesian Models,2017,0,True
China,Markov and Bayesian Models,2026,120,False
Germany,Markov and Bayesian Models,2017,24,True
Croatia,Markov and Bayesian Models,2021,0,False
Singapore,Markov and Bayesian Models,2017,11,True
Morocco,Markov and Bayesian Models,2016,1,True
Russia,Markov and Bayesian Models,2018,30,True
Morocco,Measuring and Testing,2018,2,True
Hungary,Measuring and Testing,2019,7,True
Ukraine,Measuring and Testing,2021,0,False
Ukraine,Measuring and Testing,2022,0,False
Poland,Measuring and Testing,2021,13,False
South Africa,Measuring and Testing,2016,0,True
Japan,Neural Networks,2023,394,False
Hungary,Neural Networks,2021,4,False
Switzerland,Neural Networks,2024,1,False
Greece,Neural Networks,2020,1,False
Colombia,Neural Networks,2022,0,False
Denmark,Neural Networks,2016,4,True
Morocco,Ontology Engineering,2023,0,False
Chile,Ontology Engineering,2018,0,True
Hungary,Ontology Engineering,2020,0,False
Malaysia,Ontology Engineering,2018,1,True
Japan,Ontology Engineering,2022,11,False
Argentina,Ontology Engineering,2017,0,True
Australia,Ontology Engineering,2022,1,False
Switzerland,Ontology Engineering,2022,0,False
Spain,Ontology Engineering,2024,0,False
Italy,Other and Unspecified,2019,15,True
Italy,Other and Unspecified,2020,11,False
Japan,Other and Unspecified,2019,1455,True
Taiwan,Other and Unspecified,2018,111,True
Finland,Other and Unspecified,2022,11,False
Switzerland,Other and Unspecified,2017,1,True
China,Other and Unspecified,2018,5349,True
Brazil,Other and Unspecified,2019,52,True
Poland,Other and Unspecified,2017,7,True
Poland,Other and Unspecified,2020,17,False
Slovenia,Other and Unspecified,2018,3,True
Norway,Other and Unspecified,2020,4,False
Greece,Other and Unspecified,2017,0,True
Taiwan,Personal Devices and Computing,2017,99,True
China,Personal Devices and Computing,2018,9820,True
China,Personal Devices and Computing,2025,25373,False
Serbia,Personal Devices and Computing,2019,2,True
Serbia,Personal Devices and Computing,2021,1,False
Malaysia,Personal Devices and Computing,2018,11,True
Italy,Personal Devices and Computing,2016,5,True
South Africa,Personal Devices and Computing,2020,1,False
Hungary,Personal Devices and Computing,2019,5,True
Hungary,Personal Devices and Computing,2022,4,False
Finland,Personal Devices and Computing,2020,12,False
Spain,Personal Devices and Computing,2022,24,False
Greece,Personal Devices and Computing,2023,7,False
Romania,Personal Devices and Computing,2017,1,True
Morocco,Personal Devices and Computing,2018,1,True
Morocco,Physical Sciences and Engineering,2024,10,False
Norway,Physical Sciences and Engineering,2025,1,False
Denmark,Physical Sciences and Engineering,2016,24,True
Netherlands,Physical Sciences and Engineering,2025,11,False
Sweden,Physical Sciences and Engineering,2021,19,False
China,Physical Sciences and Engineering,2018,17884,True
Spain,Physical Sciences and Engineering,2024,9,False
Colombia,Physical Sciences and Engineering,2022,1,False
Canada,Physical Sciences and Engineering,2018,588,True
Canada,Physical Sciences and Engineering,2021,430,False
Peru,Physical Sciences and Engineering,2022,4,False
Singapore,Physical Sciences and Engineering,2017,84,True
Czechia,Planning and Scheduling,2019,0,True
Malaysia,Planning and Scheduling,2021,1,False
Argentina,Planning and Scheduling,2018,3,True
South Africa,Planning and Scheduling,2021,0,False
Germany,Planning and Scheduling,2019,22,True
Germany,Planning and Scheduling,2020,23,False
South Korea,Planning and Scheduling,2020,573,False
Italy,Planning and Scheduling,2023,1,False
Taiwan,Planning and Scheduling,2025,11,False
Croatia,Planning and Scheduling,2017,0,True
Norway,Planning and Scheduling,2017,0,True
Spain,Robotics,2018,14,True
Croatia,Robotics,2024,0,False
Russia,Robotics,2019,7,True
Philippines,Robotics,2023,0,False
Finland,Robotics,2023,0,False
South Africa,Robotics,2016,0,True
Singapore,Robotics,2018,5,True
Costa Rica,Robotics,2023,0,False
Greece,Robotics,2018,1,True
Finland,Search Methods,2016,0,True
United Kingdom,Search Methods,2021,5,False
China,Search Methods,2024,1583,False
Russia,Search Methods,2021,0,False
Luxembourg,Search Methods,2018,0,True
Mexico,Security,2020,5,False
Luxembourg,Security,2022,7,False
Sweden,Security,2017,1,True
Lithuania,Security,2018,0,True
Lithuania,Security,2020,1,False
Taiwan,Security,2016,7,True
Taiwan,Security,2024,30,False
Bulgaria,Security,2020,1,False
Switzerland,Security,2023,0,False
China,Security,2025,2886,False
Belgium,Security,2023,1,False
Sweden,Spatial and Physical Reasoning,2017,5,True
Brazil,Spatial and Physical Reasoning,2022,2,False
Ukraine,Spatial and Physical Reasoning,2016,0,True
Russia,Spatial and Physical Reasoning,2018,44,True
San Marino,Spatial and Physical Reasoning,2017,1,True
Spain,Spatial and Physical Reasoning,2019,42,True
Spain,Spatial and Physical Reasoning,2022,30,False
Finland,Spatial and Physical Reasoning,2021,12,False
China,Spatial and Physical Reasoning,2016,1526,True
Morocco,Spatial and Physical Reasoning,2021,0,False
Morocco,Spatial and Physical Reasoning,2023,1,False
Belgium,Spatial and Physical Reasoning,2025,1,False
Portugal,Spatial and Physical Reasoning,2017,1,True
Japan,Speech Processing,2021,177,False
Turkey,Speech Processing,2021,0,False
Austria,Speech Processing,2016,0,True
Australia,Speech Processing,2023,4,False
Norway,Telecommunications,2023,0,False
India,Telecommunications,2020,0,False
San Marino,Telecommunications,2020,0,False
Peru,Telecommunications,2023,0,False
Germany,Telecommunications,2018,108,True
Spain,Telecommunications,2019,37,True
Serbia,Telecommunications,2021,0,False
South Korea,Telecommunications,2021,1408,False
South Africa,Telecommunications,2020,0,False
Denmark,Telecommunications,2018,12,True
Switzerland,Telecommunications,2020,0,False
Taiwan,Telecommunications,2020,94,False
Bulgaria,Telecommunications,2023,1,False
Argentina,Telecommunications,2022,3,False
Italy,Telecommunications,2021,8,False
Ukraine,Transportation,2018,0,True
San Marino,Transportation,2018,0,True
Netherlands,Transportation,2019,2,True
United Kingdom,Transportation,2018,43,True
Greece,Transportation,2019,0,True
South Africa,Transportation,2018,0,True
Argentina,Transportation,2021,0,False
Australia,Transportation,2019,30,True
Austria,Transportation,2018,4,True
Austria,Transportation,2020,6,False
Austria,Transportation,2022,1,False
Slovenia,Transportation,2016,1,True
Taiwan,Transportation,2022,22,False
Romania,Transportation,2016,0,True
Brazil,Agriculture,2016,7,True
Spain,Agriculture,2021,3,False
Norway,Agriculture,2019,0,True
Israel,Agriculture,2017,0,True
Denmark,Agriculture,2023,2,False
Japan,Agriculture,2016,18,True
Ukraine,All,2021,8,False
Philippines,All,2022,7,False
Portugal,All,2019,11,True
Austria,All,2016,9,True
Italy,All,2023,11,False
Germany,All,2019,608,True
Serbia,All,2023,3,False
Israel,All,2019,11,True
Ireland,Analytics and Algorithms,2022,0,False
Czechia,Analytics and Algorithms,2023,0,False
Austria,Analytics and Algorithms,2021,1,False
Netherlands,Analytics and Algorithms,2022,11,False
Portugal,Analytics and Algorithms,2018,1,True
New Zealand,Analytics and Algorithms,2018,0,True
Croatia,Analytics and Algorithms,2020,0,False
South Korea,Analytics and Algorithms,2017,129,True
Morocco,Analytics and Algorithms,2023,0,False
Japan,Analytics and Algorithms,2023,67,False
Taiwan,Analytics and Algorithms,2022,62,False
Philippines,Banking and Finance,2018,2,True
Malaysia,Banking and Finance,2021,0,False
Turkey,Banking and Finance,2023,0,False
Lithuania,Banking and Finance,2017,1,True
China,Banking and Finance,2022,876,False
Austria,Banking and Finance,2019,0,True
Italy,Bio-Inspired Computing,2019,2,True
San Marino,Bio-Inspired Computing,2017,0,True
Poland,Bio-Inspired Computing,2021,0,False
Ukraine,Bio-Inspired Computing,2017,0,True
Greece,Bio-Inspired Computing,2018,1,True
Israel,Bio-Inspired Computing,2022,0,False
Chile,Bio-Inspired Computing,2018,1,True
Luxembourg,Business,2018,0,True
Luxembourg,Business,2019,2,True
France,Business,2024,4,False
Serbia,Business,2018,0,True
South Africa,Business,2017,1,True
Poland,Computer Vision,2021,11,False
Poland,Computer Vision,2022,10,False
Peru,Computer Vision,2021,1,False
Italy,Computer Vision,2024,0,False
France,Computer Vision,2024,23,False
Spain,Computer Vision,2025,1,False
South Africa,Computer Vision,2021,0,False
Philippines,Computer Vision,2023,0,False
Hungary,Computer Vision,2019,2,True
Denmark,Computer Vision,2016,5,True
Portugal,Computer Vision,2017,2,True
Sweden,Computer Vision,2020,5,False
United States,Computer Vision,2018,4056,True
Luxembourg,Computer Vision,2021,13,False
Belgium,Computing in Government,2025,0,False
Denmark,Computing in Government,2023,0,False
Saudi Arabia,Computing in Government,2021,0,False
Ukraine,Computing in Government,2018,0,True
France,Computing in Government,2019,4,True
Portugal,Computing in Government,2016,0,True
United States,Control Methods,2019,2260,True
Iran,Control Methods,2018,0,True
Uruguay,Control Methods,2022,0,False
Germany,Control Methods,2024,46,False
Singapore,Control Methods,2020,2,False
India,Control Methods,2016,14,True
China,Control Methods,2020,2105,False
Belgium,Control Methods,2017,2,True
Finland,Control Methods,2017,3,True
Israel,Control Methods,2018,1,True
Germany,Distributed AI,2017,4,True
Japan,Distributed AI,2024,4,False
Lithuania,Distributed AI,2018,0,True
Serbia,Distributed AI,2019,0,True
Philippines,Distributed AI,2023,0,False
China,Distributed AI,2023,529,False
South Korea,Distributed AI,2019,47,True
Hungary,Distributed AI,2023,0,False
Netherlands,Education,2018,0,True
Greece,Education,2024,1,False
Italy,Education,2022,0,False
Italy,Education,2024,0,False
Denmark,Education,2017,0,True
South Korea,Education,2024,90,False
Japan,Energy Management,2020,139,False
Spain,Energy Management,2016,11,True
Spain,Energy Management,2020,13,False
Germany,Energy Management,2022,29,False
Argentina,Energy Management,2017,1,True
Philippines,Energy Management,2019,1,True
Switzerland,Energy Management,2018,0,True
Romania,Energy Management,2016,0,True
Canada,Energy Management,2018,22,True
Peru,Fuzzy Logic,2022,0,False
Saudi Arabia,Fuzzy Logic,2019,0,True
Denmark,Fuzzy Logic,2024,0,False
Singapore,Fuzzy Logic,2020,0,False
Netherlands,Industry and Manufacturing,2019,3,True
Romania,Industry and Manufacturing,2017,0,True
Philippines,Industry and Manufacturing,2016,0,True
Finland,Industry and Manufacturing,2020,2,False
Argentina,Industry and Manufacturing,2022,1,False
Ireland,Industry and Manufacturing,2018,0,True
India,Industry and Manufacturing,2017,9,True
Greece,Knowledge Representation,2019,0,True
New Zealand,Knowledge Representation,2020,0,False
India,Knowledge Representation,2019,3,True
Luxembourg,Knowledge Representation,2018,0,True
Norway,Knowledge Representation,2017,0,True
United States,Knowledge Representation,2016,645,True
Ireland,Knowledge Representation,2016,0,True
San Marino,Knowledge Representation,2018,0,True
Norway,Natural Language Processing,2023,0,False
Costa Rica,Natural Language Processing,2020,0,False
Taiwan,Natural Language Processing,2016,3,True
China,Natural Language Processing,2026,123,False
Germany,Natural Language Processing,2022,15,False
Ireland,Natural Language Processing,2022,0,False
Denmark,Natural Language Processing,2019,2,True
Poland,Natural Language Processing,2023,0,False
United Kingdom,Natural Language Processing,2024,3,False
Israel,Natural Language Processing,2020,0,False
Singapore,Life Sciences,2018,52,True
Singapore,Life Sciences,2020,0,False
Mexico,Life Sciences,2021,19,False
Belgium,Life Sciences,2016,0,True
Belgium,Life Sciences,2018,1,True
Switzerland,Life Sciences,2019,0,True
Hungary,Life Sciences,2023,0,False
Germany,Life Sciences,2025,24,False
Taiwan,Life Sciences,2019,85,True
Romania,Logic-Based Knowledge Systems,2019,0,True
Spain,Logic-Based Knowledge Systems,2020,9,False
San Marino,Logic-Based Knowledge Systems,2017,1,True
Singapore,Logic-Based Knowledge Systems,2018,32,True
Serbia,Logic-Based Knowledge Systems,2020,0,False
Georgia,Logic-Based Knowledge Systems,2023,0,False
Australia,Markov and Bayesian Models,2021,88,False
New Zealand,Markov and Bayesian Models,2019,0,True
Czechia,Markov and Bayesian Models,2024,0,False
South Africa,Markov and Bayesian Models,2018,0,True
South Korea,Markov and Bayesian Models,2022,208,False
Slovenia,Markov and Bayesian Models,2018,1,True
Slovenia,Markov and Bayesian Models,2022,0,False
Slovakia,Markov and Bayesian Models,2023,1,False
France,Markov and Bayesian Models,2020,12,False
Portugal,Measuring and Testing,2020,0,False
Austria,Measuring and Testing,2022,2,False
Germany,Measuring and Testing,2019,170,True
Denmark,Measuring and Testing,2022,3,False
Finland,Measuring and Testing,2024,2,False
Slovakia,Measuring and Testing,2021,1,False
Norway,Measuring and Testing,2021,1,False
Spain,Measuring and Testing,2017,23,True
South Africa,Measuring and Testing,2020,0,False
Uruguay,Measuring and Testing,2017,0,True
Greece,Neural Networks,2022,10,False
Lithuania,Neural Networks,2021,0,False
United States,Neural Networks,2022,4494,False
New Zealand,Neural Networks,2016,0,True
Ireland,Ontology Engineering,2016,0,True
Ireland,Ontology Engineering,2023,0,False
South Korea,Ontology Engineering,2018,49,True
United Kingdom,Ontology Engineering,2016,6,True
Morocco,Ontology Engineering,2016,0,True
Luxembourg,Ontology Engineering,2019,1,True
China,Ontology Engineering,2022,4308,False
Mexico,Ontology Engineering,2021,0,False
Sweden,Ontology Engineering,2016,0,True
Peru,Other and Unspecified,2020,6,False
Denmark,Other and Unspecified,2018,19,True
Malaysia,Other and Unspecified,2017,11,True
Malaysia,Other and Unspecified,2021,6,False
Ukraine,Other and Unspecified,2018,1,True
Ukraine,Other and Unspecified,2024,4,False
Singapore,Other and Unspecified,2020,3,False
Bulgaria,Other and Unspecified,2021,3,False
Philippines,Other and Unspecified,2023,2,False
China,Other and Unspecified,2024,11604,False
Poland,Other and Unspecified,2016,11,True
Czechia,Other and Unspecified,2020,0,False
South Africa,Personal Devices and Computing,2019,0,True
Iran,Personal Devices and Computing,2018,1,True
Denmark,Personal Devices and Computing,2018,17,True
Ukraine,Personal Devices and Computing,2023,0,False
United Kingdom,Physical Sciences and Engineering,2019,330,True
Austria,Physical Sciences and Engineering,2017,11,True
Denmark,Physical Sciences and Engineering,2018,34,True
Netherlands,Physical Sciences and Engineering,2017,5,True
Netherlands,Physical Sciences and Engineering,2020,19,False
Ireland,Physical Sciences and Engineering,2016,2,True
Belgium,Physical Sciences and Engineering,2021,9,False
France,Planning and Scheduling,2023,6,False
Austria,Planning and Scheduling,2021,1,False
South Africa,Planning and Scheduling,2016,2,True
Serbia,Planning and Scheduling,2023,0,False
Greece,Planning and Scheduling,2019,0,True
Taiwan,Planning and Scheduling,2020,32,False
Sweden,Planning and Scheduling,2023,3,False
Belgium,Planning and Scheduling,2023,2,False
United Kingdom,Planning and Scheduling,2018,28,True
Mexico,Planning and Scheduling,2018,10,True
Bulgaria,Planning and Scheduling,2021,0,False
Bulgaria,Planning and Scheduling,2025,1,False
New Zealand,Planning and Scheduling,2017,2,True
Croatia,Planning and Scheduling,2021,0,False
Uruguay,Planning and Scheduling,2020,0,False
Malaysia,Robotics,2020,0,False
Russia,Robotics,2016,4,True
Norway,Robotics,2025,0,False
Belgium,Robotics,2020,0,False
Brazil,Robotics,2017,3,True
Sweden,Robotics,2019,3,True
Canada,Robotics,2016,28,True
South Korea,Search Methods,2025,1,False
Mexico,Search Methods,2019,3,True
Norway,Search Methods,2022,0,False
Canada,Search Methods,2023,0,False
Ukraine,Search Methods,2017,0,True
Serbia,Search Methods,2019,0,True
United States,Search Methods,2016,258,True
Austria,Search Methods,2022,0,False
Taiwan,Search Methods,2023,7,False
Colombia,Search Methods,2019,1,True
Italy,Search Methods,2023,0,False
Hungary,Search Methods,2016,0,True
Netherlands,Search Methods,2025,2,False
Spain,Search Methods,2025,0,False
Luxembourg,Search Methods,2016,0,True
Australia,Security,2016,29,True
Spain,Security,2022,4,False
Finland,Security,2022,2,False
Chile,Security,2018,0,True
United States,Security,2025,31,False
Denmark,Security,2019,4,True
Greece,Security,2020,0,False
Bulgaria,Security,2025,0,False
Peru,Security,2017,0,True
France,Security,2017,7,True
France,Security,2024,4,False
Norway,Security,2025,0,False
United States,Spatial and Physical Reasoning,2018,4620,True
Slovakia,Spatial and Physical Reasoning,2021,0,False
Italy,Spatial and Physical Reasoning,2018,7,True
Croatia,Spatial and Physical Reasoning,2020,0,False
Mexico,Spatial and Physical Reasoning,2022,2,False
India,Spatial and Physical Reasoning,2017,65,True
India,Spatial and Physical Reasoning,2020,2,False
Austria,Spatial and Physical Reasoning,2022,0,False
Belgium,Spatial and Physical Reasoning,2021,3,False
Portugal,Spatial and Physical Reasoning,2016,3,True
Portugal,Spatial and Physical Reasoning,2018,7,True
Netherlands,Spatial and Physical Reasoning,2017,1,True
Norway,Spatial and Physical Reasoning,2025,0,False
Luxembourg,Speech Processing,2016,0,True
China,Speech Processing,2022,1754,False
Serbia,Speech Processing,2023,0,False
Slovenia,Speech Processing,2018,0,True
Philippines,Speech Processing,2017,0,True
Portugal,Speech Processing,2016,0,True
Austria,Speech Processing,2023,0,False
Australia,Speech Processing,2017,20,True
Spain,Speech Processing,2019,7,True
France,Speech Processing,2022,6,False
Luxembourg,Telecommunications,2020,1,False
Malaysia,Telecommunications,2019,6,True
Canada,Telecommunications,2023,8,False
Israel,Telecommunications,2017,4,True
Ireland,Telecommunications,2018,1,True
New Zealand,Transportation,2020,1,False
Luxembourg,Transportation,2020,1,False
Croatia,Transportation,2020,0,False
Mexico,Agriculture,2020,11,False
Austria,Agriculture,2017,0,True
United States,Agriculture,2025,1,False
Belgium,Agriculture,2018,2,True
China,Agriculture,2018,163,True
Morocco,Agriculture,2016,0,True
Turkey,Agriculture,2023,0,False
South Korea,All,2016,1012,True
South Korea,All,2018,3527,True
China,All,2019,29712,True
Portugal,All,2018,14,True
Paraguay,All,2021,1,False
Singapore,All,2016,50,True
Germany,All,2024,220,False
Spain,All,2025,3,False
Kenya,All,2016,1,True
Israel,All,2017,15,True
Japan,All,2025,6,False
South Africa,All,2021,22,False
Paraguay,Analytics and Algorithms,2021,0,False
Australia,Analytics and Algorithms,2018,51,True
Hungary,Analytics and Algorithms,2021,1,False
France,Analytics and Algorithms,2018,13,True
Singapore,Analytics and Algorithms,2016,3,True
Japan,Analytics and Algorithms,2017,160,True
Poland,Analytics and Algorithms,2017,2,True
Italy,Analytics and Algorithms,2024,0,False
South Africa,Analytics and Algorithms,2024,0,False
Canada,Banking and Finance,2024,0,False
United States,Banking and Finance,2018,618,True
Netherlands,Banking and Finance,2017,0,True
Peru,Banking and Finance,2019,0,True
Singapore,Banking and Finance,2019,23,True
Italy,Banking and Finance,2016,2,True
Italy,Banking and Finance,2021,2,False
Colombia,Banking and Finance,2019,0,True
South Korea,Banking and Finance,2019,176,True
Turkey,Banking and Finance,2017,0,True
China,Banking and Finance,2019,596,True
Austria,Banking and Finance,2018,0,True
Croatia,Bio-Inspired Computing,2021,0,False
Norway,Bio-Inspired Computing,2019,0,True
Saudi Arabia,Bio-Inspired Computing,2023,0,False
Singapore,Bio-Inspired Computing,2021,0,False
Czechia,Business,2024,0,False
Greece,Business,2023,4,False
Luxembourg,Business,2021,7,False
Australia,Business,2023,8,False
San Marino,Business,2018,0,True
United Kingdom,Business,2018,38,True
Netherlands,Business,2017,0,True
Uruguay,Business,2022,0,False
Japan,Business,2022,237,False
Japan,Business,2023,118,False
Poland,Computer Vision,2019,13,True
Taiwan,Computer Vision,2016,27,True
Norway,Computer Vision,2025,0,False
Turkey,Computer Vision,2020,1,False
Spain,Computer Vision,2020,54,False
Spain,Computer Vision,2021,34,False
South Africa,Computer Vision,2018,1,True
Denmark,Computer Vision,2020,6,False
Czechia,Computer Vision,2019,1,True
Lithuania,Computer Vision,2018,4,True
Belgium,Computing in Government,2020,0,False
Canada,Computing in Government,2021,5,False
United States,Computing in Government,2016,30,True
United States,Computing in Government,2019,94,True
Denmark,Computing in Government,2018,0,True
New Zealand,Computing in Government,2017,0,True
China,Computing in Government,2017,82,True
China,Computing in Government,2026,12,False
Japan,Computing in Government,2017,6,True
Argentina,Control Methods,2019,3,True
New Zealand,Control Methods,2020,1,False
Norway,Control Methods,2020,2,False
Taiwan,Control Methods,2021,59,False
Lithuania,Control Methods,2017,0,True
Lithuania,Control Methods,2019,1,True
Bulgaria,Control Methods,2021,0,False
Luxembourg,Control Methods,2017,0,True
Greece,Distributed AI,2017,0,True
Philippines,Distributed AI,2021,2,False
Czechia,Distributed AI,2017,0,True
Norway,Distributed AI,2020,0,False
United Kingdom,Distributed AI,2024,0,False
South Korea,Distributed AI,2020,55,False
Singapore,Distributed AI,2017,1,True
Italy,Education,2016,0,True
Austria,Education,2020,2,False
Bulgaria,Education,2017,0,True
Japan,Education,2024,0,False
Hungary,Education,2019,0,True
Ireland,Education,2016,0,True
Brazil,Education,2017,1,True
New Zealand,Energy Management,2022,0,False
Japan,Energy Management,2021,170,False
Taiwan,Energy Management,2018,14,True
Italy,Energy Management,2019,6,True
Morocco,Energy Management,2019,0,True
Germany,Energy Management,2025,3,False
Lithuania,Energy Management,2017,0,True
Saudi Arabia,Energy Management,2019,0,True
United Kingdom,Energy Management,2017,8,True
United Kingdom,Energy Management,2019,19,True
Philippines,Energy Management,2016,0,True
Mexico,Energy Management,2016,2,True
China,Energy Management,2023,4310,False
Brazil,Fuzzy Logic,2016,1,True
Brazil,Fuzzy Logic,2017,2,True
Romania,Fuzzy Logic,2019,0,True
Canada,Fuzzy Logic,2023,0,False
Italy,Fuzzy Logic,2021,1,False
Taiwan,Fuzzy Logic,2021,6,False
United Kingdom,Fuzzy Logic,2016,0,True
United Kingdom,Fuzzy Logic,2022,1,False
Serbia,Fuzzy Logic,2023,0,False
Malaysia,Fuzzy Logic,2016,0,True
Tunisia,Fuzzy Logic,2021,0,False
Russia,Fuzzy Logic,2016,11,True
Netherlands,Industry and Manufacturing,2023,1,False
United Kingdom,Industry and Manufacturing,2016,13,True
Malaysia,Industry and Manufacturing,2022,0,False
Australia,Industry and Manufacturing,2024,1,False
Belgium,Industry and Manufacturing,2021,2,False
Switzerland,Industry and Manufacturing,2020,1,False
Denmark,Industry and Manufacturing,2017,1,True
Sweden,Industry and Manufacturing,2018,5,True
Greece,Knowledge Representation,2021,0,False
Greece,Knowledge Representation,2022,0,False
United Kingdom,Knowledge Representation,2022,3,False
Belgium,Knowledge Representation,2016,0,True
Poland,Knowledge Representation,2017,0,True
Netherlands,Knowledge Representation,2025,1,False
Serbia,Knowledge Representation,2017,0,True
Spain,Knowledge Representation,2018,5,True
Italy,Natural Language Processing,2019,0,True
Singapore,Natural Language Processing,2016,6,True
Brazil,Natural Language Processing,2020,2,False
South Korea,Natural Language Processing,2016,95,True
Lithuania,Natural Language Processing,2021,0,False
China,Natural Language Processing,2025,3331,False
Japan,Natural Language Processing,2017,124,True
Japan,Natural Language Processing,2020,148,False
Portugal,Natural Language Processing,2017,0,True
Lithuania,Life Sciences,2022,0,False
Brazil,Life Sciences,2021,15,False
Denmark,Life Sciences,2022,3,False
Colombia,Life Sciences,2024,0,False
Switzerland,Life Sciences,2022,0,False
Argentina,Life Sciences,2021,1,False
Philippines,Life Sciences,2021,0,False
Sweden,Life Sciences,2022,5,False
Sweden,Logic-Based Knowledge Systems,2023,2,False
Singapore,Logic-Based Knowledge Systems,2020,4,False
France,Logic-Based Knowledge Systems,2018,20,True
Belgium,Logic-Based Knowledge Systems,2020,0,False
Slovakia,Logic-Based Knowledge Systems,2023,0,False
New Zealand,Logic-Based Knowledge Systems,2017,4,True
Spain,Markov and Bayesian Models,2019,12,True
Germany,Markov and Bayesian Models,2024,14,False
Switzerland,Markov and Bayesian Models,2023,0,False
South Korea,Markov and Bayesian Models,2019,293,True
Argentina,Markov and Bayesian Models,2021,0,False
Poland,Markov and Bayesian Models,2019,2,True
Belgium,Measuring and Testing,2021,4,False
India,Measuring and Testing,2016,10,True
Greece,Measuring and Testing,2021,1,False
Taiwan,Measuring and Testing,2016,16,True
Luxembourg,Measuring and Testing,2018,2,True
Japan,Measuring and Testing,2022,348,False
Poland,Measuring and Testing,2018,4,True
Israel,Neural Networks,2023,2,False
Hungary,Neural Networks,2020,4,False
France,Neural Networks,2022,146,False
Norway,Neural Networks,2024,4,False
Ireland,Neural Networks,2022,1,False
Denmark,Neural Networks,2019,20,True
Singapore,Neural Networks,2019,70,True
Philippines,Neural Networks,2018,3,True
San Marino,Neural Networks,2018,1,True
United Kingdom,Ontology Engineering,2025,0,False
Lithuania,Ontology Engineering,2019,0,True
Canada,Ontology Engineering,2021,5,False
Romania,Ontology Engineering,2022,0,False
Bulgaria,Ontology Engineering,2020,0,False
Luxembourg,Ontology Engineering,2023,2,False
Luxembourg,Ontology Engineering,2024,7,False
Luxembourg,Ontology Engineering,2025,11,False
Argentina,Ontology Engineering,2021,0,False
Netherlands,Ontology Engineering,2025,0,False
South Africa,Ontology Engineering,2017,0,True
Russia,Ontology Engineering,2017,6,True
Denmark,Ontology Engineering,2017,0,True
France,Other and Unspecified,2020,60,False
Canada,Other and Unspecified,2024,2,False
Italy,Other and Unspecified,2017,9,True
Saudi Arabia,Other and Unspecified,2022,2,False
Denmark,Other and Unspecified,2024,0,False
Taiwan,Other and Unspecified,2020,218,False
Bulgaria,Other and Unspecified,2020,10,False
United Kingdom,Other and Unspecified,2021,72,False
Romania,Other and Unspecified,2017,0,True
South Korea,Other and Unspecified,2023,1571,False
Czechia,Other and Unspecified,2024,2,False
Netherlands,Personal Devices and Computing,2016,3,True
Sweden,Personal Devices and Computing,2017,2,True
South Africa,Personal Devices and Computing,2022,0,False
Hungary,Personal Devices and Computing,2016,5,True
Singapore,Personal Devices and Computing,2019,82,True
France,Personal Devices and Computing,2019,132,True
Germany,Personal Devices and Computing,2016,107,True
Czechia,Personal Devices and Computing,2019,1,True
Ukraine,Personal Devices and Computing,2025,0,False
Austria,Physical Sciences and Engineering,2022,5,False
Germany,Physical Sciences and Engineering,2021,497,False
Bulgaria,Physical Sciences and Engineering,2021,3,False
Japan,Physical Sciences and Engineering,2022,2269,False
China,Physical Sciences and Engineering,2022,56718,False
Croatia,Physical Sciences and Engineering,2019,2,True
Saudi Arabia,Physical Sciences and Engineering,2022,1,False
Saudi Arabia,Physical Sciences and Engineering,2023,0,False
Malaysia,Physical Sciences and Engineering,2017,28,True
Serbia,Physical Sciences and Engineering,2020,1,False
Serbia,Physical Sciences and Engineering,2023,3,False
South Africa,Physical Sciences and Engineering,2024,0,False
Chile,Planning and Scheduling,2018,0,True
Switzerland,Planning and Scheduling,2022,0,False
Ukraine,Planning and Scheduling,2022,0,False
Spain,Planning and Scheduling,2017,10,True
Australia,Planning and Scheduling,2024,2,False
Kenya,Planning and Scheduling,2016,0,True
Croatia,Planning and Scheduling,2022,0,False
Poland,Planning and Scheduling,2016,0,True
United States,Planning and Scheduling,2020,1440,False
Portugal,Planning and Scheduling,2017,0,True
Portugal,Planning and Scheduling,2019,1,True
Israel,Planning and Scheduling,2016,0,True
Norway,Robotics,2023,0,False
Taiwan,Robotics,2021,9,False
Taiwan,Robotics,2023,15,False
Morocco,Robotics,2024,1,False
Lithuania,Robotics,2019,0,True
Belgium,Robotics,2022,0,False
Slovakia,Robotics,2021,0,False
Peru,Robotics,2016,0,True
Peru,Robotics,2020,1,False
Sweden,Robotics,2024,2,False
South Korea,Search Methods,2016,12,True
Finland,Search Methods,2022,0,False
Malaysia,Search Methods,2021,0,False
Denmark,Search Methods,2018,1,True
Denmark,Search Methods,2022,0,False
Brazil,Search Methods,2018,12,True
Romania,Search Methods,2022,0,False
Netherlands,Search Methods,2024,1,False
Luxembourg,Search Methods,2025,3,False
Spain,Security,2023,1,False
Malaysia,Security,2021,0,False
South Africa,Security,2022,0,False
Peru,Security,2022,1,False
Switzerland,Security,2021,0,False
Switzerland,Security,2024,0,False
Norway,Security,2021,0,False
Morocco,Security,2021,0,False
United States,Spatial and Physical Reasoning,2016,1678,True
Singapore,Spatial and Physical Reasoning,2021,2,False
South Africa,Spatial and Physical Reasoning,2019,0,True
Bulgaria,Spatial and Physical Reasoning,2023,0,False
Hungary,Spatial and Physical Reasoning,2017,2,True
Switzerland,Spatial and Physical Reasoning,2022,2,False
Turkey,Spatial and Physical Reasoning,2017,1,True
Germany,Spatial and Physical Reasoning,2016,109,True
Taiwan,Spatial and Physical Reasoning,2017,32,True
Taiwan,Spatial and Physical Reasoning,2022,136,False
Netherlands,Spatial and Physical Reasoning,2018,7,True
Japan,Speech Processing,2018,267,True
Mexico,Speech Processing,2022,1,False
Poland,Speech Processing,2021,0,False
Russia,Speech Processing,2016,3,True
Uruguay,Speech Processing,2020,0,False
Singapore,Speech Processing,2017,4,True
United Kingdom,Speech Processing,2025,0,False
Belgium,Telecommunications,2017,0,True
United States,Telecommunications,2016,1542,True
Romania,Telecommunications,2016,0,True
Netherlands,Telecommunications,2018,1,True
Austria,Telecommunications,2020,0,False
Italy,Telecommunications,2019,9,True
Ukraine,Transportation,2021,0,False
New Zealand,Transportation,2019,0,True
Greece,Transportation,2023,1,False
South Africa,Transportation,2023,0,False
South Korea,Transportation,2021,544,False
Japan,Transportation,2024,6,False
Canada,Transportation,2016,55,True
Serbia,Transportation,2017,1,True
Mexico,Agriculture,2016,2,True
Austria,Agriculture,2020,0,False
Romania,Agriculture,2019,0,True
Uruguay,Agriculture,2017,1,True
Poland,Agriculture,2023,0,False
Saudi Arabia,Agriculture,2023,0,False
Norway,Agriculture,2024,0,False
Israel,Agriculture,2021,0,False
United States,Agriculture,2022,70,False
Australia,Agriculture,2021,61,False
Portugal,Agriculture,2022,0,False
Japan,Agriculture,2019,50,True
Russia,Agriculture,2016,0,True
Russia,Agriculture,2021,1,False
Ukraine,Agriculture,2025,0,False
Turkey,Agriculture,2018,0,True
Croatia,Agriculture,2020,0,False
Denmark,All,2024,1,False
Philippines,All,2017,1,True
United States,All,2024,1531,False
Chile,All,2018,1,True
Germany,All,2025,151,False
Netherlands,All,2020,19,False
Japan,All,2021,3357,False
South Africa,All,2020,3,False
Romania,Analytics and Algorithms,2021,0,False
Ireland,Analytics and Algorithms,2016,0,True
Ukraine,Analytics and Algorithms,2022,0,False
Tunisia,Analytics and Algorithms,2021,1,False
United Kingdom,Analytics and Algorithms,2021,30,False
Slovenia,Analytics and Algorithms,2018,3,True
Singapore,Analytics and Algorithms,2021,1,False
United States,Analytics and Algorithms,2018,1025,True
Spain,Banking and Finance,2025,0,False
Slovenia,Banking and Finance,2018,1,True
Kenya,Banking and Finance,2016,0,True
India,Banking and Finance,2017,13,True
South Africa,Bio-Inspired Computing,2016,0,True
South Africa,Bio-Inspired Computing,2018,0,True
China,Bio-Inspired Computing,2019,1659,True
Poland,Bio-Inspired Computing,2016,1,True
Ukraine,Bio-Inspired Computing,2022,0,False
Austria,Bio-Inspired Computing,2021,1,False
Switzerland,Bio-Inspired Computing,2021,0,False
Hungary,Bio-Inspired Computing,2019,1,True
Israel,Business,2019,1,True
Czechia,Business,2020,1,False
Indonesia,Business,2016,1,True
China,Business,2022,5729,False
Finland,Business,2016,1,True
Turkey,Business,2017,0,True
Ukraine,Business,2017,0,True
Hungary,Business,2017,2,True
Morocco,Business,2020,1,False
Morocco,Business,2021,0,False
Kenya,Business,2016,0,True
France,Computer Vision,2019,84,True
Bulgaria,Computer Vision,2025,0,False
South Korea,Computer Vision,2025,104,False
Uruguay,Computer Vision,2020,1,False
Serbia,Computer Vision,2018,1,True
Canada,Computing in Government,2016,1,True
Czechia,Computing in Government,2023,0,False
Finland,Computing in Government,2018,0,True
Uruguay,Computing in Government,2020,0,False
United States,Control Methods,2016,1053,True
Singapore,Control Methods,2021,1,False
Romania,Control Methods,2019,1,True
Netherlands,Control Methods,2020,3,False
Greece,Control Methods,2025,0,False
Lithuania,Control Methods,2016,0,True
Bulgaria,Control Methods,2018,0,True
Hungary,Control Methods,2020,1,False
Netherlands,Distributed AI,2018,0,True
Belgium,Distributed AI,2018,0,True
Latvia,Distributed AI,2020,0,False
Peru,Distributed AI,2016,0,True
Taiwan,Distributed AI,2017,1,True
Croatia,Distributed AI,2021,0,False
Norway,Distributed AI,2022,0,False
Poland,Distributed AI,2023,0,False
China,Distributed AI,2022,456,False
Netherlands,Education,2025,1,False
Belgium,Education,2018,1,True
New Zealand,Education,2016,0,True
Taiwan,Education,2024,9,False
Argentina,Education,2020,1,False
Hungary,Energy Management,2021,2,False
Spain,Energy Management,2018,17,True
Paraguay,Energy Management,2021,0,False
South Africa,Energy Management,2022,0,False
Poland,Fuzzy Logic,2022,0,False
Turkey,Fuzzy Logic,2019,0,True
China,Fuzzy Logic,2018,299,True
Australia,Fuzzy Logic,2016,4,True
Croatia,Fuzzy Logic,2020,0,False
Serbia,Fuzzy Logic,2018,0,True
South Korea,Fuzzy Logic,2022,21,False
Philippines,Fuzzy Logic,2021,0,False
New Zealand,Industry and Manufacturing,2020,0,False
Lithuania,Industry and Manufacturing,2016,1,True
Taiwan,Industry and Manufacturing,2018,27,True
Spain,Industry and Manufacturing,2025,1,False
Belgium,Industry and Manufacturing,2022,3,False
China,Industry and Manufacturing,2021,3939,False
Luxembourg,Industry and Manufacturing,2022,9,False
Israel,Industry and Manufacturing,2023,0,False
Greece,Industry and Manufacturing,2023,0,False
Sweden,Industry and Manufacturing,2017,2,True
Greece,Knowledge Representation,2020,0,False
United Kingdom,Knowledge Representation,2016,9,True
France,Knowledge Representation,2020,5,False
France,Knowledge Representation,2021,4,False
Uruguay,Knowledge Representation,2020,0,False
Sweden,Knowledge Representation,2021,0,False
India,Knowledge Representation,2018,32,True
Denmark,Knowledge Representation,2024,0,False
China,Knowledge Representation,2017,204,True
Ukraine,Knowledge Representation,2018,1,True
United States,Knowledge Representation,2019,1184,True
Paraguay,Knowledge Representation,2021,0,False
San Marino,Knowledge Representation,2017,0,True
San Marino,Knowledge Representation,2020,0,False
Finland,Knowledge Representation,2024,0,False
South Africa,Knowledge Representation,2025,0,False
Norway,Natural Language Processing,2021,0,False
Saudi Arabia,Natural Language Processing,2023,0,False
South Africa,Natural Language Processing,2021,0,False
France,Natural Language Processing,2018,4,True
Austria,Natural Language Processing,2016,0,True
United States,Natural Language Processing,2022,830,False
Austria,Life Sciences,2016,2,True
Denmark,Life Sciences,2017,11,True
Colombia,Life Sciences,2019,1,True
Bulgaria,Life Sciences,2019,0,True
Japan,Life Sciences,2023,95,False
Canada,Life Sciences,2020,193,False
South Africa,Life Sciences,2017,1,True
Sweden,Life Sciences,2024,1,False
Norway,Logic-Based Knowledge Systems,2018,1,True
Peru,Logic-Based Knowledge Systems,2017,0,True
Taiwan,Logic-Based Knowledge Systems,2023,19,False
Czechia,Logic-Based Knowledge Systems,2022,1,False
Israel,Logic-Based Knowledge Systems,2019,1,True
Greece,Logic-Based Knowledge Systems,2021,0,False
Luxembourg,Logic-Based Knowledge Systems,2019,2,True
South Korea,Logic-Based Knowledge Systems,2021,487,False
Malaysia,Markov and Bayesian Models,2022,0,False
Germany,Markov and Bayesian Models,2022,33,False
Greece,Markov and Bayesian Models,2018,0,True
Sweden,Markov and Bayesian Models,2017,1,True
Peru,Markov and Bayesian Models,2020,0,False
Japan,Markov and Bayesian Models,2020,296,False
China,Measuring and Testing,2018,1500,True
China,Measuring and Testing,2021,3970,False
Morocco,Measuring and Testing,2020,0,False
Sweden,Measuring and Testing,2024,3,False
South Korea,Measuring and Testing,2023,788,False
Croatia,Measuring and Testing,2024,0,False
Brazil,Measuring and Testing,2019,52,True
Luxembourg,Measuring and Testing,2022,18,False
Japan,Measuring and Testing,2021,555,False
Australia,Measuring and Testing,2023,10,False
Poland,Measuring and Testing,2023,2,False
South Africa,Measuring and Testing,2025,0,False
United States,Measuring and Testing,2019,1705,True
Sweden,Neural Networks,2024,8,False
Bulgaria,Neural Networks,2021,0,False
Hungary,Neural Networks,2023,1,False
Argentina,Neural Networks,2017,1,True
Germany,Neural Networks,2021,352,False
Netherlands,Neural Networks,2020,13,False
Brazil,Neural Networks,2022,5,False
Malaysia,Neural Networks,2016,5,True
Portugal,Neural Networks,2021,3,False
Czechia,Neural Networks,2022,2,False
Australia,Neural Networks,2024,9,False
Belgium,Neural Networks,2022,1,False
Finland,Neural Networks,2022,11,False
Paraguay,Neural Networks,2021,1,False
Germany,Ontology Engineering,2018,12,True
Italy,Ontology Engineering,2016,0,True
Hungary,Ontology Engineering,2017,0,True
Taiwan,Ontology Engineering,2017,5,True
Argentina,Ontology Engineering,2018,0,True
Netherlands,Ontology Engineering,2022,5,False
United States,Ontology Engineering,2024,72,False
Poland,Ontology Engineering,2016,0,True
South Africa,Ontology Engineering,2022,1,False
Russia,Ontology Engineering,2020,3,False
France,Ontology Engineering,2017,1,True
Sweden,Ontology Engineering,2023,0,False
Netherlands,Other and Unspecified,2023,9,False
Tunisia,Other and Unspecified,2021,1,False
Ukraine,Other and Unspecified,2016,0,True
Latvia,Other and Unspecified,2020,0,False
Argentina,Other and Unspecified,2019,3,True
United Kingdom,Other and Unspecified,2018,115,True
Slovakia,Other and Unspecified,2024,1,False
South Korea,Other and Unspecified,2019,2019,True
Mexico,Personal Devices and Computing,2016,19,True
Singapore,Personal Devices and Computing,2020,22,False
Finland,Personal Devices and Computing,2019,13,True
Spain,Personal Devices and Computing,2019,64,True
Austria,Personal Devices and Computing,2020,6,False
Russia,Personal Devices and Computing,2020,93,False
United States,Personal Devices and Computing,2022,3525,False
Norway,Physical Sciences and Engineering,2016,2,True
Bulgaria,Physical Sciences and Engineering,2025,7,False
France,Physical Sciences and Engineering,2023,118,False
Sweden,Physical Sciences and Engineering,2020,22,False
Philippines,Physical Sciences and Engineering,2020,20,False
India,Physical Sciences and Engineering,2016,113,True
New Zealand,Physical Sciences and Engineering,2020,7,False
New Zealand,Physical Sciences and Engineering,2021,5,False
Spain,Physical Sciences and Engineering,2022,71,False
Portugal,Physical Sciences and Engineering,2017,8,True
Russia,Physical Sciences and Engineering,2016,128,True
Russia,Physical Sciences and Engineering,2018,200,True
Italy,Physical Sciences and Engineering,2023,11,False
Luxembourg,Physical Sciences and Engineering,2019,10,True
South Africa,Physical Sciences and Engineering,2017,3,True
Czechia,Planning and Scheduling,2020,1,False
Czechia,Planning and Scheduling,2022,0,False
Argentina,Planning and Scheduling,2023,0,False
Ukraine,Planning and Scheduling,2025,0,False
Brazil,Planning and Scheduling,2017,5,True
Hungary,Planning and Scheduling,2021,0,False
United Kingdom,Planning and Scheduling,2021,13,False
Romania,Planning and Scheduling,2021,0,False
Portugal,Robotics,2020,0,False
Spain,Robotics,2023,1,False
India,Robotics,2016,9,True
India,Robotics,2017,8,True
Czechia,Robotics,2020,0,False
Finland,Robotics,2017,1,True
Brazil,Robotics,2016,5,True
Sweden,Robotics,2022,4,False
Netherlands,Robotics,2016,0,True
Greece,Robotics,2025,0,False
United States,Robotics,2017,424,True
United States,Robotics,2019,718,True
United States,Robotics,2025,9,False
Canada,Search Methods,2020,43,False
Malaysia,Search Methods,2017,1,True
Peru,Search Methods,2022,0,False
South Africa,Search Methods,2024,0,False
Italy,Search Methods,2017,2,True
Romania,Search Methods,2017,1,True
Romania,Search Methods,2018,0,True
Netherlands,Search Methods,2022,1,False
United Kingdom,Security,2016,22,True
United Kingdom,Security,2025,0,False
Slovenia,Security,2016,0,True
Denmark,Security,2016,1,True
Colombia,Security,2022,0,False
China,Security,2023,2088,False
Israel,Security,2019,3,True
Israel,Security,2024,0,False
Belgium,Security,2021,1,False
Norway,Security,2017,0,True
Norway,Security,2024,0,False
Luxembourg,Spatial and Physical Reasoning,2023,18,False
Denmark,Spatial and Physical Reasoning,2021,2,False
Canada,Spatial and Physical Reasoning,2022,77,False
Australia,Spatial and Physical Reasoning,2023,33,False
Austria,Spatial and Physical Reasoning,2019,0,True
Belgium,Spatial and Physical Reasoning,2017,2,True
Taiwan,Spatial and Physical Reasoning,2025,8,False
Italy,Speech Processing,2019,2,True
Belgium,Speech Processing,2016,0,True
Germany,Speech Processing,2017,15,True
Germany,Speech Processing,2021,13,False
Ukraine,Speech Processing,2019,0,True
South Korea,Speech Processing,2019,568,True
South Korea,Speech Processing,2021,394,False
Denmark,Speech Processing,2020,4,False
Taiwan,Speech Processing,2025,3,False
Canada,Speech Processing,2022,12,False
South Africa,Speech Processing,2016,0,True
Jordan,Telecommunications,2021,0,False
Finland,Telecommunications,2019,8,True
South Africa,Telecommunications,2017,0,True
Singapore,Telecommunications,2016,18,True
Denmark,Telecommunications,2021,4,False
Uruguay,Telecommunications,2017,0,True
Argentina,Telecommunications,2021,1,False
United Kingdom,Transportation,2023,8,False
New Zealand,Transportation,2016,1,True
South Africa,Transportation,2022,0,False
Spain,Transportation,2021,9,False
France,Transportation,2017,20,True
Finland,Transportation,2022,0,False
Greece,Agriculture,2025,0,False
South Africa,Agriculture,2016,1,True
South Africa,Agriculture,2018,0,True
United Kingdom,Agriculture,2016,2,True
Italy,Agriculture,2021,2,False
Canada,Agriculture,2024,1,False
Czechia,Agriculture,2018,0,True
Czechia,Agriculture,2023,0,False
Ireland,Agriculture,2016,0,True
Morocco,Agriculture,2019,0,True
United States,All,2023,4385,False
Morocco,All,2016,1,True
Morocco,All,2020,2,False
Greece,All,2024,11,False
Spain,All,2019,145,True
United Kingdom,All,2024,25,False
Malaysia,All,2020,27,False
Israel,All,2018,11,True
Israel,All,2024,2,False
Japan,All,2022,2269,False
Germany,Analytics and Algorithms,2025,31,False
Malaysia,Analytics and Algorithms,2020,0,False
Peru,Analytics and Algorithms,2022,0,False
Czechia,Analytics and Algorithms,2024,0,False
Hungary,Analytics and Algorithms,2019,0,True
Austria,Analytics and Algorithms,2024,0,False
United Kingdom,Analytics and Algorithms,2023,19,False
Singapore,Analytics and Algorithms,2018,25,True
Mexico,Analytics and Algorithms,2020,12,False
Taiwan,Analytics and Algorithms,2017,11,True
Ireland,Banking and Finance,2022,0,False
Serbia,Banking and Finance,2019,0,True
Netherlands,Banking and Finance,2023,0,False
Norway,Banking and Finance,2021,0,False
Costa Rica,Banking and Finance,2023,0,False
Saudi Arabia,Banking and Finance,2021,0,False
Finland,Banking and Finance,2022,0,False
United Kingdom,Banking and Finance,2016,8,True
Taiwan,Bio-Inspired Computing,2016,8,True
Belgium,Bio-Inspired Computing,2017,0,True
Belgium,Bio-Inspired Computing,2020,1,False
South Korea,Bio-Inspired Computing,2018,145,True
Norway,Bio-Inspired Computing,2021,0,False
Mexico,Bio-Inspired Computing,2021,3,False
Japan,Bio-Inspired Computing,2019,184,True
Japan,Bio-Inspired Computing,2021,71,False
Japan,Bio-Inspired Computing,2022,55,False
Serbia,Bio-Inspired Computing,2018,0,True
Norway,Business,2020,0,False
Norway,Business,2024,0,False
Czechia,Business,2017,0,True
Luxembourg,Business,2022,13,False
United Kingdom,Business,2024,1,False
Morocco,Business,2016,0,True
Germany,Business,2016,22,True
Canada,Business,2016,71,True
Austria,Business,2016,0,True
United Kingdom,Computer Vision,2021,113,False
Peru,Computer Vision,2017,1,True
Singapore,Computer Vision,2020,14,False
Brazil,Computer Vision,2022,2,False
Saudi Arabia,Computer Vision,2021,0,False
Switzerland,Computer Vision,2019,1,True
Sweden,Computer Vision,2023,7,False
Serbia,Computer Vision,2021,1,False
Argentina,Computer Vision,2018,4,True
Greece,Computing in Government,2020,0,False
Romania,Computing in Government,2023,0,False
United Kingdom,Computing in Government,2018,1,True
France,Computing in Government,2016,0,True
Portugal,Computing in Government,2024,0,False
Slovenia,Computing in Government,2018,0,True
Slovenia,Computing in Government,2019,0,True
Slovakia,Control Methods,2021,0,False
Norway,Control Methods,2025,0,False
Malaysia,Control Methods,2022,2,False
China,Control Methods,2022,2397,False
Portugal,Control Methods,2020,0,False
Finland,Control Methods,2021,8,False
Mexico,Distributed AI,2016,0,True
Slovakia,Distributed AI,2021,0,False
Luxembourg,Distributed AI,2018,0,True
Malaysia,Distributed AI,2018,0,True
Croatia,Distributed AI,2018,0,True
United States,Distributed AI,2023,32,False
South Korea,Distributed AI,2023,29,False
China,Education,2023,383,False
Portugal,Education,2021,0,False
Canada,Education,2019,10,True
Austria,Education,2016,0,True
Belgium,Education,2025,1,False
South Korea,Education,2025,17,False
Lithuania,Education,2017,0,True
Finland,Education,2018,1,True
Poland,Education,2023,0,False
South Africa,Education,2021,0,False
Russia,Energy Management,2018,2,True
Russia,Energy Management,2021,1,False
Denmark,Energy Management,2019,2,True
Denmark,Energy Management,2024,0,False
Singapore,Energy Management,2017,0,True
Netherlands,Energy Management,2018,0,True
Portugal,Energy Management,2024,0,False
Morocco,Energy Management,2017,0,True
Israel,Energy Management,2024,0,False
Germany,Energy Management,2018,23,True
India,Energy Management,2018,2,True
Malaysia,Energy Management,2020,1,False
Norway,Energy Management,2024,0,False
Canada,Energy Management,2016,12,True
Iran,Fuzzy Logic,2018,0,True
Norway,Fuzzy Logic,2017,0,True
Ukraine,Fuzzy Logic,2021,0,False
Italy,Fuzzy Logic,2017,1,True
United Kingdom,Fuzzy Logic,2017,11,True
Saudi Arabia,Fuzzy Logic,2021,0,False
Germany,Fuzzy Logic,2020,1,False
Germany,Fuzzy Logic,2023,1,False
Canada,Industry and Manufacturing,2018,43,True
Poland,Industry and Manufacturing,2018,4,True
San Marino,Industry and Manufacturing,2017,0,True
Turkey,Industry and Manufacturing,2023,0,False
Malaysia,Industry and Manufacturing,2019,1,True
Italy,Industry and Manufacturing,2018,3,True
Germany,Industry and Manufacturing,2016,23,True
Germany,Industry and Manufacturing,2022,52,False
United States,Industry and Manufacturing,2016,253,True
France,Knowledge Representation,2017,5,True
Russia,Knowledge Representation,2017,7,True
Mexico,Knowledge Representation,2017,0,True
Belgium,Knowledge Representation,2025,0,False
Serbia,Knowledge Representation,2019,0,True
Singapore,Knowledge Representation,2018,15,True
Finland,Knowledge Representation,2023,0,False
Italy,Natural Language Processing,2017,1,True
Peru,Natural Language Processing,2016,0,True
Brazil,Natural Language Processing,2019,5,True
Croatia,Natural Language Processing,2024,0,False
Latvia,Natural Language Processing,2020,0,False
Mexico,Natural Language Processing,2018,1,True
Spain,Natural Language Processing,2025,0,False
South Africa,Natural Language Processing,2019,0,True
South Africa,Natural Language Processing,2025,0,False
Morocco,Natural Language Processing,2021,0,False
Greece,Natural Language Processing,2024,0,False
Hungary,Natural Language Processing,2020,0,False
Sweden,Natural Language Processing,2023,1,False
Finland,Life Sciences,2023,0,False
Luxembourg,Life Sciences,2016,0,True
Netherlands,Life Sciences,2019,8,True
Germany,Life Sciences,2016,30,True
Spain,Life Sciences,2017,36,True
France,Life Sciences,2018,24,True
Portugal,Life Sciences,2021,0,False
Portugal,Logic-Based Knowledge Systems,2016,0,True
Japan,Logic-Based Knowledge Systems,2019,394,True
Norway,Logic-Based Knowledge Systems,2020,0,False
Ukraine,Logic-Based Knowledge Systems,2025,0,False
Germany,Logic-Based Knowledge Systems,2017,28,True
France,Logic-Based Knowledge Systems,2022,9,False
Netherlands,Logic-Based Knowledge Systems,2017,1,True
Luxembourg,Logic-Based Knowledge Systems,2024,11,False
Switzerland,Logic-Based Knowledge Systems,2019,0,True
United States,Markov and Bayesian Models,2018,1857,True
United States,Markov and Bayesian Models,2021,1086,False
New Zealand,Markov and Bayesian Models,2020,1,False
Italy,Markov and Bayesian Models,2016,0,True
Denmark,Markov and Bayesian Models,2021,2,False
Taiwan,Markov and Bayesian Models,2021,33,False
Taiwan,Markov and Bayesian Models,2025,2,False
Finland,Markov and Bayesian Models,2021,2,False
Argentina,Markov and Bayesian Models,2017,1,True
Luxembourg,Markov and Bayesian Models,2022,12,False
Morocco,Measuring and Testing,2022,1,False
New Zealand,Measuring and Testing,2019,4,True
Czechia,Measuring and Testing,2020,1,False
Switzerland,Measuring and Testing,2021,0,False
Argentina,Measuring and Testing,2018,3,True
Luxembourg,Measuring and Testing,2017,0,True
United States,Measuring and Testing,2017,1167,True
United States,Measuring and Testing,2022,820,False
Germany,Neural Networks,2022,314,False
Mexico,Neural Networks,2020,54,False
New Zealand,Neural Networks,2018,9,True
Romania,Neural Networks,2021,2,False
Philippines,Ontology Engineering,2021,1,False
Peru,Ontology Engineering,2023,0,False
United Kingdom,Ontology Engineering,2024,3,False
Costa Rica,Ontology Engineering,2023,0,False
Slovenia,Ontology Engineering,2019,0,True
Japan,Ontology Engineering,2025,0,False
Netherlands,Ontology Engineering,2017,0,True
Saudi Arabia,Ontology Engineering,2022,0,False
France,Ontology Engineering,2018,2,True
Costa Rica,Other and Unspecified,2023,0,False
Ukraine,Other and Unspecified,2017,1,True
Taiwan,Other and Unspecified,2019,158,True
Singapore,Other and Unspecified,2021,1,False
Philippines,Other and Unspecified,2021,1,False
Morocco,Other and Unspecified,2022,1,False
Taiwan,Personal Devices and Computing,2021,273,False
Japan,Personal Devices and Computing,2016,751,True
Malaysia,Personal Devices and Computing,2020,12,False
Switzerland,Personal Devices and Computing,2016,2,True
Argentina,Personal Devices and Computing,2018,4,True
Spain,Personal Devices and Computing,2018,70,True
Ireland,Personal Devices and Computing,2023,1,False
Greece,Personal Devices and Computing,2020,2,False
Austria,Personal Devices and Computing,2019,0,True
Luxembourg,Personal Devices and Computing,2017,3,True
Philippines,Personal Devices and Computing,2023,1,False
Israel,Personal Devices and Computing,2017,11,True
South Korea,Personal Devices and Computing,2024,859,False
Czechia,Physical Sciences and Engineering,2020,2,False
Canada,Physical Sciences and Engineering,2020,606,False
Slovenia,Physical Sciences and Engineering,2019,1,True
Estonia,Physical Sciences and Engineering,2022,1,False
Lithuania,Physical Sciences and Engineering,2017,4,True
Israel,Physical Sciences and Engineering,2022,8,False
France,Planning and Scheduling,2022,7,False
Malaysia,Planning and Scheduling,2016,3,True
Austria,Planning and Scheduling,2023,1,False
Philippines,Planning and Scheduling,2016,0,True
Serbia,Planning and Scheduling,2018,0,True
Spain,Planning and Scheduling,2016,6,True
Denmark,Planning and Scheduling,2018,2,True
United Kingdom,Planning and Scheduling,2017,17,True
Saudi Arabia,Planning and Scheduling,2019,0,True
Bulgaria,Planning and Scheduling,2022,0,False
United States,Planning and Scheduling,2017,989,True
Norway,Planning and Scheduling,2024,0,False
China,Robotics,2020,1499,False
Indonesia,Robotics,2016,0,True
Philippines,Robotics,2021,0,False
Ireland,Robotics,2023,0,False
Italy,Robotics,2019,2,True
Lithuania,Robotics,2020,0,False
Belgium,Robotics,2021,0,False
Australia,Robotics,2020,43,False
Israel,Robotics,2019,1,True
Finland,Robotics,2024,0,False
Japan,Search Methods,2024,1,False
Mexico,Search Methods,2020,3,False
Norway,Search Methods,2021,0,False
Indonesia,Search Methods,2016,0,True
Serbia,Search Methods,2023,0,False
Germany,Search Methods,2024,8,False
Portugal,Search Methods,2016,0,True
Ukraine,Security,2018,0,True
Ukraine,Security,2024,0,False
Ireland,Security,2018,1,True
Finland,Security,2018,4,True
Taiwan,Security,2018,23,True
South Korea,Security,2022,606,False
Bulgaria,Security,2024,0,False
Israel,Security,2018,2,True
Italy,Security,2017,0,True
Morocco,Security,2019,2,True
Morocco,Security,2024,1,False
South Korea,Spatial and Physical Reasoning,2021,1688,False
Japan,Spatial and Physical Reasoning,2016,473,True
Spain,Spatial and Physical Reasoning,2017,36,True
China,Spatial and Physical Reasoning,2017,3109,True
Greece,Spatial and Physical Reasoning,2022,6,False
Poland,Spatial and Physical Reasoning,2018,11,True
Poland,Spatial and Physical Reasoning,2022,7,False
Austria,Spatial and Physical Reasoning,2018,3,True
Taiwan,Spatial and Physical Reasoning,2024,105,False
Romania,Spatial and Physical Reasoning,2017,0,True
India,Speech Processing,2017,5,True
Luxembourg,Speech Processing,2022,0,False
Japan,Speech Processing,2019,273,True
Sweden,Speech Processing,2017,0,True
Sweden,Speech Processing,2022,1,False
Norway,Speech Processing,2017,0,True
Germany,Speech Processing,2022,11,False
Ireland,Speech Processing,2023,0,False
South Korea,Speech Processing,2018,374,True
Denmark,Speech Processing,2019,8,True
Switzerland,Speech Processing,2016,0,True
Switzerland,Speech Processing,2024,0,False
Luxembourg,Telecommunications,2024,20,False
Turkey,Telecommunications,2023,0,False
Russia,Telecommunications,2016,33,True
Saudi Arabia,Telecommunications,2019,0,True
Poland,Telecommunications,2017,5,True
United Kingdom,Telecommunications,2024,5,False
Kenya,Telecommunications,2016,0,True
Hungary,Telecommunications,2016,2,True
Morocco,Transportation,2020,1,False
Sweden,Transportation,2019,2,True
Brazil,Transportation,2019,19,True
Netherlands,Transportation,2025,1,False
Switzerland,Transportation,2022,1,False
Greece,Transportation,2021,0,False
South Africa,Transportation,2017,0,True
South Africa,Transportation,2020,0,False
South Korea,Transportation,2019,624,True
Peru,Transportation,2018,0,True
Mexico,Agriculture,2021,6,False
Austria,Agriculture,2016,0,True
Greece,Agriculture,2020,1,False
Brazil,Agriculture,2017,11,True
Lithuania,Agriculture,2016,0,True
Canada,Agriculture,2019,25,True
Israel,Agriculture,2023,0,False
Hungary,Agriculture,2023,0,False
France,Agriculture,2024,0,False
Japan,Agriculture,2020,35,False
Switzerland,Agriculture,2016,0,True
Finland,Agriculture,2018,2,True
Czechia,All,2020,2,False
Austria,All,2022,5,False
Uruguay,All,2017,1,True
Ireland,All,2016,2,True
Singapore,All,2020,31,False
Jordan,All,2021,2,False
France,All,2018,160,True
Australia,All,2019,491,True
Sweden,Analytics and Algorithms,2019,3,True
Sweden,Analytics and Algorithms,2022,4,False
Bulgaria,Analytics and Algorithms,2017,0,True
South Korea,Analytics and Algorithms,2019,386,True
Spain,Analytics and Algorithms,2023,5,False
Morocco,Analytics and Algorithms,2021,0,False
Philippines,Analytics and Algorithms,2021,0,False
Luxembourg,Analytics and Algorithms,2017,1,True
Saudi Arabia,Analytics and Algorithms,2021,0,False
Norway,Analytics and Algorithms,2022,1,False
Greece,Banking and Finance,2021,0,False
Ukraine,Banking and Finance,2022,0,False
South Africa,Banking and Finance,2020,0,False
United States,Banking and Finance,2024,79,False
Netherlands,Banking and Finance,2018,1,True
Portugal,Banking and Finance,2018,1,True
Norway,Banking and Finance,2018,1,True
South Korea,Banking and Finance,2018,105,True
Brazil,Banking and Finance,2018,10,True
Argentina,Bio-Inspired Computing,2021,0,False
United States,Bio-Inspired Computing,2023,116,False
Brazil,Bio-Inspired Computing,2018,11,True
China,Bio-Inspired Computing,2026,129,False
Sweden,Bio-Inspired Computing,2022,0,False
Canada,Bio-Inspired Computing,2016,16,True
Japan,Bio-Inspired Computing,2016,78,True
Greece,Bio-Inspired Computing,2022,1,False
Israel,Bio-Inspired Computing,2016,0,True
Spain,Bio-Inspired Computing,2024,0,False
Malaysia,Business,2017,7,True
Spain,Business,2017,10,True
Serbia,Business,2020,0,False
United Kingdom,Business,2020,19,False
United Kingdom,Computer Vision,2023,50,False
Peru,Computer Vision,2020,3,False
Mexico,Computer Vision,2019,31,True
Colombia,Computer Vision,2019,0,True
Indonesia,Computer Vision,2016,0,True
Romania,Computer Vision,2018,0,True
Denmark,Computer Vision,2023,0,False
Canada,Computer Vision,2020,221,False
Morocco,Computer Vision,2019,3,True
Lithuania,Computer Vision,2020,1,False
Poland,Computing in Government,2017,0,True
Morocco,Computing in Government,2019,0,True
Morocco,Computing in Government,2024,0,False
Norway,Computing in Government,2019,0,True
Saudi Arabia,Computing in Government,2022,0,False
South Africa,Computing in Government,2023,0,False
South Korea,Computing in Government,2017,23,True
Austria,Computing in Government,2019,0,True
South Africa,Control Methods,2018,0,True
Serbia,Control Methods,2017,1,True
South Korea,Control Methods,2024,146,False
India,Control Methods,2019,0,True
Brazil,Control Methods,2017,25,True
Netherlands,Control Methods,2021,6,False
Lithuania,Control Methods,2020,1,False
Belgium,Control Methods,2022,1,False
Italy,Control Methods,2020,7,False
Italy,Control Methods,2022,6,False
Portugal,Control Methods,2018,3,True
Netherlands,Distributed AI,2019,0,True
Canada,Distributed AI,2023,0,False
Croatia,Distributed AI,2024,0,False
United States,Distributed AI,2025,2,False
South Korea,Distributed AI,2017,19,True
Netherlands,Education,2017,1,True
Netherlands,Education,2024,1,False
Latvia,Education,2020,0,False
Spain,Education,2017,2,True
France,Education,2023,1,False
Israel,Education,2016,0,True
Sweden,Education,2023,0,False
South Korea,Education,2017,33,True
India,Education,2018,1,True
Bulgaria,Energy Management,2017,0,True
Bulgaria,Energy Management,2018,1,True
Czechia,Energy Management,2020,1,False
Morocco,Energy Management,2021,1,False
Luxembourg,Energy Management,2018,0,True
China,Energy Management,2019,1598,True
Slovenia,Energy Management,2016,0,True
Finland,Fuzzy Logic,2017,0,True
Romania,Fuzzy Logic,2022,0,False
Netherlands,Fuzzy Logic,2025,0,False
France,Fuzzy Logic,2022,1,False
Greece,Fuzzy Logic,2024,0,False
Denmark,Fuzzy Logic,2018,0,True
Malaysia,Fuzzy Logic,2019,2,True
Mexico,Fuzzy Logic,2016,0,True
Singapore,Fuzzy Logic,2021,0,False
Bulgaria,Fuzzy Logic,2025,0,False
South Africa,Fuzzy Logic,2020,0,False
South Africa,Fuzzy Logic,2025,0,False
Lithuania,Industry and Manufacturing,2019,0,True
Romania,Industry and Manufacturing,2024,0,False
Colombia,Industry and Manufacturing,2024,0,False
Malaysia,Industry and Manufacturing,2021,1,False
Bulgaria,Industry and Manufacturing,2021,0,False
Spain,Industry and Manufacturing,2017,9,True
South Korea,Industry and Manufacturing,2024,183,False
South Korea,Industry and Manufacturing,2025,27,False
Greece,Industry and Manufacturing,2024,3,False
Singapore,Industry and Manufacturing,2019,4,True
Greece,Knowledge Representation,2024,1,False
Ukraine,Knowledge Representation,2019,0,True
Portugal,Knowledge Representation,2017,1,True
Norway,Knowledge Representation,2024,0,False
Brazil,Knowledge Representation,2017,3,True
Argentina,Knowledge Representation,2023,0,False
Morocco,Knowledge Representation,2017,0,True
Peru,Knowledge Representation,2019,0,True
Slovakia,Natural Language Processing,2021,0,False
Sweden,Natural Language Processing,2017,0,True
United Kingdom,Natural Language Processing,2021,15,False
Serbia,Natural Language Processing,2018,0,True
Brazil,Life Sciences,2017,27,True
Malaysia,Life Sciences,2016,1,True
Serbia,Life Sciences,2017,0,True
Ireland,Life Sciences,2023,0,False
Cuba,Life Sciences,2020,0,False
Australia,Life Sciences,2017,86,True
Austria,Logic-Based Knowledge Systems,2017,0,True
Japan,Logic-Based Knowledge Systems,2025,0,False
Denmark,Logic-Based Knowledge Systems,2021,1,False
Italy,Logic-Based Knowledge Systems,2018,1,True
Mexico,Logic-Based Knowledge Systems,2017,7,True
Spain,Logic-Based Knowledge Systems,2022,5,False
Sweden,Logic-Based Knowledge Systems,2024,0,False
Chile,Logic-Based Knowledge Systems,2018,1,True
Malaysia,Logic-Based Knowledge Systems,2019,3,True
United States,Markov and Bayesian Models,2019,1970,True
Austria,Markov and Bayesian Models,2018,1,True
Ukraine,Markov and Bayesian Models,2021,0,False
Ukraine,Markov and Bayesian Models,2024,0,False
Sweden,Markov and Bayesian Models,2019,1,True
Romania,Markov and Bayesian Models,2019,0,True
Canada,Markov and Bayesian Models,2024,1,False
Norway,Markov and Bayesian Models,2022,0,False
Switzerland,Markov and Bayesian Models,2020,0,False
Slovenia,Markov and Bayesian Models,2016,0,True
Israel,Markov and Bayesian Models,2022,0,False
Philippines,Markov and Bayesian Models,2022,0,False
China,Measuring and Testing,2017,880,True
Israel,Measuring and Testing,2020,1,False
Sweden,Measuring and Testing,2019,3,True
South Korea,Measuring and Testing,2020,927,False
Denmark,Measuring and Testing,2023,1,False
Croatia,Measuring and Testing,2020,0,False
Brazil,Measuring and Testing,2021,16,False
Spain,Measuring and Testing,2025,0,False
Luxembourg,Measuring and Testing,2025,21,False
Japan,Neural Networks,2025,3,False
Costa Rica,Neural Networks,2020,2,False
Slovakia,Neural Networks,2023,3,False
Germany,Neural Networks,2024,146,False
Netherlands,Neural Networks,2016,3,True
Serbia,Neural Networks,2021,1,False
Italy,Neural Networks,2021,19,False
Norway,Neural Networks,2022,2,False
United States,Neural Networks,2025,113,False
Philippines,Neural Networks,2016,1,True
Turkey,Ontology Engineering,2016,0,True
Peru,Ontology Engineering,2016,0,True
Brazil,Ontology Engineering,2017,1,True
Bulgaria,Ontology Engineering,2018,0,True
Bulgaria,Ontology Engineering,2019,0,True
Bulgaria,Ontology Engineering,2024,0,False
Japan,Ontology Engineering,2023,7,False
Argentina,Ontology Engineering,2023,0,False
Australia,Ontology Engineering,2018,8,True
Serbia,Other and Unspecified,2019,2,True
Germany,Other and Unspecified,2018,168,True
Portugal,Other and Unspecified,2020,1,False
Slovakia,Other and Unspecified,2021,0,False
Spain,Personal Devices and Computing,2023,7,False
Germany,Personal Devices and Computing,2018,262,True
United States,Personal Devices and Computing,2025,101,False
Ukraine,Personal Devices and Computing,2021,0,False
Norway,Personal Devices and Computing,2024,2,False
United Kingdom,Personal Devices and Computing,2017,136,True
Brazil,Physical Sciences and Engineering,2020,115,False
Japan,Physical Sciences and Engineering,2021,3357,False
France,Physical Sciences and Engineering,2016,62,True
France,Physical Sciences and Engineering,2017,97,True
Sweden,Physical Sciences and Engineering,2023,21,False
Croatia,Physical Sciences and Engineering,2024,1,False
Portugal,Physical Sciences and Engineering,2020,9,False
Uruguay,Physical Sciences and Engineering,2017,1,True
Czechia,Physical Sciences and Engineering,2021,2,False
Peru,Physical Sciences and Engineering,2021,2,False
Malaysia,Physical Sciences and Engineering,2016,14,True
Malaysia,Physical Sciences and Engineering,2019,26,True
Malaysia,Physical Sciences and Engineering,2022,6,False
Switzerland,Physical Sciences and Engineering,2020,2,False
China,Planning and Scheduling,2021,5136,False
Lithuania,Planning and Scheduling,2020,0,False
Greece,Planning and Scheduling,2017,1,True
Belgium,Planning and Scheduling,2018,1,True
Portugal,Planning and Scheduling,2018,1,True
Norway,Planning and Scheduling,2020,0,False
India,Planning and Scheduling,2020,0,False
Philippines,Robotics,2017,0,True
Czechia,Robotics,2024,1,False
Denmark,Robotics,2016,4,True
Peru,Robotics,2018,0,True
Argentina,Robotics,2017,0,True
Canada,Search Methods,2019,60,True
United States,Search Methods,2021,710,False
United Kingdom,Search Methods,2024,2,False
Poland,Search Methods,2021,0,False
Czechia,Search Methods,2018,0,True
Portugal,Search Methods,2018,0,True
Hungary,Search Methods,2020,1,False
France,Search Methods,2024,1,False
France,Security,2023,12,False
Sweden,Spatial and Physical Reasoning,2018,13,True
Russia,Spatial and Physical Reasoning,2020,42,False
Costa Rica,Spatial and Physical Reasoning,2023,1,False
Denmark,Spatial and Physical Reasoning,2019,9,True
Denmark,Spatial and Physical Reasoning,2020,4,False
Spain,Spatial and Physical Reasoning,2023,8,False
Slovenia,Spatial and Physical Reasoning,2018,2,True
Germany,Spatial and Physical Reasoning,2019,275,True
New Zealand,Spatial and Physical Reasoning,2022,1,False
Serbia,Speech Processing,2018,0,True
Italy,Speech Processing,2020,1,False
Netherlands,Speech Processing,2022,1,False
United States,Speech Processing,2020,1066,False
Peru,Speech Processing,2023,0,False
Chile,Speech Processing,2018,0,True
Croatia,Speech Processing,2020,1,False
Estonia,Speech Processing,2022,0,False
Romania,Speech Processing,2016,0,True
Romania,Speech Processing,2021,0,False
Belgium,Telecommunications,2021,2,False
South Africa,Telecommunications,2023,0,False
Romania,Telecommunications,2019,1,True
Denmark,Telecommunications,2023,1,False
Israel,Telecommunications,2024,0,False
Ukraine,Telecommunications,2017,0,True
Brazil,Telecommunications,2022,1,False
Italy,Telecommunications,2022,2,False
Turkey,Transportation,2018,0,True
San Marino,Transportation,2017,0,True
Malaysia,Transportation,2016,2,True
Bulgaria,Transportation,2022,0,False
South Korea,Transportation,2018,366,True
South Korea,Transportation,2024,163,False
Argentina,Transportation,2017,0,True
Australia,Transportation,2022,12,False
Taiwan,Transportation,2020,23,False
Israel,Transportation,2017,5,True
