country,field,year,num_patent_applications,complete
South Korea,Agriculture,2021,221,True
San Marino,Agriculture,2023,0,False
Taiwan,Agriculture,2018,4,True
Greece,Agriculture,2022,2,False
France,Agriculture,2019,1,True
Panama,Agriculture,2016,0,True
Portugal,Agriculture,2017,0,True
Austria,Agriculture,2017,0,True
Croatia,All,2021,1,True
Austria,All,2019,7,True
Brazil,All,2022,23,False
Canada,All,2018,708,True
United Kingdom,All,2024,598,False
China,All,2022,107425,False
Bulgaria,All,2022,3,False
United States,All,2025,242,False
India,All,2020,12,True
India,All,2021,6,True
Saudi Arabia,All,2018,2,True
Finland,All,2021,46,True
United States,Analytics and Algorithms,2020,1808,True
Singapore,Analytics and Algorithms,2016,3,True
Canada,Analytics and Algorithms,2021,163,True
Taiwan,Analytics and Algorithms,2019,55,True
Germany,Analytics and Algorithms,2021,158,True
Greece,Analytics and Algorithms,2024,1,False
China,Analytics and Algorithms,2023,12502,False
Spain,Analytics and Algorithms,2016,12,True
Argentina,Analytics and Algorithms,2022,1,False
Austria,Banking and Finance,2020,3,True
Norway,Banking and Finance,2019,1,True
Germany,Banking and Finance,2020,58,True
Lithuania,Banking and Finance,2017,1,True
Turkey,Bio-Inspired Computing,2018,1,True
Switzerland,Bio-Inspired Computing,2019,0,True
Greece,Bio-Inspired Computing,2017,4,True
Colombia,Bio-Inspired Computing,2019,0,True
Sweden,Bio-Inspired Computing,2016,0,True
Brazil,Bio-Inspired Computing,2022,2,False
Philippines,Bio-Inspired Computing,2022,1,False
Canada,Bio-Inspired Computing,2020,49,True
Norway,Bio-Inspired Computing,2016,0,True
Norway,Bio-Inspired Computing,2021,0,True
Russia,Bio-Inspired Computing,2017,9,True
Mexico,Bio-Inspired Computing,2023,1,False
Colombia,Business,2017,0,True
Mexico,Business,2017,11,True
Germany,Business,2016,28,True
Turkey,Business,2020,8,True
Denmark,Business,2021,2,True
South Korea,Business,2023,2881,False
Tunisia,Business,2021,0,True
Portugal,Business,2024,0,False
Greece,Business,2021,2,True
Hungary,Business,2020,3,True
Brazil,Business,2018,29,True
India,Computer Vision,2020,4,True
Iran,Computer Vision,2018,0,True
Luxembourg,Computer Vision,2023,23,False
South Africa,Computer Vision,2025,0,False
Mexico,Computer Vision,2020,53,True
Canada,Computer Vision,2018,236,True
Jordan,Computer Vision,2021,0,True
Croatia,Computer Vision,2025,1,False
South Korea,Computer Vision,2022,3788,False
Belgium,Computing in Government,2016,0,True
Norway,Computing in Government,2025,0,False
Malaysia,Computing in Government,2021,1,True
Ireland,Computing in Government,2021,0,True
Switzerland,Computing in Government,2022,1,False
India,Computing in Government,2022,0,False
Mexico,Computing in Government,2020,1,True
South Africa,Computing in Government,2021,0,True
Austria,Control Methods,2020,7,True
Finland,Control Methods,2020,8,True
United States,Control Methods,2023,726,False
Saudi Arabia,Control Methods,2018,0,True
Sweden,Control Methods,2020,12,True
Luxembourg,Control Methods,2020,2,True
Germany,Distributed AI,2021,7,True
Philippines,Distributed AI,2019,1,True
Singapore,Distributed AI,2018,3,True
United States,Distributed AI,2021,309,True
Austria,Distributed AI,2019,0,True
Croatia,Distributed AI,2017,0,True
Chile,Distributed AI,2023,0,False
Georgia,Education,2023,0,False
Sweden,Education,2022,1,False
Denmark,Education,2024,0,False
South Korea,Education,2017,59,True
Uruguay,Education,2022,0,False
China,Education,2019,751,True
Austria,Education,2020,2,True
Taiwan,Education,2022,8,False
Australia,Education,2020,20,True
Azerbaijan,Education,2018,1,True
Greece,Energy Management,2025,0,False
Brazil,Energy Management,2020,3,True
Singapore,Energy Management,2020,0,True
Saudi Arabia,Energy Management,2019,0,True
Colombia,Energy Management,2023,0,False
Spain,Energy Management,2022,7,False
Poland,Energy Management,2022,1,False
Israel,Energy Management,2020,0,True
Chile,Energy Management,2022,0,False
Luxembourg,Energy Management,2024,17,False
Denmark,Energy Management,2018,2,True
Austria,Energy Management,2024,5,False
Lithuania,Energy Management,2016,0,True
Australia,Fuzzy Logic,2020,14,True
South Africa,Fuzzy Logic,2017,1,True
Morocco,Fuzzy Logic,2024,0,False
Spain,Fuzzy Logic,2019,3,True
Netherlands,Fuzzy Logic,2021,1,True
Singapore,Fuzzy Logic,2021,0,True
India,Fuzzy Logic,2022,0,False
Tunisia,Industry and Manufacturing,2023,0,False
China,Industry and Manufacturing,2024,13409,False
Norway,Industry and Manufacturing,2016,0,True
Brazil,Industry and Manufacturing,2017,7,True
Serbia,Industry and Manufacturing,2023,2,False
Finland,Industry and Manufacturing,2020,3,True
Ireland,Industry and Manufacturing,2016,0,True
Spain,Industry and Manufacturing,2017,10,True
Spain,Industry and Manufacturing,2019,21,True
Japan,Industry and Manufacturing,2023,288,False
South Africa,Industry and Manufacturing,2018,0,True
United States,Industry and Manufacturing,2019,775,True
Taiwan,Industry and Manufacturing,2019,39,True
France,Industry and Manufacturing,2020,24,True
Australia,Industry and Manufacturing,2022,35,False
South Africa,Knowledge Representation,2025,0,False
Ukraine,Knowledge Representation,2016,0,True
Philippines,Knowledge Representation,2018,0,True
Philippines,Knowledge Representation,2019,1,True
Netherlands,Knowledge Representation,2022,2,False
Mexico,Knowledge Representation,2020,4,True
Uruguay,Knowledge Representation,2017,0,True
Switzerland,Knowledge Representation,2018,0,True
Switzerland,Knowledge Representation,2019,0,True
Portugal,Knowledge Representation,2016,1,True
Portugal,Knowledge Representation,2017,1,True
Iran,Knowledge Representation,2018,0,True
Finland,Knowledge Representation,2021,2,True
Finland,Knowledge Representation,2022,1,False
Denmark,Natural Language Processing,2021,0,True
South Africa,Natural Language Processing,2024,2,False
Saudi Arabia,Natural Language Processing,2018,0,True
Czechia,Natural Language Processing,2022,0,False
Netherlands,Natural Language Processing,2019,1,True
Germany,Natural Language Processing,2016,9,True
Brazil,Natural Language Processing,2017,2,True
South Korea,Natural Language Processing,2023,1241,False
Israel,Natural Language Processing,2018,0,True
Croatia,Natural Language Processing,2023,0,False
Poland,Life Sciences,2016,7,True
Poland,Life Sciences,2018,8,True
Finland,Life Sciences,2020,5,True
Austria,Life Sciences,2020,2,True
Spain,Life Sciences,2023,5,False
Lithuania,Life Sciences,2020,2,True
Norway,Life Sciences,2024,0,False
Sweden,Life Sciences,2025,0,False
Morocco,Life Sciences,2019,1,True
Brazil,Life Sciences,2017,28,True
Serbia,Logic-Based Knowledge Systems,2020,0,True
Bulgaria,Logic-Based Knowledge Systems,2022,1,False
United Kingdom,Logic-Based Knowledge Systems,2021,33,True
Colombia,Logic-Based Knowledge Systems,2023,0,False
Hungary,Logic-Based Knowledge Systems,2019,1,True
Ukraine,Logic-Based Knowledge Systems,2019,0,True
Ukraine,Logic-Based Knowledge Systems,2023,0,False
San Marino,Logic-Based Knowledge Systems,2020,1,True
Chile,Logic-Based Knowledge Systems,2017,0,True
Taiwan,Logic-Based Knowledge Systems,2024,26,False
Sweden,Markov and Bayesian Models,2017,1,True
Germany,Markov and Bayesian Models,2016,20,True
Norway,Markov and Bayesian Models,2016,0,True
Croatia,Markov and Bayesian Models,2022,0,False
Poland,Markov and Bayesian Models,2016,1,True
Poland,Markov and Bayesian Models,2023,1,False
India,Markov and Bayesian Models,2017,49,True
South Korea,Markov and Bayesian Models,2026,0,False
Austria,Markov and Bayesian Models,2023,1,False
Saudi Arabia,Markov and Bayesian Models,2019,0,True
Costa Rica,Markov and Bayesian Models,2023,0,False
Sweden,Measuring and Testing,2025,1,False
France,Measuring and Testing,2020,65,True
Hungary,Measuring and Testing,2016,3,True
Japan,Measuring and Testing,2017,464,True
Greece,Measuring and Testing,2018,1,True
United Kingdom,Measuring and Testing,2021,90,True
Germany,Measuring and Testing,2017,133,True
Morocco,Measuring and Testing,2024,2,False
Israel,Measuring and Testing,2019,7,True
Ireland,Measuring and Testing,2021,0,True
Czechia,Neural Networks,2023,2,False
China,Neural Networks,2016,4207,True
China,Neural Networks,2025,129486,False
Slovenia,Neural Networks,2016,0,True
Singapore,Neural Networks,2018,120,True
Taiwan,Neural Networks,2016,37,True
Poland,Neural Networks,2017,13,True
Belgium,Neural Networks,2021,8,True
Germany,Neural Networks,2020,812,True
Bulgaria,Neural Networks,2023,0,False
Turkey,Neural Networks,2018,11,True
Turkey,Neural Networks,2023,52,False
Singapore,Ontology Engineering,2019,5,True
Colombia,Ontology Engineering,2023,0,False
Bulgaria,Ontology Engineering,2023,0,False
Italy,Ontology Engineering,2023,3,False
United States,Ontology Engineering,2019,511,True
Czechia,Ontology Engineering,2025,0,False
Netherlands,Ontology Engineering,2020,2,True
Greece,Ontology Engineering,2017,1,True
Ukraine,Ontology Engineering,2019,0,True
Ukraine,Ontology Engineering,2024,0,False
Sweden,Other and Unspecified,2020,15,True
Philippines,Other and Unspecified,2022,6,False
Moldova,Other and Unspecified,2021,0,True
Portugal,Other and Unspecified,2023,3,False
Portugal,Other and Unspecified,2024,0,False
United States,Other and Unspecified,2023,3096,False
Uruguay,Other and Unspecified,2017,0,True
Peru,Other and Unspecified,2023,1,False
Hungary,Other and Unspecified,2019,4,True
Bulgaria,Personal Devices and Computing,2019,0,True
Lithuania,Personal Devices and Computing,2021,1,True
Portugal,Personal Devices and Computing,2021,2,True
India,Personal Devices and Computing,2024,0,False
Finland,Personal Devices and Computing,2020,19,True
Singapore,Personal Devices and Computing,2018,128,True
Slovenia,Personal Devices and Computing,2018,5,True
Serbia,Personal Devices and Computing,2024,3,False
Romania,Personal Devices and Computing,2018,3,True
Romania,Personal Devices and Computing,2019,2,True
Luxembourg,Personal Devices and Computing,2024,78,False
Netherlands,Personal Devices and Computing,2018,10,True
United States,Physical Sciences and Engineering,2023,8056,False
Belgium,Physical Sciences and Engineering,2021,9,True
Israel,Physical Sciences and Engineering,2020,24,True
Netherlands,Physical Sciences and Engineering,2023,41,False
Croatia,Physical Sciences and Engineering,2021,1,True
Denmark,Physical Sciences and Engineering,2016,26,True
Morocco,Physical Sciences and Engineering,2017,5,True
India,Physical Sciences and Engineering,2024,0,False
Taiwan,Physical Sciences and Engineering,2016,102,True
Germany,Physical Sciences and Engineering,2021,1174,True
Chile,Physical Sciences and Engineering,2021,1,True
Portugal,Planning and Scheduling,2016,2,True
Finland,Planning and Scheduling,2018,3,True
Italy,Planning and Scheduling,2018,4,True
Switzerland,Planning and Scheduling,2019,0,True
Czechia,Planning and Scheduling,2022,0,False
China,Planning and Scheduling,2019,4610,True
China,Planning and Scheduling,2024,21279,False
China,Planning and Scheduling,2025,23239,False
Slovakia,Planning and Scheduling,2021,0,True
Bulgaria,Planning and Scheduling,2017,1,True
Sweden,Robotics,2016,0,True
Australia,Robotics,2022,45,False
Jordan,Robotics,2023,0,False
Mexico,Robotics,2024,0,False
Chile,Robotics,2024,1,False
Spain,Robotics,2016,10,True
Israel,Robotics,2024,1,False
Austria,Robotics,2022,0,False
Portugal,Robotics,2018,1,True
Russia,Robotics,2021,1,True
Philippines,Search Methods,2016,0,True
Netherlands,Search Methods,2023,2,False
Japan,Search Methods,2018,178,True
Denmark,Search Methods,2017,1,True
Sweden,Search Methods,2022,0,False
Uruguay,Search Methods,2020,0,True
Australia,Search Methods,2020,58,True
United Kingdom,Search Methods,2025,3,False
Japan,Security,2016,100,True
Ireland,Security,2021,0,True
San Marino,Security,2023,0,False
Denmark,Security,2020,3,True
Kenya,Security,2016,0,True
India,Security,2017,14,True
South Africa,Security,2023,0,False
Canada,Security,2024,8,False
Mexico,Security,2018,6,True
Germany,Security,2018,42,True
Germany,Security,2023,69,False
Luxembourg,Spatial and Physical Reasoning,2017,1,True
Germany,Spatial and Physical Reasoning,2020,456,True
United Kingdom,Spatial and Physical Reasoning,2018,136,True
New Zealand,Spatial and Physical Reasoning,2022,1,False
Portugal,Spatial and Physical Reasoning,2024,1,False
Ukraine,Spatial and Physical Reasoning,2018,4,True
Hungary,Spatial and Physical Reasoning,2017,5,True
Italy,Spatial and Physical Reasoning,2016,4,True
Serbia,Spatial and Physical Reasoning,2018,2,True
South Korea,Speech Processing,2018,473,True
Finland,Speech Processing,2016,0,True
Costa Rica,Speech Processing,2025,1,False
Finland,Telecommunications,2019,10,True
Belgium,Telecommunications,2025,1,False
South Africa,Telecommunications,2021,0,True
Colombia,Telecommunications,2023,0,False
Turkey,Telecommunications,2016,0,True
Ireland,Transportation,2016,0,True
South Africa,Transportation,2017,0,True
Georgia,Transportation,2023,0,False
Germany,Transportation,2017,207,True
Peru,Transportation,2016,0,True
Peru,Transportation,2018,0,True
Peru,Transportation,2019,1,True
Peru,Transportation,2022,1,False
Japan,Transportation,2023,217,False
France,Transportation,2017,23,True
Netherlands,Transportation,2023,5,False
Morocco,Transportation,2016,0,True
Serbia,Transportation,2025,0,False
Canada,Transportation,2017,65,True
Argentina,Transportation,2020,0,True
Romania,Transportation,2022,1,False
Sweden,Transportation,2017,6,True
Sweden,Agriculture,2024,2,False
Greece,Agriculture,2023,1,False
United Kingdom,Agriculture,2017,5,True
South Africa,Agriculture,2021,0,True
South Africa,Agriculture,2023,0,False
Israel,Agriculture,2016,0,True
Italy,Agriculture,2016,2,True
Belgium,Agriculture,2019,0,True
Austria,All,2020,19,True
Denmark,All,2021,15,True
Chile,All,2017,1,True
Mexico,All,2019,111,True
United Kingdom,All,2016,208,True
Australia,Analytics and Algorithms,2024,6,False
Brazil,Analytics and Algorithms,2019,26,True
Austria,Analytics and Algorithms,2018,2,True
Austria,Analytics and Algorithms,2023,3,False
United Kingdom,Analytics and Algorithms,2017,22,True
United Kingdom,Analytics and Algorithms,2025,7,False
Mexico,Analytics and Algorithms,2024,0,False
South Korea,Banking and Finance,2019,263,True
Netherlands,Banking and Finance,2023,0,False
Peru,Banking and Finance,2019,0,True
United Kingdom,Banking and Finance,2023,22,False
Spain,Banking and Finance,2024,1,False
Israel,Banking and Finance,2021,0,True
Serbia,Banking and Finance,2020,0,True
Ukraine,Banking and Finance,2022,0,False
Australia,Banking and Finance,2016,13,True
Belgium,Banking and Finance,2025,0,False
Japan,Banking and Finance,2019,147,True
Luxembourg,Banking and Finance,2022,1,False
Turkey,Bio-Inspired Computing,2025,0,False
Finland,Bio-Inspired Computing,2016,0,True
Ukraine,Bio-Inspired Computing,2018,3,True
Italy,Bio-Inspired Computing,2020,2,True
Peru,Bio-Inspired Computing,2019,0,True
United Kingdom,Bio-Inspired Computing,2021,29,True
Luxembourg,Bio-Inspired Computing,2016,0,True
Hungary,Bio-Inspired Computing,2018,0,True
Canada,Bio-Inspired Computing,2016,18,True
Austria,Bio-Inspired Computing,2020,0,True
Chile,Bio-Inspired Computing,2024,1,False
Latvia,Business,2020,0,True
United States,Business,2017,1984,True
Romania,Business,2024,1,False
Bulgaria,Business,2018,1,True
Portugal,Business,2016,3,True
Czechia,Business,2022,0,False
South Africa,Business,2021,0,True
United Kingdom,Business,2025,3,False
Switzerland,Business,2019,0,True
Germany,Computer Vision,2021,444,True
Norway,Computer Vision,2016,0,True
Ireland,Computer Vision,2021,0,True
Malaysia,Computer Vision,2019,6,True
Finland,Computer Vision,2020,2,True
Portugal,Computer Vision,2022,2,False
Paraguay,Computer Vision,2021,1,True
Slovakia,Computer Vision,2020,0,True
Georgia,Computer Vision,2023,1,False
South Korea,Computer Vision,2016,303,True
Poland,Computing in Government,2023,0,False
Azerbaijan,Computing in Government,2018,0,True
San Marino,Computing in Government,2017,0,True
Belgium,Computing in Government,2019,0,True
Norway,Computing in Government,2018,0,True
Germany,Computing in Government,2019,2,True
South Korea,Computing in Government,2022,286,False
Morocco,Computing in Government,2019,0,True
Greece,Computing in Government,2020,0,True
Singapore,Computing in Government,2018,6,True
Singapore,Computing in Government,2019,0,True
Portugal,Computing in Government,2023,0,False
Luxembourg,Computing in Government,2018,0,True
Luxembourg,Computing in Government,2021,0,True
Serbia,Computing in Government,2024,0,False
Croatia,Computing in Government,2020,0,True
Czechia,Computing in Government,2018,0,True
Netherlands,Control Methods,2023,5,False
United States,Control Methods,2021,1580,True
Denmark,Control Methods,2022,2,False
Denmark,Control Methods,2023,3,False
Japan,Control Methods,2019,949,True
Slovakia,Control Methods,2024,3,False
Cuba,Control Methods,2020,1,True
Colombia,Control Methods,2022,2,False
Israel,Control Methods,2020,2,True
Taiwan,Control Methods,2019,50,True
Romania,Distributed AI,2024,0,False
United States,Distributed AI,2016,76,True
Canada,Distributed AI,2018,8,True
Russia,Distributed AI,2021,0,True
South Africa,Distributed AI,2020,0,True
Czechia,Distributed AI,2019,1,True
Japan,Distributed AI,2021,52,True
Australia,Distributed AI,2017,4,True
Brazil,Distributed AI,2022,0,False
Costa Rica,Distributed AI,2021,0,True
Malaysia,Distributed AI,2019,1,True
Netherlands,Distributed AI,2018,0,True
Czechia,Education,2022,0,False
Netherlands,Education,2025,2,False
Bulgaria,Education,2023,2,False
Peru,Education,2016,0,True
Israel,Education,2024,0,False
United States,Education,2018,223,True
Australia,Education,2024,1,False
Bulgaria,Energy Management,2023,0,False
Moldova,Energy Management,2021,0,True
Brazil,Energy Management,2016,7,True
Hungary,Energy Management,2017,0,True
Singapore,Energy Management,2019,2,True
Peru,Energy Management,2020,1,True
India,Energy Management,2022,1,False
United Kingdom,Energy Management,2022,20,False
Russia,Energy Management,2016,2,True
China,Energy Management,2023,13329,False
Austria,Energy Management,2019,2,True
Slovakia,Energy Management,2021,0,True
Ukraine,Energy Management,2018,0,True
Costa Rica,Fuzzy Logic,2020,0,True
Finland,Fuzzy Logic,2017,1,True
Spain,Fuzzy Logic,2017,3,True
Turkey,Fuzzy Logic,2016,2,True
Luxembourg,Fuzzy Logic,2019,0,True
Luxembourg,Fuzzy Logic,2023,7,False
United Kingdom,Fuzzy Logic,2016,2,True
Greece,Fuzzy Logic,2019,0,True
Greece,Fuzzy Logic,2020,0,True
Singapore,Industry and Manufacturing,2020,0,True
Lithuania,Industry and Manufacturing,2020,0,True
Hungary,Industry and Manufacturing,2016,3,True
Norway,Industry and Manufacturing,2024,0,False
Luxembourg,Industry and Manufacturing,2016,0,True
Spain,Industry and Manufacturing,2018,17,True
United Kingdom,Industry and Manufacturing,2023,22,False
Peru,Industry and Manufacturing,2020,3,True
New Zealand,Knowledge Representation,2023,0,False
Sweden,Knowledge Representation,2019,0,True
Luxembourg,Knowledge Representation,2018,0,True
Indonesia,Knowledge Representation,2016,0,True
China,Knowledge Representation,2022,1762,False
Saudi Arabia,Knowledge Representation,2023,0,False
Norway,Knowledge Representation,2023,0,False
Slovakia,Knowledge Representation,2023,0,False
Mexico,Knowledge Representation,2019,2,True
Belgium,Knowledge Representation,2020,0,True
Lithuania,Knowledge Representation,2020,0,True
Lithuania,Knowledge Representation,2022,0,False
Austria,Knowledge Representation,2022,0,False
Czechia,Knowledge Representation,2022,0,False
Taiwan,Natural Language Processing,2020,20,True
Oman,Natural Language Processing,2016,0,True
Serbia,Natural Language Processing,2016,0,True
Sweden,Natural Language Processing,2018,0,True
Japan,Natural Language Processing,2018,199,True
Latvia,Natural Language Processing,2020,0,True
Croatia,Natural Language Processing,2022,0,False
Mexico,Natural Language Processing,2024,0,False
Peru,Life Sciences,2021,0,True
Malaysia,Life Sciences,2019,6,True
Argentina,Life Sciences,2021,1,True
United States,Life Sciences,2018,2009,True
South Africa,Life Sciences,2024,0,False
New Zealand,Life Sciences,2022,0,False
United Kingdom,Life Sciences,2019,60,True
South Africa,Logic-Based Knowledge Systems,2025,1,False
United States,Logic-Based Knowledge Systems,2025,14,False
Serbia,Logic-Based Knowledge Systems,2016,0,True
Croatia,Logic-Based Knowledge Systems,2021,0,True
Canada,Logic-Based Knowledge Systems,2017,84,True
Ukraine,Logic-Based Knowledge Systems,2017,0,True
Peru,Logic-Based Knowledge Systems,2023,0,False
Australia,Logic-Based Knowledge Systems,2023,44,False
Australia,Logic-Based Knowledge Systems,2024,6,False
United States,Markov and Bayesian Models,2020,1820,True
United States,Markov and Bayesian Models,2025,21,False
Poland,Markov and Bayesian Models,2021,1,True
Japan,Markov and Bayesian Models,2016,141,True
Belgium,Markov and Bayesian Models,2017,0,True
Belgium,Markov and Bayesian Models,2018,0,True
Jordan,Markov and Bayesian Models,2017,0,True
Mexico,Markov and Bayesian Models,2020,12,True
China,Markov and Bayesian Models,2019,2958,True
Sweden,Measuring and Testing,2019,5,True
Poland,Measuring and Testing,2022,6,False
Peru,Measuring and Testing,2017,0,True
Peru,Measuring and Testing,2022,3,False
Greece,Measuring and Testing,2019,1,True
Germany,Measuring and Testing,2023,321,False
South Korea,Measuring and Testing,2023,1789,False
Austria,Measuring and Testing,2018,7,True
Austria,Measuring and Testing,2020,8,True
Finland,Neural Networks,2016,3,True
China,Neural Networks,2021,62718,True
Uruguay,Neural Networks,2022,0,False
Russia,Neural Networks,2016,59,True
Luxembourg,Neural Networks,2021,26,True
Luxembourg,Neural Networks,2022,53,False
Spain,Neural Networks,2022,48,False
Spain,Neural Networks,2024,14,False
Philippines,Neural Networks,2017,1,True
Singapore,Neural Networks,2016,14,True
Israel,Neural Networks,2018,7,True
Poland,Neural Networks,2021,17,True
Poland,Neural Networks,2022,13,False
France,Neural Networks,2017,49,True
Austria,Neural Networks,2024,7,False
Chile,Ontology Engineering,2022,0,False
Turkey,Ontology Engineering,2022,0,False
Canada,Ontology Engineering,2023,1,False
Poland,Ontology Engineering,2024,0,False
South Africa,Ontology Engineering,2020,0,True
Sweden,Other and Unspecified,2018,18,True
Taiwan,Other and Unspecified,2021,250,True
Australia,Other and Unspecified,2021,542,True
Costa Rica,Other and Unspecified,2023,0,False
Norway,Other and Unspecified,2020,5,True
Ukraine,Other and Unspecified,2024,4,False
Saudi Arabia,Other and Unspecified,2018,1,True
Mexico,Other and Unspecified,2022,17,False
Slovakia,Other and Unspecified,2021,1,True
Slovakia,Other and Unspecified,2024,4,False
Hungary,Other and Unspecified,2016,3,True
Morocco,Other and Unspecified,2019,2,True
San Marino,Other and Unspecified,2017,0,True
Croatia,Personal Devices and Computing,2024,0,False
Denmark,Personal Devices and Computing,2024,0,False
Finland,Personal Devices and Computing,2022,11,False
Singapore,Personal Devices and Computing,2020,38,True
Australia,Personal Devices and Computing,2021,648,True
Romania,Personal Devices and Computing,2021,1,True
Germany,Personal Devices and Computing,2025,67,False
Italy,Personal Devices and Computing,2017,11,True
Taiwan,Personal Devices and Computing,2020,379,True
Austria,Personal Devices and Computing,2021,9,True
South Africa,Personal Devices and Computing,2023,0,False
Lithuania,Physical Sciences and Engineering,2020,5,True
Japan,Physical Sciences and Engineering,2022,4300,False
United States,Physical Sciences and Engineering,2020,16913,True
Ukraine,Physical Sciences and Engineering,2022,0,False
Russia,Physical Sciences and Engineering,2017,192,True
Mexico,Physical Sciences and Engineering,2020,139,True
Mexico,Physical Sciences and Engineering,2021,144,True
Sweden,Physical Sciences and Engineering,2017,13,True
Portugal,Physical Sciences and Engineering,2021,4,True
Finland,Physical Sciences and Engineering,2021,46,True
Saudi Arabia,Physical Sciences and Engineering,2018,2,True
Poland,Physical Sciences and Engineering,2019,38,True
Poland,Physical Sciences and Engineering,2023,26,False
India,Physical Sciences and Engineering,2017,266,True
South Korea,Physical Sciences and Engineering,2021,10153,True
China,Physical Sciences and Engineering,2024,176802,False
Germany,Physical Sciences and Engineering,2017,489,True
Italy,Physical Sciences and Engineering,2016,22,True
Sweden,Planning and Scheduling,2017,0,True
Sweden,Planning and Scheduling,2021,2,True
Costa Rica,Planning and Scheduling,2019,0,True
Japan,Robotics,2021,190,True
South Korea,Robotics,2022,495,False
Azerbaijan,Robotics,2018,0,True
Belgium,Robotics,2018,0,True
Brazil,Robotics,2018,4,True
Germany,Robotics,2023,58,False
Singapore,Robotics,2016,2,True
Singapore,Robotics,2021,0,True
Italy,Search Methods,2017,2,True
South Africa,Search Methods,2020,0,True
Finland,Search Methods,2024,0,False
Luxembourg,Search Methods,2020,1,True
Poland,Search Methods,2023,0,False
Slovenia,Search Methods,2018,0,True
Saudi Arabia,Security,2019,0,True
Ireland,Security,2023,1,False
Chile,Security,2024,0,False
Greece,Security,2023,2,False
Brazil,Security,2016,7,True
Lithuania,Security,2017,0,True
Paraguay,Security,2021,0,True
India,Security,2022,0,False
South Africa,Security,2018,0,True
Russia,Security,2018,24,True
Spain,Security,2017,4,True
Israel,Security,2018,2,True
Norway,Security,2025,0,False
Argentina,Spatial and Physical Reasoning,2021,4,True
Austria,Spatial and Physical Reasoning,2024,5,False
Paraguay,Spatial and Physical Reasoning,2021,1,True
Canada,Spatial and Physical Reasoning,2020,299,True
Finland,Spatial and Physical Reasoning,2022,15,False
Chile,Spatial and Physical Reasoning,2024,2,False
Portugal,Speech Processing,2016,0,True
Greece,Speech Processing,2025,0,False
France,Speech Processing,2018,10,True
Slovakia,Speech Processing,2020,0,True
Peru,Speech Processing,2017,0,True
Netherlands,Speech Processing,2018,0,True
Canada,Telecommunications,2021,168,True
Philippines,Telecommunications,2021,9,True
Germany,Telecommunications,2019,150,True
India,Telecommunications,2023,0,False
Italy,Telecommunications,2021,13,True
France,Telecommunications,2019,70,True
Croatia,Telecommunications,2021,0,True
Belgium,Transportation,2019,0,True
Tunisia,Transportation,2020,1,True
Saudi Arabia,Transportation,2022,0,False
South Africa,Transportation,2016,0,True
Poland,Transportation,2018,2,True
Poland,Transportation,2019,2,True
Poland,Transportation,2023,0,False
Portugal,Transportation,2016,2,True
Netherlands,Transportation,2025,1,False
Croatia,Transportation,2019,0,True
Australia,Transportation,2024,8,False
Turkey,Transportation,2017,0,True
Czechia,Transportation,2025,0,False
Philippines,Transportation,2018,1,True
Switzerland,Transportation,2018,1,True
Singapore,Agriculture,2020,0,True
Ireland,Agriculture,2018,0,True
Mexico,Agriculture,2021,11,True
Greece,Agriculture,2018,0,True
Australia,Agriculture,2024,4,False
Slovakia,Agriculture,2023,0,False
China,Agriculture,2018,337,True
Spain,Agriculture,2022,1,False
South Africa,All,2024,134,False
Turkey,All,2016,8,True
Hungary,All,2023,8,False
Ukraine,All,2022,4,False
Denmark,All,2019,36,True
Morocco,All,2022,6,False
Australia,All,2020,909,True
Canada,All,2019,793,True
Greece,All,2021,8,True
Greece,All,2023,23,False
Switzerland,All,2017,2,True
Jordan,All,2017,2,True
Czechia,All,2021,2,True
India,All,2023,11,False
Luxembourg,Analytics and Algorithms,2021,2,True
United States,Analytics and Algorithms,2019,1624,True
Sweden,Analytics and Algorithms,2017,3,True
Singapore,Analytics and Algorithms,2020,3,True
Czechia,Analytics and Algorithms,2022,0,False
Slovenia,Analytics and Algorithms,2022,0,False
Denmark,Analytics and Algorithms,2016,4,True
Portugal,Analytics and Algorithms,2019,0,True
Israel,Analytics and Algorithms,2024,3,False
Bulgaria,Analytics and Algorithms,2017,0,True
Morocco,Analytics and Algorithms,2022,0,False
India,Analytics and Algorithms,2018,13,True
Ukraine,Analytics and Algorithms,2023,0,False
Croatia,Banking and Finance,2024,1,False
Norway,Banking and Finance,2020,0,True
Chile,Banking and Finance,2019,0,True
Argentina,Banking and Finance,2017,0,True
San Marino,Banking and Finance,2023,0,False
Poland,Banking and Finance,2019,1,True
Turkey,Bio-Inspired Computing,2020,3,True
Turkey,Bio-Inspired Computing,2022,5,False
Japan,Bio-Inspired Computing,2023,102,False
Finland,Bio-Inspired Computing,2020,4,True
New Zealand,Bio-Inspired Computing,2020,0,True
France,Bio-Inspired Computing,2017,5,True
Croatia,Bio-Inspired Computing,2024,0,False
Luxembourg,Bio-Inspired Computing,2020,1,True
Morocco,Bio-Inspired Computing,2021,0,True
Morocco,Bio-Inspired Computing,2022,0,False
Morocco,Bio-Inspired Computing,2023,1,False
Russia,Bio-Inspired Computing,2021,0,True
Ireland,Bio-Inspired Computing,2021,0,True
United States,Bio-Inspired Computing,2018,1064,True
United States,Bio-Inspired Computing,2025,12,False
Singapore,Bio-Inspired Computing,2017,6,True
Singapore,Bio-Inspired Computing,2018,22,True
Mexico,Bio-Inspired Computing,2021,5,True
Poland,Business,2016,1,True
Slovenia,Business,2018,0,True
Morocco,Business,2016,0,True
Lithuania,Business,2021,1,True
Sweden,Business,2019,0,True
Japan,Business,2024,347,False
Chile,Business,2024,1,False
Sweden,Computer Vision,2023,12,False
Denmark,Computer Vision,2020,6,True
Serbia,Computer Vision,2024,2,False
Portugal,Computer Vision,2017,3,True
Romania,Computer Vision,2021,6,True
Taiwan,Computer Vision,2016,27,True
Spain,Computer Vision,2022,34,False
Czechia,Computer Vision,2018,1,True
San Marino,Computing in Government,2023,0,False
Denmark,Computing in Government,2021,0,True
Greece,Control Methods,2025,0,False
Japan,Control Methods,2018,946,True
Estonia,Control Methods,2022,0,False
South Africa,Control Methods,2017,0,True
South Korea,Control Methods,2020,766,True
Thailand,Control Methods,2017,0,True
Azerbaijan,Control Methods,2018,0,True
South Korea,Distributed AI,2019,57,True
Switzerland,Distributed AI,2020,0,True
Switzerland,Distributed AI,2021,0,True
Greece,Distributed AI,2020,0,True
Turkey,Distributed AI,2020,1,True
Croatia,Distributed AI,2021,0,True
Portugal,Distributed AI,2017,0,True
Portugal,Distributed AI,2022,0,False
Luxembourg,Distributed AI,2019,0,True
Netherlands,Distributed AI,2025,0,False
Sweden,Education,2024,0,False
Greece,Education,2022,0,False
Luxembourg,Education,2024,13,False
Saudi Arabia,Education,2021,0,True
China,Education,2016,138,True
France,Education,2021,4,True
Bulgaria,Education,2022,0,False
Malaysia,Education,2021,0,True
Norway,Education,2025,0,False
Croatia,Education,2024,0,False
Spain,Education,2024,1,False
Colombia,Education,2021,1,True
South Korea,Energy Management,2017,138,True
South Korea,Energy Management,2026,0,False
Australia,Energy Management,2020,34,True
Hungary,Energy Management,2024,0,False
Philippines,Energy Management,2016,0,True
China,Energy Management,2019,2769,True
Finland,Fuzzy Logic,2018,2,True
South Africa,Fuzzy Logic,2021,0,True
Croatia,Fuzzy Logic,2023,0,False
Chile,Fuzzy Logic,2018,0,True
Malaysia,Fuzzy Logic,2016,0,True
Malaysia,Fuzzy Logic,2018,3,True
Singapore,Fuzzy Logic,2017,1,True
Japan,Fuzzy Logic,2025,0,False
Belgium,Industry and Manufacturing,2024,0,False
Serbia,Industry and Manufacturing,2022,1,False
Luxembourg,Industry and Manufacturing,2017,0,True
Spain,Industry and Manufacturing,2021,20,True
Israel,Industry and Manufacturing,2024,0,False
Netherlands,Industry and Manufacturing,2020,4,True
Hungary,Knowledge Representation,2017,0,True
New Zealand,Knowledge Representation,2016,0,True
Sweden,Knowledge Representation,2024,0,False
Denmark,Knowledge Representation,2016,0,True
Luxembourg,Knowledge Representation,2017,0,True
Colombia,Knowledge Representation,2021,0,True
China,Knowledge Representation,2019,365,True
Saudi Arabia,Knowledge Representation,2018,0,True
Canada,Knowledge Representation,2021,51,True
Norway,Knowledge Representation,2021,0,True
Israel,Knowledge Representation,2019,0,True
United Kingdom,Knowledge Representation,2022,10,False
Italy,Knowledge Representation,2024,0,False
Switzerland,Knowledge Representation,2024,0,False
South Korea,Knowledge Representation,2021,430,True
Czechia,Knowledge Representation,2020,0,True
Russia,Natural Language Processing,2021,1,True
Romania,Natural Language Processing,2017,0,True
South Africa,Natural Language Processing,2021,0,True
South Africa,Natural Language Processing,2022,0,False
Czechia,Natural Language Processing,2018,0,True
Estonia,Natural Language Processing,2022,0,False
Peru,Natural Language Processing,2020,1,True
Australia,Natural Language Processing,2021,91,True
Mexico,Natural Language Processing,2018,2,True
Italy,Natural Language Processing,2022,2,False
Russia,Life Sciences,2016,32,True
Greece,Life Sciences,2017,0,True
Greece,Life Sciences,2018,2,True
Slovakia,Life Sciences,2020,0,True
Belgium,Life Sciences,2025,0,False
Sweden,Life Sciences,2017,0,True
Portugal,Life Sciences,2019,3,True
Romania,Logic-Based Knowledge Systems,2020,0,True
Romania,Logic-Based Knowledge Systems,2021,0,True
Lithuania,Logic-Based Knowledge Systems,2018,2,True
Ukraine,Logic-Based Knowledge Systems,2021,0,True
Ukraine,Logic-Based Knowledge Systems,2025,0,False
Finland,Logic-Based Knowledge Systems,2023,2,False
Serbia,Markov and Bayesian Models,2018,1,True
Malaysia,Markov and Bayesian Models,2017,7,True
Malaysia,Markov and Bayesian Models,2022,0,False
Spain,Markov and Bayesian Models,2016,5,True
India,Markov and Bayesian Models,2021,0,True
Italy,Markov and Bayesian Models,2018,3,True
Luxembourg,Markov and Bayesian Models,2020,1,True
Portugal,Markov and Bayesian Models,2016,0,True
Belgium,Measuring and Testing,2021,4,True
Netherlands,Measuring and Testing,2020,2,True
Netherlands,Measuring and Testing,2022,16,False
China,Measuring and Testing,2020,5711,True
China,Measuring and Testing,2021,6183,True
Bulgaria,Measuring and Testing,2022,0,False
India,Measuring and Testing,2018,18,True
United States,Neural Networks,2023,4632,False
Mexico,Neural Networks,2023,6,False
Australia,Neural Networks,2016,84,True
Paraguay,Neural Networks,2021,1,True
Singapore,Neural Networks,2017,56,True
Croatia,Neural Networks,2022,0,False
Taiwan,Neural Networks,2024,292,False
Norway,Neural Networks,2016,1,True
Belgium,Neural Networks,2017,0,True
Bulgaria,Neural Networks,2019,2,True
Hungary,Neural Networks,2018,4,True
Portugal,Ontology Engineering,2017,0,True
Portugal,Ontology Engineering,2022,0,False
Brazil,Ontology Engineering,2021,1,True
Russia,Ontology Engineering,2017,6,True
Poland,Ontology Engineering,2019,0,True
Switzerland,Ontology Engineering,2019,0,True
Uruguay,Ontology Engineering,2022,0,False
Greece,Ontology Engineering,2019,0,True
Israel,Other and Unspecified,2024,7,False
Taiwan,Other and Unspecified,2023,293,False
Costa Rica,Other and Unspecified,2019,1,True
Norway,Other and Unspecified,2021,1,True
Brazil,Other and Unspecified,2019,69,True
South Korea,Other and Unspecified,2019,2690,True
Singapore,Other and Unspecified,2020,7,True
Belgium,Other and Unspecified,2025,2,False
Austria,Other and Unspecified,2021,11,True
Canada,Other and Unspecified,2017,175,True
Morocco,Other and Unspecified,2016,0,True
Switzerland,Other and Unspecified,2017,2,True
Malaysia,Other and Unspecified,2018,13,True
Peru,Personal Devices and Computing,2017,1,True
Belgium,Personal Devices and Computing,2018,3,True
Sweden,Personal Devices and Computing,2022,8,False
Serbia,Personal Devices and Computing,2018,3,True
Greece,Personal Devices and Computing,2016,3,True
Estonia,Personal Devices and Computing,2022,0,False
Israel,Personal Devices and Computing,2024,8,False
Netherlands,Personal Devices and Computing,2021,11,True
Austria,Physical Sciences and Engineering,2022,11,False
Spain,Physical Sciences and Engineering,2023,42,False
Brazil,Physical Sciences and Engineering,2019,213,True
United Kingdom,Physical Sciences and Engineering,2024,565,False
Mexico,Physical Sciences and Engineering,2018,93,True
Sweden,Physical Sciences and Engineering,2019,20,True
Colombia,Physical Sciences and Engineering,2019,2,True
Czechia,Physical Sciences and Engineering,2023,6,False
Cuba,Physical Sciences and Engineering,2020,1,True
France,Physical Sciences and Engineering,2024,236,False
Switzerland,Physical Sciences and Engineering,2016,5,True
Switzerland,Physical Sciences and Engineering,2018,4,True
South Korea,Physical Sciences and Engineering,2026,1,False
Colombia,Planning and Scheduling,2019,1,True
South Korea,Planning and Scheduling,2022,1276,False
Finland,Planning and Scheduling,2020,8,True
Croatia,Planning and Scheduling,2017,0,True
Israel,Planning and Scheduling,2016,0,True
Czechia,Planning and Scheduling,2021,0,True
Uruguay,Planning and Scheduling,2017,0,True
Estonia,Planning and Scheduling,2022,0,False
Slovenia,Planning and Scheduling,2018,0,True
Slovenia,Planning and Scheduling,2023,0,False
Turkey,Planning and Scheduling,2018,3,True
Lithuania,Planning and Scheduling,2019,0,True
Canada,Planning and Scheduling,2016,63,True
Mexico,Robotics,2019,10,True
Oman,Robotics,2016,0,True
Morocco,Robotics,2018,1,True
Belgium,Robotics,2022,0,False
Belgium,Search Methods,2016,0,True
Norway,Search Methods,2025,0,False
Greece,Search Methods,2017,0,True
Romania,Search Methods,2021,0,True
Netherlands,Search Methods,2022,1,False
Denmark,Search Methods,2023,0,False
Czechia,Search Methods,2019,0,True
Iran,Search Methods,2018,0,True
Australia,Search Methods,2022,29,False
Croatia,Search Methods,2025,0,False
New Zealand,Security,2020,0,True
Switzerland,Security,2018,0,True
Taiwan,Security,2018,28,True
Ireland,Security,2016,0,True
Costa Rica,Security,2021,0,True
Croatia,Security,2023,0,False
Netherlands,Security,2019,1,True
Portugal,Security,2023,0,False
Uruguay,Security,2022,0,False
Australia,Security,2020,93,True
Germany,Security,2017,27,True
Italy,Security,2024,2,False
Turkey,Security,2018,1,True
Argentina,Spatial and Physical Reasoning,2019,2,True
Denmark,Spatial and Physical Reasoning,2022,1,False
South Africa,Spatial and Physical Reasoning,2024,0,False
United Kingdom,Spatial and Physical Reasoning,2016,67,True
New Zealand,Spatial and Physical Reasoning,2020,2,True
Norway,Spatial and Physical Reasoning,2022,4,False
Portugal,Speech Processing,2018,0,True
Brazil,Speech Processing,2017,3,True
South Africa,Speech Processing,2019,0,True
South Africa,Speech Processing,2024,0,False
Bulgaria,Speech Processing,2020,0,True
Peru,Speech Processing,2022,0,False
Argentina,Speech Processing,2017,0,True
United Kingdom,Speech Processing,2016,21,True
Morocco,Telecommunications,2020,1,True
Argentina,Telecommunications,2021,2,True
Serbia,Telecommunications,2025,0,False
Philippines,Telecommunications,2020,8,True
Switzerland,Telecommunications,2021,1,True
Mexico,Telecommunications,2020,28,True
Ukraine,Telecommunications,2019,0,True
Sweden,Telecommunications,2025,0,False
New Zealand,Telecommunications,2021,1,True
Croatia,Telecommunications,2018,1,True
Belgium,Transportation,2021,0,True
Colombia,Transportation,2024,0,False
France,Transportation,2023,74,False
Finland,Transportation,2018,0,True
Croatia,Transportation,2020,0,True
Austria,Transportation,2017,7,True
Canada,Transportation,2020,66,True
Brazil,Transportation,2020,9,True
Czechia,Transportation,2024,0,False
Germany,Agriculture,2019,17,True
Singapore,Agriculture,2017,3,True
Sweden,Agriculture,2022,3,False
Philippines,Agriculture,2022,2,False
Mexico,Agriculture,2023,0,False
Taiwan,Agriculture,2017,2,True
Tunisia,Agriculture,2021,1,True
Netherlands,Agriculture,2020,0,True
Malaysia,Agriculture,2020,1,True
South Africa,All,2022,71,False
Romania,All,2020,9,True
Portugal,All,2018,16,True
Colombia,All,2024,1,False
South Korea,All,2024,6583,False
Ukraine,All,2021,8,True
Italy,All,2021,108,True
Germany,All,2019,987,True
Denmark,All,2022,9,False
Mexico,All,2016,46,True
Japan,All,2025,29,False
Poland,All,2021,28,True
Bulgaria,All,2020,12,True
Jordan,Analytics and Algorithms,2023,1,False
Chile,Analytics and Algorithms,2017,0,True
Hungary,Analytics and Algorithms,2016,0,True
Croatia,Analytics and Algorithms,2017,0,True
Croatia,Analytics and Algorithms,2019,0,True
Germany,Analytics and Algorithms,2022,217,False
France,Analytics and Algorithms,2024,20,False
Slovakia,Analytics and Algorithms,2021,0,True
Ukraine,Analytics and Algorithms,2021,0,True
Peru,Analytics and Algorithms,2020,1,True
Croatia,Banking and Finance,2019,0,True
United States,Banking and Finance,2021,706,True
Morocco,Banking and Finance,2022,0,False
Peru,Banking and Finance,2018,0,True
Hungary,Banking and Finance,2024,0,False
Italy,Banking and Finance,2024,0,False
Jordan,Banking and Finance,2017,0,True
Jordan,Banking and Finance,2021,0,True
Germany,Banking and Finance,2021,78,True
Lithuania,Banking and Finance,2018,0,True
Ireland,Banking and Finance,2022,0,False
Turkey,Bio-Inspired Computing,2016,0,True
Switzerland,Bio-Inspired Computing,2024,0,False
France,Bio-Inspired Computing,2016,0,True
France,Bio-Inspired Computing,2022,16,False
Hungary,Bio-Inspired Computing,2016,1,True
Uruguay,Bio-Inspired Computing,2017,0,True
San Marino,Bio-Inspired Computing,2020,0,True
Denmark,Bio-Inspired Computing,2024,0,False
United States,Bio-Inspired Computing,2017,818,True
Belgium,Bio-Inspired Computing,2018,0,True
Ireland,Business,2023,2,False
Morocco,Business,2024,1,False
Luxembourg,Business,2017,0,True
Luxembourg,Business,2018,0,True
Netherlands,Business,2021,4,True
China,Business,2020,9363,True
Denmark,Business,2020,4,True
Malaysia,Business,2017,9,True
Czechia,Business,2023,2,False
Switzerland,Business,2018,0,True
United Kingdom,Computer Vision,2018,127,True
Netherlands,Computer Vision,2016,1,True
Netherlands,Computer Vision,2018,7,True
Peru,Computer Vision,2020,5,True
Luxembourg,Computer Vision,2018,7,True
South Africa,Computer Vision,2021,0,True
Malaysia,Computer Vision,2017,8,True
Slovenia,Computer Vision,2022,1,False
Japan,Computer Vision,2016,421,True
Ukraine,Computer Vision,2021,0,True
Taiwan,Computer Vision,2017,43,True
Poland,Computing in Government,2021,0,True
Brazil,Computing in Government,2019,1,True
Brazil,Computing in Government,2020,1,True
Tunisia,Computing in Government,2023,0,False
Uruguay,Computing in Government,2017,0,True
Finland,Computing in Government,2024,0,False
Italy,Computing in Government,2024,1,False
Netherlands,Computing in Government,2019,0,True
Singapore,Control Methods,2018,32,True
San Marino,Control Methods,2020,0,True
Ireland,Control Methods,2021,0,True
United Kingdom,Control Methods,2018,75,True
Colombia,Control Methods,2017,0,True
Colombia,Control Methods,2019,0,True
Canada,Control Methods,2023,14,False
Turkey,Control Methods,2020,5,True
Spain,Control Methods,2018,37,True
Spain,Control Methods,2023,9,False
India,Control Methods,2016,16,True
Croatia,Control Methods,2020,0,True
Germany,Control Methods,2022,370,False
Norway,Control Methods,2024,4,False
Argentina,Distributed AI,2021,0,True
Hungary,Distributed AI,2021,0,True
Peru,Distributed AI,2017,0,True
Greece,Distributed AI,2017,0,True
Italy,Distributed AI,2017,0,True
Canada,Distributed AI,2016,1,True
Chile,Distributed AI,2022,0,False
France,Distributed AI,2019,5,True
Taiwan,Distributed AI,2016,0,True
Czechia,Education,2018,0,True
South Korea,Education,2026,0,False
Mexico,Education,2025,0,False
Costa Rica,Education,2020,0,True
Brazil,Education,2017,1,True
Malaysia,Education,2019,0,True
Lithuania,Education,2018,0,True
Lithuania,Education,2019,0,True
Romania,Education,2017,0,True
Finland,Energy Management,2017,1,True
Finland,Energy Management,2022,1,False
Germany,Energy Management,2018,36,True
San Marino,Energy Management,2018,0,True
Colombia,Energy Management,2024,0,False
Czechia,Energy Management,2017,0,True
Portugal,Energy Management,2023,1,False
Spain,Energy Management,2019,12,True
Spain,Energy Management,2024,0,False
Morocco,Energy Management,2018,0,True
Luxembourg,Energy Management,2020,0,True
Luxembourg,Energy Management,2023,12,False
South Africa,Energy Management,2024,0,False
Ireland,Fuzzy Logic,2016,0,True
Ireland,Fuzzy Logic,2023,0,False
Brazil,Fuzzy Logic,2022,1,False
Portugal,Fuzzy Logic,2022,0,False
Turkey,Fuzzy Logic,2017,2,True
United States,Fuzzy Logic,2017,139,True
Ukraine,Fuzzy Logic,2018,0,True
Philippines,Fuzzy Logic,2021,1,True
Jordan,Fuzzy Logic,2021,0,True
United Kingdom,Fuzzy Logic,2019,9,True
Croatia,Industry and Manufacturing,2017,0,True
Tunisia,Industry and Manufacturing,2022,0,False
Sweden,Industry and Manufacturing,2020,6,True
Austria,Industry and Manufacturing,2017,1,True
South Africa,Industry and Manufacturing,2020,0,True
United States,Industry and Manufacturing,2021,625,True
Taiwan,Industry and Manufacturing,2016,12,True
Argentina,Knowledge Representation,2021,0,True
Germany,Knowledge Representation,2016,15,True
Germany,Knowledge Representation,2022,20,False
Norway,Knowledge Representation,2020,0,True
United Kingdom,Knowledge Representation,2019,20,True
Morocco,Knowledge Representation,2022,1,False
France,Knowledge Representation,2018,5,True
Austria,Knowledge Representation,2024,0,False
Russia,Natural Language Processing,2019,9,True
Romania,Natural Language Processing,2022,0,False
Philippines,Natural Language Processing,2020,0,True
Czechia,Natural Language Processing,2023,0,False
Belgium,Natural Language Processing,2021,0,True
China,Natural Language Processing,2017,1003,True
China,Natural Language Processing,2023,10263,False
Croatia,Natural Language Processing,2025,0,False
Mexico,Life Sciences,2020,49,True
South Africa,Life Sciences,2018,0,True
Austria,Life Sciences,2019,0,True
Denmark,Life Sciences,2020,3,True
Costa Rica,Life Sciences,2020,1,True
Tunisia,Life Sciences,2023,0,False
Bulgaria,Life Sciences,2021,2,True
Spain,Life Sciences,2020,40,True
San Marino,Life Sciences,2018,1,True
Belgium,Life Sciences,2019,1,True
Hungary,Life Sciences,2020,3,True
Norway,Life Sciences,2018,0,True
India,Life Sciences,2016,25,True
Denmark,Logic-Based Knowledge Systems,2024,0,False
Russia,Logic-Based Knowledge Systems,2017,33,True
Austria,Logic-Based Knowledge Systems,2024,1,False
Portugal,Logic-Based Knowledge Systems,2020,0,True
Norway,Markov and Bayesian Models,2024,0,False
Canada,Markov and Bayesian Models,2024,6,False
Spain,Markov and Bayesian Models,2024,1,False
Italy,Markov and Bayesian Models,2017,2,True
Australia,Markov and Bayesian Models,2024,6,False
Denmark,Markov and Bayesian Models,2019,6,True
Colombia,Measuring and Testing,2023,2,False
Brazil,Measuring and Testing,2021,26,True
Turkey,Measuring and Testing,2020,8,True
Germany,Measuring and Testing,2025,11,False
Norway,Measuring and Testing,2019,1,True
San Marino,Measuring and Testing,2023,0,False
Argentina,Neural Networks,2017,1,True
Luxembourg,Neural Networks,2018,7,True
Peru,Neural Networks,2020,8,True
Denmark,Neural Networks,2020,16,True
Greece,Neural Networks,2022,10,False
Colombia,Neural Networks,2021,2,True
France,Neural Networks,2021,232,True
Singapore,Ontology Engineering,2018,2,True
Slovenia,Ontology Engineering,2016,0,True
Brazil,Ontology Engineering,2016,3,True
Hungary,Ontology Engineering,2016,0,True
Poland,Ontology Engineering,2017,1,True
Poland,Ontology Engineering,2023,0,False
South Africa,Ontology Engineering,2023,2,False
Slovakia,Ontology Engineering,2023,0,False
Ireland,Ontology Engineering,2018,0,True
Taiwan,Ontology Engineering,2024,11,False
Taiwan,Ontology Engineering,2025,1,False
Greece,Ontology Engineering,2023,1,False
Israel,Other and Unspecified,2020,9,True
Israel,Other and Unspecified,2023,19,False
Taiwan,Other and Unspecified,2020,252,True
Spain,Other and Unspecified,2018,63,True
Ukraine,Other and Unspecified,2023,3,False
Brazil,Other and Unspecified,2018,53,True
Estonia,Other and Unspecified,2022,1,False
Japan,Other and Unspecified,2017,1187,True
Croatia,Other and Unspecified,2024,2,False
Finland,Other and Unspecified,2023,9,False
South Africa,Other and Unspecified,2017,2,True
United States,Personal Devices and Computing,2019,10541,True
Portugal,Personal Devices and Computing,2019,9,True
India,Personal Devices and Computing,2022,0,False
Singapore,Personal Devices and Computing,2019,106,True
Norway,Personal Devices and Computing,2016,1,True
Czechia,Personal Devices and Computing,2024,1,False
Japan,Personal Devices and Computing,2025,3,False
Greece,Physical Sciences and Engineering,2019,3,True
New Zealand,Physical Sciences and Engineering,2017,26,True
Norway,Physical Sciences and Engineering,2018,7,True
Mexico,Physical Sciences and Engineering,2024,17,False
Sweden,Physical Sciences and Engineering,2025,3,False
Serbia,Physical Sciences and Engineering,2022,3,False
Canada,Physical Sciences and Engineering,2021,949,True
Switzerland,Physical Sciences and Engineering,2024,3,False
Germany,Physical Sciences and Engineering,2022,1379,False
South Korea,Planning and Scheduling,2023,1218,False
Italy,Planning and Scheduling,2024,5,False
Taiwan,Planning and Scheduling,2023,53,False
New Zealand,Planning and Scheduling,2018,1,True
Latvia,Planning and Scheduling,2017,0,True
India,Planning and Scheduling,2024,0,False
New Zealand,Robotics,2022,0,False
Saudi Arabia,Robotics,2018,1,True
Norway,Robotics,2021,0,True
Spain,Robotics,2020,7,True
Philippines,Robotics,2017,0,True
United States,Robotics,2018,681,True
Serbia,Robotics,2017,0,True
Peru,Robotics,2023,0,False
Croatia,Robotics,2025,0,False
Bulgaria,Search Methods,2017,0,True
Belgium,Search Methods,2021,0,True
Israel,Search Methods,2021,0,True
Russia,Search Methods,2021,0,True
Sweden,Search Methods,2019,0,True
Uruguay,Search Methods,2017,0,True
United Kingdom,Search Methods,2023,11,False
Croatia,Search Methods,2021,0,True
Austria,Security,2021,0,True
Switzerland,Security,2021,0,True
South Korea,Security,2024,556,False
Greece,Security,2016,0,True
Sweden,Security,2019,0,True
India,Security,2023,0,False
Canada,Security,2016,37,True
Australia,Security,2018,53,True
Peru,Security,2019,1,True
Italy,Security,2020,4,True
Lithuania,Spatial and Physical Reasoning,2017,0,True
Lithuania,Spatial and Physical Reasoning,2018,3,True
South Korea,Spatial and Physical Reasoning,2024,1795,False
Austria,Spatial and Physical Reasoning,2016,3,True
Austria,Spatial and Physical Reasoning,2017,3,True
Singapore,Spatial and Physical Reasoning,2020,30,True
Peru,Spatial and Physical Reasoning,2018,2,True
Greece,Spatial and Physical Reasoning,2024,3,False
Costa Rica,Spatial and Physical Reasoning,2023,1,False
Morocco,Spatial and Physical Reasoning,2019,4,True
Sweden,Spatial and Physical Reasoning,2022,18,False
Greece,Speech Processing,2020,0,True
Brazil,Speech Processing,2020,7,True
Ukraine,Speech Processing,2025,0,False
Poland,Speech Processing,2017,0,True
Serbia,Speech Processing,2023,0,False
Peru,Speech Processing,2019,0,True
Argentina,Speech Processing,2019,0,True
Netherlands,Speech Processing,2017,1,True
Australia,Speech Processing,2017,22,True
Australia,Speech Processing,2018,15,True
Australia,Speech Processing,2024,1,False
Canada,Telecommunications,2023,30,False
Bulgaria,Telecommunications,2022,0,False
Serbia,Telecommunications,2017,1,True
Peru,Telecommunications,2016,1,True
Russia,Telecommunications,2017,36,True
Mexico,Telecommunications,2019,29,True
Italy,Telecommunications,2019,14,True
India,Transportation,2017,17,True
Moldova,Transportation,2021,0,True
France,Transportation,2020,65,True
China,Transportation,2022,9960,False
China,Transportation,2023,16450,False
Netherlands,Transportation,2019,2,True
Finland,Transportation,2019,5,True
Finland,Transportation,2020,1,True
Lithuania,Transportation,2022,0,False
Bulgaria,Transportation,2019,0,True
Greece,Transportation,2022,1,False
Argentina,Transportation,2019,2,True
Sweden,Transportation,2025,3,False
Germany,Agriculture,2017,6,True
Ukraine,Agriculture,2023,0,False
Sweden,Agriculture,2017,2,True
San Marino,Agriculture,2018,1,True
United Kingdom,Agriculture,2018,9,True
India,Agriculture,2021,0,True
India,Agriculture,2024,0,False
Italy,Agriculture,2017,2,True
Jordan,Agriculture,2023,0,False
Spain,Agriculture,2018,11,True
Spain,Agriculture,2025,0,False
New Zealand,All,2021,6,True
South Korea,All,2022,11279,False
Lithuania,All,2018,11,True
Morocco,All,2023,13,False
Japan,All,2020,4589,True
United States,Analytics and Algorithms,2025,31,False
Canada,Analytics and Algorithms,2023,13,False
Switzerland,Analytics and Algorithms,2020,0,True
Italy,Analytics and Algorithms,2020,16,True
Italy,Analytics and Algorithms,2022,15,False
Austria,Analytics and Algorithms,2020,3,True
Finland,Analytics and Algorithms,2020,14,True
Argentina,Analytics and Algorithms,2017,0,True
Brazil,Banking and Finance,2022,0,False
Turkey,Banking and Finance,2018,2,True
Turkey,Banking and Finance,2023,15,False
Portugal,Banking and Finance,2016,0,True
United States,Banking and Finance,2017,624,True
Norway,Banking and Finance,2018,1,True
United Kingdom,Banking and Finance,2018,21,True
Taiwan,Banking and Finance,2024,50,False
India,Banking and Finance,2023,0,False
Australia,Banking and Finance,2022,35,False
Poland,Banking and Finance,2021,2,True
Czechia,Banking and Finance,2021,0,True
Japan,Bio-Inspired Computing,2019,196,True
Greece,Bio-Inspired Computing,2025,0,False
Germany,Bio-Inspired Computing,2023,58,False
New Zealand,Bio-Inspired Computing,2017,1,True
France,Bio-Inspired Computing,2023,14,False
Spain,Bio-Inspired Computing,2018,6,True
Serbia,Bio-Inspired Computing,2019,0,True
Canada,Bio-Inspired Computing,2023,4,False
Morocco,Bio-Inspired Computing,2017,0,True
San Marino,Bio-Inspired Computing,2023,0,False
United States,Bio-Inspired Computing,2023,269,False
China,Bio-Inspired Computing,2017,1321,True
Taiwan,Bio-Inspired Computing,2018,12,True
India,Bio-Inspired Computing,2016,13,True
Netherlands,Bio-Inspired Computing,2019,2,True
Chile,Bio-Inspired Computing,2019,0,True
Mexico,Business,2016,18,True
Italy,Business,2020,8,True
Denmark,Business,2016,2,True
Argentina,Business,2016,0,True
Portugal,Business,2019,1,True
Bulgaria,Computer Vision,2021,1,True
Australia,Computer Vision,2019,208,True
Finland,Computer Vision,2017,11,True
Philippines,Computer Vision,2016,2,True
Japan,Computer Vision,2022,1501,False
Morocco,Computer Vision,2024,2,False
Taiwan,Computer Vision,2025,9,False
Norway,Computing in Government,2019,0,True
Norway,Computing in Government,2024,0,False
Denmark,Computing in Government,2017,0,True
New Zealand,Computing in Government,2020,0,True
Slovakia,Computing in Government,2025,0,False
United States,Computing in Government,2024,22,False
South Africa,Computing in Government,2018,0,True
Ukraine,Computing in Government,2023,0,False
Czechia,Computing in Government,2020,0,True
Argentina,Control Methods,2023,1,False
Finland,Control Methods,2024,0,False
Ukraine,Control Methods,2019,0,True
China,Control Methods,2016,885,True
China,Control Methods,2018,1840,True
United States,Control Methods,2024,432,False
Portugal,Control Methods,2023,1,False
Luxembourg,Control Methods,2016,3,True
Luxembourg,Control Methods,2018,0,True
Luxembourg,Control Methods,2021,5,True
Israel,Control Methods,2016,2,True
Romania,Control Methods,2019,1,True
Romania,Control Methods,2020,1,True
Jordan,Control Methods,2023,0,False
India,Control Methods,2019,0,True
Croatia,Control Methods,2024,0,False
Germany,Distributed AI,2022,18,False
Philippines,Distributed AI,2020,2,True
Belgium,Distributed AI,2025,0,False
Uruguay,Distributed AI,2017,0,True
Luxembourg,Distributed AI,2024,3,False
Australia,Distributed AI,2019,10,True
Costa Rica,Distributed AI,2019,0,True
Morocco,Distributed AI,2018,0,True
Serbia,Distributed AI,2023,0,False
Greece,Education,2016,0,True
Poland,Education,2024,0,False
Morocco,Education,2021,0,True
Slovakia,Education,2020,0,True
Netherlands,Education,2021,1,True
Brazil,Education,2020,2,True
Philippines,Education,2019,2,True
Lithuania,Education,2022,0,False
Austria,Education,2019,0,True
Austria,Education,2022,1,False
Switzerland,Education,2024,0,False
India,Education,2019,1,True
South Korea,Energy Management,2019,429,True
Croatia,Energy Management,2025,1,False
Turkey,Energy Management,2021,1,True
Hungary,Energy Management,2022,0,False
Malaysia,Energy Management,2021,0,True
Paraguay,Energy Management,2021,0,True
Israel,Energy Management,2017,0,True
Switzerland,Energy Management,2019,0,True
Belgium,Energy Management,2017,0,True
Belgium,Energy Management,2020,1,True
Denmark,Energy Management,2024,0,False
Taiwan,Fuzzy Logic,2018,5,True
New Zealand,Fuzzy Logic,2016,1,True
South Africa,Fuzzy Logic,2020,0,True
Italy,Fuzzy Logic,2018,0,True
Norway,Fuzzy Logic,2021,0,True
France,Fuzzy Logic,2023,5,False
South Korea,Fuzzy Logic,2016,18,True
South Korea,Fuzzy Logic,2024,15,False
Denmark,Fuzzy Logic,2018,1,True
Singapore,Fuzzy Logic,2018,4,True
Ukraine,Fuzzy Logic,2019,0,True
Ukraine,Fuzzy Logic,2023,0,False
Italy,Industry and Manufacturing,2016,3,True
Croatia,Industry and Manufacturing,2021,0,True
Singapore,Industry and Manufacturing,2019,4,True
Moldova,Industry and Manufacturing,2021,0,True
Serbia,Industry and Manufacturing,2019,2,True
France,Industry and Manufacturing,2021,20,True
United States,Knowledge Representation,2021,886,True
Australia,Knowledge Representation,2017,13,True
South Africa,Knowledge Representation,2024,0,False
Greece,Knowledge Representation,2023,0,False
Italy,Knowledge Representation,2018,1,True
Romania,Knowledge Representation,2019,0,True
Mexico,Knowledge Representation,2017,0,True
Switzerland,Knowledge Representation,2016,0,True
Portugal,Knowledge Representation,2018,1,True
Poland,Knowledge Representation,2017,0,True
Belgium,Knowledge Representation,2016,0,True
Romania,Natural Language Processing,2016,0,True
Argentina,Natural Language Processing,2023,1,False
Norway,Natural Language Processing,2016,0,True
Greece,Natural Language Processing,2024,0,False
Belgium,Natural Language Processing,2024,0,False
United States,Natural Language Processing,2021,1574,True
South Korea,Life Sciences,2025,65,False
United States,Life Sciences,2019,2240,True
Chile,Life Sciences,2018,0,True
New Zealand,Life Sciences,2023,0,False
Finland,Life Sciences,2018,13,True
Czechia,Life Sciences,2017,0,True
Ukraine,Life Sciences,2021,1,True
United States,Logic-Based Knowledge Systems,2018,3054,True
Serbia,Logic-Based Knowledge Systems,2024,2,False
United Kingdom,Logic-Based Knowledge Systems,2016,28,True
Argentina,Logic-Based Knowledge Systems,2020,2,True
Spain,Logic-Based Knowledge Systems,2025,0,False
Russia,Logic-Based Knowledge Systems,2019,18,True
Finland,Logic-Based Knowledge Systems,2016,0,True
San Marino,Logic-Based Knowledge Systems,2018,0,True
Slovakia,Logic-Based Knowledge Systems,2023,0,False
Mexico,Logic-Based Knowledge Systems,2019,14,True
Italy,Logic-Based Knowledge Systems,2016,2,True
Morocco,Logic-Based Knowledge Systems,2021,0,True
Austria,Logic-Based Knowledge Systems,2019,2,True
Australia,Logic-Based Knowledge Systems,2016,64,True
Norway,Markov and Bayesian Models,2023,0,False
Croatia,Markov and Bayesian Models,2017,0,True
Romania,Markov and Bayesian Models,2019,0,True
Panama,Markov and Bayesian Models,2016,0,True
San Marino,Markov and Bayesian Models,2017,0,True
Ukraine,Markov and Bayesian Models,2017,0,True
France,Measuring and Testing,2024,49,False
Czechia,Measuring and Testing,2021,0,True
New Zealand,Measuring and Testing,2019,4,True
New Zealand,Measuring and Testing,2023,1,False
Italy,Measuring and Testing,2024,9,False
Saudi Arabia,Measuring and Testing,2019,0,True
Netherlands,Measuring and Testing,2023,10,False
Mexico,Measuring and Testing,2023,2,False
Argentina,Measuring and Testing,2018,4,True
Chile,Measuring and Testing,2024,1,False
Romania,Measuring and Testing,2023,3,False
Norway,Measuring and Testing,2025,0,False
United States,Measuring and Testing,2023,814,False
Australia,Neural Networks,2024,52,False
Canada,Neural Networks,2020,519,True
South Africa,Neural Networks,2020,4,True
Iran,Neural Networks,2018,0,True
Japan,Neural Networks,2017,1185,True
Israel,Neural Networks,2021,15,True
Ireland,Neural Networks,2016,2,True
Ireland,Neural Networks,2023,5,False
Taiwan,Neural Networks,2019,303,True
Romania,Neural Networks,2018,4,True
Netherlands,Neural Networks,2016,3,True
Austria,Neural Networks,2016,2,True
Austria,Neural Networks,2021,7,True
Philippines,Ontology Engineering,2023,0,False
France,Ontology Engineering,2020,3,True
Sweden,Ontology Engineering,2019,0,True
Canada,Ontology Engineering,2017,14,True
Poland,Ontology Engineering,2022,0,False
Switzerland,Ontology Engineering,2023,0,False
Luxembourg,Ontology Engineering,2025,11,False
Croatia,Ontology Engineering,2024,0,False
Netherlands,Ontology Engineering,2025,0,False
Romania,Ontology Engineering,2020,0,True
France,Other and Unspecified,2023,96,False
Australia,Other and Unspecified,2017,121,True
Belgium,Other and Unspecified,2016,1,True
China,Other and Unspecified,2017,5891,True
Bulgaria,Other and Unspecified,2022,2,False
Turkey,Other and Unspecified,2024,55,False
Russia,Other and Unspecified,2016,47,True
Russia,Other and Unspecified,2017,57,True
Canada,Personal Devices and Computing,2017,271,True
Lithuania,Personal Devices and Computing,2018,4,True
Denmark,Personal Devices and Computing,2017,17,True
Finland,Personal Devices and Computing,2024,10,False
Serbia,Personal Devices and Computing,2025,1,False
United Kingdom,Personal Devices and Computing,2023,168,False
Luxembourg,Personal Devices and Computing,2016,2,True
Norway,Personal Devices and Computing,2023,3,False
Greece,Personal Devices and Computing,2025,0,False
New Zealand,Personal Devices and Computing,2018,6,True
Costa Rica,Personal Devices and Computing,2021,0,True
Ireland,Physical Sciences and Engineering,2021,1,True
Austria,Physical Sciences and Engineering,2016,10,True
Brazil,Physical Sciences and Engineering,2020,162,True
Ukraine,Physical Sciences and Engineering,2016,4,True
Romania,Physical Sciences and Engineering,2021,12,True
Serbia,Physical Sciences and Engineering,2025,1,False
Portugal,Physical Sciences and Engineering,2016,10,True
Portugal,Physical Sciences and Engineering,2019,11,True
Germany,Physical Sciences and Engineering,2023,1503,False
Turkey,Physical Sciences and Engineering,2020,45,True
Belgium,Planning and Scheduling,2020,0,True
Greece,Planning and Scheduling,2025,1,False
Japan,Planning and Scheduling,2016,119,True
Israel,Planning and Scheduling,2018,1,True
Israel,Planning and Scheduling,2023,4,False
Serbia,Planning and Scheduling,2017,0,True
Poland,Planning and Scheduling,2018,4,True
Russia,Planning and Scheduling,2021,1,True
Canada,Robotics,2021,55,True
Ukraine,Robotics,2025,0,False
Uruguay,Robotics,2020,0,True
Chile,Robotics,2023,0,False
Lithuania,Robotics,2016,0,True
Belgium,Robotics,2020,0,True
France,Robotics,2021,7,True
Israel,Search Methods,2016,1,True
Philippines,Search Methods,2019,0,True
South Africa,Search Methods,2018,2,True
Lithuania,Search Methods,2020,0,True
Chile,Search Methods,2023,0,False
United States,Search Methods,2024,168,False
Sweden,Search Methods,2016,1,True
Spain,Search Methods,2018,6,True
Austria,Security,2019,0,True
Switzerland,Security,2023,0,False
Switzerland,Security,2024,1,False
Japan,Security,2017,139,True
Oman,Security,2016,1,True
Croatia,Security,2018,0,True
Netherlands,Security,2024,1,False
Philippines,Security,2023,0,False
Portugal,Security,2022,0,False
Ukraine,Security,2016,0,True
South Africa,Security,2019,0,True
Israel,Security,2020,10,True
Norway,Security,2021,0,True
Italy,Security,2021,13,True
Argentina,Security,2021,0,True
Belgium,Spatial and Physical Reasoning,2023,2,False
South Korea,Spatial and Physical Reasoning,2025,117,False
Austria,Spatial and Physical Reasoning,2020,5,True
New Zealand,Spatial and Physical Reasoning,2019,6,True
New Zealand,Spatial and Physical Reasoning,2023,1,False
Peru,Spatial and Physical Reasoning,2021,1,True
France,Spatial and Physical Reasoning,2017,30,True
Chile,Speech Processing,2023,0,False
Sweden,Speech Processing,2019,0,True
Hungary,Speech Processing,2016,0,True
Hungary,Speech Processing,2018,0,True
South Korea,Speech Processing,2020,625,True
Singapore,Speech Processing,2021,0,True
Serbia,Speech Processing,2021,0,True
United Kingdom,Speech Processing,2021,30,True
Costa Rica,Speech Processing,2023,0,False
Romania,Telecommunications,2022,0,False
Slovakia,Telecommunications,2021,1,True
Spain,Telecommunications,2019,37,True
Netherlands,Telecommunications,2024,8,False
Switzerland,Telecommunications,2024,1,False
Germany,Telecommunications,2022,180,False
Denmark,Transportation,2023,0,False
Japan,Transportation,2022,281,False
Taiwan,Transportation,2017,11,True
Indonesia,Transportation,2016,0,True
Serbia,Transportation,2017,1,True
Thailand,Transportation,2017,0,True
Norway,Transportation,2017,2,True
Italy,Transportation,2023,12,False
Costa Rica,Agriculture,2025,0,False
Chile,Agriculture,2019,0,True
Japan,Agriculture,2018,51,True
Netherlands,Agriculture,2023,2,False
Czechia,Agriculture,2021,1,True
China,Agriculture,2021,1135,True
Austria,Agriculture,2023,1,False
United States,Agriculture,2020,219,True
Uruguay,Agriculture,2017,1,True
Spain,Agriculture,2023,1,False
France,All,2024,236,False
Costa Rica,All,2019,1,True
New Zealand,All,2018,15,True
Colombia,All,2023,3,False
South Korea,All,2026,1,False
Ukraine,All,2016,4,True
Morocco,All,2016,3,True
China,All,2026,1881,False
Poland,All,2020,33,True
Belgium,All,2020,7,True
Malaysia,All,2021,14,True
Spain,All,2016,72,True
Spain,All,2023,42,False
Tunisia,All,2020,1,True
Lithuania,Analytics and Algorithms,2020,0,True
Georgia,Analytics and Algorithms,2023,0,False
Singapore,Analytics and Algorithms,2021,1,True
South Korea,Analytics and Algorithms,2023,866,False
Malaysia,Analytics and Algorithms,2020,0,True
Costa Rica,Analytics and Algorithms,2021,0,True
Tunisia,Analytics and Algorithms,2021,1,True
France,Analytics and Algorithms,2022,47,False
New Zealand,Analytics and Algorithms,2020,4,True
Brazil,Banking and Finance,2019,18,True
Turkey,Banking and Finance,2021,4,True
Switzerland,Banking and Finance,2018,0,True
Spain,Banking and Finance,2021,8,True
Singapore,Banking and Finance,2021,1,True
Germany,Banking and Finance,2025,18,False
Canada,Banking and Finance,2019,70,True
Czechia,Banking and Finance,2025,0,False
Russia,Banking and Finance,2017,11,True
Russia,Banking and Finance,2018,8,True
Costa Rica,Bio-Inspired Computing,2025,0,False
Switzerland,Bio-Inspired Computing,2017,0,True
Greece,Bio-Inspired Computing,2016,1,True
Luxembourg,Bio-Inspired Computing,2018,0,True
Hungary,Bio-Inspired Computing,2023,0,False
Portugal,Bio-Inspired Computing,2021,0,True
Bulgaria,Bio-Inspired Computing,2021,0,True
Malaysia,Bio-Inspired Computing,2021,0,True
Mexico,Bio-Inspired Computing,2020,7,True
Poland,Business,2017,2,True
Poland,Business,2023,4,False
Israel,Business,2023,4,False
Luxembourg,Business,2016,0,True
Jordan,Business,2017,1,True
Sweden,Computer Vision,2021,11,True
New Zealand,Computer Vision,2018,5,True
Germany,Computer Vision,2018,256,True
United Kingdom,Computer Vision,2016,63,True
United Kingdom,Computer Vision,2024,168,False
Serbia,Computer Vision,2023,2,False
Serbia,Computer Vision,2025,0,False
Portugal,Computer Vision,2016,4,True
Russia,Computer Vision,2019,42,True
Austria,Computer Vision,2023,2,False
United States,Computer Vision,2020,5225,True
Colombia,Computer Vision,2022,3,False
Colombia,Computer Vision,2023,3,False
Czechia,Computer Vision,2020,1,True
Jordan,Computing in Government,2017,0,True
Belgium,Computing in Government,2021,0,True
Chile,Computing in Government,2019,0,True
Norway,Computing in Government,2016,0,True
Norway,Computing in Government,2017,0,True
Colombia,Computing in Government,2021,0,True
Spain,Computing in Government,2023,0,False
Turkey,Computing in Government,2022,1,False
Moldova,Computing in Government,2021,0,True
Netherlands,Computing in Government,2016,0,True
Argentina,Control Methods,2019,4,True
Ukraine,Control Methods,2021,0,True
Greece,Control Methods,2016,0,True
Turkey,Control Methods,2019,7,True
Tunisia,Control Methods,2023,0,False
Switzerland,Control Methods,2022,0,False
Hungary,Distributed AI,2018,0,True
Romania,Distributed AI,2021,0,True
Singapore,Distributed AI,2016,0,True
Norway,Distributed AI,2017,0,True
Sweden,Distributed AI,2018,1,True
Sweden,Distributed AI,2022,1,False
Italy,Distributed AI,2023,0,False
Ukraine,Distributed AI,2019,0,True
Croatia,Distributed AI,2024,0,False
Denmark,Distributed AI,2020,0,True
Latvia,Distributed AI,2017,0,True
Taiwan,Distributed AI,2018,1,True
Taiwan,Distributed AI,2023,3,False
San Marino,Distributed AI,2023,0,False
Luxembourg,Distributed AI,2022,0,False
Malaysia,Distributed AI,2018,0,True
China,Distributed AI,2019,112,True
Netherlands,Distributed AI,2023,0,False
Slovenia,Education,2018,0,True
Denmark,Education,2021,0,True
Uruguay,Education,2017,0,True
United Kingdom,Education,2017,7,True
United Kingdom,Education,2021,4,True
Italy,Education,2017,1,True
Croatia,Education,2018,0,True
Australia,Education,2021,36,True
Belgium,Education,2023,0,False
Belgium,Education,2025,1,False
Finland,Energy Management,2024,0,False
Mexico,Energy Management,2017,4,True
San Marino,Energy Management,2023,0,False
Brazil,Energy Management,2018,7,True
Argentina,Energy Management,2017,1,True
Canada,Energy Management,2023,2,False
Ukraine,Energy Management,2016,0,True
Hungary,Fuzzy Logic,2021,0,True
Morocco,Fuzzy Logic,2020,0,True
San Marino,Fuzzy Logic,2020,0,True
Denmark,Fuzzy Logic,2023,1,False
Russia,Fuzzy Logic,2017,24,True
Japan,Fuzzy Logic,2016,16,True
Bulgaria,Fuzzy Logic,2017,0,True
India,Fuzzy Logic,2018,4,True
India,Fuzzy Logic,2024,0,False
Bulgaria,Industry and Manufacturing,2020,0,True
Bulgaria,Industry and Manufacturing,2021,0,True
Sweden,Industry and Manufacturing,2016,1,True
China,Industry and Manufacturing,2021,5467,True
Ireland,Industry and Manufacturing,2022,0,False
Spain,Industry and Manufacturing,2020,18,True
United Kingdom,Industry and Manufacturing,2017,18,True
United Kingdom,Industry and Manufacturing,2024,21,False
Russia,Industry and Manufacturing,2021,2,True
Germany,Industry and Manufacturing,2025,6,False
Czechia,Industry and Manufacturing,2021,0,True
Czechia,Industry and Manufacturing,2023,1,False
Turkey,Knowledge Representation,2021,2,True
Sweden,Knowledge Representation,2017,0,True
Luxembourg,Knowledge Representation,2016,0,True
Germany,Knowledge Representation,2024,19,False
Mexico,Knowledge Representation,2024,0,False
India,Knowledge Representation,2016,28,True
India,Knowledge Representation,2020,0,True
Belgium,Knowledge Representation,2025,0,False
Russia,Natural Language Processing,2018,13,True
San Marino,Natural Language Processing,2023,1,False
Norway,Natural Language Processing,2025,1,False
Serbia,Natural Language Processing,2018,0,True
Switzerland,Natural Language Processing,2017,0,True
Switzerland,Natural Language Processing,2023,2,False
Turkey,Natural Language Processing,2023,4,False
Georgia,Natural Language Processing,2023,0,False
Belgium,Natural Language Processing,2020,0,True
Japan,Natural Language Processing,2016,107,True
Japan,Natural Language Processing,2019,172,True
South Korea,Natural Language Processing,2019,473,True
Paraguay,Natural Language Processing,2021,0,True
Denmark,Life Sciences,2023,2,False
China,Life Sciences,2024,14739,False
Costa Rica,Life Sciences,2025,0,False
Colombia,Life Sciences,2019,1,True
Morocco,Life Sciences,2020,0,True
Canada,Life Sciences,2022,262,False
Colombia,Logic-Based Knowledge Systems,2022,0,False
Saudi Arabia,Logic-Based Knowledge Systems,2021,0,True
Saudi Arabia,Logic-Based Knowledge Systems,2022,0,False
Jordan,Logic-Based Knowledge Systems,2023,0,False
Spain,Logic-Based Knowledge Systems,2023,0,False
Mexico,Logic-Based Knowledge Systems,2024,0,False
Peru,Logic-Based Knowledge Systems,2020,3,True
Chile,Markov and Bayesian Models,2023,0,False
Germany,Markov and Bayesian Models,2017,31,True
United States,Markov and Bayesian Models,2018,2185,True
United States,Markov and Bayesian Models,2019,2123,True
Italy,Markov and Bayesian Models,2023,8,False
Austria,Markov and Bayesian Models,2019,0,True
Austria,Markov and Bayesian Models,2020,1,True
Latvia,Markov and Bayesian Models,2017,0,True
Switzerland,Markov and Bayesian Models,2023,1,False
Israel,Markov and Bayesian Models,2021,2,True
Hungary,Measuring and Testing,2024,2,False
Croatia,Measuring and Testing,2017,0,True
Turkey,Measuring and Testing,2018,1,True
China,Measuring and Testing,2016,873,True
Ireland,Measuring and Testing,2016,0,True
South Korea,Neural Networks,2017,1402,True
China,Neural Networks,2019,31746,True
Brazil,Neural Networks,2022,12,False
Mexico,Neural Networks,2018,55,True
New Zealand,Neural Networks,2022,0,False
Australia,Neural Networks,2021,804,True
India,Neural Networks,2019,8,True
Morocco,Neural Networks,2019,5,True
Croatia,Neural Networks,2019,1,True
Israel,Neural Networks,2024,14,False
Chile,Ontology Engineering,2021,0,True
Turkey,Ontology Engineering,2021,0,True
Switzerland,Ontology Engineering,2018,0,True
Denmark,Ontology Engineering,2020,0,True
Germany,Ontology Engineering,2018,17,True
Ukraine,Ontology Engineering,2016,0,True
Spain,Ontology Engineering,2017,2,True
Sweden,Other and Unspecified,2021,10,True
Denmark,Other and Unspecified,2022,7,False
Germany,Other and Unspecified,2019,265,True
Portugal,Other and Unspecified,2016,7,True
China,Other and Unspecified,2020,20792,True
New Zealand,Other and Unspecified,2020,2,True
Morocco,Other and Unspecified,2022,3,False
Turkey,Other and Unspecified,2016,5,True
Canada,Personal Devices and Computing,2023,83,False
Thailand,Personal Devices and Computing,2017,0,True
Saudi Arabia,Personal Devices and Computing,2022,0,False
Denmark,Personal Devices and Computing,2021,3,True
Russia,Personal Devices and Computing,2019,97,True
Slovakia,Personal Devices and Computing,2020,2,True
Romania,Personal Devices and Computing,2020,3,True
Uruguay,Personal Devices and Computing,2022,0,False
Italy,Personal Devices and Computing,2021,35,True
Colombia,Personal Devices and Computing,2021,1,True
United Kingdom,Physical Sciences and Engineering,2023,599,False
Romania,Physical Sciences and Engineering,2019,6,True
Mexico,Physical Sciences and Engineering,2023,17,False
Bulgaria,Physical Sciences and Engineering,2020,12,True
Czechia,Physical Sciences and Engineering,2018,3,True
Serbia,Physical Sciences and Engineering,2023,7,False
Netherlands,Physical Sciences and Engineering,2020,19,True
Australia,Physical Sciences and Engineering,2022,540,False
Taiwan,Physical Sciences and Engineering,2023,651,False
Chile,Physical Sciences and Engineering,2023,3,False
South Korea,Planning and Scheduling,2020,794,True
Denmark,Planning and Scheduling,2022,0,False
Sweden,Planning and Scheduling,2020,3,True
Argentina,Planning and Scheduling,2017,1,True
Italy,Planning and Scheduling,2019,2,True
Brazil,Planning and Scheduling,2021,14,True
Oman,Planning and Scheduling,2016,0,True
Serbia,Planning and Scheduling,2019,0,True
Malaysia,Planning and Scheduling,2019,3,True
Luxembourg,Planning and Scheduling,2016,0,True
Luxembourg,Planning and Scheduling,2024,39,False
Russia,Planning and Scheduling,2016,12,True
Mexico,Robotics,2016,7,True
Mexico,Robotics,2025,0,False
Denmark,Robotics,2021,0,True
Bulgaria,Robotics,2025,0,False
Morocco,Robotics,2019,0,True
Finland,Robotics,2017,1,True
France,Robotics,2019,12,True
Netherlands,Robotics,2016,0,True
Netherlands,Robotics,2020,3,True
Croatia,Robotics,2020,0,True
Israel,Robotics,2018,2,True
Malaysia,Search Methods,2018,1,True
Jordan,Search Methods,2021,0,True
Canada,Search Methods,2018,67,True
Greece,Search Methods,2018,1,True
Singapore,Search Methods,2021,0,True
Czechia,Search Methods,2022,0,False
Spain,Search Methods,2020,3,True
Hungary,Search Methods,2017,0,True
Hungary,Search Methods,2023,0,False
Ukraine,Search Methods,2023,0,False
Switzerland,Security,2017,0,True
Moldova,Security,2021,0,True
Malaysia,Security,2022,0,False
Poland,Security,2017,0,True
Lithuania,Security,2021,0,True
Serbia,Security,2021,0,True
Finland,Security,2022,2,False
Romania,Security,2021,0,True
Germany,Security,2024,35,False
Italy,Security,2016,1,True
Ireland,Spatial and Physical Reasoning,2022,0,False
China,Spatial and Physical Reasoning,2016,2491,True
Singapore,Spatial and Physical Reasoning,2018,74,True
Portugal,Spatial and Physical Reasoning,2020,3,True
Poland,Spatial and Physical Reasoning,2024,2,False
Georgia,Spatial and Physical Reasoning,2023,1,False
Croatia,Spatial and Physical Reasoning,2022,0,False
Sweden,Spatial and Physical Reasoning,2016,4,True
Sweden,Speech Processing,2021,1,True
San Marino,Speech Processing,2017,0,True
Denmark,Speech Processing,2021,1,True
Colombia,Speech Processing,2019,0,True
Mexico,Speech Processing,2022,1,False
Belgium,Telecommunications,2022,0,False
China,Telecommunications,2024,15120,False
Greece,Telecommunications,2022,1,False
Uruguay,Telecommunications,2020,0,True
Sweden,Telecommunications,2019,3,True
India,Telecommunications,2021,0,True
New Zealand,Telecommunications,2016,1,True
New Zealand,Telecommunications,2023,0,False
Ireland,Transportation,2022,0,False
Saudi Arabia,Transportation,2018,0,True
South Korea,Transportation,2018,450,True
Denmark,Transportation,2019,4,True
Germany,Transportation,2016,123,True
Chile,Transportation,2019,0,True
Ukraine,Transportation,2025,0,False
Greece,Transportation,2017,1,True
Greece,Transportation,2023,1,False
Philippines,Transportation,2023,1,False
Israel,Transportation,2019,4,True
South Korea,Agriculture,2023,283,False
Hungary,Agriculture,2017,1,True
Greece,Agriculture,2020,1,True
Argentina,Agriculture,2017,1,True
United Kingdom,Agriculture,2024,15,False
Finland,Agriculture,2017,0,True
India,Agriculture,2017,0,True
India,Agriculture,2018,2,True
Cuba,Agriculture,2020,0,True
Croatia,Agriculture,2025,0,False
Belgium,Agriculture,2017,2,True
Sweden,All,2017,13,True
Peru,All,2020,15,True
Canada,All,2024,59,False
Greece,All,2019,3,True
Greece,All,2020,6,True
Japan,All,2024,1782,False
Netherlands,All,2023,41,False
India,All,2019,12,True
Finland,All,2019,39,True
Luxembourg,Analytics and Algorithms,2017,1,True
United States,Analytics and Algorithms,2018,1206,True
Czechia,Analytics and Algorithms,2017,0,True
Belgium,Analytics and Algorithms,2022,1,False
Austria,Analytics and Algorithms,2017,2,True
San Marino,Analytics and Algorithms,2018,0,True
Israel,Analytics and Algorithms,2017,5,True
Malaysia,Analytics and Algorithms,2019,2,True
Malaysia,Analytics and Algorithms,2022,1,False
Latvia,Analytics and Algorithms,2017,0,True
Netherlands,Analytics and Algorithms,2024,6,False
India,Analytics and Algorithms,2017,31,True
Brazil,Banking and Finance,2020,10,True
South Korea,Banking and Finance,2022,442,False
Chile,Banking and Finance,2021,0,True
Chile,Banking and Finance,2024,0,False
Switzerland,Banking and Finance,2024,1,False
Romania,Banking and Finance,2016,0,True
Argentina,Banking and Finance,2016,0,True
Belgium,Banking and Finance,2018,0,True
Denmark,Banking and Finance,2017,2,True
Denmark,Banking and Finance,2019,0,True
Czechia,Banking and Finance,2024,0,False
Costa Rica,Banking and Finance,2023,0,False
Japan,Bio-Inspired Computing,2022,112,False
Colombia,Bio-Inspired Computing,2024,0,False
Ukraine,Bio-Inspired Computing,2022,0,False
Ireland,Bio-Inspired Computing,2016,1,True
Singapore,Bio-Inspired Computing,2020,3,True
Belgium,Bio-Inspired Computing,2019,0,True
South Korea,Bio-Inspired Computing,2020,171,True
South Korea,Bio-Inspired Computing,2026,0,False
Chile,Bio-Inspired Computing,2023,0,False
Spain,Business,2021,9,True
Colombia,Business,2022,1,False
Mexico,Business,2020,23,True
Mexico,Business,2025,3,False
Turkey,Business,2021,8,True
Romania,Business,2018,0,True
Serbia,Business,2017,0,True
Ukraine,Business,2016,0,True
Argentina,Business,2023,1,False
Philippines,Business,2021,5,True
Philippines,Business,2023,2,False
Malaysia,Business,2018,5,True
Malaysia,Business,2022,0,False
Switzerland,Business,2020,0,True
Chile,Business,2017,0,True
Sweden,Computer Vision,2018,8,True
France,Computer Vision,2023,144,False
Netherlands,Computer Vision,2021,14,True
China,Computer Vision,2016,2086,True
Mexico,Computer Vision,2017,10,True
Mexico,Computer Vision,2021,47,True
San Marino,Computer Vision,2017,1,True
Argentina,Computer Vision,2020,6,True
Ukraine,Computer Vision,2017,1,True
Russia,Computing in Government,2016,1,True
Bulgaria,Computing in Government,2018,0,True
United Kingdom,Computing in Government,2022,4,False
Norway,Computing in Government,2022,0,False
New Zealand,Computing in Government,2022,0,False
Finland,Computing in Government,2020,1,True
Luxembourg,Computing in Government,2016,0,True
Philippines,Computing in Government,2022,0,False
Turkey,Computing in Government,2025,0,False
Netherlands,Computing in Government,2020,0,True
Czechia,Computing in Government,2021,0,True
Morocco,Control Methods,2022,0,False
Ukraine,Control Methods,2024,0,False
China,Control Methods,2017,1411,True
Hungary,Control Methods,2020,1,True
United Kingdom,Control Methods,2017,60,True
Luxembourg,Control Methods,2022,15,False
Serbia,Control Methods,2021,0,True
Switzerland,Control Methods,2018,1,True
South Korea,Distributed AI,2016,4,True
Philippines,Distributed AI,2022,0,False
United Kingdom,Distributed AI,2025,0,False
Sweden,Distributed AI,2025,0,False
Turkey,Distributed AI,2021,0,True
Slovenia,Distributed AI,2019,0,True
Slovakia,Distributed AI,2024,0,False
Sweden,Education,2018,0,True
Poland,Education,2020,1,True
Luxembourg,Education,2023,5,False
Mexico,Education,2021,1,True
Brazil,Education,2022,0,False
China,Education,2021,1079,True
Israel,Education,2017,0,True
Croatia,Education,2021,0,True
Argentina,Education,2020,1,True
Ukraine,Education,2021,0,True
Latvia,Education,2020,0,True
Greece,Energy Management,2016,0,True
Romania,Energy Management,2019,0,True
Turkey,Energy Management,2016,0,True
Turkey,Energy Management,2022,3,False
Sweden,Energy Management,2022,4,False
Italy,Energy Management,2024,5,False
Colombia,Energy Management,2017,0,True
Colombia,Energy Management,2019,0,True
Colombia,Energy Management,2021,0,True
Taiwan,Energy Management,2020,29,True
Poland,Energy Management,2020,4,True
Chile,Energy Management,2023,0,False
Argentina,Energy Management,2023,0,False
Lithuania,Energy Management,2020,1,True
Germany,Fuzzy Logic,2022,5,False
Finland,Fuzzy Logic,2023,0,False
Morocco,Fuzzy Logic,2019,0,True
Spain,Fuzzy Logic,2022,1,False
Israel,Fuzzy Logic,2021,0,True
Turkey,Fuzzy Logic,2022,0,False
Switzerland,Fuzzy Logic,2022,0,False
South Korea,Fuzzy Logic,2021,27,True
Belgium,Fuzzy Logic,2023,0,False
Norway,Industry and Manufacturing,2025,0,False
Belgium,Industry and Manufacturing,2016,0,True
Serbia,Industry and Manufacturing,2016,0,True
Finland,Industry and Manufacturing,2016,1,True
Oman,Industry and Manufacturing,2016,0,True
Hungary,Knowledge Representation,2016,0,True
Australia,Knowledge Representation,2023,25,False
Israel,Knowledge Representation,2016,0,True
Kenya,Knowledge Representation,2016,0,True
France,Knowledge Representation,2024,3,False
Spain,Knowledge Representation,2017,3,True
Poland,Knowledge Representation,2016,2,True
Costa Rica,Knowledge Representation,2020,0,True
Russia,Natural Language Processing,2016,9,True
United Kingdom,Natural Language Processing,2016,16,True
Philippines,Natural Language Processing,2017,0,True
Argentina,Natural Language Processing,2017,0,True
Chile,Natural Language Processing,2023,0,False
Saudi Arabia,Natural Language Processing,2021,0,True
Serbia,Natural Language Processing,2021,0,True
India,Natural Language Processing,2019,2,True
Switzerland,Natural Language Processing,2022,0,False
Netherlands,Natural Language Processing,2020,1,True
Germany,Natural Language Processing,2022,32,False
South Korea,Natural Language Processing,2020,552,True
Italy,Life Sciences,2018,8,True
Latvia,Life Sciences,2020,0,True
Luxembourg,Life Sciences,2023,13,False
Oman,Life Sciences,2016,1,True
Hungary,Life Sciences,2017,2,True
Turkey,Life Sciences,2020,11,True
Sweden,Life Sciences,2021,3,True
Czechia,Life Sciences,2023,0,False
Colombia,Life Sciences,2017,1,True
Croatia,Logic-Based Knowledge Systems,2024,0,False
Romania,Logic-Based Knowledge Systems,2019,0,True
Argentina,Logic-Based Knowledge Systems,2023,0,False
Costa Rica,Logic-Based Knowledge Systems,2021,0,True
Denmark,Logic-Based Knowledge Systems,2017,3,True
Switzerland,Logic-Based Knowledge Systems,2024,0,False
France,Logic-Based Knowledge Systems,2020,21,True
Luxembourg,Logic-Based Knowledge Systems,2025,26,False
Taiwan,Logic-Based Knowledge Systems,2018,26,True
Slovakia,Markov and Bayesian Models,2024,0,False
Croatia,Markov and Bayesian Models,2021,0,True
Poland,Markov and Bayesian Models,2022,3,False
Russia,Markov and Bayesian Models,2021,8,True
South Korea,Markov and Bayesian Models,2017,129,True
Czechia,Markov and Bayesian Models,2024,0,False
Morocco,Markov and Bayesian Models,2020,0,True
Australia,Measuring and Testing,2024,8,False
Switzerland,Measuring and Testing,2024,0,False
New Zealand,Measuring and Testing,2017,5,True
Georgia,Measuring and Testing,2023,0,False
Singapore,Measuring and Testing,2017,18,True
Argentina,Measuring and Testing,2019,3,True
Indonesia,Measuring and Testing,2016,0,True
Bulgaria,Measuring and Testing,2018,0,True
Singapore,Neural Networks,2021,5,True
Belgium,Neural Networks,2018,5,True
Germany,Neural Networks,2023,990,False
France,Neural Networks,2016,25,True
Costa Rica,Neural Networks,2021,1,True
Saudi Arabia,Ontology Engineering,2018,0,True
Jordan,Ontology Engineering,2023,0,False
Peru,Ontology Engineering,2022,0,False
Hungary,Ontology Engineering,2018,0,True
Sweden,Ontology Engineering,2016,0,True
Serbia,Ontology Engineering,2023,0,False
Italy,Ontology Engineering,2022,0,False
Belgium,Ontology Engineering,2021,0,True
Denmark,Ontology Engineering,2022,0,False
China,Ontology Engineering,2020,4325,True
Croatia,Ontology Engineering,2020,0,True
Taiwan,Ontology Engineering,2018,7,True
Greece,Ontology Engineering,2016,0,True
Colombia,Other and Unspecified,2023,1,False
Colombia,Other and Unspecified,2024,1,False
Spain,Other and Unspecified,2017,61,True
Greece,Other and Unspecified,2016,2,True
United States,Other and Unspecified,2025,100,False
Japan,Other and Unspecified,2016,767,True
Mexico,Other and Unspecified,2021,60,True
Peru,Other and Unspecified,2019,0,True
India,Other and Unspecified,2024,2,False
Finland,Other and Unspecified,2018,10,True
Brazil,Personal Devices and Computing,2016,45,True
Chile,Personal Devices and Computing,2018,0,True
Chile,Personal Devices and Computing,2023,1,False
Turkey,Personal Devices and Computing,2018,10,True
India,Personal Devices and Computing,2021,1,True
Denmark,Personal Devices and Computing,2018,17,True
Finland,Personal Devices and Computing,2017,16,True
Ukraine,Personal Devices and Computing,2024,0,False
Germany,Personal Devices and Computing,2019,455,True
Spain,Personal Devices and Computing,2017,62,True
Ireland,Physical Sciences and Engineering,2016,2,True
Ukraine,Physical Sciences and Engineering,2017,3,True
France,Physical Sciences and Engineering,2017,112,True
Morocco,Physical Sciences and Engineering,2024,12,False
Luxembourg,Physical Sciences and Engineering,2024,184,False
Hungary,Physical Sciences and Engineering,2021,9,True
Hungary,Physical Sciences and Engineering,2023,8,False
Italy,Physical Sciences and Engineering,2017,28,True
South Korea,Planning and Scheduling,2024,710,False
Denmark,Planning and Scheduling,2021,1,True
Philippines,Planning and Scheduling,2018,1,True
United States,Planning and Scheduling,2025,7,False
Ireland,Planning and Scheduling,2018,0,True
France,Planning and Scheduling,2021,19,True
Lithuania,Planning and Scheduling,2022,0,False
Greece,Robotics,2017,2,True
Canada,Robotics,2022,40,False
Sweden,Robotics,2018,4,True
Sweden,Robotics,2024,3,False
Australia,Robotics,2017,17,True
Ireland,Robotics,2018,0,True
Luxembourg,Robotics,2023,1,False
United States,Robotics,2016,297,True
United States,Robotics,2020,668,True
Finland,Robotics,2022,1,False
Singapore,Robotics,2017,4,True
Croatia,Robotics,2019,0,True
Italy,Robotics,2024,0,False
Turkey,Search Methods,2023,4,False
Peru,Search Methods,2021,1,True
South Africa,Search Methods,2016,0,True
Switzerland,Search Methods,2016,0,True
Uruguay,Search Methods,2022,0,False
Hungary,Search Methods,2019,1,True
Croatia,Search Methods,2022,0,False
France,Security,2016,8,True
Jordan,Security,2021,1,True
Estonia,Security,2022,0,False
Belgium,Security,2019,1,True
Ukraine,Security,2021,0,True
Germany,Security,2019,47,True
Norway,Security,2018,0,True
Belgium,Spatial and Physical Reasoning,2021,3,True
South Korea,Spatial and Physical Reasoning,2019,1928,True
Taiwan,Spatial and Physical Reasoning,2020,134,True
Norway,Spatial and Physical Reasoning,2016,0,True
Czechia,Spatial and Physical Reasoning,2019,1,True
France,Spatial and Physical Reasoning,2024,88,False
Morocco,Spatial and Physical Reasoning,2020,0,True
Japan,Speech Processing,2021,225,True
India,Speech Processing,2021,0,True
San Marino,Speech Processing,2018,0,True
Israel,Speech Processing,2016,0,True
Israel,Speech Processing,2017,1,True
Lithuania,Speech Processing,2017,0,True
Taiwan,Speech Processing,2020,29,True
Bulgaria,Speech Processing,2019,0,True
Mexico,Speech Processing,2018,2,True
Mexico,Speech Processing,2021,1,True
Norway,Speech Processing,2023,0,False
Argentina,Speech Processing,2020,1,True
Netherlands,Speech Processing,2025,1,False
Romania,Speech Processing,2022,0,False
Canada,Telecommunications,2017,116,True
Canada,Telecommunications,2022,93,False
Argentina,Telecommunications,2019,1,True
Singapore,Telecommunications,2021,4,True
Taiwan,Telecommunications,2022,84,False
Greece,Telecommunications,2024,1,False
Germany,Telecommunications,2016,37,True
Turkey,Telecommunications,2021,14,True
Malaysia,Transportation,2019,1,True
India,Transportation,2023,0,False
Portugal,Transportation,2021,0,True
Netherlands,Transportation,2016,1,True
Croatia,Transportation,2021,0,True
United States,Transportation,2017,1422,True
Israel,Transportation,2017,5,True
Germany,Agriculture,2024,7,False
Ireland,Agriculture,2021,1,True
United Kingdom,Agriculture,2025,0,False
Luxembourg,Agriculture,2022,2,False
Peru,Agriculture,2018,0,True
Austria,Agriculture,2024,0,False
Belgium,Agriculture,2016,0,True
New Zealand,Agriculture,2021,0,True
South Korea,All,2017,2547,True
South Korea,All,2019,7022,True
Australia,All,2024,78,False
Peru,All,2022,10,False
China,All,2017,16473,True
Kenya,Analytics and Algorithms,2016,0,True
Russia,Analytics and Algorithms,2019,5,True
Belgium,Analytics and Algorithms,2023,1,False
Brazil,Analytics and Algorithms,2021,19,True
Philippines,Analytics and Algorithms,2017,0,True
Italy,Analytics and Algorithms,2023,20,False
Finland,Analytics and Algorithms,2017,4,True
Finland,Analytics and Algorithms,2021,15,True
Israel,Analytics and Algorithms,2016,2,True
Turkey,Analytics and Algorithms,2025,0,False
Greece,Analytics and Algorithms,2022,4,False
Netherlands,Analytics and Algorithms,2025,2,False
Slovakia,Analytics and Algorithms,2023,0,False
Mexico,Analytics and Algorithms,2025,0,False
Turkey,Banking and Finance,2025,0,False
Uruguay,Banking and Finance,2020,0,True
Greece,Banking and Finance,2017,0,True
Greece,Banking and Finance,2020,0,True
Tunisia,Banking and Finance,2020,0,True
Italy,Banking and Finance,2022,2,False
Serbia,Banking and Finance,2021,0,True
Costa Rica,Banking and Finance,2021,0,True
Japan,Bio-Inspired Computing,2024,31,False
Slovenia,Bio-Inspired Computing,2023,0,False
Ukraine,Bio-Inspired Computing,2016,3,True
Peru,Bio-Inspired Computing,2020,1,True
South Africa,Bio-Inspired Computing,2021,1,True
Brazil,Bio-Inspired Computing,2017,3,True
France,Bio-Inspired Computing,2021,12,True
Spain,Bio-Inspired Computing,2019,8,True
Serbia,Bio-Inspired Computing,2023,0,False
Portugal,Bio-Inspired Computing,2016,1,True
Uruguay,Bio-Inspired Computing,2020,0,True
Denmark,Bio-Inspired Computing,2017,4,True
Poland,Bio-Inspired Computing,2022,1,False
Bulgaria,Bio-Inspired Computing,2019,1,True
Austria,Bio-Inspired Computing,2019,0,True
Spain,Business,2018,13,True
India,Business,2021,0,True
Germany,Business,2025,44,False
Morocco,Business,2018,0,True
Saudi Arabia,Business,2021,0,True
Italy,Business,2016,2,True
Romania,Business,2017,2,True
Romania,Business,2021,1,True
Serbia,Business,2024,0,False
Canada,Business,2021,159,True
France,Business,2018,19,True
Azerbaijan,Business,2018,0,True
New Zealand,Computer Vision,2023,0,False
Serbia,Computer Vision,2016,0,True
Philippines,Computer Vision,2023,0,False
Japan,Computer Vision,2021,1724,True
United States,Computer Vision,2021,4989,True
Spain,Computer Vision,2019,55,True
Hungary,Computer Vision,2016,1,True
Poland,Computing in Government,2017,0,True
Bulgaria,Computing in Government,2019,0,True
Denmark,Computing in Government,2020,0,True
Denmark,Computing in Government,2022,0,False
Slovakia,Computing in Government,2021,0,True
Argentina,Computing in Government,2018,1,True
Argentina,Computing in Government,2019,0,True
Argentina,Computing in Government,2021,0,True
United States,Computing in Government,2025,1,False
Finland,Computing in Government,2021,0,True
Philippines,Computing in Government,2016,0,True
Croatia,Computing in Government,2022,0,False
Finland,Control Methods,2023,3,False
Malaysia,Control Methods,2019,3,True
Ireland,Control Methods,2023,1,False
South Africa,Control Methods,2016,0,True
New Zealand,Control Methods,2020,1,True
Jordan,Control Methods,2021,0,True
India,Control Methods,2020,0,True
Norway,Distributed AI,2018,0,True
Sweden,Distributed AI,2023,0,False
Greece,Distributed AI,2016,0,True
Finland,Distributed AI,2023,3,False
Israel,Distributed AI,2021,0,True
Austria,Distributed AI,2017,0,True
Japan,Distributed AI,2024,23,False
Japan,Distributed AI,2025,0,False
South Korea,Education,2016,27,True
Mexico,Education,2024,1,False
United Kingdom,Education,2016,1,True
United Kingdom,Education,2025,1,False
Austria,Education,2016,0,True
Austria,Education,2021,2,True
Croatia,Education,2019,0,True
Australia,Education,2016,11,True
Australia,Education,2022,7,False
Portugal,Education,2024,0,False
Finland,Education,2021,0,True
Finland,Education,2023,0,False
Bulgaria,Energy Management,2021,0,True
Mexico,Energy Management,2018,4,True
Germany,Energy Management,2016,33,True
Germany,Energy Management,2017,34,True
Czechia,Energy Management,2023,0,False
Portugal,Energy Management,2018,1,True
Taiwan,Energy Management,2025,3,False
Japan,Energy Management,2024,80,False
Switzerland,Energy Management,2022,0,False
Morocco,Energy Management,2022,0,False
Belgium,Energy Management,2022,0,False
Argentina,Energy Management,2016,0,True
Denmark,Energy Management,2021,1,True
Israel,Fuzzy Logic,2019,0,True
Brazil,Fuzzy Logic,2021,0,True
Netherlands,Fuzzy Logic,2018,0,True
Sweden,Fuzzy Logic,2021,0,True
Sweden,Fuzzy Logic,2025,0,False
Thailand,Fuzzy Logic,2017,0,True
Belgium,Fuzzy Logic,2022,1,False
Bulgaria,Industry and Manufacturing,2025,1,False
South Korea,Industry and Manufacturing,2026,0,False
Hungary,Industry and Manufacturing,2018,1,True
China,Industry and Manufacturing,2023,12743,False
Brazil,Industry and Manufacturing,2018,14,True
Iran,Industry and Manufacturing,2018,0,True
Greece,Industry and Manufacturing,2016,0,True
Costa Rica,Industry and Manufacturing,2025,0,False
South Africa,Industry and Manufacturing,2016,0,True
Netherlands,Industry and Manufacturing,2022,3,False
Malaysia,Industry and Manufacturing,2017,2,True
Brazil,Knowledge Representation,2016,6,True
South Africa,Knowledge Representation,2018,0,True
China,Knowledge Representation,2020,702,True
Taiwan,Knowledge Representation,2017,8,True
Bulgaria,Knowledge Representation,2022,1,False
Poland,Knowledge Representation,2021,0,True
South Korea,Knowledge Representation,2017,51,True
South Korea,Knowledge Representation,2024,21,False
Belgium,Knowledge Representation,2021,0,True
Belgium,Knowledge Representation,2024,0,False
Taiwan,Natural Language Processing,2018,13,True
Taiwan,Natural Language Processing,2021,20,True
Argentina,Natural Language Processing,2018,0,True
Czechia,Natural Language Processing,2024,0,False
Norway,Natural Language Processing,2017,0,True
India,Natural Language Processing,2024,0,False
Portugal,Natural Language Processing,2016,0,True
South Korea,Natural Language Processing,2017,183,True
Costa Rica,Natural Language Processing,2023,0,False
Slovenia,Natural Language Processing,2022,0,False
Croatia,Natural Language Processing,2020,0,True
Peru,Life Sciences,2019,0,True
Peru,Life Sciences,2022,1,False
Malaysia,Life Sciences,2021,4,True
South Africa,Life Sciences,2023,0,False
Thailand,Life Sciences,2017,0,True
Australia,Life Sciences,2022,236,False
Uruguay,Life Sciences,2017,0,True
Jordan,Life Sciences,2017,0,True
Germany,Life Sciences,2016,37,True
Bulgaria,Life Sciences,2022,1,False
Israel,Life Sciences,2023,14,False
Spain,Life Sciences,2019,43,True
Slovakia,Life Sciences,2025,0,False
Switzerland,Life Sciences,2018,1,True
Ukraine,Life Sciences,2017,0,True
Canada,Life Sciences,2024,8,False
Netherlands,Logic-Based Knowledge Systems,2019,3,True
Colombia,Logic-Based Knowledge Systems,2019,0,True
Spain,Logic-Based Knowledge Systems,2022,5,False
Ukraine,Logic-Based Knowledge Systems,2024,0,False
Turkey,Logic-Based Knowledge Systems,2021,4,True
Portugal,Logic-Based Knowledge Systems,2021,1,True
Singapore,Markov and Bayesian Models,2018,26,True
Singapore,Markov and Bayesian Models,2020,6,True
Chile,Markov and Bayesian Models,2017,0,True
Argentina,Markov and Bayesian Models,2022,3,False
Italy,Markov and Bayesian Models,2022,3,False
Australia,Markov and Bayesian Models,2018,66,True
Brazil,Markov and Bayesian Models,2019,23,True
Brazil,Markov and Bayesian Models,2020,15,True
Luxembourg,Markov and Bayesian Models,2021,1,True
Greece,Markov and Bayesian Models,2019,0,True
Belgium,Measuring and Testing,2018,1,True
Australia,Measuring and Testing,2017,66,True
Colombia,Measuring and Testing,2024,0,False
Lithuania,Measuring and Testing,2019,1,True
Luxembourg,Measuring and Testing,2021,7,True
Serbia,Measuring and Testing,2023,4,False
Taiwan,Measuring and Testing,2025,2,False
Hungary,Measuring and Testing,2018,2,True
Netherlands,Measuring and Testing,2019,5,True
Mexico,Measuring and Testing,2018,29,True
Mexico,Measuring and Testing,2024,4,False
China,Measuring and Testing,2017,1385,True
China,Measuring and Testing,2019,3909,True
China,Measuring and Testing,2026,231,False
Denmark,Measuring and Testing,2018,8,True
Morocco,Measuring and Testing,2018,3,True
San Marino,Measuring and Testing,2018,1,True
Austria,Measuring and Testing,2017,4,True
Finland,Neural Networks,2017,17,True
United States,Neural Networks,2022,7114,False
Spain,Neural Networks,2021,57,True
Slovakia,Neural Networks,2021,8,True
South Africa,Neural Networks,2019,1,True
Malaysia,Neural Networks,2020,19,True
Norway,Neural Networks,2017,0,True
Azerbaijan,Neural Networks,2018,0,True
Philippines,Ontology Engineering,2020,1,True
South Korea,Ontology Engineering,2020,117,True
Lithuania,Ontology Engineering,2016,0,True
Finland,Ontology Engineering,2018,2,True
Canada,Ontology Engineering,2016,10,True
Poland,Ontology Engineering,2021,0,True
Belgium,Ontology Engineering,2025,0,False
Croatia,Ontology Engineering,2019,0,True
Malaysia,Ontology Engineering,2018,1,True
Czechia,Ontology Engineering,2021,0,True
Czechia,Ontology Engineering,2024,0,False
United Kingdom,Ontology Engineering,2022,20,False
Greece,Ontology Engineering,2020,0,True
Greece,Ontology Engineering,2021,0,True
United Kingdom,Other and Unspecified,2020,163,True
Norway,Other and Unspecified,2023,8,False
Austria,Other and Unspecified,2024,8,False
Italy,Other and Unspecified,2018,20,True
Bulgaria,Other and Unspecified,2018,4,True
Canada,Other and Unspecified,2016,183,True
Morocco,Other and Unspecified,2017,2,True
Morocco,Personal Devices and Computing,2016,3,True
Switzerland,Personal Devices and Computing,2021,6,True
Brazil,Personal Devices and Computing,2018,88,True
Croatia,Personal Devices and Computing,2023,0,False
Georgia,Personal Devices and Computing,2023,0,False
Belgium,Personal Devices and Computing,2025,3,False
Luxembourg,Personal Devices and Computing,2018,6,True
Israel,Personal Devices and Computing,2019,9,True
Argentina,Physical Sciences and Engineering,2020,11,True
Japan,Physical Sciences and Engineering,2018,3886,True
United States,Physical Sciences and Engineering,2016,6870,True
Greece,Physical Sciences and Engineering,2025,1,False
Colombia,Physical Sciences and Engineering,2017,2,True
South Africa,Physical Sciences and Engineering,2019,1,True
Finland,Physical Sciences and Engineering,2016,8,True
Morocco,Physical Sciences and Engineering,2023,13,False
India,Physical Sciences and Engineering,2023,0,False
Luxembourg,Physical Sciences and Engineering,2021,37,True
Belgium,Planning and Scheduling,2022,0,False
Portugal,Planning and Scheduling,2024,0,False
Greece,Planning and Scheduling,2016,1,True
Croatia,Planning and Scheduling,2024,1,False
Austria,Planning and Scheduling,2019,0,True
Turkey,Planning and Scheduling,2019,2,True
Russia,Planning and Scheduling,2018,10,True
Australia,Planning and Scheduling,2023,81,False
Tunisia,Robotics,2023,0,False
Serbia,Robotics,2018,1,True
Portugal,Robotics,2023,0,False
Russia,Robotics,2020,5,True
Belgium,Search Methods,2025,0,False
Romania,Search Methods,2016,0,True
Chile,Search Methods,2018,0,True
United States,Search Methods,2018,1267,True
Australia,Search Methods,2021,40,True
New Zealand,Security,2021,0,True
United Kingdom,Security,2022,42,False
Denmark,Security,2017,3,True
Netherlands,Security,2020,0,True
Lithuania,Spatial and Physical Reasoning,2021,1,True
Japan,Spatial and Physical Reasoning,2021,1337,True
Japan,Spatial and Physical Reasoning,2024,423,False
Romania,Spatial and Physical Reasoning,2024,0,False
Malaysia,Spatial and Physical Reasoning,2019,7,True
Colombia,Spatial and Physical Reasoning,2022,3,False
Croatia,Spatial and Physical Reasoning,2024,0,False
China,Speech Processing,2025,4663,False
New Zealand,Speech Processing,2020,4,True
Denmark,Speech Processing,2017,11,True
Denmark,Speech Processing,2019,8,True
Philippines,Speech Processing,2022,1,False
Latvia,Speech Processing,2017,0,True
Poland,Telecommunications,2021,3,True
Spain,Telecommunications,2021,17,True
South Africa,Telecommunications,2022,0,False
Peru,Telecommunications,2019,2,True
South Korea,Telecommunications,2020,1874,True
India,Telecommunications,2018,45,True
Hungary,Telecommunications,2016,2,True
India,Transportation,2021,0,True
South Korea,Transportation,2023,939,False
Mexico,Transportation,2017,15,True
Mexico,Transportation,2025,2,False
Spain,Transportation,2018,26,True
Taiwan,Transportation,2022,24,False
Bulgaria,Transportation,2024,1,False
Australia,Transportation,2020,65,True
Serbia,Transportation,2024,1,False
Austria,Transportation,2020,6,True
Romania,Transportation,2019,2,True
Sweden,Transportation,2020,5,True
Singapore,Agriculture,2016,0,True
Latvia,Agriculture,2020,0,True
Ireland,Agriculture,2023,0,False
Serbia,Agriculture,2017,0,True
Israel,Agriculture,2023,0,False
Japan,Agriculture,2021,73,True
Japan,Agriculture,2025,1,False
France,Agriculture,2016,0,True
Romania,Agriculture,2016,0,True
Turkey,Agriculture,2018,1,True
Norway,Agriculture,2023,3,False
United States,Agriculture,2022,153,False
Saudi Arabia,Agriculture,2018,1,True
Malaysia,Agriculture,2017,1,True
Belgium,Agriculture,2021,0,True
South Africa,All,2018,7,True
Turkey,All,2019,25,True
Turkey,All,2022,56,False
Germany,All,2024,972,False
Denmark,All,2023,7,False
Philippines,All,2021,56,True
Ireland,All,2021,1,True
Netherlands,All,2017,5,True
Czechia,All,2019,1,True
Belgium,All,2017,2,True
Russia,All,2019,176,True
Lithuania,Analytics and Algorithms,2017,0,True
Luxembourg,Analytics and Algorithms,2016,0,True
Hungary,Analytics and Algorithms,2023,0,False
Romania,Analytics and Algorithms,2018,0,True
Switzerland,Analytics and Algorithms,2018,1,True
Austria,Analytics and Algorithms,2021,1,True
Croatia,Analytics and Algorithms,2025,0,False
Taiwan,Analytics and Algorithms,2022,82,False
Moldova,Analytics and Algorithms,2021,0,True
Spain,Analytics and Algorithms,2019,19,True
Netherlands,Analytics and Algorithms,2021,6,True
New Zealand,Analytics and Algorithms,2017,1,True
Ireland,Analytics and Algorithms,2018,0,True
Morocco,Analytics and Algorithms,2023,0,False
Poland,Analytics and Algorithms,2022,2,False
Mexico,Analytics and Algorithms,2022,4,False
Turkey,Banking and Finance,2024,10,False
Sweden,Banking and Finance,2019,0,True
Morocco,Banking and Finance,2017,0,True
United Kingdom,Banking and Finance,2024,15,False
Chile,Banking and Finance,2022,0,False
Indonesia,Banking and Finance,2016,2,True
Serbia,Banking and Finance,2024,0,False
France,Banking and Finance,2024,9,False
Ireland,Banking and Finance,2016,0,True
Germany,Bio-Inspired Computing,2024,34,False
New Zealand,Bio-Inspired Computing,2023,0,False
South Africa,Bio-Inspired Computing,2019,0,True
Brazil,Bio-Inspired Computing,2021,4,True
Croatia,Bio-Inspired Computing,2022,0,False
Tunisia,Bio-Inspired Computing,2021,0,True
Hungary,Bio-Inspired Computing,2020,0,True
Czechia,Bio-Inspired Computing,2019,0,True
Georgia,Bio-Inspired Computing,2023,0,False
Malaysia,Bio-Inspired Computing,2018,0,True
Taiwan,Bio-Inspired Computing,2016,8,True
Austria,Bio-Inspired Computing,2022,1,False
Belgium,Bio-Inspired Computing,2022,0,False
South Korea,Bio-Inspired Computing,2019,304,True
South Korea,Bio-Inspired Computing,2022,177,False
Mexico,Business,2024,2,False
Germany,Business,2017,30,True
Uruguay,Business,2022,0,False
Singapore,Business,2018,34,True
Netherlands,Business,2020,1,True
Croatia,Business,2021,0,True
Croatia,Business,2025,0,False
Finland,Business,2021,7,True
South Africa,Business,2025,0,False
Switzerland,Business,2022,2,False
Brazil,Business,2022,3,False
France,Computer Vision,2018,48,True
Netherlands,Computer Vision,2017,2,True
South Africa,Computer Vision,2020,0,True
Israel,Computer Vision,2023,20,False
Italy,Computer Vision,2020,18,True
Slovenia,Computer Vision,2023,0,False
Croatia,Computer Vision,2023,1,False
United States,Computer Vision,2016,1553,True
Turkey,Computer Vision,2024,16,False
Taiwan,Computer Vision,2018,112,True
Belgium,Computing in Government,2024,0,False
Russia,Computing in Government,2019,0,True
Israel,Computing in Government,2020,1,True
Germany,Computing in Government,2018,2,True
Morocco,Computing in Government,2017,0,True
China,Computing in Government,2026,24,False
Greece,Computing in Government,2019,0,True
Greece,Computing in Government,2021,0,True
India,Computing in Government,2018,2,True
United States,Computing in Government,2022,47,False
Luxembourg,Computing in Government,2020,0,True
Netherlands,Computing in Government,2018,0,True
Morocco,Control Methods,2018,1,True
Bulgaria,Control Methods,2020,0,True
San Marino,Control Methods,2017,0,True
Russia,Control Methods,2020,14,True
Portugal,Control Methods,2018,3,True
Chile,Control Methods,2021,0,True
Taiwan,Control Methods,2017,24,True
Lithuania,Control Methods,2019,1,True
United Kingdom,Distributed AI,2023,11,False
United States,Distributed AI,2023,106,False
Italy,Distributed AI,2018,0,True
Canada,Distributed AI,2022,11,False
Belgium,Distributed AI,2017,0,True
Spain,Distributed AI,2020,1,True
Poland,Distributed AI,2021,0,True
Netherlands,Distributed AI,2019,0,True
Czechia,Education,2017,0,True
South Korea,Education,2020,273,True
Hungary,Education,2022,0,False
Turkey,Education,2025,0,False
Bulgaria,Education,2019,0,True
Bulgaria,Education,2021,1,True
Norway,Education,2022,0,False
United States,Education,2022,104,False
Switzerland,Education,2018,0,True
Switzerland,Education,2021,0,True
Argentina,Education,2018,0,True
Ukraine,Education,2023,0,False
Belgium,Education,2021,0,True
Slovenia,Energy Management,2016,0,True
Italy,Energy Management,2022,4,False
United Kingdom,Energy Management,2025,1,False
Poland,Energy Management,2017,0,True
Luxembourg,Energy Management,2025,9,False
Philippines,Energy Management,2017,0,True
Argentina,Fuzzy Logic,2016,0,True
Taiwan,Fuzzy Logic,2017,9,True
Germany,Fuzzy Logic,2019,7,True
Switzerland,Fuzzy Logic,2016,1,True
China,Fuzzy Logic,2025,4045,False
United States,Fuzzy Logic,2024,20,False
Lithuania,Fuzzy Logic,2018,1,True
Bulgaria,Industry and Manufacturing,2018,0,True
South Korea,Industry and Manufacturing,2017,179,True
Belgium,Industry and Manufacturing,2020,0,True
Cuba,Industry and Manufacturing,2020,1,True
Romania,Industry and Manufacturing,2024,1,False
Germany,Industry and Manufacturing,2021,155,True
Peru,Industry and Manufacturing,2016,0,True
Peru,Industry and Manufacturing,2023,1,False
Australia,Industry and Manufacturing,2016,24,True
Turkey,Knowledge Representation,2022,0,False
New Zealand,Knowledge Representation,2018,1,True
Luxembourg,Knowledge Representation,2020,2,True
Germany,Knowledge Representation,2019,16,True
Germany,Knowledge Representation,2025,15,False
Morocco,Knowledge Representation,2023,0,False
Mexico,Knowledge Representation,2023,1,False
Finland,Knowledge Representation,2020,1,True
Romania,Natural Language Processing,2020,0,True
Poland,Natural Language Processing,2018,0,True
Luxembourg,Natural Language Processing,2018,0,True
Mexico,Natural Language Processing,2017,2,True
United States,Natural Language Processing,2020,1591,True
Uruguay,Natural Language Processing,2022,0,False
Denmark,Life Sciences,2022,4,False
Germany,Life Sciences,2024,88,False
Tunisia,Life Sciences,2020,0,True
Croatia,Life Sciences,2021,1,True
Luxembourg,Life Sciences,2019,0,True
Sweden,Life Sciences,2023,4,False
Portugal,Life Sciences,2021,1,True
United States,Logic-Based Knowledge Systems,2023,620,False
Costa Rica,Logic-Based Knowledge Systems,2020,0,True
Saudi Arabia,Logic-Based Knowledge Systems,2018,0,True
Canada,Logic-Based Knowledge Systems,2019,137,True
Lithuania,Logic-Based Knowledge Systems,2019,1,True
Israel,Logic-Based Knowledge Systems,2023,4,False
Morocco,Logic-Based Knowledge Systems,2019,0,True
Kenya,Logic-Based Knowledge Systems,2016,0,True
China,Logic-Based Knowledge Systems,2018,959,True
China,Logic-Based Knowledge Systems,2026,466,False
Serbia,Markov and Bayesian Models,2021,0,True
Philippines,Markov and Bayesian Models,2022,1,False
United States,Markov and Bayesian Models,2021,1336,True
Canada,Markov and Bayesian Models,2018,115,True
Canada,Markov and Bayesian Models,2022,64,False
India,Markov and Bayesian Models,2020,0,True
Romania,Markov and Bayesian Models,2022,2,False
South Korea,Markov and Bayesian Models,2020,356,True
Luxembourg,Markov and Bayesian Models,2017,0,True
Costa Rica,Markov and Bayesian Models,2025,0,False
Indonesia,Markov and Bayesian Models,2016,0,True
Peru,Markov and Bayesian Models,2017,0,True
Finland,Markov and Bayesian Models,2021,2,True
Ukraine,Markov and Bayesian Models,2022,0,False
Australia,Measuring and Testing,2016,55,True
Russia,Measuring and Testing,2019,31,True
Cuba,Measuring and Testing,2020,0,True
Finland,Measuring and Testing,2018,10,True
Finland,Measuring and Testing,2023,4,False
India,Measuring and Testing,2019,0,True
Denmark,Measuring and Testing,2020,4,True
United States,Measuring and Testing,2020,1955,True
Argentina,Neural Networks,2019,2,True
Chile,Neural Networks,2019,0,True
Slovenia,Neural Networks,2018,4,True
South Africa,Neural Networks,2025,53,False
India,Neural Networks,2016,42,True
Portugal,Neural Networks,2017,2,True
Malaysia,Neural Networks,2019,9,True
Romania,Neural Networks,2022,3,False
Norway,Neural Networks,2020,2,True
Oman,Neural Networks,2016,1,True
South Korea,Ontology Engineering,2025,0,False
Brazil,Ontology Engineering,2019,4,True
Australia,Ontology Engineering,2018,8,True
Austria,Ontology Engineering,2024,0,False
Morocco,Ontology Engineering,2018,0,True
Norway,Ontology Engineering,2021,0,True
Norway,Ontology Engineering,2025,0,False
United States,Ontology Engineering,2023,262,False
Tunisia,Ontology Engineering,2023,0,False
Colombia,Other and Unspecified,2021,1,True
Greece,Other and Unspecified,2025,1,False
Lithuania,Other and Unspecified,2019,0,True
South Korea,Other and Unspecified,2022,3973,False
Saudi Arabia,Other and Unspecified,2022,2,False
Singapore,Other and Unspecified,2021,1,True
Poland,Other and Unspecified,2023,7,False
Austria,Other and Unspecified,2018,8,True
Italy,Other and Unspecified,2022,34,False
Luxembourg,Other and Unspecified,2023,35,False
New Zealand,Other and Unspecified,2018,3,True
Switzerland,Other and Unspecified,2022,1,False
Czechia,Other and Unspecified,2022,1,False
Bulgaria,Personal Devices and Computing,2025,2,False
San Marino,Personal Devices and Computing,2023,1,False
Switzerland,Personal Devices and Computing,2019,1,True
Canada,Personal Devices and Computing,2016,242,True
Turkey,Personal Devices and Computing,2023,36,False
Slovakia,Personal Devices and Computing,2021,4,True
Hungary,Personal Devices and Computing,2024,1,False
Oman,Personal Devices and Computing,2016,1,True
Argentina,Personal Devices and Computing,2022,3,False
Tunisia,Personal Devices and Computing,2020,0,True
Taiwan,Personal Devices and Computing,2018,216,True
Spain,Personal Devices and Computing,2018,72,True
Japan,Personal Devices and Computing,2021,1362,True
United States,Physical Sciences and Engineering,2017,10911,True
United States,Physical Sciences and Engineering,2024,5277,False
Greece,Physical Sciences and Engineering,2018,9,True
Greece,Physical Sciences and Engineering,2022,13,False
Peru,Physical Sciences and Engineering,2016,3,True
Ukraine,Physical Sciences and Engineering,2025,0,False
Mexico,Physical Sciences and Engineering,2017,68,True
France,Physical Sciences and Engineering,2016,77,True
France,Physical Sciences and Engineering,2018,189,True
Malaysia,Physical Sciences and Engineering,2022,6,False
Philippines,Physical Sciences and Engineering,2023,2,False
Canada,Physical Sciences and Engineering,2017,440,True
Paraguay,Physical Sciences and Engineering,2021,1,True
Poland,Physical Sciences and Engineering,2021,28,True
China,Physical Sciences and Engineering,2023,135288,False
Chile,Physical Sciences and Engineering,2022,3,False
Belgium,Planning and Scheduling,2021,1,True
Mexico,Planning and Scheduling,2022,1,False
Greece,Planning and Scheduling,2017,1,True
Germany,Planning and Scheduling,2025,35,False
Croatia,Planning and Scheduling,2019,0,True
Austria,Planning and Scheduling,2018,0,True
Moldova,Planning and Scheduling,2021,0,True
Singapore,Planning and Scheduling,2016,14,True
Turkey,Planning and Scheduling,2022,13,False
Australia,Planning and Scheduling,2018,70,True
Poland,Robotics,2024,0,False
Japan,Robotics,2024,45,False
Serbia,Robotics,2016,0,True
Serbia,Robotics,2022,0,False
Argentina,Robotics,2018,0,True
Czechia,Robotics,2025,0,False
France,Robotics,2016,7,True
Netherlands,Robotics,2024,2,False
China,Search Methods,2023,2614,False
New Zealand,Search Methods,2022,0,False
Bulgaria,Search Methods,2022,0,False
Finland,Search Methods,2018,4,True
Portugal,Search Methods,2017,0,True
Slovenia,Search Methods,2019,1,True
Slovenia,Search Methods,2023,0,False
Spain,Search Methods,2023,0,False
Croatia,Search Methods,2019,0,True
Austria,Security,2016,1,True
New Zealand,Security,2019,3,True
Indonesia,Security,2016,0,True
Poland,Security,2021,3,True
India,Security,2018,23,True
Romania,Security,2024,0,False
Peru,Security,2022,1,False
Italy,Security,2019,5,True
Switzerland,Spatial and Physical Reasoning,2020,2,True
Japan,Spatial and Physical Reasoning,2017,896,True
Luxembourg,Spatial and Physical Reasoning,2018,5,True
Germany,Spatial and Physical Reasoning,2025,30,False
Romania,Spatial and Physical Reasoning,2018,0,True
Turkey,Spatial and Physical Reasoning,2024,11,False
Canada,Spatial and Physical Reasoning,2021,282,True
Spain,Spatial and Physical Reasoning,2021,30,True
Ukraine,Spatial and Physical Reasoning,2024,0,False
Hungary,Spatial and Physical Reasoning,2024,1,False
Chile,Spatial and Physical Reasoning,2021,0,True
Croatia,Spatial and Physical Reasoning,2025,0,False
United States,Speech Processing,2016,650,True
Malaysia,Speech Processing,2018,0,True
China,Speech Processing,2024,4908,False
New Zealand,Speech Processing,2019,0,True
Panama,Speech Processing,2016,0,True
Italy,Speech Processing,2020,1,True
Sweden,Speech Processing,2024,1,False
Germany,Speech Processing,2020,31,True
Switzerland,Speech Processing,2022,1,False
South Africa,Speech Processing,2017,1,True
San Marino,Speech Processing,2023,0,False
Mexico,Speech Processing,2019,6,True
Australia,Speech Processing,2020,36,True
Jordan,Telecommunications,2021,0,True
Morocco,Telecommunications,2019,4,True
Philippines,Telecommunications,2023,0,False
South Africa,Telecommunications,2019,0,True
Ukraine,Telecommunications,2022,0,False
Austria,Telecommunications,2017,0,True
Japan,Telecommunications,2019,763,True
Italy,Telecommunications,2020,11,True
Denmark,Transportation,2017,3,True
Estonia,Transportation,2022,0,False
Costa Rica,Transportation,2020,0,True
China,Transportation,2025,12263,False
Chile,Transportation,2018,1,True
Brazil,Transportation,2016,26,True
Czechia,Transportation,2023,0,False
Azerbaijan,Agriculture,2018,0,True
Russia,Agriculture,2018,0,True
Thailand,Agriculture,2017,0,True
Canada,Agriculture,2019,36,True
South Africa,Agriculture,2018,0,True
Slovakia,Agriculture,2020,0,True
Romania,Agriculture,2024,0,False
Norway,Agriculture,2019,0,True
Italy,Agriculture,2022,3,False
Romania,All,2017,5,True
Austria,All,2021,20,True
Germany,All,2022,1379,False
Morocco,All,2018,7,True
China,All,2021,92950,True
China,All,2025,176830,False
Czechia,All,2022,3,False
Poland,All,2024,9,False
Slovakia,All,2023,9,False
Belgium,Analytics and Algorithms,2024,1,False
Norway,Analytics and Algorithms,2018,2,True
Philippines,Analytics and Algorithms,2021,0,True
Romania,Analytics and Algorithms,2023,0,False
Costa Rica,Analytics and Algorithms,2025,0,False
China,Analytics and Algorithms,2016,302,True
Spain,Analytics and Algorithms,2025,0,False
Poland,Analytics and Algorithms,2021,4,True
Ukraine,Analytics and Algorithms,2017,0,True
Peru,Analytics and Algorithms,2017,0,True
South Korea,Banking and Finance,2021,350,True
Croatia,Banking and Finance,2022,0,False
Serbia,Banking and Finance,2018,0,True
New Zealand,Banking and Finance,2020,1,True
India,Banking and Finance,2021,0,True
Denmark,Banking and Finance,2020,0,True
Costa Rica,Bio-Inspired Computing,2019,0,True
United Kingdom,Bio-Inspired Computing,2019,33,True
Luxembourg,Bio-Inspired Computing,2021,4,True
Morocco,Bio-Inspired Computing,2020,0,True
Norway,Bio-Inspired Computing,2018,0,True
Poland,Bio-Inspired Computing,2018,3,True
Poland,Bio-Inspired Computing,2021,0,True
China,Bio-Inspired Computing,2024,11856,False
Austria,Bio-Inspired Computing,2023,0,False
Spain,Business,2023,3,False
Colombia,Business,2024,1,False
Israel,Business,2022,0,False
United States,Business,2016,1373,True
Saudi Arabia,Business,2018,1,True
Philippines,Business,2018,3,True
Portugal,Business,2017,0,True
Japan,Business,2020,470,True
Moldova,Computer Vision,2021,1,True
Serbia,Computer Vision,2019,0,True
Belgium,Computer Vision,2025,1,False
Italy,Computer Vision,2021,27,True
Argentina,Computer Vision,2022,5,False
Romania,Computer Vision,2023,4,False
Spain,Computer Vision,2016,22,True
Spain,Computer Vision,2024,3,False
Hungary,Computer Vision,2017,5,True
Bulgaria,Computing in Government,2017,0,True
South Korea,Computing in Government,2021,242,True
South Korea,Computing in Government,2024,181,False
Denmark,Computing in Government,2019,0,True
Hungary,Computing in Government,2019,0,True
Greece,Computing in Government,2024,2,False
Saudi Arabia,Computing in Government,2018,0,True
United States,Computing in Government,2020,151,True
Spain,Computing in Government,2025,0,False
Serbia,Computing in Government,2021,0,True
Georgia,Computing in Government,2023,0,False
Croatia,Computing in Government,2018,0,True
Netherlands,Computing in Government,2021,0,True
Austria,Control Methods,2016,6,True
Finland,Control Methods,2017,4,True
Belgium,Control Methods,2018,3,True
Netherlands,Control Methods,2017,1,True
Denmark,Control Methods,2021,7,True
Israel,Control Methods,2017,6,True
Philippines,Distributed AI,2021,2,True
Indonesia,Distributed AI,2016,0,True
Sweden,Distributed AI,2020,1,True
Italy,Distributed AI,2022,1,False
Finland,Distributed AI,2018,0,True
Panama,Distributed AI,2016,0,True
Denmark,Distributed AI,2017,0,True
Portugal,Distributed AI,2021,0,True
Slovakia,Distributed AI,2020,0,True
Brazil,Distributed AI,2018,1,True
Malaysia,Distributed AI,2022,0,False
Netherlands,Distributed AI,2017,0,True
Slovenia,Education,2022,0,False
Cuba,Education,2020,0,True
Luxembourg,Education,2018,0,True
Mexico,Education,2016,0,True
Chile,Education,2017,0,True
France,Education,2022,2,False
Bulgaria,Education,2017,0,True
Malaysia,Education,2017,1,True
Taiwan,Education,2017,1,True
Iran,Education,2018,0,True
Croatia,Education,2022,0,False
Spain,Education,2022,0,False
New Zealand,Energy Management,2016,1,True
New Zealand,Energy Management,2018,0,True
Hungary,Energy Management,2020,3,True
Serbia,Energy Management,2021,0,True
Belgium,Energy Management,2018,0,True
Hungary,Fuzzy Logic,2016,1,True
Taiwan,Fuzzy Logic,2025,0,False
Peru,Fuzzy Logic,2016,0,True
Serbia,Fuzzy Logic,2024,0,False
Turkey,Fuzzy Logic,2019,0,True
Luxembourg,Fuzzy Logic,2016,1,True
Philippines,Fuzzy Logic,2020,0,True
Mexico,Fuzzy Logic,2025,0,False
Belgium,Fuzzy Logic,2017,0,True
Croatia,Industry and Manufacturing,2023,0,False
Switzerland,Industry and Manufacturing,2024,1,False
Hungary,Industry and Manufacturing,2022,2,False
Hungary,Industry and Manufacturing,2024,1,False
Serbia,Industry and Manufacturing,2024,0,False
Ukraine,Industry and Manufacturing,2023,0,False
New Zealand,Industry and Manufacturing,2017,5,True
Denmark,Industry and Manufacturing,2019,4,True
Australia,Knowledge Representation,2019,33,True
Japan,Knowledge Representation,2016,77,True
South Africa,Knowledge Representation,2017,0,True
Philippines,Knowledge Representation,2017,0,True
Bulgaria,Knowledge Representation,2023,1,False
Romania,Knowledge Representation,2023,0,False
Spain,Knowledge Representation,2019,5,True
Poland,Knowledge Representation,2024,0,False
Lithuania,Knowledge Representation,2016,0,True
France,Natural Language Processing,2020,8,True
Philippines,Natural Language Processing,2023,0,False
South Africa,Natural Language Processing,2025,0,False
Austria,Natural Language Processing,2024,0,False
Portugal,Natural Language Processing,2024,0,False
Singapore,Natural Language Processing,2016,6,True
United States,Natural Language Processing,2016,766,True
Argentina,Life Sciences,2023,3,False
South Africa,Life Sciences,2021,0,True
Romania,Life Sciences,2016,1,True
Greece,Life Sciences,2016,0,True
Taiwan,Life Sciences,2017,35,True
Portugal,Life Sciences,2017,4,True
Canada,Life Sciences,2020,305,True
United States,Logic-Based Knowledge Systems,2016,1653,True
Serbia,Logic-Based Knowledge Systems,2017,1,True
United Kingdom,Logic-Based Knowledge Systems,2023,22,False
Croatia,Logic-Based Knowledge Systems,2023,0,False
Argentina,Logic-Based Knowledge Systems,2021,0,True
Colombia,Logic-Based Knowledge Systems,2021,0,True
Hungary,Logic-Based Knowledge Systems,2024,0,False
Spain,Logic-Based Knowledge Systems,2019,15,True
Italy,Logic-Based Knowledge Systems,2017,5,True
Malaysia,Logic-Based Knowledge Systems,2018,2,True
Sweden,Logic-Based Knowledge Systems,2020,0,True
Czechia,Logic-Based Knowledge Systems,2024,0,False
Chile,Logic-Based Knowledge Systems,2018,1,True
Chile,Logic-Based Knowledge Systems,2022,0,False
Luxembourg,Logic-Based Knowledge Systems,2023,1,False
Taiwan,Logic-Based Knowledge Systems,2022,25,False
Germany,Markov and Bayesian Models,2020,89,True
Australia,Markov and Bayesian Models,2017,38,True
Jordan,Markov and Bayesian Models,2021,0,True
Colombia,Markov and Bayesian Models,2019,1,True
South Korea,Markov and Bayesian Models,2023,362,False
Brazil,Markov and Bayesian Models,2021,11,True
Czechia,Markov and Bayesian Models,2021,0,True
Czechia,Markov and Bayesian Models,2025,0,False
Luxembourg,Markov and Bayesian Models,2023,3,False
Switzerland,Markov and Bayesian Models,2017,0,True
France,Measuring and Testing,2019,50,True
Colombia,Measuring and Testing,2022,5,False
Lithuania,Measuring and Testing,2018,2,True
Russia,Measuring and Testing,2021,19,True
Hungary,Measuring and Testing,2020,6,True
Peru,Measuring and Testing,2020,3,True
Peru,Measuring and Testing,2023,2,False
United Kingdom,Measuring and Testing,2019,79,True
Mexico,Measuring and Testing,2020,37,True
Denmark,Measuring and Testing,2019,10,True
Ukraine,Measuring and Testing,2018,1,True
Ukraine,Measuring and Testing,2022,0,False
New Zealand,Neural Networks,2021,3,True
Peru,Neural Networks,2019,2,True
Japan,Neural Networks,2019,2463,True
Greece,Neural Networks,2025,0,False
Romania,Neural Networks,2023,5,False
Netherlands,Neural Networks,2019,19,True
Bulgaria,Neural Networks,2022,0,False
Bulgaria,Neural Networks,2025,2,False
Switzerland,Neural Networks,2017,0,True
Austria,Neural Networks,2023,10,False
Portugal,Ontology Engineering,2024,0,False
Peru,Ontology Engineering,2020,0,True
Peru,Ontology Engineering,2023,0,False
Slovakia,Ontology Engineering,2021,0,True
Japan,Ontology Engineering,2024,8,False
Belgium,Ontology Engineering,2024,0,False
Taiwan,Ontology Engineering,2016,1,True
Uruguay,Ontology Engineering,2020,0,True
Spain,Ontology Engineering,2024,0,False
Netherlands,Other and Unspecified,2023,9,False
Taiwan,Other and Unspecified,2019,192,True
Greece,Other and Unspecified,2020,2,True
Tunisia,Other and Unspecified,2023,1,False
Norway,Other and Unspecified,2024,2,False
Belgium,Other and Unspecified,2019,1,True
Belgium,Other and Unspecified,2024,2,False
Japan,Other and Unspecified,2021,1941,True
China,Other and Unspecified,2022,27809,False
Malaysia,Other and Unspecified,2021,6,True
United States,Personal Devices and Computing,2022,5069,False
Philippines,Personal Devices and Computing,2020,12,True
Denmark,Personal Devices and Computing,2016,10,True
Poland,Personal Devices and Computing,2018,17,True
Sweden,Personal Devices and Computing,2025,0,False
Luxembourg,Personal Devices and Computing,2020,9,True
Czechia,Personal Devices and Computing,2022,0,False
Netherlands,Personal Devices and Computing,2024,17,False
Japan,Personal Devices and Computing,2017,1366,True
Lithuania,Physical Sciences and Engineering,2016,3,True
United Kingdom,Physical Sciences and Engineering,2019,432,True
Romania,Physical Sciences and Engineering,2020,9,True
Russia,Physical Sciences and Engineering,2021,60,True
Colombia,Physical Sciences and Engineering,2024,1,False
Belgium,Physical Sciences and Engineering,2019,2,True
Slovakia,Physical Sciences and Engineering,2020,4,True
Israel,Physical Sciences and Engineering,2021,26,True
Malaysia,Physical Sciences and Engineering,2020,27,True
Canada,Physical Sciences and Engineering,2022,677,False
Latvia,Physical Sciences and Engineering,2020,1,True
Uruguay,Physical Sciences and Engineering,2017,1,True
Chile,Physical Sciences and Engineering,2018,1,True
Portugal,Planning and Scheduling,2022,0,False
Japan,Planning and Scheduling,2020,336,True
Ireland,Planning and Scheduling,2021,1,True
Poland,Planning and Scheduling,2019,3,True
Poland,Planning and Scheduling,2021,4,True
France,Planning and Scheduling,2022,17,False
New Zealand,Planning and Scheduling,2022,1,False
India,Planning and Scheduling,2020,0,True
India,Planning and Scheduling,2021,0,True
Poland,Robotics,2021,1,True
Japan,Robotics,2016,130,True
Sweden,Robotics,2021,7,True
Hungary,Robotics,2020,0,True
South Africa,Robotics,2016,0,True
South Korea,Robotics,2023,529,False
Bulgaria,Robotics,2019,0,True
Norway,Robotics,2024,1,False
Taiwan,Robotics,2018,7,True
Germany,Robotics,2019,62,True
Peru,Robotics,2016,1,True
Portugal,Robotics,2021,1,True
Malaysia,Robotics,2021,0,True
Turkey,Search Methods,2018,0,True
China,Search Methods,2024,5241,False
Philippines,Search Methods,2023,0,False
Lithuania,Search Methods,2022,0,False
Canada,Search Methods,2020,75,True
Greece,Search Methods,2016,0,True
Luxembourg,Search Methods,2024,10,False
Austria,Search Methods,2017,2,True
Austria,Search Methods,2023,1,False
Malaysia,Security,2018,3,True
Costa Rica,Security,2019,0,True
San Marino,Security,2017,0,True
Brazil,Security,2017,4,True
Sweden,Security,2024,1,False
Serbia,Security,2023,0,False
United States,Security,2024,539,False
Singapore,Security,2021,2,True
Spain,Security,2019,10,True
Japan,Spatial and Physical Reasoning,2019,1377,True
Luxembourg,Spatial and Physical Reasoning,2022,27,False
Singapore,Spatial and Physical Reasoning,2017,35,True
Poland,Spatial and Physical Reasoning,2016,5,True
Peru,Spatial and Physical Reasoning,2023,3,False
Turkey,Spatial and Physical Reasoning,2017,2,True
Brazil,Spatial and Physical Reasoning,2018,52,True
Canada,Spatial and Physical Reasoning,2017,159,True
Canada,Spatial and Physical Reasoning,2022,209,False
Malaysia,Spatial and Physical Reasoning,2016,4,True
Ukraine,Spatial and Physical Reasoning,2017,0,True
San Marino,Spatial and Physical Reasoning,2020,0,True
Croatia,Spatial and Physical Reasoning,2021,0,True
Portugal,Speech Processing,2019,0,True
Russia,Speech Processing,2020,14,True
United States,Speech Processing,2019,1271,True
Greece,Speech Processing,2024,0,False
India,Speech Processing,2020,1,True
India,Speech Processing,2023,0,False
Poland,Speech Processing,2020,1,True
Israel,Speech Processing,2018,1,True
Israel,Speech Processing,2019,2,True
Morocco,Speech Processing,2019,0,True
Philippines,Speech Processing,2019,2,True
Philippines,Speech Processing,2020,1,True
Serbia,Speech Processing,2020,0,True
Serbia,Speech Processing,2025,0,False
Bulgaria,Speech Processing,2025,0,False
Slovakia,Telecommunications,2020,1,True
Spain,Telecommunications,2025,4,False
Philippines,Telecommunications,2017,0,True
Netherlands,Telecommunications,2019,3,True
Norway,Telecommunications,2016,0,True
Taiwan,Telecommunications,2016,19,True
Austria,Telecommunications,2020,0,True
Denmark,Telecommunications,2018,12,True
United Kingdom,Telecommunications,2024,176,False
Colombia,Transportation,2021,0,True
Slovakia,Transportation,2025,1,False
Finland,Transportation,2022,0,False
Croatia,Transportation,2024,0,False
Bulgaria,Transportation,2025,0,False
United Kingdom,Transportation,2020,51,True
Romania,Transportation,2024,0,False
Ukraine,Agriculture,2016,0,True
Poland,Agriculture,2024,2,False
Argentina,Agriculture,2021,4,True
Romania,Agriculture,2017,0,True
China,Agriculture,2016,102,True
Belgium,Agriculture,2024,0,False
France,All,2020,298,True
Romania,All,2019,6,True
Lithuania,All,2016,3,True
Italy,All,2018,48,True
Germany,All,2021,1174,True
Morocco,All,2021,2,True
Mexico,All,2024,17,False
Mexico,All,2025,16,False
Japan,All,2019,4559,True
South Africa,Analytics and Algorithms,2016,0,True
South Africa,Analytics and Algorithms,2021,0,True
Croatia,Analytics and Algorithms,2021,0,True
Tunisia,Analytics and Algorithms,2020,0,True
China,Analytics and Algorithms,2026,196,False
Latvia,Analytics and Algorithms,2020,0,True
Morocco,Analytics and Algorithms,2016,0,True
Morocco,Analytics and Algorithms,2020,0,True
Morocco,Analytics and Algorithms,2021,0,True
Finland,Banking and Finance,2017,0,True
Malaysia,Banking and Finance,2022,0,False
Latvia,Banking and Finance,2020,0,True
Israel,Banking and Finance,2017,1,True
New Zealand,Banking and Finance,2016,0,True
Germany,Banking and Finance,2023,71,False
Czechia,Banking and Finance,2022,0,False
Japan,Bio-Inspired Computing,2020,152,True
Finland,Bio-Inspired Computing,2017,4,True
Sweden,Bio-Inspired Computing,2020,1,True
South Africa,Bio-Inspired Computing,2025,1,False
Croatia,Bio-Inspired Computing,2023,0,False
Panama,Bio-Inspired Computing,2016,0,True
Canada,Bio-Inspired Computing,2021,38,True
Canada,Bio-Inspired Computing,2022,35,False
Portugal,Bio-Inspired Computing,2020,1,True
Portugal,Bio-Inspired Computing,2023,0,False
Kenya,Bio-Inspired Computing,2016,0,True
Norway,Bio-Inspired Computing,2025,0,False
Austria,Bio-Inspired Computing,2024,0,False
Ukraine,Business,2025,0,False
Philippines,Business,2019,4,True
Norway,Business,2018,1,True
Norway,Business,2022,4,False
Canada,Computer Vision,2021,297,True
Slovenia,Computer Vision,2016,0,True
United States,Computer Vision,2019,4868,True
Romania,Computer Vision,2018,2,True
Switzerland,Computer Vision,2016,0,True
Spain,Computer Vision,2018,62,True
Czechia,Computer Vision,2017,0,True
Brazil,Computing in Government,2016,0,True
Malaysia,Computing in Government,2018,0,True
Spain,Computing in Government,2021,0,True
Ukraine,Computing in Government,2019,0,True
Croatia,Computing in Government,2023,0,False
Austria,Control Methods,2018,6,True
Austria,Control Methods,2023,10,False
Austria,Control Methods,2024,7,False
Greece,Control Methods,2020,0,True
Hungary,Control Methods,2016,6,True
Czechia,Control Methods,2023,2,False
Mexico,Control Methods,2025,4,False
Peru,Control Methods,2020,4,True
Hungary,Distributed AI,2019,0,True
Romania,Distributed AI,2019,0,True
Sweden,Distributed AI,2024,0,False
India,Distributed AI,2023,0,False
Belgium,Distributed AI,2022,0,False
Spain,Distributed AI,2017,5,True
Colombia,Distributed AI,2022,0,False
Slovenia,Distributed AI,2023,0,False
Australia,Distributed AI,2020,11,True
China,Distributed AI,2026,29,False
Czechia,Education,2021,0,True
Mexico,Education,2018,1,True
Chile,Education,2019,0,True
Chile,Education,2023,0,False
Slovakia,Education,2021,0,True
Peru,Education,2023,0,False
United States,Education,2024,74,False
Serbia,Education,2020,0,True
Serbia,Education,2025,0,False
Singapore,Education,2017,2,True
Tunisia,Energy Management,2020,0,True
Tunisia,Energy Management,2022,0,False
Greece,Energy Management,2020,1,True
Turkey,Energy Management,2018,0,True
Portugal,Energy Management,2016,0,True
Spain,Energy Management,2021,11,True
Poland,Energy Management,2016,5,True
Poland,Energy Management,2023,1,False
Morocco,Energy Management,2023,3,False
Argentina,Energy Management,2022,1,False
Germany,Fuzzy Logic,2017,6,True
Australia,Fuzzy Logic,2023,4,False
Slovenia,Fuzzy Logic,2022,0,False
Denmark,Fuzzy Logic,2017,0,True
Bulgaria,Fuzzy Logic,2025,0,False
Italy,Industry and Manufacturing,2023,18,False
Switzerland,Industry and Manufacturing,2022,1,False
Hungary,Industry and Manufacturing,2021,2,True
China,Industry and Manufacturing,2018,1691,True
China,Industry and Manufacturing,2019,2674,True
Belgium,Industry and Manufacturing,2022,3,False
Japan,Industry and Manufacturing,2018,455,True
South Africa,Industry and Manufacturing,2024,0,False
Turkey,Industry and Manufacturing,2024,5,False
Taiwan,Industry and Manufacturing,2018,29,True
Czechia,Industry and Manufacturing,2020,0,True
Malaysia,Industry and Manufacturing,2018,3,True
Malaysia,Industry and Manufacturing,2021,1,True
Australia,Industry and Manufacturing,2019,45,True
Hungary,Knowledge Representation,2024,0,False
Tunisia,Knowledge Representation,2023,0,False
Malaysia,Knowledge Representation,2018,1,True
Serbia,Knowledge Representation,2016,0,True
San Marino,Knowledge Representation,2018,0,True
Peru,Knowledge Representation,2021,1,True
Peru,Knowledge Representation,2023,0,False
Norway,Knowledge Representation,2024,0,False
Singapore,Knowledge Representation,2018,20,True
Singapore,Knowledge Representation,2019,10,True
Austria,Knowledge Representation,2023,0,False
Hungary,Natural Language Processing,2023,0,False
Philippines,Natural Language Processing,2022,1,False
Ukraine,Natural Language Processing,2022,0,False
Peru,Natural Language Processing,2016,0,True
Serbia,Natural Language Processing,2017,0,True
Canada,Natural Language Processing,2016,19,True
Switzerland,Natural Language Processing,2016,0,True
Switzerland,Natural Language Processing,2018,0,True
Portugal,Natural Language Processing,2022,1,False
Belgium,Natural Language Processing,2017,0,True
Japan,Natural Language Processing,2022,132,False
Peru,Life Sciences,2018,2,True
Peru,Life Sciences,2020,3,True
New Zealand,Life Sciences,2017,10,True
Finland,Life Sciences,2023,1,False
Uruguay,Life Sciences,2022,0,False
Germany,Life Sciences,2025,24,False
Spain,Life Sciences,2021,27,True
Luxembourg,Life Sciences,2017,0,True
Hungary,Life Sciences,2021,2,True
Moldova,Life Sciences,2021,0,True
Czechia,Life Sciences,2019,0,True
Colombia,Life Sciences,2021,1,True
Morocco,Life Sciences,2024,1,False
Ukraine,Life Sciences,2018,1,True
Portugal,Life Sciences,2018,3,True
Slovakia,Logic-Based Knowledge Systems,2024,0,False
Czechia,Logic-Based Knowledge Systems,2022,1,False
Poland,Logic-Based Knowledge Systems,2023,1,False
Malaysia,Markov and Bayesian Models,2018,0,True
Hungary,Markov and Bayesian Models,2024,0,False
Thailand,Markov and Bayesian Models,2017,0,True
Romania,Markov and Bayesian Models,2024,0,False
South Korea,Markov and Bayesian Models,2018,200,True
Netherlands,Markov and Bayesian Models,2024,5,False
Greece,Markov and Bayesian Models,2024,0,False
China,Markov and Bayesian Models,2021,5425,True
Finland,Markov and Bayesian Models,2020,4,True
Ukraine,Markov and Bayesian Models,2024,0,False
Colombia,Measuring and Testing,2021,1,True
Brazil,Measuring and Testing,2018,56,True
Japan,Measuring and Testing,2024,199,False
Germany,Measuring and Testing,2016,65,True
Romania,Measuring and Testing,2018,0,True
United States,Measuring and Testing,2025,12,False
Mexico,Neural Networks,2017,17,True
India,Neural Networks,2021,2,True
Serbia,Neural Networks,2019,2,True
Portugal,Neural Networks,2016,1,True
Denmark,Neural Networks,2016,5,True
Greece,Neural Networks,2016,2,True
Romania,Neural Networks,2021,10,True
Norway,Neural Networks,2024,5,False
Belgium,Neural Networks,2022,2,False
United Kingdom,Neural Networks,2020,273,True
Bulgaria,Neural Networks,2018,0,True
Turkey,Neural Networks,2022,25,False
Israel,Ontology Engineering,2023,1,False
France,Ontology Engineering,2017,1,True
San Marino,Ontology Engineering,2018,0,True
Turkey,Ontology Engineering,2023,2,False
Serbia,Ontology Engineering,2018,0,True
Serbia,Ontology Engineering,2020,1,True
Japan,Ontology Engineering,2016,26,True
Belgium,Ontology Engineering,2022,0,False
Denmark,Ontology Engineering,2018,0,True
China,Ontology Engineering,2021,6006,True
Spain,Ontology Engineering,2023,0,False
Netherlands,Other and Unspecified,2024,16,False
Chile,Other and Unspecified,2022,2,False
Argentina,Other and Unspecified,2022,6,False
United States,Other and Unspecified,2019,4788,True
Belgium,Other and Unspecified,2022,4,False
Japan,Other and Unspecified,2025,20,False
Cuba,Other and Unspecified,2020,1,True
Italy,Other and Unspecified,2019,21,True
India,Other and Unspecified,2023,8,False
Bulgaria,Other and Unspecified,2020,12,True
Canada,Other and Unspecified,2023,66,False
Lithuania,Personal Devices and Computing,2020,1,True
Singapore,Personal Devices and Computing,2017,68,True
Australia,Personal Devices and Computing,2016,172,True
Hungary,Personal Devices and Computing,2017,6,True
Hungary,Personal Devices and Computing,2020,3,True
Germany,Personal Devices and Computing,2023,464,False
China,Personal Devices and Computing,2024,87831,False
Italy,Personal Devices and Computing,2018,19,True
Japan,Personal Devices and Computing,2022,1138,False
Ireland,Physical Sciences and Engineering,2022,1,False
Austria,Physical Sciences and Engineering,2023,20,False
United Kingdom,Physical Sciences and Engineering,2021,465,True
Mexico,Physical Sciences and Engineering,2022,32,False
Bulgaria,Physical Sciences and Engineering,2022,3,False
Serbia,Physical Sciences and Engineering,2019,6,True
Costa Rica,Physical Sciences and Engineering,2023,1,False
Colombia,Planning and Scheduling,2021,1,True
Mexico,Planning and Scheduling,2023,1,False
Greece,Planning and Scheduling,2022,1,False
Azerbaijan,Planning and Scheduling,2018,0,True
Argentina,Planning and Scheduling,2016,0,True
United States,Planning and Scheduling,2019,1530,True
South Africa,Planning and Scheduling,2021,0,True
Slovakia,Planning and Scheduling,2024,0,False
Bulgaria,Planning and Scheduling,2019,0,True
Sweden,Robotics,2025,0,False
India,Robotics,2016,10,True
India,Robotics,2018,17,True
Norway,Robotics,2018,1,True
United States,Robotics,2023,228,False
Turkey,Robotics,2021,2,True
Germany,Robotics,2025,2,False
Israel,Robotics,2023,2,False
Russia,Robotics,2017,4,True
Malaysia,Robotics,2017,1,True
Turkey,Search Methods,2020,2,True
Turkey,Search Methods,2025,0,False
Malaysia,Search Methods,2020,2,True
Peru,Search Methods,2022,0,False
Morocco,Search Methods,2019,0,True
Morocco,Search Methods,2020,0,True
San Marino,Search Methods,2018,0,True
Norway,Search Methods,2023,0,False
Switzerland,Search Methods,2023,0,False
Romania,Search Methods,2017,1,True
Denmark,Search Methods,2022,0,False
Hungary,Search Methods,2018,1,True
China,Security,2018,998,True
Morocco,Security,2019,2,True
Japan,Security,2024,42,False
France,Security,2022,28,False
Greece,Security,2021,0,True
Netherlands,Security,2021,1,True
South Africa,Security,2017,0,True
Czechia,Security,2018,0,True
Hungary,Security,2016,0,True
Norway,Security,2022,0,False
Argentina,Security,2020,0,True
South Korea,Spatial and Physical Reasoning,2023,3312,False
Switzerland,Spatial and Physical Reasoning,2021,2,True
Japan,Spatial and Physical Reasoning,2025,5,False
Germany,Spatial and Physical Reasoning,2016,127,True
Denmark,Spatial and Physical Reasoning,2024,1,False
Slovakia,Spatial and Physical Reasoning,2024,0,False
South Africa,Spatial and Physical Reasoning,2022,0,False
Norway,Spatial and Physical Reasoning,2025,0,False
Brazil,Spatial and Physical Reasoning,2016,37,True
Russia,Spatial and Physical Reasoning,2017,52,True
Spain,Spatial and Physical Reasoning,2018,62,True
Colombia,Spatial and Physical Reasoning,2019,0,True
Azerbaijan,Spatial and Physical Reasoning,2018,0,True
India,Spatial and Physical Reasoning,2023,0,False
Portugal,Speech Processing,2022,0,False
Greece,Speech Processing,2023,0,False
Turkey,Speech Processing,2018,1,True
Sweden,Speech Processing,2020,2,True
Germany,Speech Processing,2016,17,True
Colombia,Speech Processing,2021,0,True
Israel,Speech Processing,2021,1,True
Costa Rica,Speech Processing,2020,0,True
Jordan,Telecommunications,2023,0,False
Finland,Telecommunications,2023,14,False
Brazil,Telecommunications,2020,33,True
Philippines,Telecommunications,2022,1,False
Switzerland,Telecommunications,2022,0,False
Japan,Telecommunications,2018,644,True
New Zealand,Telecommunications,2019,4,True
Hungary,Transportation,2019,0,True
South Africa,Transportation,2025,0,False
Costa Rica,Transportation,2019,0,True
Iran,Transportation,2018,0,True
Latvia,Transportation,2017,0,True
Latvia,Transportation,2020,0,True
Chile,Transportation,2022,0,False
Ukraine,Transportation,2021,0,True
Austria,Transportation,2021,6,True
United Kingdom,Transportation,2023,46,False
Czechia,Transportation,2021,0,True
New Zealand,Transportation,2016,1,True
South Korea,Agriculture,2019,125,True
South Korea,Agriculture,2022,271,False
Serbia,Agriculture,2025,0,False
South Africa,Agriculture,2017,0,True
South Africa,Agriculture,2020,0,True
South Africa,Agriculture,2024,0,False
Israel,Agriculture,2017,0,True
Norway,Agriculture,2020,1,True
Finland,Agriculture,2016,0,True
India,Agriculture,2019,0,True
Germany,All,2017,489,True
Philippines,All,2019,21,True
Peru,All,2016,3,True
Argentina,All,2018,7,True
Poland,All,2022,22,False
Malaysia,All,2019,27,True
Lithuania,Analytics and Algorithms,2022,1,False
Australia,Analytics and Algorithms,2019,96,True
Sweden,Analytics and Algorithms,2023,1,False
Switzerland,Analytics and Algorithms,2017,0,True
Switzerland,Analytics and Algorithms,2023,0,False
Bulgaria,Analytics and Algorithms,2024,0,False
Greece,Analytics and Algorithms,2023,0,False
Slovakia,Analytics and Algorithms,2020,0,True
Slovakia,Analytics and Algorithms,2025,0,False
New Zealand,Analytics and Algorithms,2016,0,True
India,Analytics and Algorithms,2019,0,True
Ukraine,Analytics and Algorithms,2018,0,True
Finland,Banking and Finance,2018,2,True
Norway,Banking and Finance,2017,1,True
United Kingdom,Banking and Finance,2020,28,True
Canada,Banking and Finance,2018,59,True
Denmark,Banking and Finance,2023,0,False
Sweden,Bio-Inspired Computing,2017,0,True
New Zealand,Bio-Inspired Computing,2016,0,True
New Zealand,Bio-Inspired Computing,2019,1,True
South Africa,Bio-Inspired Computing,2023,3,False
Croatia,Bio-Inspired Computing,2018,0,True
Luxembourg,Bio-Inspired Computing,2023,8,False
Spain,Bio-Inspired Computing,2024,1,False
Malaysia,Bio-Inspired Computing,2020,2,True
Netherlands,Bio-Inspired Computing,2017,0,True
Philippines,Business,2017,1,True
France,Computer Vision,2019,93,True
France,Computer Vision,2021,110,True
China,Computer Vision,2018,8630,True
Greece,Computer Vision,2023,8,False
Norway,Computer Vision,2018,0,True
South Africa,Computer Vision,2017,2,True
Serbia,Computer Vision,2022,1,False
Belgium,Computing in Government,2018,0,True
Chile,Computing in Government,2021,0,True
Norway,Computing in Government,2021,0,True
Canada,Computing in Government,2023,1,False
Hungary,Computing in Government,2018,0,True
Ireland,Computing in Government,2023,0,False
Switzerland,Computing in Government,2020,0,True
United States,Computing in Government,2017,45,True
Mexico,Computing in Government,2022,0,False
Czechia,Computing in Government,2024,0,False
Morocco,Control Methods,2016,0,True
Singapore,Control Methods,2021,1,True
Netherlands,Control Methods,2016,1,True
Paraguay,Control Methods,2021,0,True
Denmark,Control Methods,2016,10,True
South Korea,Control Methods,2018,496,True
Taiwan,Control Methods,2024,39,False
Poland,Control Methods,2024,2,False
Norway,Control Methods,2016,0,True
Switzerland,Control Methods,2020,0,True
Argentina,Distributed AI,2018,0,True
Austria,Distributed AI,2023,0,False
Bulgaria,Distributed AI,2019,0,True
Tunisia,Distributed AI,2023,0,False
France,Distributed AI,2020,3,True
Czechia,Distributed AI,2018,0,True
Czechia,Distributed AI,2020,0,True
Japan,Distributed AI,2020,45,True
Morocco,Distributed AI,2019,0,True
Malaysia,Distributed AI,2017,0,True
China,Distributed AI,2021,427,True
Greece,Education,2023,2,False
Poland,Education,2022,0,False
Turkey,Education,2019,1,True
Philippines,Education,2018,0,True
United States,Education,2017,173,True
United States,Education,2019,195,True
Spain,Education,2020,1,True
Serbia,Education,2022,0,False
Germany,Education,2020,2,True
New Zealand,Education,2019,0,True
South Korea,Energy Management,2021,588,True
South Korea,Energy Management,2024,393,False
Mexico,Energy Management,2020,5,True
Peru,Energy Management,2017,0,True
Poland,Energy Management,2019,3,True
Jordan,Energy Management,2023,0,False
Chile,Energy Management,2017,0,True
Chile,Energy Management,2019,0,True
China,Energy Management,2022,9447,False
Hungary,Fuzzy Logic,2019,1,True
Costa Rica,Fuzzy Logic,2019,0,True
Peru,Fuzzy Logic,2020,0,True
South Africa,Fuzzy Logic,2024,2,False
Luxembourg,Fuzzy Logic,2018,0,True
India,Fuzzy Logic,2017,5,True
Romania,Fuzzy Logic,2022,0,False
Italy,Industry and Manufacturing,2020,5,True
San Marino,Industry and Manufacturing,2020,1,True
Brazil,Industry and Manufacturing,2020,26,True
Poland,Industry and Manufacturing,2023,2,False
Greece,Industry and Manufacturing,2020,0,True
Luxembourg,Industry and Manufacturing,2021,3,True
Argentina,Industry and Manufacturing,2018,1,True
Argentina,Industry and Manufacturing,2022,1,False
India,Industry and Manufacturing,2023,0,False
Turkey,Industry and Manufacturing,2020,4,True
Germany,Industry and Manufacturing,2017,69,True
China,Knowledge Representation,2021,1122,True
Canada,Knowledge Representation,2016,31,True
Canada,Knowledge Representation,2018,46,True
Norway,Knowledge Representation,2016,0,True
Belgium,Knowledge Representation,2019,0,True
Austria,Knowledge Representation,2020,0,True
Hungary,Natural Language Processing,2024,0,False
Slovakia,Natural Language Processing,2024,0,False
Finland,Natural Language Processing,2016,1,True
Czechia,Natural Language Processing,2017,0,True
Greece,Natural Language Processing,2018,0,True
Netherlands,Natural Language Processing,2021,0,True
Belgium,Natural Language Processing,2025,0,False
Israel,Natural Language Processing,2016,1,True
Slovenia,Natural Language Processing,2016,0,True
Uruguay,Natural Language Processing,2017,0,True
South Korea,Life Sciences,2021,1736,True
South Korea,Life Sciences,2023,1951,False
France,Life Sciences,2019,28,True
France,Life Sciences,2024,24,False
Uruguay,Life Sciences,2020,0,True
Croatia,Life Sciences,2023,0,False
Norway,Life Sciences,2021,2,True
Slovenia,Life Sciences,2016,0,True
Brazil,Life Sciences,2019,61,True
Brazil,Logic-Based Knowledge Systems,2016,16,True
Brazil,Logic-Based Knowledge Systems,2022,2,False
Costa Rica,Logic-Based Knowledge Systems,2025,0,False
Japan,Logic-Based Knowledge Systems,2023,180,False
Turkey,Logic-Based Knowledge Systems,2024,7,False
Austria,Logic-Based Knowledge Systems,2020,2,True
Greece,Logic-Based Knowledge Systems,2025,0,False
Chile,Markov and Bayesian Models,2021,0,True
Belgium,Markov and Bayesian Models,2020,1,True
Brazil,Markov and Bayesian Models,2016,5,True
Czechia,Markov and Bayesian Models,2019,0,True
Turkey,Markov and Bayesian Models,2020,4,True
Israel,Markov and Bayesian Models,2018,1,True
Denmark,Markov and Bayesian Models,2023,0,False
Spain,Measuring and Testing,2025,0,False
Paraguay,Measuring and Testing,2021,1,True
Hungary,Measuring and Testing,2022,1,False
Portugal,Measuring and Testing,2023,0,False
Argentina,Measuring and Testing,2022,8,False
Denmark,Measuring and Testing,2024,0,False
Morocco,Measuring and Testing,2022,1,False
Norway,Measuring and Testing,2020,3,True
South Korea,Neural Networks,2025,243,False
Czechia,Neural Networks,2021,1,True
Chile,Neural Networks,2021,0,True
Luxembourg,Neural Networks,2020,9,True
Luxembourg,Neural Networks,2025,130,False
Philippines,Neural Networks,2018,3,True
Panama,Neural Networks,2016,0,True
Cuba,Neural Networks,2020,0,True
Taiwan,Neural Networks,2022,356,False
Greece,Neural Networks,2021,6,True
Netherlands,Neural Networks,2020,13,True
United Kingdom,Neural Networks,2024,344,False
Lithuania,Neural Networks,2020,4,True
Philippines,Ontology Engineering,2017,0,True
Brazil,Ontology Engineering,2017,1,True
Lithuania,Ontology Engineering,2019,0,True
Australia,Ontology Engineering,2019,7,True
Sweden,Ontology Engineering,2021,0,True
Serbia,Ontology Engineering,2021,0,True
Luxembourg,Ontology Engineering,2020,0,True
Czechia,Ontology Engineering,2019,0,True
Czechia,Ontology Engineering,2022,0,False
India,Ontology Engineering,2018,17,True
Germany,Ontology Engineering,2019,16,True
Colombia,Other and Unspecified,2019,1,True
Australia,Other and Unspecified,2019,226,True
Philippines,Other and Unspecified,2023,2,False
Romania,Other and Unspecified,2018,1,True
Ukraine,Other and Unspecified,2025,2,False
Slovakia,Other and Unspecified,2020,0,True
Italy,Other and Unspecified,2017,17,True
New Zealand,Other and Unspecified,2022,1,False
India,Other and Unspecified,2016,49,True
Turkey,Other and Unspecified,2022,31,False
Morocco,Personal Devices and Computing,2018,1,True
Australia,Personal Devices and Computing,2018,289,True
Belgium,Personal Devices and Computing,2017,0,True
Costa Rica,Personal Devices and Computing,2023,0,False
Japan,Personal Devices and Computing,2016,834,True
Japan,Personal Devices and Computing,2024,511,False
Singapore,Physical Sciences and Engineering,2021,6,True
Romania,Physical Sciences and Engineering,2016,2,True
Sweden,Physical Sciences and Engineering,2024,20,False
Czechia,Physical Sciences and Engineering,2017,0,True
South Africa,Physical Sciences and Engineering,2024,2,False
Serbia,Physical Sciences and Engineering,2021,6,True
Croatia,Physical Sciences and Engineering,2025,3,False
Costa Rica,Physical Sciences and Engineering,2020,2,True
Switzerland,Physical Sciences and Engineering,2020,5,True
Hungary,Physical Sciences and Engineering,2017,11,True
Hungary,Physical Sciences and Engineering,2024,3,False
Italy,Physical Sciences and Engineering,2020,65,True
Spain,Planning and Scheduling,2018,11,True
Mexico,Planning and Scheduling,2021,16,True
Malaysia,Planning and Scheduling,2021,1,True
Hungary,Planning and Scheduling,2018,1,True
Poland,Planning and Scheduling,2024,0,False
Singapore,Planning and Scheduling,2020,7,True
Luxembourg,Planning and Scheduling,2021,6,True
Turkey,Planning and Scheduling,2021,7,True
South Africa,Planning and Scheduling,2019,0,True
South Africa,Planning and Scheduling,2024,0,False
Jordan,Planning and Scheduling,2021,0,True
Canada,Planning and Scheduling,2022,75,False
Greece,Robotics,2020,0,True
Poland,Robotics,2023,1,False
Singapore,Robotics,2018,6,True
Singapore,Robotics,2020,1,True
United Kingdom,Robotics,2021,15,True
Turkey,Search Methods,2022,0,False
Slovakia,Search Methods,2025,0,False
Argentina,Search Methods,2020,1,True
Tunisia,Search Methods,2021,0,True
India,Search Methods,2020,0,True
Japan,Search Methods,2020,194,True
Japan,Search Methods,2024,27,False
Sweden,Search Methods,2023,4,False
Czechia,Search Methods,2021,0,True
Slovenia,Search Methods,2016,0,True
Ireland,Security,2018,1,True
Netherlands,Security,2025,0,False
Panama,Security,2016,0,True
Belgium,Security,2020,1,True
Portugal,Security,2017,0,True
Russia,Security,2016,15,True
Czechia,Security,2024,0,False
Hungary,Security,2017,0,True
Romania,Security,2020,0,True
Israel,Security,2023,10,False
South Korea,Spatial and Physical Reasoning,2020,2099,True
Portugal,Spatial and Physical Reasoning,2023,1,False
Norway,Spatial and Physical Reasoning,2017,1,True
France,Spatial and Physical Reasoning,2018,68,True
Sweden,Spatial and Physical Reasoning,2025,0,False
Ireland,Speech Processing,2016,0,True
Malaysia,Speech Processing,2020,0,True
China,Speech Processing,2017,830,True
Tunisia,Speech Processing,2021,0,True
Austria,Speech Processing,2016,0,True
Italy,Speech Processing,2024,1,False
Saudi Arabia,Speech Processing,2023,0,False
Slovenia,Speech Processing,2018,0,True
Slovenia,Speech Processing,2019,0,True
Slovenia,Speech Processing,2023,0,False
Serbia,Speech Processing,2024,1,False
Peru,Speech Processing,2021,0,True
Luxembourg,Speech Processing,2020,1,True
Argentina,Speech Processing,2018,0,True
Australia,Speech Processing,2023,20,False
Chile,Telecommunications,2021,1,True
Canada,Telecommunications,2019,189,True
Bulgaria,Telecommunications,2019,0,True
Poland,Telecommunications,2017,5,True
Belgium,Telecommunications,2023,2,False
Belgium,Telecommunications,2024,1,False
Norway,Telecommunications,2018,4,True
China,Telecommunications,2017,1930,True
Greece,Telecommunications,2021,2,True
Malaysia,Transportation,2021,0,True
South Africa,Transportation,2019,0,True
Poland,Transportation,2020,3,True
Taiwan,Transportation,2018,23,True
Bulgaria,Transportation,2021,0,True
Serbia,Transportation,2018,2,True
Austria,Transportation,2024,4,False
Argentina,Transportation,2018,0,True
Romania,Transportation,2016,0,True
Sweden,Transportation,2021,3,True
Germany,Agriculture,2023,14,False
Ukraine,Agriculture,2017,0,True
Brazil,Agriculture,2017,12,True
Argentina,Agriculture,2020,3,True
United Kingdom,Agriculture,2019,10,True
Japan,Agriculture,2020,46,True
Portugal,Agriculture,2024,0,False
Czechia,Agriculture,2023,0,False
Saudi Arabia,Agriculture,2019,0,True
Morocco,Agriculture,2021,0,True
Greece,All,2018,9,True
Cuba,All,2020,1,True
Japan,All,2018,3886,True
Slovakia,All,2024,7,False
Lithuania,Analytics and Algorithms,2019,0,True
Singapore,Analytics and Algorithms,2019,12,True
South Korea,Analytics and Algorithms,2016,76,True
Oman,Analytics and Algorithms,2016,0,True
Portugal,Analytics and Algorithms,2022,3,False
Germany,Analytics and Algorithms,2023,234,False
Tunisia,Analytics and Algorithms,2022,0,False
Poland,Analytics and Algorithms,2019,5,True
Malaysia,Banking and Finance,2018,4,True
Hungary,Banking and Finance,2017,0,True
Singapore,Banking and Finance,2016,6,True
Singapore,Banking and Finance,2017,17,True
Argentina,Banking and Finance,2020,0,True
Ukraine,Banking and Finance,2018,0,True
Philippines,Banking and Finance,2019,3,True
Japan,Banking and Finance,2017,111,True
Switzerland,Bio-Inspired Computing,2018,0,True
Switzerland,Bio-Inspired Computing,2021,1,True
Greece,Bio-Inspired Computing,2024,0,False
Paraguay,Bio-Inspired Computing,2021,0,True
Canada,Bio-Inspired Computing,2024,2,False
Mexico,Business,2022,1,False
Germany,Business,2021,57,True
Romania,Business,2019,2,True
Bulgaria,Business,2025,1,False
Peru,Business,2019,0,True
South Korea,Business,2020,1810,True
Ukraine,Business,2021,0,True
Argentina,Business,2021,3,True
Norway,Business,2024,0,False
New Zealand,Business,2016,0,True
Sweden,Computer Vision,2025,0,False
Singapore,Computer Vision,2020,29,True
Azerbaijan,Computer Vision,2018,0,True
Serbia,Computer Vision,2017,1,True
Belgium,Computer Vision,2023,2,False
Canada,Computer Vision,2020,290,True
Philippines,Computer Vision,2018,1,True
Morocco,Computer Vision,2022,1,False
United States,Computer Vision,2024,1428,False
Turkey,Computer Vision,2018,3,True
Costa Rica,Computing in Government,2020,0,True
South Korea,Computing in Government,2025,28,False
Morocco,Computing in Government,2016,0,True
Taiwan,Computing in Government,2016,1,True
Colombia,Computing in Government,2017,0,True
Colombia,Computing in Government,2023,0,False
China,Computing in Government,2025,3789,False
Finland,Computing in Government,2018,0,True
Finland,Computing in Government,2023,0,False
Italy,Computing in Government,2018,1,True
Croatia,Computing in Government,2019,0,True
Croatia,Computing in Government,2021,0,True
Czechia,Computing in Government,2025,0,False
Bulgaria,Control Methods,2021,0,True
Ukraine,Control Methods,2025,0,False
China,Control Methods,2023,4688,False
Ireland,Control Methods,2022,0,False
Denmark,Control Methods,2020,2,True
Portugal,Control Methods,2017,3,True
Israel,Control Methods,2018,4,True
Chile,Control Methods,2017,0,True
Croatia,Control Methods,2025,0,False
United Kingdom,Distributed AI,2024,11,False
Greece,Distributed AI,2019,0,True
Greece,Distributed AI,2021,1,True
India,Distributed AI,2018,7,True
Turkey,Distributed AI,2017,0,True
Denmark,Distributed AI,2024,0,False
South Africa,Distributed AI,2016,0,True
Slovenia,Education,2019,0,True
Denmark,Education,2022,0,False
Jordan,Education,2021,0,True
Ireland,Education,2023,0,False
Oman,Education,2016,1,True
Morocco,Education,2018,0,True
Brazil,Education,2019,5,True
United Kingdom,Education,2020,8,True
Portugal,Education,2019,1,True
Singapore,Education,2016,4,True
Bulgaria,Energy Management,2020,2,True
Serbia,Energy Management,2018,0,True
Malaysia,Energy Management,2022,1,False
Netherlands,Energy Management,2017,0,True
Jordan,Energy Management,2017,0,True
Japan,Energy Management,2021,218,True
Argentina,Energy Management,2020,0,True
Argentina,Energy Management,2021,0,True
China,Energy Management,2024,18584,False
China,Energy Management,2026,151,False
Costa Rica,Energy Management,2025,0,False
Germany,Fuzzy Logic,2023,9,False
Brazil,Fuzzy Logic,2019,1,True
Estonia,Fuzzy Logic,2022,0,False
Denmark,Fuzzy Logic,2020,0,True
Mexico,Fuzzy Logic,2020,0,True
Mexico,Fuzzy Logic,2021,0,True
Greece,Fuzzy Logic,2017,0,True
South Korea,Industry and Manufacturing,2020,683,True
Norway,Industry and Manufacturing,2018,1,True
Canada,Industry and Manufacturing,2016,37,True
Canada,Industry and Manufacturing,2017,44,True
Spain,Industry and Manufacturing,2023,5,False
Jordan,Industry and Manufacturing,2023,0,False
Netherlands,Industry and Manufacturing,2023,1,False
United States,Industry and Manufacturing,2017,482,True
Czechia,Industry and Manufacturing,2022,0,False
Peru,Industry and Manufacturing,2021,2,True
Denmark,Knowledge Representation,2021,0,True
Argentina,Knowledge Representation,2016,0,True
Japan,Knowledge Representation,2023,64,False
South Africa,Knowledge Representation,2021,0,True
Colombia,Knowledge Representation,2023,0,False
Chile,Knowledge Representation,2018,0,True
Mexico,Knowledge Representation,2021,7,True
South Korea,Knowledge Representation,2025,0,False
Chile,Natural Language Processing,2021,0,True
Greece,Natural Language Processing,2016,0,True
Greece,Natural Language Processing,2019,0,True
Germany,Natural Language Processing,2018,12,True
Portugal,Natural Language Processing,2017,0,True
Japan,Natural Language Processing,2024,97,False
Singapore,Natural Language Processing,2017,9,True
Indonesia,Life Sciences,2016,1,True
Netherlands,Life Sciences,2024,8,False
Chile,Life Sciences,2021,0,True
Japan,Life Sciences,2019,879,True
Singapore,Life Sciences,2018,73,True
Colombia,Life Sciences,2023,2,False
Iran,Logic-Based Knowledge Systems,2018,1,True
Spain,Logic-Based Knowledge Systems,2018,15,True
Belgium,Logic-Based Knowledge Systems,2020,0,True
Switzerland,Logic-Based Knowledge Systems,2019,0,True
Japan,Logic-Based Knowledge Systems,2020,425,True
Peru,Logic-Based Knowledge Systems,2018,0,True
China,Logic-Based Knowledge Systems,2022,4260,False
Malaysia,Logic-Based Knowledge Systems,2022,1,False
Tunisia,Logic-Based Knowledge Systems,2021,0,True
Poland,Logic-Based Knowledge Systems,2018,4,True
Luxembourg,Logic-Based Knowledge Systems,2018,0,True
Sweden,Markov and Bayesian Models,2022,5,False
United Kingdom,Markov and Bayesian Models,2021,42,True
Canada,Markov and Bayesian Models,2020,103,True
Poland,Markov and Bayesian Models,2018,4,True
Romania,Markov and Bayesian Models,2016,0,True
Australia,Markov and Bayesian Models,2016,28,True
Australia,Markov and Bayesian Models,2021,109,True
Paraguay,Markov and Bayesian Models,2021,0,True
Mexico,Markov and Bayesian Models,2025,2,False
Austria,Markov and Bayesian Models,2024,2,False
Turkey,Markov and Bayesian Models,2022,3,False
Switzerland,Markov and Bayesian Models,2022,0,False
Israel,Markov and Bayesian Models,2016,0,True
Saudi Arabia,Measuring and Testing,2021,0,True
Singapore,Measuring and Testing,2018,52,True
Singapore,Measuring and Testing,2019,24,True
Turkey,Measuring and Testing,2023,20,False
Argentina,Measuring and Testing,2016,0,True
Uruguay,Measuring and Testing,2017,0,True
Germany,Measuring and Testing,2021,275,True
Israel,Measuring and Testing,2023,12,False
Brazil,Neural Networks,2019,125,True
Brazil,Neural Networks,2021,70,True
New Zealand,Neural Networks,2017,13,True
Saudi Arabia,Neural Networks,2019,1,True
Israel,Neural Networks,2022,18,False
Norway,Neural Networks,2019,2,True
Bulgaria,Neural Networks,2021,0,True
Costa Rica,Neural Networks,2019,0,True
Israel,Ontology Engineering,2018,0,True
San Marino,Ontology Engineering,2023,0,False
Bulgaria,Ontology Engineering,2022,0,False
Bulgaria,Ontology Engineering,2024,0,False
Thailand,Ontology Engineering,2017,0,True
Spain,Ontology Engineering,2025,0,False
Denmark,Other and Unspecified,2018,20,True
Brazil,Other and Unspecified,2021,39,True
Saudi Arabia,Other and Unspecified,2021,1,True
Oman,Other and Unspecified,2016,0,True
Singapore,Other and Unspecified,2017,37,True
Poland,Other and Unspecified,2022,6,False
Uruguay,Other and Unspecified,2022,2,False
Luxembourg,Other and Unspecified,2022,15,False
Switzerland,Other and Unspecified,2021,1,True
Russia,Other and Unspecified,2021,14,True
Brazil,Personal Devices and Computing,2017,42,True
United States,Personal Devices and Computing,2016,4584,True
Croatia,Personal Devices and Computing,2022,0,False
Portugal,Personal Devices and Computing,2016,6,True
Peru,Personal Devices and Computing,2016,1,True
Ukraine,Personal Devices and Computing,2023,0,False
Poland,Personal Devices and Computing,2020,11,True
Sweden,Personal Devices and Computing,2016,6,True
Sweden,Personal Devices and Computing,2018,10,True
Romania,Personal Devices and Computing,2023,4,False
United Kingdom,Personal Devices and Computing,2017,179,True
New Zealand,Personal Devices and Computing,2022,0,False
Austria,Personal Devices and Computing,2020,7,True
Spain,Personal Devices and Computing,2020,54,True
Peru,Physical Sciences and Engineering,2022,10,False
Slovenia,Physical Sciences and Engineering,2019,1,True
Czechia,Physical Sciences and Engineering,2022,3,False
Israel,Physical Sciences and Engineering,2018,19,True
Philippines,Physical Sciences and Engineering,2022,15,False
Finland,Physical Sciences and Engineering,2022,29,False
Denmark,Physical Sciences and Engineering,2018,37,True
Switzerland,Physical Sciences and Engineering,2022,6,False
Poland,Physical Sciences and Engineering,2024,9,False
India,Physical Sciences and Engineering,2016,156,True
Luxembourg,Physical Sciences and Engineering,2023,95,False
China,Physical Sciences and Engineering,2017,16473,True
Taiwan,Physical Sciences and Engineering,2019,513,True
Turkey,Physical Sciences and Engineering,2025,3,False
Spain,Planning and Scheduling,2019,13,True
Spain,Planning and Scheduling,2024,1,False
South Korea,Planning and Scheduling,2026,0,False
United Kingdom,Planning and Scheduling,2017,23,True
San Marino,Planning and Scheduling,2023,0,False
Brazil,Planning and Scheduling,2016,9,True
Peru,Planning and Scheduling,2017,0,True
Saudi Arabia,Planning and Scheduling,2022,0,False
Czechia,Planning and Scheduling,2024,1,False
Serbia,Planning and Scheduling,2024,0,False
Serbia,Planning and Scheduling,2025,0,False
Malaysia,Planning and Scheduling,2020,6,True
Luxembourg,Planning and Scheduling,2020,3,True
Netherlands,Planning and Scheduling,2018,0,True
India,Planning and Scheduling,2023,0,False
Slovakia,Planning and Scheduling,2020,0,True
Canada,Planning and Scheduling,2020,139,True
Ukraine,Robotics,2018,0,True
Ukraine,Robotics,2019,0,True
Colombia,Robotics,2017,0,True
Japan,Robotics,2018,279,True
New Zealand,Robotics,2017,1,True
Hungary,Robotics,2023,0,False
South Africa,Robotics,2020,0,True
South Korea,Robotics,2017,104,True
China,Robotics,2018,1298,True
China,Robotics,2025,5103,False
Spain,Robotics,2025,1,False
Latvia,Robotics,2017,0,True
Czechia,Robotics,2024,1,False
Bulgaria,Search Methods,2024,0,False
San Marino,Search Methods,2023,0,False
Finland,Search Methods,2020,1,True
Luxembourg,Search Methods,2018,0,True
Kenya,Search Methods,2016,0,True
Singapore,Search Methods,2017,8,True
Singapore,Search Methods,2019,12,True
Denmark,Search Methods,2019,1,True
Cuba,Search Methods,2020,0,True
South Korea,Security,2021,786,True
United Kingdom,Security,2021,32,True
Philippines,Security,2018,2,True
United States,Security,2018,1350,True
Ukraine,Security,2019,0,True
South Africa,Security,2016,2,True
Hungary,Security,2022,2,False
Mexico,Security,2025,1,False
Turkey,Security,2017,2,True
United States,Spatial and Physical Reasoning,2022,3653,False
United Kingdom,Spatial and Physical Reasoning,2020,142,True
Russia,Spatial and Physical Reasoning,2021,11,True
Malaysia,Spatial and Physical Reasoning,2017,8,True
Czechia,Spatial and Physical Reasoning,2021,0,True
Uruguay,Spatial and Physical Reasoning,2017,0,True
Greece,Spatial and Physical Reasoning,2017,5,True
Saudi Arabia,Spatial and Physical Reasoning,2019,0,True
Netherlands,Spatial and Physical Reasoning,2025,4,False
Malaysia,Speech Processing,2016,0,True
Japan,Speech Processing,2018,301,True
Japan,Speech Processing,2025,0,False
India,Speech Processing,2024,0,False
Canada,Speech Processing,2023,4,False
Denmark,Speech Processing,2020,4,True
Morocco,Speech Processing,2023,0,False
Luxembourg,Speech Processing,2017,0,True
Singapore,Telecommunications,2020,11,True
Philippines,Telecommunications,2018,2,True
Israel,Telecommunications,2016,3,True
South Africa,Telecommunications,2024,0,False
Greece,Telecommunications,2020,1,True
Uruguay,Telecommunications,2022,1,False
South Korea,Telecommunications,2017,575,True
South Korea,Telecommunications,2026,0,False
Austria,Telecommunications,2021,2,True
Saudi Arabia,Telecommunications,2021,0,True
Panama,Telecommunications,2016,0,True
United Kingdom,Telecommunications,2021,102,True
Spain,Transportation,2021,9,True
Morocco,Transportation,2019,1,True
Canada,Transportation,2024,3,False
Italy,Transportation,2020,7,True
Slovenia,Agriculture,2018,1,True
Canada,Agriculture,2023,3,False
United Kingdom,Agriculture,2020,18,True
Colombia,Agriculture,2022,0,False
Saudi Arabia,Agriculture,2023,0,False
South Africa,All,2021,23,True
Romania,All,2023,17,False
New Zealand,All,2017,26,True
New Zealand,All,2020,8,True
Israel,All,2022,30,False
Germany,All,2020,1186,True
Chile,All,2024,3,False
Mexico,All,2021,145,True
Uruguay,All,2017,1,True
Lithuania,Analytics and Algorithms,2016,0,True
United States,Analytics and Algorithms,2024,599,False
Australia,Analytics and Algorithms,2016,36,True
South Africa,Analytics and Algorithms,2022,0,False
Norway,Analytics and Algorithms,2020,2,True
San Marino,Analytics and Algorithms,2023,0,False
Turkey,Analytics and Algorithms,2023,22,False
Costa Rica,Analytics and Algorithms,2019,0,True
Finland,Banking and Finance,2021,2,True
Croatia,Banking and Finance,2020,0,True
Slovakia,Banking and Finance,2025,0,False
Greece,Banking and Finance,2021,0,True
Israel,Banking and Finance,2018,0,True
Germany,Banking and Finance,2022,62,False
Colombia,Banking and Finance,2024,0,False
Belgium,Banking and Finance,2016,0,True
Bulgaria,Banking and Finance,2021,1,True
France,Banking and Finance,2019,16,True
Mexico,Banking and Finance,2019,10,True
Mexico,Banking and Finance,2020,11,True
Luxembourg,Banking and Finance,2016,0,True
Ukraine,Bio-Inspired Computing,2024,0,False
Brazil,Bio-Inspired Computing,2019,14,True
Croatia,Bio-Inspired Computing,2021,0,True
Israel,Bio-Inspired Computing,2024,2,False
Denmark,Bio-Inspired Computing,2018,3,True
Poland,Bio-Inspired Computing,2020,2,True
Poland,Bio-Inspired Computing,2024,0,False
Malaysia,Bio-Inspired Computing,2016,0,True
Australia,Bio-Inspired Computing,2024,4,False
Belgium,Bio-Inspired Computing,2023,0,False
Netherlands,Bio-Inspired Computing,2020,2,True
Romania,Business,2023,1,False
Canada,Business,2019,155,True
Denmark,Business,2018,4,True
Austria,Business,2017,2,True
Portugal,Business,2023,1,False
Hungary,Business,2018,1,True
Finland,Business,2019,7,True
South Africa,Business,2018,1,True
United Kingdom,Business,2016,43,True
Panama,Business,2016,0,True
Sweden,Computer Vision,2016,1,True
Netherlands,Computer Vision,2023,10,False
Lithuania,Computer Vision,2018,4,True
Mexico,Computer Vision,2016,7,True
Czechia,Computer Vision,2021,0,True
France,Computing in Government,2023,0,False
Costa Rica,Computing in Government,2019,0,True
Sweden,Computing in Government,2022,0,False
Germany,Computing in Government,2016,1,True
Peru,Computing in Government,2020,0,True
Ireland,Computing in Government,2016,0,True
Mexico,Computing in Government,2023,0,False
Finland,Computing in Government,2019,1,True
Lithuania,Computing in Government,2022,0,False
South Africa,Computing in Government,2022,0,False
Morocco,Control Methods,2020,1,True
Ukraine,Control Methods,2016,0,True
China,Control Methods,2022,3890,False
Singapore,Control Methods,2016,13,True
Brazil,Control Methods,2021,22,True
Brazil,Control Methods,2022,3,False
Ireland,Control Methods,2016,0,True
United Kingdom,Control Methods,2021,67,True
Luxembourg,Control Methods,2024,29,False
Australia,Control Methods,2020,115,True
Lithuania,Control Methods,2020,1,True
Lithuania,Control Methods,2022,0,False
Italy,Control Methods,2017,7,True
Philippines,Control Methods,2018,0,True
Philippines,Control Methods,2023,1,False
Peru,Distributed AI,2018,0,True
United Kingdom,Distributed AI,2022,14,False
Austria,Distributed AI,2024,0,False
South Africa,Distributed AI,2022,0,False
South Africa,Distributed AI,2023,0,False
Czechia,Distributed AI,2022,0,False
Jordan,Distributed AI,2023,0,False
Poland,Distributed AI,2023,0,False
Morocco,Distributed AI,2021,0,True
Czechia,Education,2020,0,True
South Africa,Education,2016,0,True
Slovakia,Education,2023,0,False
United Kingdom,Education,2019,4,True
Romania,Education,2016,0,True
Spain,Education,2016,1,True
Ukraine,Education,2022,0,False
France,Energy Management,2024,18,False
Germany,Energy Management,2021,94,True
Germany,Energy Management,2022,121,False
Germany,Energy Management,2025,3,False
India,Energy Management,2024,0,False
Malaysia,Energy Management,2016,0,True
Switzerland,Energy Management,2018,0,True
Philippines,Energy Management,2022,0,False
China,Energy Management,2017,1017,True
China,Energy Management,2021,6210,True
Denmark,Energy Management,2019,2,True
Spain,Fuzzy Logic,2016,2,True
France,Fuzzy Logic,2020,3,True
Georgia,Fuzzy Logic,2023,0,False
Luxembourg,Fuzzy Logic,2025,8,False
Mexico,Fuzzy Logic,2023,0,False
Belgium,Fuzzy Logic,2018,0,True
South Korea,Industry and Manufacturing,2022,855,False
China,Industry and Manufacturing,2020,4149,True
Ukraine,Industry and Manufacturing,2024,0,False
Portugal,Industry and Manufacturing,2016,1,True
Russia,Industry and Manufacturing,2020,8,True
South Africa,Industry and Manufacturing,2017,0,True
Thailand,Industry and Manufacturing,2017,0,True
Netherlands,Industry and Manufacturing,2021,6,True
Mexico,Industry and Manufacturing,2023,1,False
Luxembourg,Knowledge Representation,2021,1,True
Malaysia,Knowledge Representation,2017,3,True
Serbia,Knowledge Representation,2018,0,True
China,Knowledge Representation,2017,323,True
Spain,Knowledge Representation,2018,5,True
Malaysia,Natural Language Processing,2016,2,True
Taiwan,Natural Language Processing,2017,10,True
Philippines,Natural Language Processing,2016,0,True
Saudi Arabia,Natural Language Processing,2022,0,False
Peru,Natural Language Processing,2019,0,True
Peru,Natural Language Processing,2023,0,False
Serbia,Natural Language Processing,2020,0,True
Australia,Natural Language Processing,2024,15,False
Israel,Natural Language Processing,2017,0,True
Spain,Natural Language Processing,2018,4,True
United States,Natural Language Processing,2018,1524,True
Japan,Life Sciences,2022,933,False
Bulgaria,Life Sciences,2017,0,True
Israel,Life Sciences,2024,3,False
Luxembourg,Life Sciences,2020,0,True
Lithuania,Life Sciences,2022,0,False
Switzerland,Life Sciences,2016,2,True
Norway,Life Sciences,2025,0,False
Turkey,Life Sciences,2017,2,True
Turkey,Life Sciences,2025,0,False
Panama,Life Sciences,2016,1,True
Brazil,Life Sciences,2018,55,True
Norway,Logic-Based Knowledge Systems,2016,0,True
Japan,Logic-Based Knowledge Systems,2024,90,False
Poland,Logic-Based Knowledge Systems,2017,3,True
South Korea,Logic-Based Knowledge Systems,2022,349,False
Singapore,Markov and Bayesian Models,2016,5,True
Tunisia,Markov and Bayesian Models,2023,0,False
Chile,Markov and Bayesian Models,2018,0,True
Lithuania,Markov and Bayesian Models,2018,0,True
Taiwan,Markov and Bayesian Models,2024,22,False
South Korea,Markov and Bayesian Models,2021,388,True
Bulgaria,Markov and Bayesian Models,2025,0,False
Austria,Markov and Bayesian Models,2022,0,False
Czechia,Markov and Bayesian Models,2018,0,True
Switzerland,Markov and Bayesian Models,2024,0,False
New Zealand,Markov and Bayesian Models,2016,1,True
China,Markov and Bayesian Models,2020,4323,True
South Africa,Markov and Bayesian Models,2016,0,True
Uruguay,Markov and Bayesian Models,2020,0,True
Jordan,Measuring and Testing,2021,0,True
New Zealand,Measuring and Testing,2018,4,True
Philippines,Measuring and Testing,2017,0,True
Philippines,Measuring and Testing,2018,1,True
Italy,Measuring and Testing,2023,17,False
Serbia,Measuring and Testing,2016,0,True
Taiwan,Measuring and Testing,2017,30,True
Latvia,Measuring and Testing,2017,0,True
Malaysia,Measuring and Testing,2016,2,True
Mexico,Measuring and Testing,2016,13,True
Uruguay,Measuring and Testing,2022,1,False
Bulgaria,Measuring and Testing,2019,2,True
San Marino,Measuring and Testing,2017,0,True
Sweden,Neural Networks,2021,14,True
Argentina,Neural Networks,2022,9,False
Australia,Neural Networks,2022,309,False
Serbia,Neural Networks,2025,1,False
Malaysia,Neural Networks,2021,8,True
Denmark,Neural Networks,2018,16,True
Colombia,Neural Networks,2023,2,False
Netherlands,Neural Networks,2023,29,False
Tunisia,Neural Networks,2023,0,False
Lithuania,Neural Networks,2021,0,True
Hungary,Neural Networks,2019,6,True
Hungary,Neural Networks,2021,4,True
South Korea,Ontology Engineering,2016,25,True
Mexico,Ontology Engineering,2021,1,True
Israel,Ontology Engineering,2021,1,True
San Marino,Ontology Engineering,2017,0,True
Bulgaria,Ontology Engineering,2020,0,True
Sweden,Ontology Engineering,2024,0,False
Finland,Ontology Engineering,2016,0,True
South Africa,Ontology Engineering,2021,0,True
Japan,Ontology Engineering,2025,0,False
China,Ontology Engineering,2022,7365,False
Ireland,Other and Unspecified,2022,0,False
Netherlands,Other and Unspecified,2022,20,False
Serbia,Other and Unspecified,2016,0,True
Serbia,Other and Unspecified,2017,2,True
Brazil,Other and Unspecified,2017,42,True
Poland,Other and Unspecified,2018,12,True
Japan,Other and Unspecified,2019,1813,True
Slovenia,Other and Unspecified,2019,0,True
Slovakia,Other and Unspecified,2025,0,False
South Africa,Other and Unspecified,2018,1,True
South Africa,Other and Unspecified,2021,8,True
South Africa,Other and Unspecified,2022,39,False
Croatia,Personal Devices and Computing,2019,1,True
South Korea,Personal Devices and Computing,2019,2994,True
Poland,Personal Devices and Computing,2016,10,True
Germany,Personal Devices and Computing,2021,385,True
Italy,Personal Devices and Computing,2024,8,False
Spain,Personal Devices and Computing,2023,11,False
Austria,Physical Sciences and Engineering,2024,17,False
Spain,Physical Sciences and Engineering,2019,154,True
Norway,Physical Sciences and Engineering,2025,1,False
Malaysia,Physical Sciences and Engineering,2017,30,True
Netherlands,Physical Sciences and Engineering,2024,57,False
Philippines,Physical Sciences and Engineering,2016,4,True
Croatia,Physical Sciences and Engineering,2023,5,False
Denmark,Physical Sciences and Engineering,2023,7,False
Poland,Physical Sciences and Engineering,2016,23,True
Italy,Physical Sciences and Engineering,2019,62,True
Portugal,Planning and Scheduling,2017,0,True
Philippines,Planning and Scheduling,2022,0,False
Sweden,Planning and Scheduling,2019,0,True
Argentina,Planning and Scheduling,2018,3,True
Romania,Planning and Scheduling,2020,1,True
Norway,Planning and Scheduling,2023,0,False
Indonesia,Planning and Scheduling,2016,0,True
New Zealand,Planning and Scheduling,2019,0,True
Morocco,Planning and Scheduling,2018,0,True
Poland,Robotics,2020,2,True
Hungary,Robotics,2016,1,True
South Korea,Robotics,2020,457,True
Morocco,Robotics,2023,1,False
Saudi Arabia,Robotics,2023,0,False
Philippines,Robotics,2021,1,True
Colombia,Search Methods,2024,0,False
Brazil,Search Methods,2020,5,True
Switzerland,Search Methods,2020,0,True
South Korea,Search Methods,2016,14,True
Netherlands,Search Methods,2016,0,True
Spain,Search Methods,2019,8,True
Spain,Search Methods,2022,2,False
Ukraine,Search Methods,2025,0,False
United Kingdom,Security,2018,31,True
Ireland,Security,2022,0,False
Sweden,Security,2022,5,False
Belgium,Security,2024,0,False
Hungary,Security,2018,0,True
Canada,Security,2018,71,True
Bulgaria,Security,2023,1,False
Mexico,Security,2022,2,False
Israel,Security,2021,5,True
Tunisia,Security,2022,1,False
Argentina,Spatial and Physical Reasoning,2016,1,True
Argentina,Spatial and Physical Reasoning,2020,7,True
Germany,Spatial and Physical Reasoning,2022,531,False
Singapore,Spatial and Physical Reasoning,2019,58,True
Philippines,Spatial and Physical Reasoning,2018,0,True
Peru,Spatial and Physical Reasoning,2016,0,True
Czechia,Spatial and Physical Reasoning,2017,0,True
Czechia,Spatial and Physical Reasoning,2020,2,True
Colombia,Spatial and Physical Reasoning,2021,1,True
Chile,Spatial and Physical Reasoning,2022,1,False
Greece,Spatial and Physical Reasoning,2021,2,True
Croatia,Spatial and Physical Reasoning,2019,0,True
Saudi Arabia,Spatial and Physical Reasoning,2023,0,False
Netherlands,Spatial and Physical Reasoning,2024,21,False
Chile,Speech Processing,2017,0,True
Austria,Speech Processing,2017,0,True
Slovakia,Speech Processing,2025,0,False
Switzerland,Speech Processing,2024,0,False
Croatia,Speech Processing,2020,1,True
Iran,Speech Processing,2018,0,True
Saudi Arabia,Speech Processing,2019,0,True
Serbia,Speech Processing,2018,0,True
Peru,Speech Processing,2018,0,True
Bulgaria,Telecommunications,2017,0,True
Argentina,Telecommunications,2022,5,False
Serbia,Telecommunications,2022,0,False
Peru,Telecommunications,2021,1,True
Turkey,Telecommunications,2024,30,False
Belgium,Transportation,2016,0,True
Mexico,Transportation,2016,14,True
Portugal,Transportation,2019,0,True
Ukraine,Transportation,2018,0,True
Luxembourg,Transportation,2020,1,True
Russia,Transportation,2021,6,True
New Zealand,Transportation,2023,0,False
Denmark,Agriculture,2022,0,False
Sweden,Agriculture,2021,4,True
Philippines,Agriculture,2018,0,True
Brazil,Agriculture,2016,7,True
Serbia,Agriculture,2018,1,True
Taiwan,Agriculture,2021,9,True
Greece,Agriculture,2024,0,False
Romania,Agriculture,2021,1,True
Netherlands,Agriculture,2016,0,True
Peru,Agriculture,2016,0,True
Italy,Agriculture,2024,1,False
Romania,All,2021,12,True
Hungary,All,2021,9,True
Norway,All,2020,8,True
Croatia,All,2023,5,False
Croatia,All,2025,3,False
Portugal,All,2016,10,True
Portugal,All,2023,7,False
Serbia,All,2017,3,True
Serbia,All,2025,1,False
Italy,All,2016,23,True
Italy,All,2023,101,False
Luxembourg,All,2020,14,True
Ireland,All,2023,6,False
China,All,2024,176802,False
Czechia,All,2020,4,True
Saudi Arabia,All,2023,1,False
Philippines,Analytics and Algorithms,2022,0,False
Finland,Analytics and Algorithms,2023,10,False
Malaysia,Analytics and Algorithms,2016,1,True
Croatia,Banking and Finance,2018,0,True
Peru,Banking and Finance,2020,3,True
Chile,Banking and Finance,2017,0,True
Taiwan,Banking and Finance,2022,36,False
Taiwan,Banking and Finance,2023,30,False
New Zealand,Banking and Finance,2022,0,False
Lithuania,Banking and Finance,2022,0,False
Ireland,Banking and Finance,2023,2,False
Japan,Banking and Finance,2022,91,False
Costa Rica,Banking and Finance,2019,0,True
Greece,Bio-Inspired Computing,2018,2,True
Slovenia,Bio-Inspired Computing,2018,0,True
Peru,Bio-Inspired Computing,2021,0,True
Peru,Bio-Inspired Computing,2022,0,False
Croatia,Bio-Inspired Computing,2019,0,True
Denmark,Bio-Inspired Computing,2019,3,True
Cuba,Bio-Inspired Computing,2020,0,True
South Korea,Bio-Inspired Computing,2023,159,False
Mexico,Bio-Inspired Computing,2024,0,False
Estonia,Business,2022,0,False
Israel,Business,2019,3,True
Cuba,Business,2020,0,True
Singapore,Business,2016,20,True
Argentina,Business,2022,2,False
Portugal,Business,2022,0,False
Greece,Business,2022,3,False
Czechia,Business,2017,0,True
Japan,Business,2025,0,False
Germany,Computer Vision,2019,360,True
China,Computer Vision,2019,15205,True
Lithuania,Computer Vision,2017,0,True
Luxembourg,Computer Vision,2016,0,True
South Africa,Computer Vision,2022,0,False
Serbia,Computer Vision,2020,3,True
Belgium,Computer Vision,2021,8,True
Israel,Computer Vision,2017,8,True
Israel,Computer Vision,2020,6,True
Mexico,Computer Vision,2025,3,False
Russia,Computer Vision,2021,9,True
Uruguay,Computer Vision,2020,1,True
Italy,Computer Vision,2017,5,True
Italy,Computer Vision,2024,15,False
Morocco,Computer Vision,2021,0,True
Austria,Computer Vision,2021,5,True
South Korea,Computer Vision,2026,1,False
Switzerland,Computer Vision,2019,1,True
Costa Rica,Computing in Government,2025,0,False
Austria,Computing in Government,2020,0,True
United Kingdom,Computing in Government,2016,1,True
United Kingdom,Computing in Government,2017,3,True
Sweden,Computing in Government,2021,0,True
New Zealand,Computing in Government,2016,0,True
Luxembourg,Computing in Government,2024,10,False
South Africa,Computing in Government,2020,0,True
Japan,Computing in Government,2016,4,True
Croatia,Computing in Government,2017,0,True
Czechia,Computing in Government,2022,0,False
Ukraine,Control Methods,2022,0,False
San Marino,Control Methods,2023,1,False
United States,Control Methods,2020,2018,True
United Kingdom,Control Methods,2024,52,False
South Korea,Control Methods,2026,0,False
Croatia,Control Methods,2018,1,True
Switzerland,Control Methods,2023,0,False
Romania,Distributed AI,2016,0,True
Israel,Distributed AI,2024,1,False
Spain,Distributed AI,2019,1,True
Turkey,Distributed AI,2022,0,False
Denmark,Distributed AI,2019,0,True
Georgia,Distributed AI,2023,0,False
Taiwan,Distributed AI,2017,1,True
Japan,Distributed AI,2017,35,True
Mexico,Distributed AI,2022,0,False
Luxembourg,Distributed AI,2025,9,False
Luxembourg,Education,2025,9,False
Netherlands,Education,2017,1,True
Peru,Education,2020,0,True
Canada,Education,2021,17,True
Spain,Education,2021,3,True
Japan,Education,2018,58,True
Japan,Education,2024,22,False
Finland,Energy Management,2018,4,True
United States,Energy Management,2022,281,False
United States,Energy Management,2023,172,False
Croatia,Energy Management,2022,1,False
Greece,Energy Management,2023,2,False
Australia,Energy Management,2016,21,True
Germany,Energy Management,2019,66,True
Brazil,Energy Management,2019,11,True
Peru,Energy Management,2021,1,True
Serbia,Energy Management,2025,0,False
Malaysia,Energy Management,2020,1,True
Poland,Energy Management,2018,1,True
Morocco,Energy Management,2020,0,True
Canada,Energy Management,2019,26,True
Germany,Fuzzy Logic,2018,12,True
Serbia,Fuzzy Logic,2022,0,False
Italy,Fuzzy Logic,2024,0,False
South Korea,Fuzzy Logic,2025,1,False
Malaysia,Fuzzy Logic,2021,0,True
Poland,Fuzzy Logic,2022,0,False
United States,Fuzzy Logic,2021,87,True
Bulgaria,Industry and Manufacturing,2024,2,False
Lithuania,Industry and Manufacturing,2016,1,True
Serbia,Industry and Manufacturing,2021,0,True
Slovenia,Industry and Manufacturing,2018,0,True
Saudi Arabia,Industry and Manufacturing,2021,0,True
Turkey,Industry and Manufacturing,2023,9,False
Mexico,Industry and Manufacturing,2021,22,True
Czechia,Industry and Manufacturing,2024,1,False
France,Industry and Manufacturing,2018,11,True
United States,Knowledge Representation,2019,1286,True
New Zealand,Knowledge Representation,2020,0,True
Sweden,Knowledge Representation,2020,0,True
Thailand,Knowledge Representation,2017,0,True
Japan,Knowledge Representation,2020,148,True
Luxembourg,Knowledge Representation,2024,8,False
China,Knowledge Representation,2018,315,True
Bulgaria,Knowledge Representation,2025,0,False
Netherlands,Knowledge Representation,2020,1,True
Morocco,Knowledge Representation,2016,0,True
Poland,Natural Language Processing,2022,1,False
San Marino,Natural Language Processing,2017,0,True
Sweden,Natural Language Processing,2021,0,True
Sweden,Natural Language Processing,2022,0,False
Bulgaria,Natural Language Processing,2017,0,True
Turkey,Natural Language Processing,2020,2,True
Portugal,Natural Language Processing,2019,0,True
Japan,Natural Language Processing,2021,169,True
China,Natural Language Processing,2026,169,False
Spain,Natural Language Processing,2017,3,True
Spain,Natural Language Processing,2021,2,True
South Korea,Life Sciences,2024,1020,False
South Korea,Life Sciences,2026,0,False
Russia,Life Sciences,2018,28,True
Netherlands,Life Sciences,2023,4,False
United States,Life Sciences,2021,2174,True
South Africa,Life Sciences,2020,0,True
Finland,Life Sciences,2017,4,True
Croatia,Life Sciences,2018,1,True
Serbia,Life Sciences,2017,0,True
Hungary,Logic-Based Knowledge Systems,2022,0,False
Norway,Logic-Based Knowledge Systems,2017,0,True
Japan,Logic-Based Knowledge Systems,2019,435,True
Peru,Logic-Based Knowledge Systems,2022,0,False
Turkey,Logic-Based Knowledge Systems,2023,3,False
China,Logic-Based Knowledge Systems,2019,1113,True
Greece,Logic-Based Knowledge Systems,2018,0,True
Sweden,Logic-Based Knowledge Systems,2024,0,False
Czechia,Logic-Based Knowledge Systems,2023,1,False
France,Logic-Based Knowledge Systems,2024,5,False
South Korea,Logic-Based Knowledge Systems,2021,698,True
Germany,Markov and Bayesian Models,2023,91,False
Lithuania,Markov and Bayesian Models,2021,0,True
Taiwan,Markov and Bayesian Models,2022,36,False
Italy,Markov and Bayesian Models,2021,6,True
Morocco,Markov and Bayesian Models,2019,1,True
Luxembourg,Markov and Bayesian Models,2016,1,True
France,Markov and Bayesian Models,2019,19,True
France,Markov and Bayesian Models,2022,14,False
Uruguay,Markov and Bayesian Models,2022,0,False
Australia,Measuring and Testing,2021,258,True
Lithuania,Measuring and Testing,2016,1,True
Peru,Measuring and Testing,2019,2,True
Peru,Measuring and Testing,2021,1,True
Croatia,Measuring and Testing,2019,2,True
Croatia,Measuring and Testing,2025,0,False
Singapore,Measuring and Testing,2021,1,True
Bulgaria,Measuring and Testing,2021,0,True
United States,Measuring and Testing,2021,1740,True
Sweden,Neural Networks,2020,17,True
Australia,Neural Networks,2018,251,True
Serbia,Neural Networks,2023,4,False
Israel,Neural Networks,2016,1,True
Turkey,Neural Networks,2016,1,True
Slovenia,Ontology Engineering,2023,0,False
France,Ontology Engineering,2021,2,True
Peru,Ontology Engineering,2019,0,True
Hungary,Ontology Engineering,2023,0,False
Australia,Ontology Engineering,2016,13,True
Turkey,Ontology Engineering,2020,0,True
Oman,Ontology Engineering,2016,0,True
Luxembourg,Ontology Engineering,2019,1,True
Denmark,Ontology Engineering,2019,0,True
Malaysia,Ontology Engineering,2022,0,False
United Kingdom,Ontology Engineering,2023,14,False
Romania,Ontology Engineering,2017,0,True
Sweden,Other and Unspecified,2023,9,False
Paraguay,Other and Unspecified,2021,0,True
Romania,Other and Unspecified,2021,2,True
Romania,Other and Unspecified,2023,12,False
Tunisia,Other and Unspecified,2020,1,True
Norway,Other and Unspecified,2019,4,True
Ukraine,Other and Unspecified,2016,0,True
Portugal,Other and Unspecified,2018,6,True
Portugal,Other and Unspecified,2019,5,True
South Korea,Other and Unspecified,2018,1643,True
Mexico,Other and Unspecified,2018,31,True
Turkey,Other and Unspecified,2020,19,True
Turkey,Other and Unspecified,2021,29,True
Bulgaria,Personal Devices and Computing,2018,1,True
San Marino,Personal Devices and Computing,2018,1,True
France,Personal Devices and Computing,2023,141,False
Denmark,Personal Devices and Computing,2022,0,False
Slovakia,Personal Devices and Computing,2024,0,False
Slovakia,Personal Devices and Computing,2025,0,False
United Kingdom,Personal Devices and Computing,2021,162,True
China,Personal Devices and Computing,2025,96020,False
Norway,Personal Devices and Computing,2025,1,False
Taiwan,Personal Devices and Computing,2021,319,True
South Africa,Personal Devices and Computing,2022,0,False
Ireland,Personal Devices and Computing,2023,2,False
Argentina,Physical Sciences and Engineering,2018,7,True
New Zealand,Physical Sciences and Engineering,2023,1,False
Bulgaria,Physical Sciences and Engineering,2019,3,True
Slovakia,Physical Sciences and Engineering,2024,7,False
Australia,Physical Sciences and Engineering,2020,909,True
Canada,Physical Sciences and Engineering,2016,361,True
Moldova,Physical Sciences and Engineering,2021,1,True
South Korea,Physical Sciences and Engineering,2024,6583,False
Luxembourg,Physical Sciences and Engineering,2020,14,True
China,Physical Sciences and Engineering,2021,92950,True
Belgium,Planning and Scheduling,2016,0,True
Tunisia,Planning and Scheduling,2023,0,False
Switzerland,Planning and Scheduling,2021,4,True
Norway,Planning and Scheduling,2024,0,False
Netherlands,Planning and Scheduling,2025,2,False
South Africa,Planning and Scheduling,2023,0,False
Poland,Robotics,2019,3,True
Ireland,Robotics,2016,0,True
South Korea,Robotics,2025,7,False
Norway,Robotics,2025,0,False
Brazil,Robotics,2022,1,False
Germany,Robotics,2017,46,True
Romania,Robotics,2024,0,False
United Kingdom,Robotics,2024,12,False
Peru,Search Methods,2018,0,True
Canada,Search Methods,2022,54,False
Finland,Search Methods,2021,0,True
Switzerland,Search Methods,2021,0,True
Chile,Search Methods,2022,0,False
Moldova,Search Methods,2021,0,True
Poland,Search Methods,2019,1,True
Australia,Search Methods,2023,30,False
Germany,Search Methods,2016,6,True
Morocco,Security,2022,1,False
Croatia,Security,2022,0,False
France,Security,2023,34,False
Denmark,Security,2024,0,False
Slovenia,Security,2023,0,False
Philippines,Security,2016,1,True
Philippines,Security,2019,3,True
Slovakia,Security,2024,1,False
Uruguay,Security,2020,0,True
Australia,Security,2016,30,True
Peru,Security,2023,0,False
Lithuania,Spatial and Physical Reasoning,2016,1,True
United States,Spatial and Physical Reasoning,2017,3377,True
China,Spatial and Physical Reasoning,2025,100333,False
New Zealand,Spatial and Physical Reasoning,2021,3,True
Tunisia,Spatial and Physical Reasoning,2020,0,True
Turkey,Spatial and Physical Reasoning,2016,2,True
Malaysia,Spatial and Physical Reasoning,2022,1,False
Bulgaria,Spatial and Physical Reasoning,2025,1,False
France,Spatial and Physical Reasoning,2023,132,False
Costa Rica,Spatial and Physical Reasoning,2025,0,False
Israel,Spatial and Physical Reasoning,2022,12,False
Sweden,Spatial and Physical Reasoning,2020,13,True
Ireland,Speech Processing,2022,0,False
Russia,Speech Processing,2016,3,True
Moldova,Speech Processing,2021,0,True
Ukraine,Speech Processing,2019,1,True
Ukraine,Speech Processing,2024,0,False
Sweden,Speech Processing,2023,0,False
Germany,Speech Processing,2019,38,True
Poland,Speech Processing,2018,0,True
Israel,Speech Processing,2020,4,True
Singapore,Speech Processing,2017,4,True
Taiwan,Speech Processing,2025,3,False
Finland,Speech Processing,2023,2,False
Finland,Speech Processing,2024,1,False
Norway,Speech Processing,2017,0,True
Romania,Telecommunications,2018,1,True
Portugal,Telecommunications,2023,0,False
Jordan,Telecommunications,2017,2,True
Morocco,Telecommunications,2022,1,False
Belgium,Telecommunications,2016,0,True
Switzerland,Telecommunications,2018,2,True
Norway,Telecommunications,2020,1,True
Taiwan,Telecommunications,2023,93,False
China,Telecommunications,2018,3286,True
Australia,Telecommunications,2018,117,True
Mexico,Telecommunications,2022,9,False
Czechia,Telecommunications,2020,1,True
Czechia,Telecommunications,2023,0,False
Sweden,Telecommunications,2021,7,True
Sweden,Telecommunications,2022,8,False
Japan,Telecommunications,2024,192,False
India,Telecommunications,2020,1,True
Italy,Telecommunications,2018,7,True
Italy,Telecommunications,2023,14,False
Moldova,Telecommunications,2021,0,True
Costa Rica,Telecommunications,2025,1,False
Belgium,Transportation,2018,1,True
South Africa,Transportation,2022,0,False
Mexico,Transportation,2020,10,True
Mexico,Transportation,2023,2,False
Germany,Transportation,2023,369,False
Poland,Transportation,2017,4,True
Finland,Transportation,2017,1,True
Croatia,Transportation,2025,1,False
Morocco,Transportation,2017,1,True
United States,Transportation,2016,937,True
Luxembourg,Transportation,2022,4,False
United Kingdom,Transportation,2025,6,False
Philippines,Transportation,2022,0,False
Serbia,Agriculture,2020,2,True
Costa Rica,Agriculture,2021,1,True
Poland,Agriculture,2020,1,True
Canada,Agriculture,2024,1,False
Australia,Agriculture,2021,77,True
South Africa,Agriculture,2016,1,True
Slovakia,Agriculture,2024,0,False
Colombia,Agriculture,2021,0,True
Portugal,Agriculture,2020,0,True
Croatia,Agriculture,2017,0,True
Spain,Agriculture,2020,9,True
Hungary,All,2024,3,False
Norway,All,2018,7,True
Norway,All,2022,10,False
New Zealand,All,2022,1,False
Ukraine,All,2023,9,False
Italy,All,2019,64,True
Denmark,All,2020,24,True
Ireland,All,2018,2,True
United Kingdom,All,2023,624,False
Netherlands,All,2021,46,True
Poland,All,2019,38,True
United States,All,2018,14638,True
Spain,All,2020,139,True
Spain,All,2022,84,False
Romania,Analytics and Algorithms,2016,1,True
Iran,Analytics and Algorithms,2018,0,True
Israel,Analytics and Algorithms,2019,1,True
Indonesia,Analytics and Algorithms,2016,0,True
Peru,Analytics and Algorithms,2016,1,True
Finland,Banking and Finance,2020,0,True
Finland,Banking and Finance,2022,0,False
South Korea,Banking and Finance,2026,0,False
Austria,Banking and Finance,2021,1,True
Peru,Banking and Finance,2016,0,True
Italy,Banking and Finance,2021,7,True
Ukraine,Banking and Finance,2016,0,True
South Africa,Banking and Finance,2025,0,False
Denmark,Banking and Finance,2024,0,False
Paraguay,Banking and Finance,2021,0,True
Finland,Bio-Inspired Computing,2018,2,True
Finland,Bio-Inspired Computing,2024,0,False
Italy,Bio-Inspired Computing,2021,6,True
Slovakia,Bio-Inspired Computing,2021,1,True
Morocco,Bio-Inspired Computing,2016,0,True
Morocco,Bio-Inspired Computing,2024,1,False
Thailand,Bio-Inspired Computing,2017,0,True
Ireland,Bio-Inspired Computing,2022,0,False
Israel,Business,2020,2,True
Ireland,Business,2018,0,True
Romania,Business,2022,2,False
Canada,Business,2024,17,False
Peru,Business,2022,3,False
China,Business,2024,25348,False
Taiwan,Business,2019,56,True
Lithuania,Business,2022,0,False
Norway,Business,2019,2,True
New Zealand,Business,2023,0,False
New Zealand,Computer Vision,2021,2,True
Poland,Computer Vision,2024,4,False
Singapore,Computer Vision,2016,17,True
Greece,Computer Vision,2018,5,True
Portugal,Computer Vision,2023,2,False
Chile,Computer Vision,2019,0,True
Austria,Computer Vision,2018,2,True
Switzerland,Computer Vision,2021,3,True
Switzerland,Computer Vision,2024,2,False
Austria,Computing in Government,2023,0,False
United Kingdom,Computing in Government,2025,1,False
Romania,Computing in Government,2023,0,False
Peru,Computing in Government,2023,0,False
Denmark,Computing in Government,2016,0,True
New Zealand,Computing in Government,2019,0,True
Slovakia,Computing in Government,2020,0,True
Hungary,Computing in Government,2016,0,True
Switzerland,Computing in Government,2024,0,False
Singapore,Computing in Government,2020,1,True
Saudi Arabia,Computing in Government,2022,0,False
Turkey,Computing in Government,2019,0,True
Slovenia,Control Methods,2018,4,True
Finland,Control Methods,2018,3,True
Ukraine,Control Methods,2023,0,False
Slovakia,Control Methods,2021,0,True
Serbia,Control Methods,2022,0,False
Romania,Control Methods,2017,0,True
Turkey,Control Methods,2024,4,False
Taiwan,Control Methods,2023,52,False
Lithuania,Control Methods,2021,0,True
Italy,Control Methods,2016,5,True
Norway,Control Methods,2020,2,True
Argentina,Distributed AI,2023,0,False
South Korea,Distributed AI,2024,71,False
United Kingdom,Distributed AI,2020,9,True
Sweden,Distributed AI,2017,0,True
United States,Distributed AI,2025,4,False
Canada,Distributed AI,2020,14,True
South Africa,Distributed AI,2025,0,False
Taiwan,Distributed AI,2022,3,False
Mexico,Distributed AI,2023,0,False
Luxembourg,Distributed AI,2021,0,True
Poland,Distributed AI,2024,0,False
Brazil,Distributed AI,2020,3,True
Greece,Education,2020,0,True
Poland,Education,2017,1,True
Luxembourg,Education,2020,0,True
Turkey,Education,2016,0,True
Turkey,Education,2022,5,False
Colombia,Education,2023,0,False
Portugal,Education,2016,0,True
Serbia,Education,2016,0,True
Singapore,Education,2019,4,True
Russia,Education,2019,2,True
Germany,Education,2016,4,True
France,Energy Management,2023,15,False
Latvia,Energy Management,2020,0,True
Taiwan,Energy Management,2016,5,True
Japan,Energy Management,2025,0,False
Switzerland,Energy Management,2020,0,True
Austria,Energy Management,2022,3,False
Slovakia,Fuzzy Logic,2021,0,True
Spain,Fuzzy Logic,2025,0,False
San Marino,Fuzzy Logic,2018,1,True
Colombia,Fuzzy Logic,2022,1,False
United Kingdom,Fuzzy Logic,2023,2,False
Romania,Fuzzy Logic,2017,0,True
Italy,Industry and Manufacturing,2018,7,True
Italy,Industry and Manufacturing,2021,15,True
Switzerland,Industry and Manufacturing,2016,0,True
China,Industry and Manufacturing,2022,8865,False
Ukraine,Industry and Manufacturing,2018,0,True
Portugal,Industry and Manufacturing,2021,1,True
Denmark,Industry and Manufacturing,2017,1,True
Argentina,Industry and Manufacturing,2020,0,True
France,Industry and Manufacturing,2022,17,False
United States,Knowledge Representation,2024,222,False
Hungary,Knowledge Representation,2018,0,True
Latvia,Knowledge Representation,2020,0,True
Sweden,Knowledge Representation,2025,0,False
Argentina,Knowledge Representation,2020,0,True
Luxembourg,Knowledge Representation,2019,1,True
Ukraine,Knowledge Representation,2018,1,True
Peru,Knowledge Representation,2020,0,True
Italy,Knowledge Representation,2021,2,True
Romania,Knowledge Representation,2020,0,True
Portugal,Knowledge Representation,2021,1,True
Austria,Knowledge Representation,2017,0,True
Malaysia,Natural Language Processing,2020,1,True
New Zealand,Natural Language Processing,2016,0,True
Saudi Arabia,Natural Language Processing,2023,0,False
Ukraine,Natural Language Processing,2025,0,False
Morocco,Natural Language Processing,2017,2,True
Switzerland,Natural Language Processing,2019,0,True
Greece,Natural Language Processing,2025,0,False
Belgium,Natural Language Processing,2016,0,True
South Korea,Natural Language Processing,2021,674,True
South Korea,Life Sciences,2020,1405,True
Malaysia,Life Sciences,2020,5,True
Mexico,Life Sciences,2016,10,True
Netherlands,Life Sciences,2016,1,True
United States,Life Sciences,2022,1769,False
Chile,Life Sciences,2024,0,False
Austria,Life Sciences,2016,2,True
Iran,Life Sciences,2018,0,True
Japan,Life Sciences,2020,889,True
Japan,Life Sciences,2021,980,True
Croatia,Life Sciences,2020,0,True
Spain,Life Sciences,2016,21,True
Spain,Life Sciences,2018,49,True
Spain,Life Sciences,2025,0,False
Luxembourg,Life Sciences,2024,28,False
Singapore,Life Sciences,2016,11,True
Lithuania,Life Sciences,2021,0,True
Czechia,Life Sciences,2022,0,False
Serbia,Life Sciences,2021,0,True
India,Life Sciences,2017,34,True
Lithuania,Logic-Based Knowledge Systems,2016,0,True
Czechia,Logic-Based Knowledge Systems,2019,1,True
Portugal,Logic-Based Knowledge Systems,2018,3,True
Germany,Markov and Bayesian Models,2019,80,True
Belgium,Markov and Bayesian Models,2024,0,False
Bulgaria,Markov and Bayesian Models,2023,0,False
Switzerland,Markov and Bayesian Models,2016,2,True
Switzerland,Markov and Bayesian Models,2018,0,True
Greece,Markov and Bayesian Models,2022,0,False
Belgium,Measuring and Testing,2025,1,False
Czechia,Measuring and Testing,2017,0,True
South Africa,Measuring and Testing,2018,1,True
Taiwan,Measuring and Testing,2016,17,True
Mexico,Measuring and Testing,2025,2,False
South Korea,Measuring and Testing,2019,823,True
Tunisia,Measuring and Testing,2022,2,False
Austria,Measuring and Testing,2022,2,False
Finland,Neural Networks,2019,20,True
Italy,Neural Networks,2019,40,True
Italy,Neural Networks,2024,28,False
Spain,Neural Networks,2017,47,True
Ukraine,Neural Networks,2016,4,True
Peru,Neural Networks,2022,7,False
Japan,Neural Networks,2023,1551,False
Serbia,Neural Networks,2020,5,True
Mexico,Ontology Engineering,2024,0,False
Brazil,Ontology Engineering,2020,3,True
Brazil,Ontology Engineering,2022,0,False
Russia,Ontology Engineering,2019,2,True
New Zealand,Ontology Engineering,2016,0,True
Finland,Ontology Engineering,2019,0,True
United States,Ontology Engineering,2021,455,True
Azerbaijan,Ontology Engineering,2018,0,True
Moldova,Ontology Engineering,2021,0,True
France,Other and Unspecified,2022,85,False
Lithuania,Other and Unspecified,2021,1,True
Lithuania,Other and Unspecified,2022,0,False
Argentina,Other and Unspecified,2019,4,True
Georgia,Other and Unspecified,2023,0,False
Turkey,Other and Unspecified,2019,15,True
Czechia,Other and Unspecified,2019,0,True
Morocco,Personal Devices and Computing,2019,4,True
Brazil,Personal Devices and Computing,2022,4,False
Mexico,Personal Devices and Computing,2020,56,True
Canada,Personal Devices and Computing,2018,427,True
Saudi Arabia,Personal Devices and Computing,2021,0,True
Australia,Personal Devices and Computing,2017,176,True
Belgium,Personal Devices and Computing,2016,2,True
Hungary,Personal Devices and Computing,2023,7,False
United Kingdom,Personal Devices and Computing,2022,137,False
Israel,Personal Devices and Computing,2017,16,True
Taiwan,Personal Devices and Computing,2023,229,False
Taiwan,Personal Devices and Computing,2025,15,False
Colombia,Personal Devices and Computing,2023,0,False
United States,Physical Sciences and Engineering,2018,14637,True
New Zealand,Physical Sciences and Engineering,2019,14,True
Peru,Physical Sciences and Engineering,2018,4,True
Romania,Physical Sciences and Engineering,2022,11,False
Russia,Physical Sciences and Engineering,2020,194,True
Sweden,Physical Sciences and Engineering,2023,34,False
Slovenia,Physical Sciences and Engineering,2022,1,False
Slovakia,Physical Sciences and Engineering,2021,9,True
Portugal,Physical Sciences and Engineering,2022,5,False
India,Physical Sciences and Engineering,2018,269,True
China,Physical Sciences and Engineering,2020,71882,True
Chile,Physical Sciences and Engineering,2017,1,True
Greece,Planning and Scheduling,2020,0,True
Germany,Planning and Scheduling,2022,75,False
San Marino,Planning and Scheduling,2017,0,True
Serbia,Planning and Scheduling,2022,1,False
Norway,Planning and Scheduling,2017,0,True
Hungary,Planning and Scheduling,2016,2,True
Taiwan,Planning and Scheduling,2016,8,True
Taiwan,Planning and Scheduling,2020,39,True
Luxembourg,Planning and Scheduling,2018,0,True
Lithuania,Planning and Scheduling,2018,0,True
Canada,Robotics,2019,49,True
Norway,Robotics,2019,1,True
Lithuania,Robotics,2017,0,True
Slovakia,Robotics,2025,0,False
Switzerland,Robotics,2020,0,True
Romania,Robotics,2017,0,True
Portugal,Robotics,2016,1,True
United Kingdom,Robotics,2023,18,False
Malaysia,Robotics,2019,0,True
Italy,Search Methods,2024,1,False
San Marino,Search Methods,2017,1,True
Brazil,Search Methods,2019,16,True
Switzerland,Search Methods,2022,0,False
Sweden,Search Methods,2021,1,True
United Kingdom,Search Methods,2017,4,True
Morocco,Security,2018,0,True
Morocco,Security,2024,1,False
Saudi Arabia,Security,2022,0,False
Serbia,Security,2017,0,True
Portugal,Security,2019,0,True
Romania,Security,2023,1,False
Norway,Security,2020,2,True
Luxembourg,Security,2017,0,True
Luxembourg,Security,2018,0,True
Luxembourg,Security,2021,2,True
Lithuania,Spatial and Physical Reasoning,2019,0,True
South Korea,Spatial and Physical Reasoning,2016,315,True
Japan,Spatial and Physical Reasoning,2018,1174,True
Luxembourg,Spatial and Physical Reasoning,2020,4,True
Singapore,Spatial and Physical Reasoning,2016,16,True
Spain,Spatial and Physical Reasoning,2017,38,True
Greece,Spatial and Physical Reasoning,2025,0,False
Serbia,Spatial and Physical Reasoning,2022,1,False
Sweden,Spatial and Physical Reasoning,2019,9,True
Sweden,Spatial and Physical Reasoning,2021,17,True
Japan,Speech Processing,2022,162,False
Greece,Speech Processing,2022,1,False
Austria,Speech Processing,2020,0,True
Turkey,Speech Processing,2025,0,False
South Africa,Speech Processing,2022,0,False
Bulgaria,Speech Processing,2022,0,False
Mexico,Speech Processing,2020,8,True
Netherlands,Speech Processing,2019,0,True
United Kingdom,Speech Processing,2018,21,True
United Kingdom,Speech Processing,2020,31,True
Portugal,Telecommunications,2024,0,False
Bulgaria,Telecommunications,2025,0,False
Poland,Telecommunications,2019,13,True
Brazil,Telecommunications,2021,28,True
Norway,Telecommunications,2023,0,False
Norway,Telecommunications,2024,0,False
Mexico,Telecommunications,2016,15,True
Mexico,Telecommunications,2024,4,False
Denmark,Telecommunications,2024,0,False
Sweden,Telecommunications,2016,3,True
Italy,Telecommunications,2022,10,False
Malaysia,Transportation,2020,1,True
France,Transportation,2018,48,True
Oman,Transportation,2016,1,True
Ukraine,Transportation,2022,0,False
Austria,Transportation,2022,5,False
Slovenia,Transportation,2016,1,True
Czechia,Transportation,2018,1,True
Israel,Transportation,2016,2,True
Tunisia,Agriculture,2022,0,False
France,Agriculture,2017,0,True
Romania,Agriculture,2023,0,False
Turkey,Agriculture,2019,2,True
Norway,Agriculture,2022,3,False
Italy,Agriculture,2020,3,True
Morocco,Agriculture,2022,2,False
Costa Rica,All,2025,1,False
Austria,All,2016,10,True
Germany,All,2023,1503,False
Slovenia,All,2023,1,False
Canada,All,2020,908,True
Greece,All,2022,13,False
Switzerland,All,2019,3,True
Belgium,All,2018,8,True
Bulgaria,All,2023,12,False
Belgium,Analytics and Algorithms,2018,1,True
South Korea,Analytics and Algorithms,2021,819,True
South Korea,Analytics and Algorithms,2024,492,False
China,Analytics and Algorithms,2022,9363,False
Netherlands,Analytics and Algorithms,2018,0,True
New Zealand,Analytics and Algorithms,2022,0,False
India,Analytics and Algorithms,2024,0,False
United Kingdom,Analytics and Algorithms,2023,99,False
China,Banking and Finance,2026,19,False
Portugal,Banking and Finance,2023,0,False
Uruguay,Banking and Finance,2022,1,False
Morocco,Banking and Finance,2023,1,False
Peru,Banking and Finance,2021,2,True
Peru,Banking and Finance,2023,0,False
Germany,Banking and Finance,2017,31,True
India,Banking and Finance,2017,16,True
Belgium,Banking and Finance,2021,0,True
Belgium,Banking and Finance,2022,0,False
Lithuania,Banking and Finance,2016,0,True
Russia,Banking and Finance,2019,6,True
Japan,Bio-Inspired Computing,2016,88,True
Japan,Bio-Inspired Computing,2017,122,True
Japan,Bio-Inspired Computing,2025,0,False
Saudi Arabia,Bio-Inspired Computing,2021,0,True
Spain,Bio-Inspired Computing,2016,4,True
Argentina,Bio-Inspired Computing,2019,0,True
Estonia,Bio-Inspired Computing,2022,0,False
Czechia,Bio-Inspired Computing,2020,0,True
Bulgaria,Bio-Inspired Computing,2018,0,True
India,Bio-Inspired Computing,2024,0,False
Mexico,Bio-Inspired Computing,2017,3,True
United States,Business,2025,16,False
Turkey,Business,2024,23,False
Singapore,Business,2021,2,True
South Korea,Business,2016,191,True
Argentina,Business,2017,1,True
Sweden,Business,2016,3,True
Sweden,Business,2024,2,False
San Marino,Business,2018,0,True
Sweden,Computer Vision,2019,7,True
Poland,Computer Vision,2022,10,False
Lithuania,Computer Vision,2016,0,True
Denmark,Computer Vision,2019,10,True
Brazil,Computer Vision,2016,26,True
Israel,Computer Vision,2021,10,True
Estonia,Computer Vision,2022,0,False
Italy,Computer Vision,2022,22,False
Morocco,Computer Vision,2017,1,True
Morocco,Computer Vision,2020,1,True
Taiwan,Computer Vision,2021,210,True
Spain,Computer Vision,2020,54,True
Czechia,Computer Vision,2019,1,True
France,Computing in Government,2021,1,True
Slovenia,Computing in Government,2018,0,True
Austria,Computing in Government,2016,0,True
South Korea,Computing in Government,2019,127,True
Taiwan,Computing in Government,2020,3,True
Hungary,Computing in Government,2021,0,True
Iran,Computing in Government,2018,0,True
Spain,Computing in Government,2017,0,True
Spain,Computing in Government,2020,0,True
South Africa,Computing in Government,2017,0,True
China,Control Methods,2025,8242,False
Malaysia,Control Methods,2017,8,True
Netherlands,Control Methods,2018,0,True
Brazil,Control Methods,2016,31,True
Brazil,Control Methods,2020,25,True
Denmark,Control Methods,2017,6,True
Denmark,Control Methods,2019,10,True
Slovakia,Control Methods,2023,0,False
Russia,Control Methods,2017,32,True
South Africa,Control Methods,2018,0,True
South Africa,Control Methods,2022,0,False
Moldova,Control Methods,2021,0,True
India,Control Methods,2023,0,False
Poland,Control Methods,2017,2,True
Germany,Control Methods,2018,295,True
Norway,Control Methods,2018,4,True
South Korea,Distributed AI,2021,68,True
Germany,Distributed AI,2024,8,False
Finland,Distributed AI,2019,0,True
Ukraine,Distributed AI,2022,0,False
Japan,Distributed AI,2016,17,True
China,Distributed AI,2022,739,False
Hungary,Education,2020,0,True
Netherlands,Education,2022,0,False
Philippines,Education,2021,1,True
France,Education,2018,4,True
France,Education,2020,2,True
Bulgaria,Education,2018,0,True
Canada,Education,2024,1,False
Romania,Education,2021,0,True
Russia,Energy Management,2019,0,True
South Africa,Energy Management,2022,0,False
Denmark,Energy Management,2023,0,False
Argentina,Fuzzy Logic,2022,0,False
Hungary,Fuzzy Logic,2017,0,True
Costa Rica,Fuzzy Logic,2025,0,False
South Africa,Fuzzy Logic,2019,0,True
Portugal,Fuzzy Logic,2016,0,True
Portugal,Fuzzy Logic,2018,1,True
Switzerland,Fuzzy Logic,2023,0,False
Sweden,Fuzzy Logic,2020,1,True
Poland,Fuzzy Logic,2019,1,True
China,Fuzzy Logic,2019,783,True
China,Fuzzy Logic,2024,3514,False
United States,Fuzzy Logic,2020,113,True
Bulgaria,Fuzzy Logic,2018,0,True
Italy,Industry and Manufacturing,2022,9,False
Bulgaria,Industry and Manufacturing,2022,0,False
Bulgaria,Industry and Manufacturing,2023,0,False
Lithuania,Industry and Manufacturing,2022,0,False
New Zealand,Industry and Manufacturing,2020,0,True
Costa Rica,Industry and Manufacturing,2019,0,True
Argentina,Industry and Manufacturing,2023,1,False
United Kingdom,Industry and Manufacturing,2016,20,True
India,Industry and Manufacturing,2022,0,False
Romania,Industry and Manufacturing,2021,0,True
Netherlands,Industry and Manufacturing,2017,0,True
Germany,Industry and Manufacturing,2020,164,True
United States,Industry and Manufacturing,2024,156,False
Hungary,Knowledge Representation,2022,0,False
Tunisia,Knowledge Representation,2020,0,True
Brazil,Knowledge Representation,2019,13,True
Germany,Knowledge Representation,2017,10,True
Switzerland,Knowledge Representation,2021,1,True
Spain,Knowledge Representation,2022,2,False
Spain,Knowledge Representation,2023,0,False
Lithuania,Natural Language Processing,2021,0,True
Taiwan,Natural Language Processing,2019,20,True
United Kingdom,Natural Language Processing,2023,30,False
South Africa,Natural Language Processing,2020,2,True
Norway,Natural Language Processing,2020,0,True
Ukraine,Natural Language Processing,2016,0,True
Netherlands,Natural Language Processing,2024,3,False
Japan,Natural Language Processing,2023,180,False
Tunisia,Natural Language Processing,2023,0,False
Russia,Life Sciences,2020,25,True
Chile,Life Sciences,2017,0,True
Austria,Life Sciences,2018,1,True
France,Life Sciences,2020,34,True
Italy,Life Sciences,2016,6,True
Germany,Life Sciences,2023,121,False
Bulgaria,Life Sciences,2023,0,False
Cuba,Life Sciences,2020,0,True
Switzerland,Life Sciences,2020,0,True
Norway,Life Sciences,2023,1,False
Serbia,Logic-Based Knowledge Systems,2018,0,True
Croatia,Logic-Based Knowledge Systems,2020,1,True
Saudi Arabia,Logic-Based Knowledge Systems,2023,0,False
Slovenia,Logic-Based Knowledge Systems,2023,0,False
Ukraine,Logic-Based Knowledge Systems,2018,2,True
Italy,Logic-Based Knowledge Systems,2024,0,False
Turkey,Logic-Based Knowledge Systems,2025,0,False
China,Logic-Based Knowledge Systems,2021,2854,True
Greece,Logic-Based Knowledge Systems,2016,0,True
New Zealand,Logic-Based Knowledge Systems,2018,4,True
France,Logic-Based Knowledge Systems,2016,8,True
Sweden,Markov and Bayesian Models,2020,1,True
Sweden,Markov and Bayesian Models,2025,0,False
Germany,Markov and Bayesian Models,2025,17,False
Colombia,Markov and Bayesian Models,2023,2,False
Morocco,Markov and Bayesian Models,2017,0,True
Morocco,Markov and Bayesian Models,2023,0,False
Luxembourg,Markov and Bayesian Models,2022,12,False
New Zealand,Markov and Bayesian Models,2023,0,False
Finland,Markov and Bayesian Models,2018,7,True
Finland,Markov and Bayesian Models,2022,1,False
Belgium,Measuring and Testing,2017,0,True
Czechia,Measuring and Testing,2019,0,True
Jordan,Measuring and Testing,2023,0,False
Switzerland,Measuring and Testing,2022,1,False
Luxembourg,Measuring and Testing,2025,21,False
Poland,Measuring and Testing,2016,7,True
Portugal,Measuring and Testing,2019,5,True
Germany,Measuring and Testing,2019,241,True
Azerbaijan,Measuring and Testing,2018,0,True
Finland,Neural Networks,2024,13,False
Brazil,Neural Networks,2018,82,True
Malaysia,Neural Networks,2022,2,False
United Kingdom,Neural Networks,2021,299,True
France,Neural Networks,2024,184,False
Austria,Neural Networks,2017,3,True
Austria,Neural Networks,2022,6,False
Slovenia,Ontology Engineering,2022,0,False
Israel,Ontology Engineering,2022,2,False
Turkey,Ontology Engineering,2017,0,True
Bulgaria,Ontology Engineering,2017,0,True
Bulgaria,Ontology Engineering,2021,0,True
Japan,Ontology Engineering,2021,28,True
Taiwan,Ontology Engineering,2021,16,True
Greece,Ontology Engineering,2022,2,False
India,Ontology Engineering,2022,0,False
Germany,Ontology Engineering,2016,9,True
Latvia,Ontology Engineering,2020,0,True
Netherlands,Other and Unspecified,2017,1,True
Argentina,Other and Unspecified,2018,2,True
United States,Other and Unspecified,2016,2817,True
Japan,Other and Unspecified,2023,2033,False
Japan,Other and Unspecified,2024,1011,False
Hungary,Other and Unspecified,2022,5,False
Switzerland,Other and Unspecified,2024,1,False
Finland,Other and Unspecified,2019,18,True
Morocco,Personal Devices and Computing,2021,0,True
Switzerland,Personal Devices and Computing,2022,1,False
United States,Personal Devices and Computing,2020,10284,True
South Korea,Personal Devices and Computing,2017,1222,True
Belgium,Personal Devices and Computing,2021,1,True
Poland,Personal Devices and Computing,2017,13,True
Argentina,Personal Devices and Computing,2023,6,False
Colombia,Personal Devices and Computing,2024,0,False
South Africa,Personal Devices and Computing,2021,1,True
Ireland,Physical Sciences and Engineering,2023,6,False
Romania,Physical Sciences and Engineering,2023,17,False
Belgium,Physical Sciences and Engineering,2023,7,False
Serbia,Physical Sciences and Engineering,2017,3,True
Israel,Physical Sciences and Engineering,2017,22,True
Israel,Physical Sciences and Engineering,2023,56,False
Netherlands,Physical Sciences and Engineering,2018,13,True
Finland,Physical Sciences and Engineering,2024,20,False
Morocco,Physical Sciences and Engineering,2019,7,True
South Korea,Physical Sciences and Engineering,2019,7022,True
Luxembourg,Physical Sciences and Engineering,2019,10,True
Mexico,Planning and Scheduling,2017,11,True
United Kingdom,Planning and Scheduling,2020,33,True
Japan,Planning and Scheduling,2017,186,True
Poland,Planning and Scheduling,2020,3,True
Canada,Robotics,2018,39,True
Sweden,Robotics,2023,2,False
India,Robotics,2023,0,False
Philippines,Robotics,2019,2,True
Belgium,Robotics,2023,0,False
France,Robotics,2024,3,False
Netherlands,Robotics,2019,3,True
Romania,Robotics,2018,0,True
Israel,Robotics,2016,3,True
Portugal,Robotics,2022,0,False
Israel,Search Methods,2018,1,True
Oman,Search Methods,2016,0,True
Costa Rica,Search Methods,2020,0,True
Ireland,Search Methods,2023,0,False
Netherlands,Search Methods,2018,0,True
Spain,Search Methods,2016,0,True
France,Search Methods,2016,0,True
Australia,Search Methods,2016,10,True
South Korea,Security,2020,731,True
Malaysia,Security,2021,0,True
Denmark,Security,2023,1,False
Poland,Security,2022,2,False
Netherlands,Security,2016,0,True
Netherlands,Security,2018,1,True
Netherlands,Security,2023,1,False
Sweden,Security,2020,4,True
Peru,Security,2018,0,True
South Korea,Spatial and Physical Reasoning,2021,2439,True
Oman,Spatial and Physical Reasoning,2016,1,True
Taiwan,Spatial and Physical Reasoning,2024,139,False
Portugal,Spatial and Physical Reasoning,2021,2,True
Canada,Spatial and Physical Reasoning,2016,131,True
Russia,Spatial and Physical Reasoning,2019,37,True
Czechia,Spatial and Physical Reasoning,2024,2,False
Italy,Spatial and Physical Reasoning,2019,17,True
Italy,Spatial and Physical Reasoning,2023,28,False
Morocco,Spatial and Physical Reasoning,2024,2,False
Saudi Arabia,Spatial and Physical Reasoning,2018,0,True
Canada,Speech Processing,2016,21,True
Ukraine,Speech Processing,2021,0,True
Poland,Speech Processing,2024,0,False
South Africa,Speech Processing,2018,0,True
Croatia,Speech Processing,2022,0,False
Jordan,Speech Processing,2023,0,False
Hungary,Speech Processing,2021,0,True
Singapore,Speech Processing,2018,9,True
Saudi Arabia,Speech Processing,2022,0,False
Uruguay,Speech Processing,2022,0,False
Argentina,Speech Processing,2022,0,False
Finland,Telecommunications,2024,9,False
Spain,Telecommunications,2017,22,True
Croatia,Telecommunications,2017,1,True
South Africa,Transportation,2021,0,True
Slovakia,Transportation,2020,0,True
China,Transportation,2018,1674,True
Croatia,Transportation,2018,0,True
Morocco,Transportation,2022,0,False
Serbia,Transportation,2020,2,True
Canada,Transportation,2018,78,True
United Kingdom,Transportation,2021,57,True
Philippines,Transportation,2017,0,True
Mexico,Agriculture,2025,0,False
Serbia,Agriculture,2024,0,False
Bulgaria,Agriculture,2022,0,False
Taiwan,Agriculture,2019,9,True
Romania,Agriculture,2018,0,True
Norway,Agriculture,2016,1,True
Netherlands,Agriculture,2022,5,False
Austria,Agriculture,2022,0,False
Oman,Agriculture,2016,0,True
Spain,Agriculture,2021,4,True
France,All,2018,189,True
France,All,2019,255,True
Romania,All,2024,5,False
Singapore,All,2019,157,True
New Zealand,All,2023,1,False
Portugal,All,2022,5,False
Israel,All,2016,6,True
Denmark,All,2024,1,False
Philippines,All,2018,6,True
Australia,All,2021,1474,True
Luxembourg,All,2025,184,False
Uruguay,All,2022,2,False
Japan,All,2017,2618,True
Netherlands,All,2024,57,False
United States,All,2020,16913,True
Taiwan,All,2017,198,True
Spain,All,2024,26,False
Lithuania,Analytics and Algorithms,2018,3,True
Luxembourg,Analytics and Algorithms,2020,2,True
Norway,Analytics and Algorithms,2022,1,False
Philippines,Analytics and Algorithms,2016,0,True
San Marino,Analytics and Algorithms,2017,0,True
Germany,Analytics and Algorithms,2020,141,True
France,Analytics and Algorithms,2020,34,True
United Kingdom,Analytics and Algorithms,2016,9,True
South Korea,Banking and Finance,2018,135,True
South Korea,Banking and Finance,2020,331,True
United Kingdom,Banking and Finance,2025,1,False
Switzerland,Banking and Finance,2022,1,False
Hungary,Banking and Finance,2022,0,False
Israel,Banking and Finance,2024,0,False
New Zealand,Banking and Finance,2019,0,True
Ukraine,Banking and Finance,2024,0,False
Colombia,Banking and Finance,2019,1,True
Colombia,Banking and Finance,2021,0,True
India,Banking and Finance,2022,1,False
Peru,Bio-Inspired Computing,2017,0,True
Jordan,Bio-Inspired Computing,2021,0,True
Philippines,Bio-Inspired Computing,2016,0,True
Canada,Bio-Inspired Computing,2019,53,True
Norway,Bio-Inspired Computing,2020,0,True
United States,Bio-Inspired Computing,2024,209,False
Australia,Bio-Inspired Computing,2016,16,True
Romania,Bio-Inspired Computing,2017,0,True
Lithuania,Bio-Inspired Computing,2019,2,True
Netherlands,Bio-Inspired Computing,2025,1,False
Ireland,Business,2021,1,True
Costa Rica,Business,2023,0,False
Saudi Arabia,Business,2023,0,False
Italy,Business,2023,8,False
Jordan,Business,2023,0,False
Belgium,Business,2020,0,True
Canada,Business,2022,106,False
Croatia,Business,2022,0,False
Portugal,Business,2021,2,True
Malaysia,Business,2019,4,True
United Kingdom,Computer Vision,2025,14,False
Poland,Computer Vision,2018,13,True
Netherlands,Computer Vision,2020,6,True
Peru,Computer Vision,2023,3,False
Luxembourg,Computer Vision,2025,55,False
Norway,Computer Vision,2019,1,True
Israel,Computer Vision,2019,7,True
Russia,Computer Vision,2018,56,True
Slovenia,Computer Vision,2019,1,True
Spain,Computer Vision,2021,35,True
Chile,Computing in Government,2017,0,True
Sweden,Computing in Government,2025,0,False
Canada,Computing in Government,2020,10,True
United States,Computing in Government,2016,42,True
Ukraine,Computing in Government,2016,0,True
Argentina,Control Methods,2018,0,True
Finland,Control Methods,2022,4,False
China,Control Methods,2021,3099,True
Netherlands,Control Methods,2022,5,False
Japan,Control Methods,2020,741,True
Slovakia,Control Methods,2020,0,True
New Zealand,Control Methods,2016,2,True
Serbia,Control Methods,2017,1,True
Romania,Control Methods,2024,0,False
Chile,Control Methods,2023,0,False
Latvia,Control Methods,2020,0,True
Australia,Control Methods,2024,5,False
Lithuania,Control Methods,2017,0,True
Italy,Control Methods,2023,18,False
Germany,Control Methods,2023,377,False
Norway,Control Methods,2023,4,False
Singapore,Distributed AI,2021,0,True
Norway,Distributed AI,2021,0,True
Ukraine,Distributed AI,2021,0,True
Saudi Arabia,Distributed AI,2018,0,True
Colombia,Distributed AI,2017,0,True
Czechia,Distributed AI,2025,0,False
Poland,Education,2023,0,False
Luxembourg,Education,2019,0,True
South Korea,Education,2022,277,False
Philippines,Education,2020,1,True
Taiwan,Education,2024,11,False
Croatia,Education,2025,0,False
Portugal,Education,2017,0,True
New Zealand,Energy Management,2020,0,True
Turkey,Energy Management,2024,5,False
Portugal,Energy Management,2019,1,True
Jordan,Energy Management,2021,0,True
Philippines,Energy Management,2020,0,True
Austria,Energy Management,2020,4,True
Oman,Energy Management,2016,0,True
Austria,Fuzzy Logic,2019,0,True
Serbia,Fuzzy Logic,2016,0,True
Serbia,Fuzzy Logic,2020,0,True
Israel,Fuzzy Logic,2017,0,True
Croatia,Fuzzy Logic,2017,0,True
South Korea,Fuzzy Logic,2020,25,True
Denmark,Fuzzy Logic,2016,1,True
Czechia,Fuzzy Logic,2018,0,True
Belgium,Fuzzy Logic,2019,0,True
Italy,Industry and Manufacturing,2024,6,False
United States,Industry and Manufacturing,2018,641,True
Taiwan,Industry and Manufacturing,2020,54,True
Mexico,Industry and Manufacturing,2016,9,True
France,Industry and Manufacturing,2019,15,True
New Zealand,Knowledge Representation,2017,3,True
Denmark,Knowledge Representation,2018,0,True
Australia,Knowledge Representation,2018,35,True
Argentina,Knowledge Representation,2019,1,True
Slovakia,Knowledge Representation,2024,0,False
United Kingdom,Knowledge Representation,2025,1,False
Croatia,Knowledge Representation,2019,0,True
Croatia,Knowledge Representation,2023,0,False
Poland,Knowledge Representation,2022,2,False
Czechia,Knowledge Representation,2023,0,False
United Kingdom,Natural Language Processing,2020,26,True
Luxembourg,Natural Language Processing,2023,3,False
Sweden,Natural Language Processing,2016,1,True
India,Natural Language Processing,2023,0,False
Israel,Natural Language Processing,2020,0,True
Mexico,Natural Language Processing,2019,2,True
Poland,Life Sciences,2019,9,True
Romania,Life Sciences,2018,2,True
Romania,Life Sciences,2023,5,False
Spain,Life Sciences,2022,26,False
Greece,Life Sciences,2021,1,True
Norway,Life Sciences,2020,2,True
Ukraine,Life Sciences,2023,0,False
Brazil,Life Sciences,2020,53,True
Serbia,Life Sciences,2023,1,False
Serbia,Life Sciences,2025,0,False
India,Life Sciences,2023,0,False
South Africa,Logic-Based Knowledge Systems,2019,0,True
Moldova,Logic-Based Knowledge Systems,2021,0,True
Norway,Logic-Based Knowledge Systems,2025,1,False
Singapore,Logic-Based Knowledge Systems,2020,4,True
Denmark,Logic-Based Knowledge Systems,2021,1,True
Mexico,Logic-Based Knowledge Systems,2017,9,True
Italy,Logic-Based Knowledge Systems,2021,6,True
China,Logic-Based Knowledge Systems,2023,6897,False
Malaysia,Logic-Based Knowledge Systems,2019,4,True
Luxembourg,Logic-Based Knowledge Systems,2021,3,True
South Korea,Logic-Based Knowledge Systems,2019,346,True
Tunisia,Markov and Bayesian Models,2022,0,False
Slovakia,Markov and Bayesian Models,2023,2,False
United Kingdom,Markov and Bayesian Models,2025,3,False
Canada,Markov and Bayesian Models,2016,32,True
Japan,Markov and Bayesian Models,2024,59,False
Australia,Markov and Bayesian Models,2022,46,False
Jordan,Markov and Bayesian Models,2023,0,False
China,Markov and Bayesian Models,2017,1110,True
Ukraine,Markov and Bayesian Models,2018,2,True
Sweden,Measuring and Testing,2023,11,False
Russia,Measuring and Testing,2018,38,True
Malaysia,Measuring and Testing,2020,4,True
Mexico,Measuring and Testing,2022,10,False
Portugal,Measuring and Testing,2017,2,True
Morocco,Measuring and Testing,2019,3,True
Israel,Measuring and Testing,2021,5,True
Chile,Measuring and Testing,2017,0,True
Norway,Measuring and Testing,2022,4,False
South Korea,Measuring and Testing,2017,273,True
South Korea,Measuring and Testing,2025,70,False
Tunisia,Measuring and Testing,2023,1,False
United States,Neural Networks,2018,7628,True
Latvia,Neural Networks,2020,1,True
Singapore,Neural Networks,2019,92,True
Belgium,Neural Networks,2020,3,True
Belgium,Neural Networks,2025,4,False
Germany,Neural Networks,2016,99,True
Moldova,Neural Networks,2021,1,True
Bulgaria,Neural Networks,2024,4,False
France,Neural Networks,2018,121,True
South Korea,Ontology Engineering,2026,0,False
Mexico,Ontology Engineering,2017,2,True
Brazil,Ontology Engineering,2018,2,True
Lithuania,Ontology Engineering,2021,1,True
Finland,Ontology Engineering,2022,0,False
Norway,Ontology Engineering,2019,0,True
Argentina,Ontology Engineering,2019,0,True
Luxembourg,Ontology Engineering,2017,0,True
Denmark,Ontology Engineering,2017,0,True
United States,Ontology Engineering,2022,345,False
Germany,Ontology Engineering,2023,18,False
Colombia,Other and Unspecified,2022,4,False
France,Other and Unspecified,2016,37,True
Germany,Other and Unspecified,2020,333,True
Greece,Other and Unspecified,2023,10,False
Costa Rica,Other and Unspecified,2020,0,True
Brazil,Other and Unspecified,2022,9,False
South Korea,Other and Unspecified,2020,3380,True
Japan,Other and Unspecified,2022,1896,False
Austria,Other and Unspecified,2020,5,True
Canada,Other and Unspecified,2021,367,True
Brazil,Personal Devices and Computing,2021,35,True
South Korea,Personal Devices and Computing,2023,3997,False
Sweden,Personal Devices and Computing,2024,5,False
Serbia,Personal Devices and Computing,2020,3,True
China,Personal Devices and Computing,2018,15793,True
Czechia,Personal Devices and Computing,2018,2,True
Czechia,Personal Devices and Computing,2025,1,False
Austria,Personal Devices and Computing,2016,6,True
Spain,Personal Devices and Computing,2024,4,False
Japan,Personal Devices and Computing,2019,1937,True
Argentina,Physical Sciences and Engineering,2021,8,True
United States,Physical Sciences and Engineering,2019,16513,True
Norway,Physical Sciences and Engineering,2016,3,True
Bulgaria,Physical Sciences and Engineering,2018,4,True
South Africa,Physical Sciences and Engineering,2018,3,True
Malaysia,Physical Sciences and Engineering,2019,27,True
Costa Rica,Physical Sciences and Engineering,2021,1,True
Morocco,Physical Sciences and Engineering,2022,6,False
Estonia,Physical Sciences and Engineering,2022,1,False
Italy,Planning and Scheduling,2023,5,False
Switzerland,Planning and Scheduling,2017,0,True
Serbia,Planning and Scheduling,2021,0,True
Lithuania,Planning and Scheduling,2017,1,True
Japan,Robotics,2017,242,True
New Zealand,Robotics,2018,0,True
Denmark,Robotics,2018,1,True
Denmark,Robotics,2023,0,False
China,Robotics,2016,574,True
China,Robotics,2024,4615,False
Morocco,Robotics,2022,0,False
Norway,Robotics,2023,0,False
France,Robotics,2017,3,True
China,Search Methods,2022,1233,False
Canada,Search Methods,2016,19,True
Finland,Search Methods,2019,2,True
Serbia,Search Methods,2025,0,False
Denmark,Search Methods,2021,1,True
Czechia,Search Methods,2025,0,False
Poland,Search Methods,2021,0,True
China,Security,2026,125,False
Malaysia,Security,2016,3,True
Chile,Security,2022,0,False
France,Security,2018,23,True
Brazil,Security,2022,0,False
Turkey,Security,2016,0,True
Turkey,Security,2023,9,False
Argentina,Spatial and Physical Reasoning,2017,1,True
Ireland,Spatial and Physical Reasoning,2018,0,True
Luxembourg,Spatial and Physical Reasoning,2024,61,False
Slovakia,Spatial and Physical Reasoning,2021,0,True
Romania,Spatial and Physical Reasoning,2016,0,True
South Africa,Spatial and Physical Reasoning,2021,0,True
United Kingdom,Spatial and Physical Reasoning,2023,143,False
Thailand,Spatial and Physical Reasoning,2017,0,True
Greece,Spatial and Physical Reasoning,2022,6,False
Morocco,Spatial and Physical Reasoning,2018,2,True
Israel,Spatial and Physical Reasoning,2024,13,False
Netherlands,Spatial and Physical Reasoning,2021,11,True
Netherlands,Spatial and Physical Reasoning,2022,22,False
Belgium,Speech Processing,2018,1,True
Malaysia,Speech Processing,2022,0,False
Brazil,Speech Processing,2022,1,False
New Zealand,Speech Processing,2021,1,True
South Africa,Speech Processing,2023,0,False
South Korea,Speech Processing,2026,1,False
Israel,Speech Processing,2023,1,False
Morocco,Speech Processing,2022,0,False
Philippines,Speech Processing,2021,1,True
Taiwan,Speech Processing,2016,5,True
Taiwan,Speech Processing,2022,33,False
Peru,Speech Processing,2023,0,False
Argentina,Speech Processing,2021,1,True
Netherlands,Speech Processing,2016,0,True
United Kingdom,Speech Processing,2022,24,False
Australia,Speech Processing,2016,16,True
Lithuania,Telecommunications,2016,2,True
Georgia,Telecommunications,2023,0,False
Poland,Telecommunications,2016,4,True
Poland,Telecommunications,2023,5,False
San Marino,Telecommunications,2017,1,True
Luxembourg,Telecommunications,2019,4,True
Japan,Telecommunications,2022,661,False
France,Telecommunications,2016,18,True
United Kingdom,Telecommunications,2025,6,False
Saudi Arabia,Transportation,2021,0,True
Norway,Transportation,2018,2,True
Philippines,Transportation,2019,2,True
Israel,Transportation,2024,2,False
Denmark,Agriculture,2020,2,True
Ukraine,Agriculture,2024,0,False
Serbia,Agriculture,2021,0,True
Serbia,Agriculture,2023,0,False
Poland,Agriculture,2017,1,True
Argentina,Agriculture,2019,4,True
Netherlands,Agriculture,2019,1,True
Czechia,Agriculture,2024,1,False
China,Agriculture,2017,224,True
Austria,Agriculture,2020,0,True
Morocco,Agriculture,2019,0,True
South Africa,All,2020,6,True
San Marino,All,2023,1,False
Ukraine,All,2025,10,False
Brazil,All,2016,86,True
Switzerland,All,2024,3,False
Japan,All,2021,4597,True
Taiwan,All,2018,372,True
Taiwan,All,2025,60,False
Japan,Analytics and Algorithms,2018,273,True
Sweden,Analytics and Algorithms,2019,4,True
Singapore,Analytics and Algorithms,2017,9,True
Czechia,Analytics and Algorithms,2021,1,True
South Korea,Analytics and Algorithms,2025,16,False
Romania,Analytics and Algorithms,2022,0,False
Portugal,Analytics and Algorithms,2017,4,True
Portugal,Analytics and Algorithms,2023,1,False
Greece,Analytics and Algorithms,2020,0,True
France,Analytics and Algorithms,2019,24,True
New Zealand,Analytics and Algorithms,2018,0,True
Finland,Banking and Finance,2024,0,False
Turkey,Banking and Finance,2020,9,True
Kenya,Banking and Finance,2016,0,True
South Korea,Banking and Finance,2023,385,False
Malaysia,Banking and Finance,2019,3,True
Uruguay,Banking and Finance,2017,0,True
Netherlands,Banking and Finance,2018,1,True
Tunisia,Banking and Finance,2021,0,True
Romania,Banking and Finance,2022,1,False
San Marino,Banking and Finance,2018,0,True
Philippines,Banking and Finance,2018,2,True
Bulgaria,Banking and Finance,2022,0,False
Spain,Bio-Inspired Computing,2022,2,False
Tunisia,Bio-Inspired Computing,2020,0,True
Tunisia,Bio-Inspired Computing,2022,0,False
Czechia,Bio-Inspired Computing,2025,0,False
Taiwan,Bio-Inspired Computing,2022,12,False
India,Bio-Inspired Computing,2018,21,True
India,Bio-Inspired Computing,2020,2,True
Poland,Business,2019,5,True
Ireland,Business,2022,0,False
Slovenia,Business,2019,0,True
Morocco,Business,2019,2,True
Morocco,Business,2020,1,True
Italy,Business,2021,13,True
Belgium,Business,2023,2,False
Denmark,Business,2017,2,True
South Korea,Business,2026,1,False
Hungary,Business,2017,2,True
France,Business,2019,20,True
India,Computer Vision,2017,83,True
Germany,Computer Vision,2024,304,False
Poland,Computer Vision,2020,7,True
China,Computer Vision,2021,31078,True
Singapore,Computer Vision,2017,30,True
Luxembourg,Computer Vision,2017,1,True
Malaysia,Computer Vision,2016,4,True
Finland,Computer Vision,2019,15,True
Portugal,Computer Vision,2020,4,True
Croatia,Computer Vision,2021,0,True
South Korea,Computer Vision,2024,1888,False
Switzerland,Computer Vision,2018,3,True
Poland,Computing in Government,2024,0,False
Romania,Computing in Government,2024,1,False
Australia,Computing in Government,2016,2,True
Australia,Computing in Government,2024,0,False
Colombia,Computing in Government,2019,0,True
India,Computing in Government,2020,0,True
Mexico,Computing in Government,2019,0,True
Serbia,Computing in Government,2017,0,True
Japan,Computing in Government,2021,17,True
Netherlands,Computing in Government,2022,0,False
Slovenia,Control Methods,2023,0,False
United States,Control Methods,2025,13,False
Hungary,Control Methods,2017,1,True
Czechia,Control Methods,2022,1,False
Sweden,Control Methods,2022,8,False
Luxembourg,Control Methods,2023,19,False
Luxembourg,Control Methods,2025,21,False
Colombia,Control Methods,2021,1,True
South Korea,Control Methods,2019,959,True
Iran,Control Methods,2018,0,True
Costa Rica,Control Methods,2023,0,False
Taiwan,Control Methods,2016,18,True
South Korea,Distributed AI,2018,24,True
South Korea,Distributed AI,2022,121,False
New Zealand,Distributed AI,2021,0,True
Switzerland,Distributed AI,2016,0,True
Switzerland,Distributed AI,2022,0,False
Denmark,Distributed AI,2021,0,True
Luxembourg,Distributed AI,2018,0,True
Morocco,Distributed AI,2016,0,True
Morocco,Distributed AI,2017,0,True
Netherlands,Distributed AI,2016,0,True
Greece,Education,2025,0,False
Ireland,Education,2021,0,True
Morocco,Education,2023,0,False
Italy,Education,2020,3,True
United States,Education,2023,92,False
Belgium,Education,2019,0,True
New Zealand,Education,2016,0,True
Finland,Education,2016,0,True
Georgia,Energy Management,2023,0,False
Croatia,Energy Management,2024,1,False
Australia,Energy Management,2017,12,True
Turkey,Energy Management,2019,0,True
Saudi Arabia,Energy Management,2021,0,True
Norway,Energy Management,2016,0,True
Taiwan,Energy Management,2024,26,False
Luxembourg,Energy Management,2022,2,False
South Africa,Energy Management,2019,1,True
Germany,Fuzzy Logic,2025,1,False
Peru,Fuzzy Logic,2023,0,False
Spain,Fuzzy Logic,2023,0,False
Israel,Fuzzy Logic,2020,0,True
Poland,Fuzzy Logic,2023,1,False
United States,Fuzzy Logic,2025,1,False
Canada,Fuzzy Logic,2021,2,True
Canada,Fuzzy Logic,2022,4,False
Mexico,Fuzzy Logic,2024,2,False
Colombia,Industry and Manufacturing,2017,0,True
Colombia,Industry and Manufacturing,2022,0,False
Sweden,Industry and Manufacturing,2019,4,True
South Korea,Industry and Manufacturing,2025,36,False
Finland,Industry and Manufacturing,2022,2,False
Uruguay,Industry and Manufacturing,2022,1,False
Poland,Industry and Manufacturing,2022,5,False
Taiwan,Industry and Manufacturing,2021,51,True
South Africa,Knowledge Representation,2023,0,False
Malaysia,Knowledge Representation,2021,1,True
Ukraine,Knowledge Representation,2025,0,False
Colombia,Knowledge Representation,2017,0,True
Serbia,Knowledge Representation,2019,0,True
Serbia,Knowledge Representation,2025,0,False
Bulgaria,Knowledge Representation,2018,0,True
Norway,Knowledge Representation,2019,0,True
Morocco,Knowledge Representation,2024,0,False
Croatia,Knowledge Representation,2017,0,True
Croatia,Knowledge Representation,2021,0,True
Romania,Knowledge Representation,2022,0,False
Mexico,Knowledge Representation,2018,3,True
Czechia,Knowledge Representation,2019,0,True
Russia,Knowledge Representation,2018,15,True
France,Natural Language Processing,2016,3,True
Denmark,Natural Language Processing,2024,0,False
Netherlands,Natural Language Processing,2016,0,True
South Korea,Natural Language Processing,2025,63,False
Israel,Natural Language Processing,2019,0,True
Mexico,Life Sciences,2018,38,True
Austria,Life Sciences,2017,3,True
Denmark,Life Sciences,2016,6,True
United Kingdom,Life Sciences,2018,101,True
Israel,Life Sciences,2016,1,True
Luxembourg,Life Sciences,2021,3,True
Belgium,Life Sciences,2017,0,True
Hungary,Life Sciences,2024,1,False
Morocco,Life Sciences,2018,3,True
Brazil,Life Sciences,2022,3,False
United States,Logic-Based Knowledge Systems,2022,984,False
Brazil,Logic-Based Knowledge Systems,2018,23,True
United Kingdom,Logic-Based Knowledge Systems,2019,39,True
Latvia,Logic-Based Knowledge Systems,2017,0,True
Ukraine,Logic-Based Knowledge Systems,2022,1,False
Czechia,Logic-Based Knowledge Systems,2025,0,False
New Zealand,Logic-Based Knowledge Systems,2021,0,True
South Korea,Logic-Based Knowledge Systems,2016,101,True
Chile,Markov and Bayesian Models,2019,0,True
Germany,Markov and Bayesian Models,2021,68,True
Japan,Markov and Bayesian Models,2021,301,True
Italy,Markov and Bayesian Models,2024,2,False
Bulgaria,Markov and Bayesian Models,2024,1,False
Mexico,Markov and Bayesian Models,2021,6,True
Portugal,Markov and Bayesian Models,2018,0,True
Greece,Markov and Bayesian Models,2020,1,True
China,Markov and Bayesian Models,2024,10592,False
Peru,Markov and Bayesian Models,2023,1,False
Slovenia,Markov and Bayesian Models,2018,1,True
Belgium,Measuring and Testing,2022,3,False
Kenya,Measuring and Testing,2016,1,True
Brazil,Measuring and Testing,2022,9,False
South Africa,Measuring and Testing,2024,0,False
Italy,Measuring and Testing,2018,8,True
Taiwan,Measuring and Testing,2019,83,True
Japan,Measuring and Testing,2023,448,False
United Kingdom,Measuring and Testing,2016,27,True
Turkey,Measuring and Testing,2025,0,False
Finland,Measuring and Testing,2022,5,False
Norway,Measuring and Testing,2018,2,True
South Korea,Measuring and Testing,2026,0,False
Tunisia,Measuring and Testing,2021,0,True
Sweden,Neural Networks,2017,4,True
Argentina,Neural Networks,2020,7,True
United States,Neural Networks,2016,2310,True
Italy,Neural Networks,2022,47,False
Russia,Neural Networks,2017,84,True
Philippines,Neural Networks,2020,18,True
Ukraine,Neural Networks,2018,5,True
Singapore,Neural Networks,2020,44,True
Saudi Arabia,Neural Networks,2021,0,True
Croatia,Neural Networks,2023,1,False
Croatia,Neural Networks,2025,0,False
Taiwan,Neural Networks,2018,211,True
Romania,Neural Networks,2020,4,True
Switzerland,Neural Networks,2019,1,True
Hungary,Neural Networks,2017,7,True
Estonia,Ontology Engineering,2022,0,False
Israel,Ontology Engineering,2024,1,False
Turkey,Ontology Engineering,2019,0,True
Serbia,Ontology Engineering,2025,1,False
Morocco,Ontology Engineering,2020,0,True
Argentina,Ontology Engineering,2016,0,True
Argentina,Ontology Engineering,2021,0,True
Malaysia,Ontology Engineering,2021,0,True
Czechia,Ontology Engineering,2023,0,False
United Kingdom,Ontology Engineering,2024,19,False
Costa Rica,Ontology Engineering,2020,0,True
Israel,Other and Unspecified,2019,9,True
Germany,Other and Unspecified,2016,145,True
Australia,Other and Unspecified,2023,234,False
Philippines,Other and Unspecified,2017,0,True
Saudi Arabia,Other and Unspecified,2023,1,False
Slovenia,Other and Unspecified,2022,1,False
Malaysia,Other and Unspecified,2022,2,False
Malaysia,Personal Devices and Computing,2021,5,True
Romania,Personal Devices and Computing,2017,2,True
Romania,Personal Devices and Computing,2024,1,False
Austria,Personal Devices and Computing,2019,1,True
Lithuania,Physical Sciences and Engineering,2019,3,True
Singapore,Physical Sciences and Engineering,2017,111,True
New Zealand,Physical Sciences and Engineering,2020,8,True
New Zealand,Physical Sciences and Engineering,2021,6,True
Brazil,Physical Sciences and Engineering,2018,156,True
Norway,Physical Sciences and Engineering,2021,6,True
Sweden,Physical Sciences and Engineering,2018,33,True
Czechia,Physical Sciences and Engineering,2024,6,False
Belgium,Physical Sciences and Engineering,2016,3,True
Netherlands,Physical Sciences and Engineering,2025,13,False
Philippines,Physical Sciences and Engineering,2018,6,True
South Korea,Physical Sciences and Engineering,2018,4412,True
South Korea,Planning and Scheduling,2019,560,True
Greece,Planning and Scheduling,2023,3,False
Japan,Planning and Scheduling,2023,252,False
Ukraine,Planning and Scheduling,2024,0,False
Taiwan,Planning and Scheduling,2025,11,False
New Zealand,Planning and Scheduling,2017,3,True
India,Planning and Scheduling,2017,50,True
Lithuania,Planning and Scheduling,2021,0,True
China,Planning and Scheduling,2016,737,True
Morocco,Planning and Scheduling,2022,3,False
Sweden,Robotics,2022,4,False
Australia,Robotics,2021,64,True
Australia,Robotics,2024,6,False
Bulgaria,Robotics,2022,0,False
China,Robotics,2021,2699,True
Saudi Arabia,Robotics,2022,0,False
Luxembourg,Robotics,2020,1,True
Norway,Robotics,2022,1,False
Peru,Robotics,2019,0,True
Portugal,Robotics,2017,2,True
United Kingdom,Robotics,2017,21,True
United Kingdom,Robotics,2022,27,False
Turkey,Search Methods,2019,0,True
Malaysia,Search Methods,2022,0,False
Morocco,Search Methods,2024,0,False
New Zealand,Search Methods,2023,0,False
Latvia,Search Methods,2020,0,True
Portugal,Search Methods,2019,1,True
South Korea,Search Methods,2021,62,True
United States,Search Methods,2020,1110,True
United Kingdom,Search Methods,2019,32,True
Germany,Search Methods,2023,49,False
Croatia,Search Methods,2020,1,True
Croatia,Search Methods,2024,0,False
Taiwan,Security,2016,7,True
Taiwan,Security,2020,42,True
Chile,Security,2017,0,True
Chile,Security,2019,0,True
Slovenia,Security,2019,0,True
Serbia,Security,2022,0,False
Ukraine,Security,2025,0,False
Finland,Security,2023,5,False
Mexico,Security,2017,5,True
Spain,Security,2024,2,False
Italy,Security,2022,5,False
Colombia,Security,2022,0,False
Denmark,Spatial and Physical Reasoning,2019,9,True
Norway,Spatial and Physical Reasoning,2019,3,True
Turkey,Spatial and Physical Reasoning,2025,0,False
Brazil,Spatial and Physical Reasoning,2019,80,True
Ukraine,Spatial and Physical Reasoning,2016,0,True
Colombia,Spatial and Physical Reasoning,2024,0,False
San Marino,Spatial and Physical Reasoning,2023,0,False
Croatia,Spatial and Physical Reasoning,2017,1,True
Israel,Spatial and Physical Reasoning,2016,3,True
India,Spatial and Physical Reasoning,2016,24,True
Ireland,Speech Processing,2018,0,True
Belgium,Speech Processing,2019,0,True
China,Speech Processing,2019,2152,True
Japan,Speech Processing,2016,137,True
Japan,Speech Processing,2019,309,True
Brazil,Speech Processing,2018,6,True
India,Speech Processing,2017,6,True
Turkey,Speech Processing,2017,0,True
Canada,Speech Processing,2017,23,True
Azerbaijan,Speech Processing,2018,0,True
South Korea,Speech Processing,2017,347,True
Slovenia,Speech Processing,2016,0,True
Spain,Speech Processing,2020,9,True
Spain,Speech Processing,2021,2,True
Mexico,Speech Processing,2017,2,True
Portugal,Telecommunications,2022,1,False
Bulgaria,Telecommunications,2023,1,False
Singapore,Telecommunications,2016,19,True
Norway,Telecommunications,2022,1,False
Colombia,Telecommunications,2022,2,False
New Zealand,Telecommunications,2018,1,True
Paraguay,Transportation,2021,0,True
Hungary,Transportation,2022,0,False
Spain,Transportation,2025,1,False
Japan,Transportation,2020,426,True
Taiwan,Transportation,2024,18,False
Azerbaijan,Transportation,2018,0,True
Netherlands,Transportation,2021,2,True
Croatia,Transportation,2023,0,False
Ukraine,Transportation,2023,0,False
United States,Transportation,2021,1182,True
United States,Transportation,2024,311,False
Austria,Transportation,2023,2,False
Russia,Transportation,2018,14,True
Canada,Transportation,2016,60,True
United Kingdom,Transportation,2016,33,True
Argentina,Transportation,2016,0,True
Argentina,Transportation,2017,0,True
Norway,Transportation,2022,3,False
New Zealand,Transportation,2022,0,False
Sweden,Transportation,2024,6,False
Italy,Transportation,2024,5,False
Switzerland,Transportation,2019,0,True
Switzerland,Transportation,2022,1,False
Iran,Agriculture,2018,0,True
Singapore,Agriculture,2018,1,True
South Korea,Agriculture,2024,133,False
Brazil,Agriculture,2021,12,True
Mexico,Agriculture,2020,13,True
Hungary,Agriculture,2024,0,False
Japan,Agriculture,2019,65,True
Netherlands,Agriculture,2021,4,True
Finland,Agriculture,2024,1,False
Austria,Agriculture,2018,0,True
United States,Agriculture,2025,2,False
Uruguay,Agriculture,2020,1,True
Colombia,All,2019,2,True
Slovenia,All,2019,1,True
Slovenia,All,2022,1,False
Moldova,All,2021,1,True
Sweden,All,2019,20,True
China,All,2016,9031,True
Netherlands,All,2018,13,True
Slovakia,All,2025,1,False
United States,All,2022,12135,False
Russia,All,2020,194,True
Saudi Arabia,All,2022,2,False
Chile,Analytics and Algorithms,2019,0,True
Belgium,Analytics and Algorithms,2020,2,True
South Africa,Analytics and Algorithms,2018,0,True
Norway,Analytics and Algorithms,2024,1,False
South Korea,Analytics and Algorithms,2018,324,True
San Marino,Analytics and Algorithms,2020,0,True
Germany,Analytics and Algorithms,2024,160,False
Paraguay,Analytics and Algorithms,2021,0,True
South Korea,Banking and Finance,2024,224,False
United States,Banking and Finance,2022,526,False
Netherlands,Banking and Finance,2022,1,False
Romania,Banking and Finance,2018,0,True
Hungary,Banking and Finance,2021,0,True
Serbia,Banking and Finance,2025,0,False
South Africa,Banking and Finance,2021,1,True
Greece,Bio-Inspired Computing,2022,1,False
Finland,Bio-Inspired Computing,2021,2,True
Italy,Bio-Inspired Computing,2022,4,False
Brazil,Bio-Inspired Computing,2020,5,True
Norway,Bio-Inspired Computing,2023,0,False
Australia,Bio-Inspired Computing,2019,42,True
India,Bio-Inspired Computing,2022,0,False
South Korea,Bio-Inspired Computing,2024,84,False
Netherlands,Bio-Inspired Computing,2021,3,True
Chile,Bio-Inspired Computing,2021,1,True
Colombia,Business,2023,0,False
Mexico,Business,2021,20,True
United States,Business,2018,2205,True
Morocco,Business,2017,1,True
Russia,Business,2016,17,True
Russia,Business,2018,15,True
Taiwan,Business,2023,73,False
Taiwan,Business,2025,18,False
Austria,Business,2022,1,False
Ukraine,Business,2024,0,False
Portugal,Business,2020,2,True
Slovakia,Business,2021,0,True
Slovakia,Business,2025,0,False
Norway,Business,2016,0,True
Sweden,Business,2023,4,False
Bulgaria,Computer Vision,2025,0,False
Tunisia,Computer Vision,2021,1,True
France,Computer Vision,2017,33,True
Poland,Computer Vision,2017,11,True
Jordan,Computer Vision,2023,0,False
South Korea,Computer Vision,2019,1993,True
Switzerland,Computer Vision,2017,0,True
Turkey,Computer Vision,2019,4,True
France,Computing in Government,2019,4,True
Bulgaria,Computing in Government,2022,0,False
Taiwan,Computing in Government,2017,4,True
Colombia,Computing in Government,2022,0,False
Lithuania,Computing in Government,2021,0,True
Japan,Computing in Government,2022,24,False
Netherlands,Computing in Government,2025,1,False
China,Control Methods,2019,2419,True
Portugal,Control Methods,2022,0,False
South Africa,Control Methods,2024,0,False
Mexico,Control Methods,2016,16,True
Mexico,Control Methods,2018,16,True
Canada,Control Methods,2019,99,True
Hungary,Distributed AI,2017,0,True
South Korea,Distributed AI,2017,23,True
New Zealand,Distributed AI,2018,0,True
Austria,Distributed AI,2022,0,False
Bulgaria,Distributed AI,2020,0,True
Bulgaria,Distributed AI,2023,0,False
Lithuania,Distributed AI,2019,0,True
Chile,Distributed AI,2024,0,False
France,Distributed AI,2017,1,True
China,Distributed AI,2025,2872,False
Czechia,Education,2024,0,False
South Africa,Education,2019,0,True
Hungary,Education,2016,0,True
Netherlands,Education,2019,0,True
Canada,Education,2019,16,True
Canada,Education,2023,5,False
Austria,Education,2018,1,True
Colombia,Education,2024,0,False
Ukraine,Education,2018,0,True
Belgium,Education,2022,0,False
Germany,Education,2025,7,False
United States,Energy Management,2021,385,True
Bulgaria,Energy Management,2017,0,True
Mexico,Energy Management,2024,0,False
France,Energy Management,2022,23,False
Hungary,Energy Management,2016,1,True
Italy,Energy Management,2017,3,True
Czechia,Energy Management,2018,0,True
Poland,Energy Management,2024,1,False
Japan,Energy Management,2016,78,True
Switzerland,Energy Management,2016,1,True
Hungary,Fuzzy Logic,2020,0,True
Germany,Fuzzy Logic,2024,2,False
Finland,Fuzzy Logic,2016,0,True
Israel,Fuzzy Logic,2022,0,False
Turkey,Fuzzy Logic,2020,0,True
China,Fuzzy Logic,2023,2155,False
United States,Fuzzy Logic,2023,33,False
Canada,Fuzzy Logic,2016,4,True
Colombia,Fuzzy Logic,2017,0,True
Mexico,Fuzzy Logic,2017,1,True
Lithuania,Fuzzy Logic,2022,0,False
Japan,Fuzzy Logic,2018,23,True
United Kingdom,Fuzzy Logic,2021,6,True
Romania,Fuzzy Logic,2016,0,True
Sweden,Industry and Manufacturing,2024,5,False
Ukraine,Industry and Manufacturing,2019,0,True
New Zealand,Industry and Manufacturing,2023,0,False
Philippines,Industry and Manufacturing,2022,0,False
Greece,Industry and Manufacturing,2019,0,True
Greece,Industry and Manufacturing,2022,0,False
Costa Rica,Industry and Manufacturing,2021,0,True
Morocco,Industry and Manufacturing,2016,0,True
Turkey,Industry and Manufacturing,2016,1,True
Netherlands,Industry and Manufacturing,2019,3,True
New Zealand,Knowledge Representation,2019,0,True
Denmark,Knowledge Representation,2020,1,True
Denmark,Knowledge Representation,2024,0,False
South Africa,Knowledge Representation,2020,0,True
Greece,Knowledge Representation,2019,0,True
Netherlands,Knowledge Representation,2016,1,True
Romania,Knowledge Representation,2018,0,True
Slovenia,Knowledge Representation,2022,0,False
Malaysia,Natural Language Processing,2018,1,True
France,Natural Language Processing,2021,2,True
Hungary,Natural Language Processing,2017,0,True
Romania,Natural Language Processing,2021,0,True
Slovakia,Natural Language Processing,2025,0,False
Czechia,Natural Language Processing,2021,0,True
Sweden,Natural Language Processing,2024,2,False
Canada,Natural Language Processing,2022,51,False
Switzerland,Natural Language Processing,2021,1,True
Brazil,Natural Language Processing,2018,2,True
China,Natural Language Processing,2024,14314,False
Israel,Natural Language Processing,2023,3,False
South Korea,Life Sciences,2018,687,True
Poland,Life Sciences,2023,6,False
Italy,Life Sciences,2021,14,True
China,Life Sciences,2020,4726,True
Bulgaria,Life Sciences,2019,0,True
Luxembourg,Life Sciences,2016,0,True
Singapore,Life Sciences,2017,32,True
Belgium,Life Sciences,2024,3,False
Turkey,Life Sciences,2016,0,True
Taiwan,Life Sciences,2023,148,False
India,Logic-Based Knowledge Systems,2016,63,True
India,Logic-Based Knowledge Systems,2021,1,True
Lithuania,Logic-Based Knowledge Systems,2020,0,True
Belgium,Logic-Based Knowledge Systems,2024,0,False
Philippines,Logic-Based Knowledge Systems,2021,1,True
Indonesia,Logic-Based Knowledge Systems,2016,2,True
Greece,Logic-Based Knowledge Systems,2021,0,True
Luxembourg,Logic-Based Knowledge Systems,2022,7,False
United States,Markov and Bayesian Models,2016,1015,True
Norway,Markov and Bayesian Models,2019,1,True
Croatia,Markov and Bayesian Models,2018,0,True
Poland,Markov and Bayesian Models,2017,4,True
Belgium,Markov and Bayesian Models,2019,0,True
Argentina,Markov and Bayesian Models,2021,1,True
Romania,Markov and Bayesian Models,2017,2,True
Czechia,Markov and Bayesian Models,2017,0,True
Netherlands,Markov and Bayesian Models,2022,1,False
New Zealand,Markov and Bayesian Models,2020,1,True
Portugal,Markov and Bayesian Models,2021,1,True
Finland,Markov and Bayesian Models,2016,1,True
Ukraine,Markov and Bayesian Models,2016,0,True
Slovenia,Measuring and Testing,2019,1,True
Luxembourg,Measuring and Testing,2017,0,True
Taiwan,Measuring and Testing,2018,64,True
Greece,Measuring and Testing,2022,1,False
Malaysia,Measuring and Testing,2021,5,True
Oman,Measuring and Testing,2016,1,True
Bulgaria,Measuring and Testing,2023,0,False
Austria,Measuring and Testing,2021,10,True
Finland,Neural Networks,2023,15,False
South Korea,Neural Networks,2016,641,True
Italy,Neural Networks,2021,63,True
Australia,Neural Networks,2019,321,True
Australia,Neural Networks,2020,484,True
Serbia,Neural Networks,2024,3,False
Colombia,Ontology Engineering,2021,0,True
Indonesia,Ontology Engineering,2016,0,True
Ireland,Ontology Engineering,2021,0,True
Luxembourg,Ontology Engineering,2024,7,False
Denmark,Ontology Engineering,2021,0,True
United States,Ontology Engineering,2016,245,True
Taiwan,Other and Unspecified,2016,44,True
Germany,Other and Unspecified,2022,418,False
Norway,Other and Unspecified,2016,2,True
South Korea,Other and Unspecified,2021,3615,True
South Korea,Other and Unspecified,2023,4140,False
United States,Other and Unspecified,2022,4368,False
South Africa,Other and Unspecified,2016,3,True
South Africa,Other and Unspecified,2025,69,False
Morocco,Personal Devices and Computing,2024,1,False
Slovakia,Personal Devices and Computing,2023,1,False
Hungary,Personal Devices and Computing,2019,6,True
Hungary,Personal Devices and Computing,2021,2,True
Slovenia,Personal Devices and Computing,2019,0,True
United Kingdom,Personal Devices and Computing,2019,240,True
Tunisia,Personal Devices and Computing,2022,0,False
South Africa,Personal Devices and Computing,2020,4,True
Spain,Physical Sciences and Engineering,2016,72,True
Brazil,Physical Sciences and Engineering,2022,23,False
Norway,Physical Sciences and Engineering,2017,2,True
Mexico,Physical Sciences and Engineering,2019,111,True
Israel,Physical Sciences and Engineering,2016,6,True
Australia,Physical Sciences and Engineering,2018,492,True
Switzerland,Physical Sciences and Engineering,2017,2,True
United Kingdom,Planning and Scheduling,2023,37,False
Switzerland,Planning and Scheduling,2022,1,False
Saudi Arabia,Planning and Scheduling,2018,1,True
Taiwan,Planning and Scheduling,2021,50,True
Netherlands,Planning and Scheduling,2020,1,True
Latvia,Planning and Scheduling,2020,0,True
South Africa,Robotics,2022,2,False
Saudi Arabia,Robotics,2019,0,True
Luxembourg,Robotics,2019,0,True
United States,Robotics,2017,503,True
Belgium,Robotics,2024,0,False
United Kingdom,Robotics,2018,19,True
Russia,Robotics,2018,5,True
Russia,Robotics,2019,7,True
Taiwan,Search Methods,2016,4,True
Philippines,Search Methods,2018,1,True
Latvia,Search Methods,2017,0,True
Jordan,Search Methods,2023,0,False
Greece,Search Methods,2020,0,True
Luxembourg,Search Methods,2016,0,True
Ireland,Search Methods,2016,0,True
Japan,Search Methods,2019,164,True
Thailand,Search Methods,2017,0,True
Slovenia,Search Methods,2022,0,False
Spain,Search Methods,2025,0,False
France,Search Methods,2021,11,True
France,Search Methods,2023,5,False
Hungary,Search Methods,2020,1,True
United Kingdom,Search Methods,2016,7,True
Switzerland,Security,2016,2,True
Switzerland,Security,2019,0,True
Japan,Security,2022,180,False
South Korea,Security,2022,933,False
United Kingdom,Security,2016,33,True
Slovenia,Security,2022,0,False
United States,Security,2023,804,False
South Africa,Security,2022,0,False
South Africa,Security,2025,0,False
Canada,Security,2019,71,True
Romania,Security,2022,0,False
Spain,Security,2020,8,True
Germany,Security,2022,55,False
Turkey,Security,2025,0,False
Ireland,Spatial and Physical Reasoning,2016,2,True
Switzerland,Spatial and Physical Reasoning,2024,2,False
Iran,Spatial and Physical Reasoning,2018,1,True
Luxembourg,Spatial and Physical Reasoning,2021,14,True
Taiwan,Spatial and Physical Reasoning,2017,37,True
Taiwan,Spatial and Physical Reasoning,2021,150,True
Slovenia,Spatial and Physical Reasoning,2022,0,False
Bulgaria,Spatial and Physical Reasoning,2021,0,True
Finland,Spatial and Physical Reasoning,2024,1,False
Greece,Spatial and Physical Reasoning,2019,1,True
Sweden,Spatial and Physical Reasoning,2017,5,True
India,Spatial and Physical Reasoning,2019,5,True
Malaysia,Speech Processing,2017,1,True
Turkey,Speech Processing,2020,2,True
Hungary,Speech Processing,2024,1,False
Taiwan,Speech Processing,2021,26,True
Chile,Telecommunications,2019,0,True
Slovakia,Telecommunications,2023,0,False
Lithuania,Telecommunications,2022,1,False
China,Telecommunications,2016,873,True
China,Telecommunications,2020,7509,True
Australia,Telecommunications,2024,18,False
Luxembourg,Telecommunications,2016,0,True
Germany,Telecommunications,2023,187,False
Sweden,Telecommunications,2020,7,True
Sweden,Telecommunications,2023,7,False
Japan,Telecommunications,2023,494,False
Malaysia,Transportation,2018,4,True
Slovakia,Transportation,2021,0,True
Slovakia,Transportation,2024,1,False
Spain,Transportation,2022,4,False
Portugal,Transportation,2024,0,False
Morocco,Transportation,2021,0,True
Luxembourg,Transportation,2024,11,False
Jordan,Transportation,2017,0,True
Sweden,Transportation,2022,5,False
Philippines,Agriculture,2019,2,True
Chile,Agriculture,2018,0,True
Switzerland,Agriculture,2022,2,False
Greece,Agriculture,2017,0,True
South Africa,Agriculture,2019,0,True
Colombia,Agriculture,2017,0,True
Lithuania,Agriculture,2018,1,True
Jordan,Agriculture,2017,1,True
South Africa,All,2019,5,True
Sweden,All,2020,31,True
Mexico,All,2017,68,True
Switzerland,All,2023,8,False
Czechia,All,2018,3,True
Jordan,Analytics and Algorithms,2017,1,True
Chile,Analytics and Algorithms,2022,0,False
Czechia,Analytics and Algorithms,2023,0,False
Russia,Analytics and Algorithms,2016,12,True
Italy,Analytics and Algorithms,2021,7,True
Portugal,Analytics and Algorithms,2016,2,True
Netherlands,Analytics and Algorithms,2017,2,True
Serbia,Analytics and Algorithms,2025,0,False
Ireland,Analytics and Algorithms,2022,0,False
Argentina,Analytics and Algorithms,2021,1,True
Ukraine,Analytics and Algorithms,2016,0,True
Finland,Banking and Finance,2016,0,True
Sweden,Banking and Finance,2023,1,False
China,Banking and Finance,2025,4172,False
Morocco,Banking and Finance,2021,0,True
Peru,Banking and Finance,2022,3,False
Norway,Banking and Finance,2024,0,False
Spain,Banking and Finance,2025,1,False
Slovenia,Banking and Finance,2023,0,False
France,Banking and Finance,2021,12,True
Poland,Banking and Finance,2016,0,True
Poland,Banking and Finance,2022,0,False
Sweden,Bio-Inspired Computing,2023,0,False
Ukraine,Bio-Inspired Computing,2019,0,True
New Zealand,Bio-Inspired Computing,2018,0,True
Hungary,Bio-Inspired Computing,2021,1,True
Argentina,Bio-Inspired Computing,2018,2,True
Latvia,Bio-Inspired Computing,2020,0,True
Malaysia,Bio-Inspired Computing,2019,3,True
United States,Bio-Inspired Computing,2016,429,True
Lithuania,Bio-Inspired Computing,2017,0,True
Lithuania,Bio-Inspired Computing,2018,0,True
Mexico,Bio-Inspired Computing,2022,2,False
Spain,Business,2020,15,True
Costa Rica,Business,2021,0,True
United States,Business,2021,1874,True
Saudi Arabia,Business,2019,0,True
Canada,Business,2020,174,True
Singapore,Business,2020,12,True
China,Business,2016,901,True
China,Business,2018,3587,True
China,Business,2026,248,False
Taiwan,Business,2020,61,True
Taiwan,Business,2022,56,False
Austria,Business,2021,1,True
Lithuania,Business,2018,0,True
New Zealand,Business,2019,1,True
Switzerland,Business,2016,1,True
Chile,Business,2021,0,True
Australia,Computer Vision,2017,93,True
Tunisia,Computer Vision,2022,1,False
Peru,Computer Vision,2019,2,True
Belgium,Computer Vision,2016,0,True
Uruguay,Computer Vision,2022,0,False
Slovakia,Computer Vision,2023,2,False
Saudi Arabia,Computer Vision,2019,0,True
Saudi Arabia,Computer Vision,2021,0,True
South Korea,Computer Vision,2023,3797,False
Turkey,Computer Vision,2021,17,True
Belgium,Computing in Government,2023,0,False
Russia,Computing in Government,2020,0,True
Estonia,Computing in Government,2022,0,False
Morocco,Computing in Government,2020,0,True
Australia,Computing in Government,2019,5,True
Australia,Computing in Government,2022,5,False
Luxembourg,Computing in Government,2019,0,True
Lithuania,Computing in Government,2017,0,True
Japan,Computing in Government,2020,18,True
Singapore,Control Methods,2017,19,True
San Marino,Control Methods,2018,1,True
Brazil,Control Methods,2017,31,True
Luxembourg,Control Methods,2017,0,True
France,Control Methods,2021,61,True
France,Control Methods,2024,25,False
Spain,Control Methods,2016,18,True
Peru,Control Methods,2017,0,True
Peru,Distributed AI,2016,0,True
Oman,Distributed AI,2016,0,True
United States,Distributed AI,2017,268,True
United States,Distributed AI,2022,265,False
Italy,Distributed AI,2016,0,True
Finland,Distributed AI,2016,0,True
Belgium,Distributed AI,2016,0,True
Spain,Distributed AI,2016,0,True
Russia,Distributed AI,2018,1,True
Bulgaria,Distributed AI,2021,0,True
Uruguay,Education,2020,0,True
Philippines,Education,2016,0,True
Austria,Education,2024,0,False
San Marino,Education,2017,0,True
Argentina,Education,2017,0,True
Belgium,Education,2016,0,True
Belgium,Education,2017,0,True
Finland,Energy Management,2021,3,True
United States,Energy Management,2018,374,True
United States,Energy Management,2024,104,False
Ireland,Energy Management,2018,1,True
Greece,Energy Management,2022,0,False
Australia,Energy Management,2018,18,True
Hungary,Energy Management,2023,1,False
Peru,Energy Management,2023,0,False
Norway,Energy Management,2021,1,True
United Kingdom,Energy Management,2017,11,True
United Kingdom,Energy Management,2021,17,True
Portugal,Energy Management,2017,0,True
Japan,Energy Management,2017,125,True
Switzerland,Energy Management,2023,2,False
Belgium,Energy Management,2025,1,False
Canada,Energy Management,2022,22,False
Taiwan,Fuzzy Logic,2022,7,False
Slovakia,Fuzzy Logic,2020,0,True
Finland,Fuzzy Logic,2022,0,False
Chile,Fuzzy Logic,2019,0,True
Turkey,Fuzzy Logic,2021,1,True
Denmark,Fuzzy Logic,2022,0,False
Russia,Fuzzy Logic,2019,11,True
Malaysia,Fuzzy Logic,2022,0,False
Singapore,Fuzzy Logic,2020,0,True
China,Fuzzy Logic,2018,589,True
Canada,Fuzzy Logic,2019,10,True
Philippines,Fuzzy Logic,2023,0,False
United Kingdom,Fuzzy Logic,2022,1,False
Czechia,Fuzzy Logic,2017,0,True
Portugal,Industry and Manufacturing,2019,3,True
Philippines,Industry and Manufacturing,2019,3,True
Denmark,Industry and Manufacturing,2016,4,True
Denmark,Industry and Manufacturing,2021,2,True
Luxembourg,Industry and Manufacturing,2019,0,True
Japan,Industry and Manufacturing,2021,451,True
India,Industry and Manufacturing,2024,0,False
Romania,Industry and Manufacturing,2017,0,True
France,Industry and Manufacturing,2016,5,True
Malaysia,Knowledge Representation,2016,1,True
Serbia,Knowledge Representation,2020,0,True
Greece,Knowledge Representation,2016,0,True
Greece,Knowledge Representation,2022,0,False
Chile,Knowledge Representation,2024,0,False
Singapore,Knowledge Representation,2017,11,True
Morocco,Knowledge Representation,2017,0,True
Poland,Natural Language Processing,2017,0,True
Ireland,Natural Language Processing,2023,1,False
Chile,Natural Language Processing,2022,0,False
Greece,Natural Language Processing,2020,0,True
Jordan,Natural Language Processing,2021,0,True
Australia,Natural Language Processing,2017,22,True
Tunisia,Natural Language Processing,2022,0,False
South Korea,Life Sciences,2022,1976,False
Argentina,Life Sciences,2019,1,True
Japan,Life Sciences,2024,212,False
Switzerland,Life Sciences,2022,0,False
Taiwan,Life Sciences,2025,9,False
Saudi Arabia,Life Sciences,2021,0,True
Canada,Life Sciences,2019,271,True
India,Life Sciences,2020,3,True
Lithuania,Logic-Based Knowledge Systems,2021,0,True
Germany,Logic-Based Knowledge Systems,2021,61,True
Switzerland,Logic-Based Knowledge Systems,2017,0,True
Japan,Logic-Based Knowledge Systems,2018,449,True
Mexico,Logic-Based Knowledge Systems,2022,3,False
Israel,Logic-Based Knowledge Systems,2019,1,True
Italy,Logic-Based Knowledge Systems,2019,4,True
Morocco,Logic-Based Knowledge Systems,2023,0,False
Austria,Logic-Based Knowledge Systems,2018,0,True
Ireland,Logic-Based Knowledge Systems,2021,0,True
Ireland,Logic-Based Knowledge Systems,2022,0,False
Czechia,Logic-Based Knowledge Systems,2021,0,True
New Zealand,Logic-Based Knowledge Systems,2022,0,False
Taiwan,Logic-Based Knowledge Systems,2017,26,True
Serbia,Markov and Bayesian Models,2017,0,True
Sweden,Markov and Bayesian Models,2023,6,False
Switzerland,Markov and Bayesian Models,2020,1,True
China,Markov and Bayesian Models,2022,6009,False
Finland,Markov and Bayesian Models,2019,0,True
Colombia,Measuring and Testing,2019,0,True
Switzerland,Measuring and Testing,2023,1,False
Lithuania,Measuring and Testing,2020,1,True
Saudi Arabia,Measuring and Testing,2022,0,False
Netherlands,Measuring and Testing,2025,3,False
Bulgaria,Measuring and Testing,2024,4,False
Iran,Measuring and Testing,2018,0,True
Ukraine,Measuring and Testing,2023,0,False
Austria,Measuring and Testing,2024,10,False
Italy,Neural Networks,2018,27,True
Mexico,Neural Networks,2022,14,False
Uruguay,Neural Networks,2020,1,True
Slovenia,Neural Networks,2023,1,False
Canada,Neural Networks,2017,190,True
Philippines,Neural Networks,2019,10,True
Croatia,Neural Networks,2020,1,True
Malaysia,Neural Networks,2017,13,True
Germany,Neural Networks,2024,610,False
Singapore,Ontology Engineering,2021,0,True
Saudi Arabia,Ontology Engineering,2021,0,True
Saudi Arabia,Ontology Engineering,2023,0,False
Chile,Ontology Engineering,2017,0,True
Australia,Ontology Engineering,2021,31,True
Bulgaria,Ontology Engineering,2025,0,False
Austria,Ontology Engineering,2018,0,True
Morocco,Ontology Engineering,2023,0,False
United Kingdom,Ontology Engineering,2019,13,True
United Kingdom,Ontology Engineering,2025,1,False
Germany,Ontology Engineering,2017,6,True
Netherlands,Other and Unspecified,2020,6,True
Spain,Other and Unspecified,2020,53,True
Australia,Other and Unspecified,2018,180,True
Philippines,Other and Unspecified,2018,2,True
Chile,Other and Unspecified,2021,0,True
Belgium,Other and Unspecified,2021,1,True
Bulgaria,Other and Unspecified,2024,17,False
Turkey,Other and Unspecified,2023,56,False
France,Personal Devices and Computing,2024,88,False
United States,Personal Devices and Computing,2025,118,False
Turkey,Personal Devices and Computing,2022,18,False
United Kingdom,Personal Devices and Computing,2025,6,False
Argentina,Personal Devices and Computing,2016,1,True
Norway,Personal Devices and Computing,2020,4,True
Iran,Personal Devices and Computing,2018,1,True
New Zealand,Personal Devices and Computing,2017,16,True
Czechia,Personal Devices and Computing,2017,0,True
Japan,Personal Devices and Computing,2018,1871,True
United States,Physical Sciences and Engineering,2022,12133,False
Panama,Physical Sciences and Engineering,2016,2,True
Malaysia,Physical Sciences and Engineering,2021,14,True
Switzerland,Physical Sciences and Engineering,2021,11,True
San Marino,Physical Sciences and Engineering,2017,1,True
Poland,Physical Sciences and Engineering,2022,22,False
India,Physical Sciences and Engineering,2020,7,True
China,Physical Sciences and Engineering,2016,9029,True
Chile,Physical Sciences and Engineering,2024,3,False
Chile,Planning and Scheduling,2024,1,False
Spain,Planning and Scheduling,2022,4,False
Argentina,Planning and Scheduling,2020,2,True
Germany,Planning and Scheduling,2020,41,True
Brazil,Planning and Scheduling,2017,6,True
Brazil,Planning and Scheduling,2022,3,False
Ireland,Planning and Scheduling,2023,1,False
Peru,Planning and Scheduling,2020,3,True
Slovenia,Planning and Scheduling,2022,0,False
Hungary,Planning and Scheduling,2023,1,False
Lithuania,Planning and Scheduling,2020,0,True
Slovakia,Planning and Scheduling,2023,0,False
Bulgaria,Planning and Scheduling,2023,2,False
Australia,Planning and Scheduling,2024,11,False
Ukraine,Robotics,2017,0,True
Slovenia,Robotics,2022,0,False
India,Robotics,2019,0,True
Belgium,Robotics,2021,0,True
Serbia,Robotics,2024,0,False
Serbia,Robotics,2025,0,False
Israel,Robotics,2017,3,True
China,Search Methods,2020,486,True
Taiwan,Search Methods,2020,15,True
New Zealand,Search Methods,2018,3,True
New Zealand,Search Methods,2020,0,True
Colombia,Search Methods,2017,0,True
Colombia,Search Methods,2023,0,False
Mexico,Search Methods,2018,7,True
Finland,Search Methods,2022,0,False
Switzerland,Search Methods,2017,0,True
Tunisia,Search Methods,2022,0,False
Serbia,Search Methods,2021,0,True
Netherlands,Search Methods,2017,0,True
Japan,Search Methods,2016,37,True
Austria,Search Methods,2018,0,True
Austria,Search Methods,2024,1,False
Spain,Search Methods,2024,0,False
Morocco,Security,2016,1,True
Morocco,Security,2021,0,True
Taiwan,Security,2017,11,True
France,Security,2021,24,True
Brazil,Security,2018,9,True
Sweden,Security,2017,1,True
Serbia,Security,2018,0,True
Spain,Security,2018,14,True
Italy,Security,2018,7,True
Taiwan,Spatial and Physical Reasoning,2025,8,False
Denmark,Spatial and Physical Reasoning,2016,6,True
Australia,Spatial and Physical Reasoning,2019,203,True
United Kingdom,Spatial and Physical Reasoning,2017,94,True
Estonia,Spatial and Physical Reasoning,2022,0,False
Philippines,Spatial and Physical Reasoning,2016,1,True
Kenya,Spatial and Physical Reasoning,2016,1,True
Spain,Spatial and Physical Reasoning,2020,46,True
Bulgaria,Spatial and Physical Reasoning,2019,0,True
Costa Rica,Spatial and Physical Reasoning,2020,1,True
China,Speech Processing,2022,3545,False
Slovakia,Speech Processing,2023,0,False
Italy,Speech Processing,2019,3,True
Sweden,Speech Processing,2025,0,False
Denmark,Speech Processing,2023,1,False
South Korea,Speech Processing,2016,175,True
South Korea,Speech Processing,2021,600,True
Lithuania,Speech Processing,2019,0,True
United Kingdom,Speech Processing,2017,38,True
Romania,Speech Processing,2024,0,False
Chile,Telecommunications,2023,1,False
Romania,Telecommunications,2016,0,True
Romania,Telecommunications,2023,1,False
Belgium,Telecommunications,2019,1,True
Switzerland,Telecommunications,2017,0,True
Latvia,Telecommunications,2017,0,True
Latvia,Telecommunications,2020,1,True
Peru,Telecommunications,2020,5,True
United States,Telecommunications,2017,2968,True
South Korea,Telecommunications,2022,2321,False
Denmark,Telecommunications,2021,5,True
Denmark,Telecommunications,2023,1,False
Colombia,Telecommunications,2019,0,True
Tunisia,Telecommunications,2022,1,False
Belgium,Transportation,2017,2,True
South Korea,Transportation,2016,170,True
China,Transportation,2020,5052,True
Finland,Transportation,2024,1,False
Philippines,Transportation,2016,0,True
Sweden,Transportation,2019,4,True
San Marino,Agriculture,2017,0,True
Chile,Agriculture,2017,1,True
South Africa,Agriculture,2022,0,False
Israel,Agriculture,2020,0,True
Netherlands,Agriculture,2017,0,True
Croatia,Agriculture,2021,0,True
Spain,Agriculture,2017,5,True
Hungary,All,2022,13,False
Croatia,All,2022,2,False
Serbia,All,2021,6,True
Israel,All,2024,20,False
Mexico,All,2022,32,False
Canada,All,2017,441,True
Czechia,All,2023,6,False
Slovakia,All,2021,9,True
Panama,All,2016,2,True
Spain,All,2018,154,True
Uruguay,Analytics and Algorithms,2017,0,True
Brazil,Analytics and Algorithms,2022,0,False
Switzerland,Analytics and Algorithms,2024,0,False
Denmark,Analytics and Algorithms,2020,5,True
Tunisia,Analytics and Algorithms,2023,0,False
France,Analytics and Algorithms,2017,6,True
Morocco,Banking and Finance,2020,1,True
Chile,Banking and Finance,2023,0,False
Cuba,Banking and Finance,2020,0,True
Canada,Banking and Finance,2020,66,True
Ukraine,Banking and Finance,2021,0,True
Ukraine,Banking and Finance,2025,0,False
Belgium,Banking and Finance,2019,0,True
Philippines,Banking and Finance,2023,2,False
Bulgaria,Banking and Finance,2025,0,False
Mexico,Banking and Finance,2021,8,True
Mexico,Banking and Finance,2023,0,False
Czechia,Banking and Finance,2023,0,False
Slovenia,Bio-Inspired Computing,2019,1,True
Serbia,Bio-Inspired Computing,2021,0,True
Czechia,Bio-Inspired Computing,2018,0,True
Portugal,Bio-Inspired Computing,2019,2,True
Romania,Bio-Inspired Computing,2019,0,True
India,Business,2019,2,True
Germany,Business,2024,52,False
United States,Business,2019,2358,True
United States,Business,2020,2432,True
Australia,Business,2017,51,True
Australia,Business,2021,187,True
Bulgaria,Business,2020,0,True
Belgium,Business,2018,1,True
Georgia,Business,2023,0,False
Malaysia,Business,2016,3,True
South Africa,Business,2016,2,True
Switzerland,Business,2024,2,False
Australia,Computer Vision,2020,309,True
Peru,Computer Vision,2017,1,True
Malaysia,Computer Vision,2018,3,True
Portugal,Computer Vision,2019,5,True
Portugal,Computer Vision,2024,1,False
Canada,Computer Vision,2022,221,False
Costa Rica,Computer Vision,2019,1,True
Austria,Computing in Government,2018,0,True
Germany,Computing in Government,2020,1,True
Colombia,Computing in Government,2024,0,False
Argentina,Computing in Government,2022,0,False
India,Computing in Government,2016,1,True
Uruguay,Computing in Government,2020,0,True
Uruguay,Computing in Government,2022,0,False
Finland,Computing in Government,2017,0,True
Spain,Computing in Government,2024,0,False
Turkey,Computing in Government,2023,6,False
Netherlands,Computing in Government,2024,0,False
Malaysia,Control Methods,2022,2,False
Saudi Arabia,Control Methods,2023,0,False
Denmark,Control Methods,2018,12,True
United Kingdom,Control Methods,2020,61,True
Russia,Control Methods,2016,28,True
South Korea,Control Methods,2024,426,False
Serbia,Control Methods,2024,1,False
Chile,Control Methods,2024,1,False
Australia,Control Methods,2021,201,True
Argentina,Distributed AI,2017,0,True
Romania,Distributed AI,2023,0,False
New Zealand,Distributed AI,2019,0,True
Norway,Distributed AI,2025,0,False
Greece,Distributed AI,2018,0,True
Russia,Distributed AI,2020,0,True
Bulgaria,Distributed AI,2025,0,False
Malaysia,Distributed AI,2016,0,True
Luxembourg,Education,2022,1,False
Saudi Arabia,Education,2019,0,True
Turkey,Education,2020,0,True
France,Education,2016,2,True
United Kingdom,Education,2022,5,False
Israel,Education,2020,2,True
Romania,Education,2020,0,True
Russia,Education,2017,2,True
Russia,Education,2018,3,True
Russia,Education,2020,3,True
India,Education,2016,10,True
New Zealand,Education,2023,0,False
New Zealand,Energy Management,2017,1,True
Ireland,Energy Management,2021,0,True
Romania,Energy Management,2022,1,False
Germany,Energy Management,2023,169,False
Serbia,Energy Management,2019,0,True
Norway,Energy Management,2024,0,False
Netherlands,Energy Management,2021,2,True
Netherlands,Energy Management,2025,1,False
Spain,Energy Management,2020,13,True
Canada,Energy Management,2016,15,True
Argentina,Fuzzy Logic,2017,0,True
Argentina,Fuzzy Logic,2020,0,True
Taiwan,Fuzzy Logic,2024,1,False
Ireland,Fuzzy Logic,2018,0,True
Saudi Arabia,Fuzzy Logic,2018,0,True
Russia,Fuzzy Logic,2016,11,True
Singapore,Fuzzy Logic,2019,1,True
China,Fuzzy Logic,2016,411,True
Japan,Fuzzy Logic,2024,3,False
Greece,Fuzzy Logic,2025,0,False
Singapore,Industry and Manufacturing,2018,12,True
Lithuania,Industry and Manufacturing,2017,1,True
Norway,Industry and Manufacturing,2017,0,True
Belgium,Industry and Manufacturing,2018,3,True
Ukraine,Industry and Manufacturing,2017,0,True
Argentina,Industry and Manufacturing,2019,1,True
India,Industry and Manufacturing,2021,0,True
Israel,Industry and Manufacturing,2022,1,False
Argentina,Knowledge Representation,2022,0,False
Cuba,Knowledge Representation,2020,0,True
Italy,Knowledge Representation,2023,2,False
South Korea,Knowledge Representation,2016,40,True
Hungary,Natural Language Processing,2016,0,True
Lithuania,Natural Language Processing,2017,0,True
Poland,Natural Language Processing,2020,1,True
Denmark,Natural Language Processing,2016,4,True
Slovakia,Natural Language Processing,2023,0,False
Finland,Natural Language Processing,2021,4,True
Netherlands,Natural Language Processing,2022,1,False
Austria,Natural Language Processing,2017,0,True
Germany,Natural Language Processing,2025,16,False
Belgium,Natural Language Processing,2018,0,True
Spain,Natural Language Processing,2024,0,False
Peru,Life Sciences,2023,2,False
Malaysia,Life Sciences,2018,5,True
Netherlands,Life Sciences,2025,1,False
China,Life Sciences,2021,6208,True
Tunisia,Life Sciences,2022,0,False
Israel,Life Sciences,2019,3,True
Ireland,Life Sciences,2016,1,True
Norway,Life Sciences,2019,1,True
Sweden,Life Sciences,2019,5,True
Bulgaria,Logic-Based Knowledge Systems,2025,0,False
United Kingdom,Logic-Based Knowledge Systems,2018,50,True
Hungary,Logic-Based Knowledge Systems,2016,1,True
Hungary,Logic-Based Knowledge Systems,2017,1,True
Uruguay,Logic-Based Knowledge Systems,2022,0,False
Sweden,Logic-Based Knowledge Systems,2022,0,False
France,Logic-Based Knowledge Systems,2021,19,True
Poland,Logic-Based Knowledge Systems,2020,3,True
South Korea,Logic-Based Knowledge Systems,2026,0,False
Philippines,Markov and Bayesian Models,2020,2,True
Poland,Markov and Bayesian Models,2020,4,True
Belgium,Markov and Bayesian Models,2021,0,True
India,Markov and Bayesian Models,2018,44,True
Argentina,Markov and Bayesian Models,2023,0,False
Turkey,Markov and Bayesian Models,2018,1,True
Peru,Markov and Bayesian Models,2016,0,True
South Africa,Markov and Bayesian Models,2021,0,True
South Africa,Measuring and Testing,2020,0,True
Serbia,Measuring and Testing,2024,2,False
United Kingdom,Measuring and Testing,2018,71,True
Turkey,Measuring and Testing,2016,0,True
Portugal,Measuring and Testing,2020,0,True
Spain,Neural Networks,2016,26,True
Japan,Neural Networks,2016,536,True
Japan,Neural Networks,2018,1914,True
Morocco,Neural Networks,2016,2,True
Turkey,Neural Networks,2021,31,True
Costa Rica,Neural Networks,2025,0,False
France,Ontology Engineering,2022,7,False
Russia,Ontology Engineering,2018,4,True
Sweden,Ontology Engineering,2025,0,False
China,Ontology Engineering,2023,10396,False
Croatia,Ontology Engineering,2022,0,False
Latvia,Ontology Engineering,2017,0,True
Spain,Ontology Engineering,2018,2,True
Netherlands,Other and Unspecified,2018,6,True
Germany,Other and Unspecified,2017,238,True
Philippines,Other and Unspecified,2016,0,True
Costa Rica,Other and Unspecified,2021,0,True
Chile,Other and Unspecified,2017,0,True
Belgium,Other and Unspecified,2017,2,True
Slovenia,Other and Unspecified,2023,0,False
China,Other and Unspecified,2018,9462,True
Malaysia,Other and Unspecified,2020,7,True
Bulgaria,Personal Devices and Computing,2021,0,True
United States,Personal Devices and Computing,2021,8169,True
Philippines,Personal Devices and Computing,2019,15,True
Canada,Personal Devices and Computing,2024,35,False
Turkey,Personal Devices and Computing,2016,2,True
Croatia,Personal Devices and Computing,2021,0,True
South Korea,Personal Devices and Computing,2026,0,False
Lithuania,Personal Devices and Computing,2022,0,False
Denmark,Personal Devices and Computing,2023,1,False
Finland,Personal Devices and Computing,2018,25,True
Argentina,Personal Devices and Computing,2019,3,True
Norway,Personal Devices and Computing,2018,4,True
Israel,Personal Devices and Computing,2023,22,False
Costa Rica,Personal Devices and Computing,2020,1,True
New Zealand,Physical Sciences and Engineering,2022,1,False
Bulgaria,Physical Sciences and Engineering,2023,12,False
Czechia,Physical Sciences and Engineering,2021,2,True
San Marino,Physical Sciences and Engineering,2018,2,True
Luxembourg,Physical Sciences and Engineering,2016,4,True
Luxembourg,Physical Sciences and Engineering,2018,9,True
Taiwan,Physical Sciences and Engineering,2022,637,False
Germany,Physical Sciences and Engineering,2020,1186,True
Denmark,Planning and Scheduling,2020,4,True
Denmark,Planning and Scheduling,2024,0,False
Greece,Planning and Scheduling,2019,0,True
Tunisia,Planning and Scheduling,2020,0,True
Argentina,Planning and Scheduling,2023,1,False
San Marino,Planning and Scheduling,2020,0,True
United States,Planning and Scheduling,2018,1488,True
Uruguay,Planning and Scheduling,2020,0,True
Taiwan,Planning and Scheduling,2017,23,True
Singapore,Planning and Scheduling,2017,20,True
Canada,Planning and Scheduling,2023,23,False
Greece,Robotics,2022,1,False
Saudi Arabia,Robotics,2021,0,True
Peru,Robotics,2021,0,True
Croatia,Robotics,2018,0,True
Romania,Robotics,2023,0,False
Israel,Robotics,2022,2,False
Italy,Robotics,2019,2,True
Turkey,Search Methods,2024,7,False
Slovakia,Search Methods,2020,0,True
Taiwan,Search Methods,2022,9,False
Israel,Search Methods,2022,2,False
Mexico,Search Methods,2020,5,True
Portugal,Search Methods,2018,0,True
Saudi Arabia,Search Methods,2018,0,True
Russia,Search Methods,2017,15,True
Poland,Search Methods,2017,1,True
Ukraine,Search Methods,2019,0,True
United Kingdom,Security,2025,4,False
Taiwan,Security,2019,28,True
Sweden,Security,2016,0,True
United States,Security,2025,37,False
Singapore,Security,2019,19,True
Colombia,Security,2017,1,True
Switzerland,Spatial and Physical Reasoning,2016,0,True
Taiwan,Spatial and Physical Reasoning,2016,26,True
Australia,Spatial and Physical Reasoning,2024,25,False
Poland,Spatial and Physical Reasoning,2018,11,True
Poland,Spatial and Physical Reasoning,2019,9,True
Morocco,Spatial and Physical Reasoning,2016,1,True
India,Spatial and Physical Reasoning,2018,92,True
India,Spatial and Physical Reasoning,2020,2,True
Ireland,Speech Processing,2021,0,True
Belgium,Speech Processing,2021,0,True
China,Speech Processing,2016,450,True
India,Speech Processing,2022,0,False
Slovakia,Speech Processing,2024,0,False
Georgia,Speech Processing,2023,0,False
Canada,Speech Processing,2024,2,False
Ukraine,Speech Processing,2018,0,True
Italy,Speech Processing,2018,0,True
Switzerland,Speech Processing,2017,0,True
Croatia,Speech Processing,2024,0,False
Spain,Speech Processing,2024,0,False
Peru,Speech Processing,2020,0,True
Luxembourg,Speech Processing,2018,0,True
Chile,Telecommunications,2022,0,False
Romania,Telecommunications,2017,1,True
Canada,Telecommunications,2016,86,True
Finland,Telecommunications,2018,21,True
Morocco,Telecommunications,2023,0,False
Serbia,Telecommunications,2019,0,True
Norway,Telecommunications,2025,0,False
Greece,Telecommunications,2023,6,False
Germany,Telecommunications,2017,96,True
Slovenia,Telecommunications,2018,1,True
Colombia,Telecommunications,2024,0,False
Japan,Transportation,2024,97,False
Poland,Transportation,2016,6,True
Portugal,Transportation,2020,0,True
Croatia,Transportation,2017,0,True
Jordan,Transportation,2021,0,True
Brazil,Transportation,2021,6,True
Slovenia,Agriculture,2019,0,True
Philippines,Agriculture,2023,0,False
Brazil,Agriculture,2022,8,False
Serbia,Agriculture,2016,0,True
Australia,Agriculture,2017,17,True
Japan,Agriculture,2023,31,False
Norway,Agriculture,2024,0,False
Czechia,Agriculture,2020,0,True
Belgium,Agriculture,2023,0,False
France,All,2022,320,False
Austria,All,2018,12,True
Philippines,All,2022,15,False
Greece,All,2025,1,False
Argentina,All,2017,1,True
Poland,All,2018,35,True
Malaysia,All,2020,27,True
Sweden,Analytics and Algorithms,2022,6,False
Czechia,Analytics and Algorithms,2025,1,False
Romania,Analytics and Algorithms,2017,0,True
Denmark,Analytics and Algorithms,2022,4,False
Cuba,Analytics and Algorithms,2020,0,True
Netherlands,Analytics and Algorithms,2023,7,False
Serbia,Analytics and Algorithms,2022,0,False
New Zealand,Analytics and Algorithms,2021,0,True
United Kingdom,Analytics and Algorithms,2018,55,True
Mexico,Analytics and Algorithms,2018,12,True
Mexico,Analytics and Algorithms,2023,1,False
Brazil,Banking and Finance,2017,6,True
Saudi Arabia,Banking and Finance,2019,0,True
Saudi Arabia,Banking and Finance,2022,0,False
Romania,Banking and Finance,2019,0,True
Romania,Banking and Finance,2020,0,True
Hungary,Banking and Finance,2020,3,True
South Africa,Banking and Finance,2022,1,False
Colombia,Banking and Finance,2022,0,False
Australia,Banking and Finance,2020,67,True
France,Banking and Finance,2016,6,True
Mexico,Banking and Finance,2017,5,True
Czechia,Banking and Finance,2017,0,True
Russia,Banking and Finance,2020,6,True
Turkey,Bio-Inspired Computing,2024,14,False
Colombia,Bio-Inspired Computing,2017,1,True
Germany,Bio-Inspired Computing,2016,13,True
Germany,Bio-Inspired Computing,2018,30,True
Italy,Bio-Inspired Computing,2024,3,False
Denmark,Bio-Inspired Computing,2020,0,True
China,Bio-Inspired Computing,2018,2035,True
China,Bio-Inspired Computing,2019,2604,True
China,Bio-Inspired Computing,2022,5237,False
Lithuania,Bio-Inspired Computing,2020,2,True
South Korea,Bio-Inspired Computing,2021,289,True
Paraguay,Business,2021,1,True
Luxembourg,Business,2021,7,True
Luxembourg,Business,2024,41,False
Australia,Business,2023,99,False
Croatia,Business,2023,3,False
South Korea,Business,2025,166,False
Hungary,Business,2019,0,True
Norway,Business,2023,1,False
New Zealand,Business,2018,1,True
Japan,Business,2022,406,False
United Kingdom,Computer Vision,2019,144,True
Luxembourg,Computer Vision,2024,57,False
Norway,Computer Vision,2024,2,False
Ukraine,Computer Vision,2024,0,False
Latvia,Computer Vision,2020,0,True
France,Computing in Government,2022,0,False
Romania,Computing in Government,2020,0,True
Denmark,Computing in Government,2024,0,False
New Zealand,Computing in Government,2017,0,True
Morocco,Computing in Government,2018,0,True
Hungary,Computing in Government,2017,0,True
Greece,Computing in Government,2025,0,False
Mexico,Computing in Government,2017,0,True
Italy,Computing in Government,2023,0,False
Serbia,Computing in Government,2019,0,True
Serbia,Computing in Government,2020,0,True
Turkey,Computing in Government,2018,1,True
Austria,Control Methods,2021,10,True
Bulgaria,Control Methods,2018,0,True
Netherlands,Control Methods,2024,10,False
Brazil,Control Methods,2019,33,True
Japan,Control Methods,2016,490,True
South Africa,Control Methods,2023,0,False
South Korea,Control Methods,2023,896,False
Israel,Control Methods,2021,2,True
Turkey,Control Methods,2017,0,True
Spain,Control Methods,2020,23,True
Spain,Control Methods,2025,1,False
Norway,Control Methods,2021,0,True
Norway,Control Methods,2025,0,False
Switzerland,Control Methods,2021,3,True
South Korea,Distributed AI,2020,71,True
United Kingdom,Distributed AI,2016,0,True
Saudi Arabia,Distributed AI,2019,0,True
Ireland,Distributed AI,2021,0,True
Jordan,Distributed AI,2021,0,True
Slovenia,Education,2016,0,True
Tunisia,Education,2022,0,False
Slovakia,Education,2024,0,False
Costa Rica,Education,2025,0,False
China,Education,2024,1698,False
Peru,Education,2022,0,False
Lithuania,Education,2016,0,True
Italy,Education,2021,1,True
Austria,Education,2017,1,True
San Marino,Education,2023,0,False
New Zealand,Education,2020,0,True
United States,Energy Management,2025,7,False
Bulgaria,Energy Management,2022,1,False
Greece,Energy Management,2018,1,True
Romania,Energy Management,2024,0,False
India,Energy Management,2021,0,True
Portugal,Energy Management,2022,0,False
Japan,Energy Management,2018,174,True
South Africa,Energy Management,2025,0,False
Belgium,Energy Management,2016,1,True
Austria,Energy Management,2018,3,True
Lithuania,Energy Management,2019,0,True
Morocco,Fuzzy Logic,2023,0,False
Norway,Fuzzy Logic,2017,0,True
Norway,Fuzzy Logic,2023,0,False
Portugal,Fuzzy Logic,2023,0,False
Switzerland,Fuzzy Logic,2019,0,True
Ukraine,Fuzzy Logic,2024,6,False
Canada,Fuzzy Logic,2018,18,True
Mexico,Fuzzy Logic,2022,0,False
Bulgaria,Fuzzy Logic,2023,0,False
Croatia,Industry and Manufacturing,2024,0,False
Switzerland,Industry and Manufacturing,2018,1,True
Sweden,Industry and Manufacturing,2018,5,True
South Korea,Industry and Manufacturing,2023,938,False
Canada,Industry and Manufacturing,2019,65,True
Serbia,Industry and Manufacturing,2018,1,True
Saudi Arabia,Industry and Manufacturing,2023,0,False
Luxembourg,Industry and Manufacturing,2024,6,False
Russia,Industry and Manufacturing,2018,7,True
Turkey,Industry and Manufacturing,2021,3,True
Peru,Industry and Manufacturing,2019,0,True
France,Industry and Manufacturing,2023,20,False
Sweden,Knowledge Representation,2021,0,True
Brazil,Knowledge Representation,2020,6,True
Germany,Knowledge Representation,2021,32,True
Peru,Knowledge Representation,2019,0,True
Estonia,Knowledge Representation,2022,0,False
Greece,Knowledge Representation,2024,1,False
Greece,Knowledge Representation,2025,0,False
Philippines,Knowledge Representation,2020,1,True
Canada,Knowledge Representation,2020,53,True
Israel,Knowledge Representation,2020,0,True
Chile,Knowledge Representation,2021,0,True
Croatia,Knowledge Representation,2025,0,False
Italy,Knowledge Representation,2020,1,True
South Korea,Knowledge Representation,2023,69,False
France,Natural Language Processing,2018,5,True
France,Natural Language Processing,2022,8,False
Lithuania,Natural Language Processing,2018,0,True
Taiwan,Natural Language Processing,2024,38,False
Argentina,Natural Language Processing,2022,0,False
Denmark,Natural Language Processing,2017,2,True
South Africa,Natural Language Processing,2016,0,True
New Zealand,Natural Language Processing,2022,0,False
Saudi Arabia,Natural Language Processing,2019,0,True
Serbia,Natural Language Processing,2022,0,False
Sweden,Natural Language Processing,2020,5,True
Sweden,Natural Language Processing,2023,4,False
Bulgaria,Natural Language Processing,2020,0,True
Bulgaria,Natural Language Processing,2023,1,False
Turkey,Natural Language Processing,2021,2,True
Portugal,Natural Language Processing,2020,2,True
Brazil,Natural Language Processing,2022,1,False
Israel,Natural Language Processing,2021,1,True
Azerbaijan,Natural Language Processing,2018,0,True
Russia,Life Sciences,2019,12,True
United States,Life Sciences,2016,899,True
Bulgaria,Life Sciences,2024,6,False
Israel,Life Sciences,2020,5,True
Ireland,Life Sciences,2021,0,True
Greece,Life Sciences,2025,0,False
San Marino,Life Sciences,2017,0,True
Lithuania,Life Sciences,2019,2,True
Slovakia,Life Sciences,2024,2,False
Switzerland,Life Sciences,2024,0,False
Sweden,Life Sciences,2018,5,True
Sweden,Life Sciences,2020,5,True
Romania,Logic-Based Knowledge Systems,2023,0,False
Costa Rica,Logic-Based Knowledge Systems,2023,0,False
Canada,Logic-Based Knowledge Systems,2024,8,False
Belgium,Logic-Based Knowledge Systems,2022,0,False
Finland,Logic-Based Knowledge Systems,2017,4,True
Philippines,Logic-Based Knowledge Systems,2016,0,True
Malaysia,Logic-Based Knowledge Systems,2021,2,True
Czechia,Logic-Based Knowledge Systems,2018,0,True
Paraguay,Logic-Based Knowledge Systems,2021,0,True
Germany,Markov and Bayesian Models,2022,79,False
Norway,Markov and Bayesian Models,2021,2,True
United Kingdom,Markov and Bayesian Models,2019,56,True
Croatia,Markov and Bayesian Models,2020,0,True
Hungary,Markov and Bayesian Models,2017,3,True
Netherlands,Markov and Bayesian Models,2023,2,False
New Zealand,Markov and Bayesian Models,2019,0,True
France,Markov and Bayesian Models,2016,9,True
France,Markov and Bayesian Models,2018,17,True
France,Markov and Bayesian Models,2024,16,False
Israel,Markov and Bayesian Models,2020,4,True
Israel,Markov and Bayesian Models,2024,1,False
Spain,Measuring and Testing,2020,38,True
Japan,Measuring and Testing,2020,806,True
Saudi Arabia,Measuring and Testing,2018,0,True
Denmark,Measuring and Testing,2017,5,True
Ukraine,Measuring and Testing,2021,0,True
Ukraine,Measuring and Testing,2025,0,False
Sweden,Neural Networks,2016,3,True
United States,Neural Networks,2017,4876,True
Czechia,Neural Networks,2017,1,True
Czechia,Neural Networks,2019,0,True
Uruguay,Neural Networks,2017,0,True
Ukraine,Neural Networks,2019,4,True
Morocco,Neural Networks,2018,5,True
Croatia,Neural Networks,2024,0,False
Mexico,Ontology Engineering,2022,0,False
Poland,Ontology Engineering,2020,1,True
Austria,Ontology Engineering,2022,0,False
Morocco,Ontology Engineering,2021,0,True
Denmark,Ontology Engineering,2024,0,False
China,Ontology Engineering,2024,13875,False
Taiwan,Ontology Engineering,2017,6,True
Costa Rica,Ontology Engineering,2025,0,False
Spain,Ontology Engineering,2022,0,False
Israel,Other and Unspecified,2022,10,False
France,Other and Unspecified,2019,70,True
South Korea,Other and Unspecified,2025,211,False
Poland,Other and Unspecified,2019,13,True
Mexico,Other and Unspecified,2019,43,True
Mexico,Other and Unspecified,2020,56,True
New Zealand,Other and Unspecified,2017,11,True
New Zealand,Other and Unspecified,2019,7,True
Czechia,Other and Unspecified,2021,1,True
Mexico,Personal Devices and Computing,2021,30,True
Philippines,Personal Devices and Computing,2021,37,True
Canada,Personal Devices and Computing,2020,467,True
Singapore,Personal Devices and Computing,2021,6,True
Belgium,Personal Devices and Computing,2022,2,False
Poland,Personal Devices and Computing,2022,6,False
Indonesia,Personal Devices and Computing,2016,2,True
China,Personal Devices and Computing,2017,8924,True
China,Personal Devices and Computing,2026,1085,False
Luxembourg,Personal Devices and Computing,2019,5,True
Tunisia,Personal Devices and Computing,2021,1,True
Netherlands,Personal Devices and Computing,2022,20,False
Spain,Physical Sciences and Engineering,2020,139,True
Czechia,Physical Sciences and Engineering,2019,1,True
Australia,Physical Sciences and Engineering,2024,78,False
Philippines,Physical Sciences and Engineering,2019,20,True
Finland,Physical Sciences and Engineering,2019,39,True
Colombia,Planning and Scheduling,2023,0,False
South Korea,Planning and Scheduling,2016,109,True
Finland,Planning and Scheduling,2021,6,True
Germany,Planning and Scheduling,2024,43,False
South Africa,Planning and Scheduling,2025,0,False
Russia,Planning and Scheduling,2017,15,True
Greece,Robotics,2019,0,True
Greece,Robotics,2024,0,False
Poland,Robotics,2016,2,True
Poland,Robotics,2022,0,False
Iran,Robotics,2018,0,True
Japan,Robotics,2019,298,True
Japan,Robotics,2020,224,True
Slovenia,Robotics,2023,0,False
South Korea,Robotics,2026,0,False
Philippines,Robotics,2018,0,True
Netherlands,Robotics,2025,1,False
Italy,Robotics,2020,3,True
Peru,Search Methods,2016,0,True
South Africa,Search Methods,2022,0,False
Portugal,Search Methods,2016,0,True
Ireland,Search Methods,2018,0,True
South Korea,Search Methods,2023,59,False
Serbia,Search Methods,2020,0,True
Japan,Search Methods,2025,0,False
United Kingdom,Security,2020,36,True
Croatia,Security,2021,0,True
Greece,Security,2020,0,True
Sweden,Security,2018,1,True
Serbia,Security,2016,0,True
Belgium,Security,2023,2,False
Portugal,Security,2018,1,True
Slovakia,Security,2023,0,False
Spain,Security,2025,2,False
Denmark,Spatial and Physical Reasoning,2020,4,True
Australia,Spatial and Physical Reasoning,2023,154,False
United Kingdom,Spatial and Physical Reasoning,2021,162,True
Poland,Spatial and Physical Reasoning,2021,11,True
Brazil,Spatial and Physical Reasoning,2017,40,True
Malaysia,Spatial and Physical Reasoning,2020,5,True
Ukraine,Spatial and Physical Reasoning,2023,0,False
Bulgaria,Spatial and Physical Reasoning,2024,1,False
France,Spatial and Physical Reasoning,2022,119,False
Morocco,Spatial and Physical Reasoning,2017,2,True
Belgium,Speech Processing,2025,0,False
Czechia,Speech Processing,2022,0,False
India,Speech Processing,2018,19,True
Turkey,Speech Processing,2021,0,True
Canada,Speech Processing,2020,40,True
Poland,Speech Processing,2016,0,True
Poland,Speech Processing,2021,0,True
South Korea,Speech Processing,2024,427,False
Spain,Speech Processing,2023,4,False
Finland,Telecommunications,2016,2,True
Malaysia,Telecommunications,2019,7,True
Switzerland,Telecommunications,2020,0,True
Peru,Telecommunications,2017,0,True
China,Telecommunications,2023,13849,False
Luxembourg,Telecommunications,2020,1,True
Italy,Telecommunications,2016,2,True
Belgium,Transportation,2024,0,False
India,Transportation,2016,6,True
Hungary,Transportation,2020,2,True
Mexico,Transportation,2019,12,True
Germany,Transportation,2020,284,True
Peru,Transportation,2017,0,True
Japan,Transportation,2017,471,True
France,Transportation,2021,95,True
France,Transportation,2022,87,False
Poland,Transportation,2021,2,True
Finland,Transportation,2021,5,True
Australia,Transportation,2018,55,True
Argentina,Transportation,2021,0,True
Czechia,Transportation,2022,2,False
Philippines,Transportation,2020,6,True
Switzerland,Transportation,2024,0,False
Denmark,Agriculture,2024,1,False
South Korea,Agriculture,2017,37,True
Brazil,Agriculture,2018,24,True
Poland,Agriculture,2019,5,True
Peru,Agriculture,2019,0,True
Lithuania,Agriculture,2022,0,False
China,Agriculture,2022,1712,False
Morocco,Agriculture,2023,0,False
France,All,2016,77,True
Austria,All,2017,13,True
Luxembourg,All,2024,184,False
Thailand,All,2017,1,True
China,All,2018,30020,True
China,All,2019,48119,True
Georgia,All,2023,1,False
Bulgaria,All,2018,4,True
India,All,2017,267,True
Japan,Analytics and Algorithms,2019,410,True
Singapore,Analytics and Algorithms,2018,33,True
South Africa,Analytics and Algorithms,2023,0,False
Colombia,Analytics and Algorithms,2024,0,False
Portugal,Analytics and Algorithms,2021,0,True
China,Analytics and Algorithms,2020,4474,True
France,Analytics and Algorithms,2023,46,False
Ukraine,Analytics and Algorithms,2019,0,True
Ukraine,Analytics and Algorithms,2024,0,False
Sweden,Banking and Finance,2018,4,True
Croatia,Banking and Finance,2021,0,True
Spain,Banking and Finance,2016,0,True
Ukraine,Banking and Finance,2023,0,False
Australia,Banking and Finance,2018,42,True
Luxembourg,Banking and Finance,2019,1,True
Costa Rica,Bio-Inspired Computing,2020,0,True
Ukraine,Bio-Inspired Computing,2021,0,True
Italy,Bio-Inspired Computing,2018,0,True
Peru,Bio-Inspired Computing,2016,0,True
Czechia,Bio-Inspired Computing,2024,2,False
Russia,Bio-Inspired Computing,2018,5,True
Russia,Bio-Inspired Computing,2020,7,True
Romania,Bio-Inspired Computing,2024,0,False
Chile,Bio-Inspired Computing,2017,0,True
Spain,Business,2017,12,True
Spain,Business,2024,2,False
Poland,Business,2018,4,True
Turkey,Business,2017,2,True
Australia,Business,2022,70,False
Romania,Business,2020,1,True
Belgium,Business,2025,3,False
Serbia,Business,2021,0,True
Canada,Business,2016,89,True
Canada,Business,2017,81,True
Croatia,Business,2024,1,False
Taiwan,Business,2024,77,False
Ukraine,Business,2018,2,True
Tunisia,Business,2023,0,False
Japan,Business,2021,446,True
Japan,Business,2023,564,False
India,Computer Vision,2021,0,True
Germany,Computer Vision,2016,79,True
United Kingdom,Computer Vision,2021,184,True
Lithuania,Computer Vision,2022,0,False
Greece,Computer Vision,2020,4,True
Belgium,Computer Vision,2024,3,False
Chile,Computer Vision,2023,0,False
Italy,Computer Vision,2019,24,True
Argentina,Computer Vision,2023,6,False
Ukraine,Computer Vision,2022,0,False
Ukraine,Computer Vision,2025,0,False
Romania,Computer Vision,2019,0,True
Turkey,Computer Vision,2017,2,True
Jordan,Computing in Government,2023,0,False
Austria,Computing in Government,2022,0,False
Sweden,Computing in Government,2018,0,True
Sweden,Computing in Government,2019,0,True
South Korea,Computing in Government,2017,28,True
New Zealand,Computing in Government,2018,0,True
Morocco,Computing in Government,2022,0,False
Tunisia,Computing in Government,2020,0,True
Finland,Computing in Government,2016,0,True
Italy,Computing in Government,2017,1,True
Netherlands,Control Methods,2021,6,True
Sweden,Control Methods,2025,0,False
New Zealand,Control Methods,2019,1,True
Serbia,Control Methods,2025,0,False
Georgia,Control Methods,2023,0,False
India,Control Methods,2021,0,True
Italy,Control Methods,2024,6,False
Poland,Control Methods,2019,10,True
Argentina,Distributed AI,2016,0,True
Hungary,Distributed AI,2022,0,False
Germany,Distributed AI,2020,14,True
United Kingdom,Distributed AI,2017,1,True
Norway,Distributed AI,2024,0,False
Greece,Distributed AI,2024,0,False
Ukraine,Distributed AI,2023,0,False
Lithuania,Distributed AI,2022,0,False
Cuba,Distributed AI,2020,0,True
Czechia,Distributed AI,2017,0,True
Slovakia,Distributed AI,2021,0,True
Luxembourg,Distributed AI,2017,0,True
Australia,Distributed AI,2023,4,False
South Africa,Education,2017,0,True
Jordan,Education,2017,0,True
Mexico,Education,2020,2,True
Thailand,Education,2017,0,True
Chile,Education,2021,0,True
Hungary,Education,2018,0,True
Slovakia,Education,2025,0,False
Costa Rica,Education,2023,0,False
Bulgaria,Education,2020,1,True
Austria,Education,2023,0,False
Taiwan,Education,2016,5,True
Romania,Education,2022,0,False
Croatia,Education,2020,0,True
Argentina,Education,2023,0,False
Japan,Education,2025,0,False
South Korea,Energy Management,2020,491,True
Australia,Energy Management,2019,27,True
Sweden,Energy Management,2016,0,True
Sweden,Energy Management,2025,1,False
Italy,Energy Management,2018,5,True
Czechia,Energy Management,2022,0,False
Netherlands,Energy Management,2018,0,True
Taiwan,Energy Management,2021,36,True
Morocco,Energy Management,2024,1,False
Denmark,Energy Management,2016,6,True
New Zealand,Fuzzy Logic,2019,0,True
Morocco,Fuzzy Logic,2021,0,True
Israel,Fuzzy Logic,2016,0,True
Italy,Fuzzy Logic,2021,1,True
Chile,Fuzzy Logic,2017,0,True
Denmark,Fuzzy Logic,2024,0,False
Saudi Arabia,Fuzzy Logic,2023,0,False
Poland,Fuzzy Logic,2018,1,True
Canada,Fuzzy Logic,2020,6,True
Lithuania,Fuzzy Logic,2019,1,True
Japan,Fuzzy Logic,2021,10,True
Bulgaria,Fuzzy Logic,2019,0,True
Romania,Fuzzy Logic,2020,0,True
Colombia,Industry and Manufacturing,2023,0,False
Bulgaria,Industry and Manufacturing,2017,0,True
China,Industry and Manufacturing,2017,1007,True
Finland,Industry and Manufacturing,2023,1,False
Poland,Industry and Manufacturing,2018,5,True
Philippines,Industry and Manufacturing,2018,0,True
Greece,Industry and Manufacturing,2025,1,False
Luxembourg,Industry and Manufacturing,2025,8,False
Ireland,Industry and Manufacturing,2018,0,True
Russia,Industry and Manufacturing,2017,7,True
Chile,Industry and Manufacturing,2017,0,True
Slovakia,Industry and Manufacturing,2024,1,False
Taiwan,Industry and Manufacturing,2024,36,False
New Zealand,Knowledge Representation,2022,0,False
Japan,Knowledge Representation,2017,104,True
Serbia,Knowledge Representation,2021,0,True
San Marino,Knowledge Representation,2017,0,True
Peru,Knowledge Representation,2022,0,False
China,Knowledge Representation,2023,3990,False
Norway,Knowledge Representation,2018,1,True
Israel,Knowledge Representation,2017,0,True
Croatia,Knowledge Representation,2024,0,False
Mexico,Knowledge Representation,2022,1,False
Uruguay,Knowledge Representation,2022,0,False
Romania,Natural Language Processing,2023,0,False
United Kingdom,Natural Language Processing,2025,0,False
Finland,Natural Language Processing,2020,2,True
Norway,Natural Language Processing,2022,0,False
Morocco,Natural Language Processing,2023,0,False
India,Natural Language Processing,2017,47,True
India,Natural Language Processing,2021,0,True
Turkey,Natural Language Processing,2024,3,False
Jordan,Natural Language Processing,2017,0,True
Finland,Life Sciences,2022,5,False
Japan,Life Sciences,2023,610,False
Croatia,Life Sciences,2024,0,False
Greece,Life Sciences,2024,5,False
San Marino,Life Sciences,2020,0,True
Belgium,Life Sciences,2020,2,True
Hungary,Life Sciences,2023,2,False
Ukraine,Life Sciences,2019,1,True
United States,Logic-Based Knowledge Systems,2019,2971,True
Brazil,Logic-Based Knowledge Systems,2017,14,True
Brazil,Logic-Based Knowledge Systems,2019,37,True
Croatia,Logic-Based Knowledge Systems,2019,0,True
Lithuania,Logic-Based Knowledge Systems,2022,0,False
Germany,Logic-Based Knowledge Systems,2022,52,False
Italy,Logic-Based Knowledge Systems,2018,3,True
Thailand,Logic-Based Knowledge Systems,2017,0,True
United States,Markov and Bayesian Models,2024,302,False
Malaysia,Markov and Bayesian Models,2016,1,True
Poland,Markov and Bayesian Models,2019,2,True
India,Markov and Bayesian Models,2016,21,True
Romania,Markov and Bayesian Models,2018,0,True
Australia,Markov and Bayesian Models,2020,86,True
Ireland,Markov and Bayesian Models,2018,1,True
Costa Rica,Markov and Bayesian Models,2021,0,True
Netherlands,Markov and Bayesian Models,2016,0,True
Turkey,Markov and Bayesian Models,2021,0,True
Switzerland,Markov and Bayesian Models,2019,0,True
Greece,Markov and Bayesian Models,2018,0,True
Denmark,Markov and Bayesian Models,2020,1,True
Switzerland,Measuring and Testing,2018,0,True
Philippines,Measuring and Testing,2016,2,True
Greece,Measuring and Testing,2023,6,False
Mexico,Measuring and Testing,2021,39,True
China,Measuring and Testing,2022,8642,False
Finland,Measuring and Testing,2021,5,True
Chile,Measuring and Testing,2018,0,True
Romania,Measuring and Testing,2021,2,True
United States,Neural Networks,2019,9434,True
New Zealand,Neural Networks,2016,0,True
South Africa,Neural Networks,2022,31,False
Philippines,Neural Networks,2022,6,False
Morocco,Neural Networks,2017,1,True
Singapore,Ontology Engineering,2016,3,True
Philippines,Ontology Engineering,2022,0,False
Slovenia,Ontology Engineering,2018,0,True
Australia,Ontology Engineering,2023,15,False
Turkey,Ontology Engineering,2025,0,False
Canada,Ontology Engineering,2021,13,True
Canada,Ontology Engineering,2022,9,False
Japan,Ontology Engineering,2019,47,True
Luxembourg,Ontology Engineering,2023,2,False
China,Ontology Engineering,2019,2491,True
Taiwan,Ontology Engineering,2022,12,False
Uruguay,Ontology Engineering,2017,0,True
Greece,Other and Unspecified,2022,1,False
Australia,Other and Unspecified,2020,355,True
Serbia,Other and Unspecified,2024,4,False
Chile,Other and Unspecified,2018,0,True
Portugal,Other and Unspecified,2021,1,True
Argentina,Other and Unspecified,2016,0,True
Poland,Other and Unspecified,2020,20,True
Morocco,Personal Devices and Computing,2022,3,False
Switzerland,Personal Devices and Computing,2020,4,True
Brazil,Personal Devices and Computing,2019,111,True
United States,Personal Devices and Computing,2024,2517,False
Saudi Arabia,Personal Devices and Computing,2023,0,False
Serbia,Personal Devices and Computing,2017,1,True
Italy,Personal Devices and Computing,2022,28,False
Norway,Personal Devices and Computing,2017,0,True
New Zealand,Personal Devices and Computing,2021,1,True
Austria,Personal Devices and Computing,2017,2,True
Austria,Personal Devices and Computing,2023,6,False
Lithuania,Physical Sciences and Engineering,2018,11,True
Japan,Physical Sciences and Engineering,2025,29,False
Slovakia,Physical Sciences and Engineering,2025,1,False
Canada,Physical Sciences and Engineering,2023,164,False
Latvia,Physical Sciences and Engineering,2017,1,True
India,Physical Sciences and Engineering,2021,1,True
South Korea,Physical Sciences and Engineering,2022,11279,False
Colombia,Planning and Scheduling,2017,0,True
Mexico,Planning and Scheduling,2019,17,True
Portugal,Planning and Scheduling,2018,1,True
Costa Rica,Planning and Scheduling,2021,0,True
Peru,Planning and Scheduling,2021,1,True
Cuba,Planning and Scheduling,2020,0,True
France,Planning and Scheduling,2020,13,True
Singapore,Planning and Scheduling,2019,17,True
South Africa,Planning and Scheduling,2016,2,True
India,Planning and Scheduling,2016,40,True
Jordan,Planning and Scheduling,2023,0,False
Colombia,Robotics,2021,0,True
Australia,Robotics,2023,29,False
New Zealand,Robotics,2020,0,True
Bulgaria,Robotics,2020,2,True
Bulgaria,Robotics,2023,0,False
China,Robotics,2023,3451,False
Philippines,Robotics,2020,0,True
Turkey,Robotics,2016,0,True
Serbia,Robotics,2019,0,True
Germany,Robotics,2020,91,True
Croatia,Robotics,2017,0,True
Israel,Robotics,2021,1,True
Portugal,Robotics,2024,0,False
Russia,Robotics,2016,4,True
Estonia,Robotics,2022,0,False
Belgium,Search Methods,2019,0,True
Philippines,Search Methods,2017,0,True
South Africa,Search Methods,2019,0,True
Finland,Search Methods,2023,0,False
Tunisia,Search Methods,2020,0,True
South Korea,Search Methods,2018,33,True
Saudi Arabia,Search Methods,2023,0,False
Serbia,Search Methods,2018,0,True
Japan,Search Methods,2022,152,False
Czechia,Search Methods,2023,0,False
Poland,Search Methods,2016,0,True
France,Search Methods,2019,9,True
Estonia,Search Methods,2022,0,False
Ukraine,Search Methods,2021,0,True
San Marino,Security,2020,0,True
India,Security,2020,3,True
Portugal,Security,2024,0,False
Hungary,Security,2021,0,True
Singapore,Security,2017,11,True
Turkey,Security,2022,9,False
Belgium,Spatial and Physical Reasoning,2019,0,True
Switzerland,Spatial and Physical Reasoning,2018,3,True
China,Spatial and Physical Reasoning,2017,5135,True
Germany,Spatial and Physical Reasoning,2024,346,False
Denmark,Spatial and Physical Reasoning,2023,0,False
Australia,Spatial and Physical Reasoning,2018,176,True
South Africa,Spatial and Physical Reasoning,2025,0,False
New Zealand,Spatial and Physical Reasoning,2016,1,True
Peru,Spatial and Physical Reasoning,2017,1,True
Turkey,Spatial and Physical Reasoning,2021,12,True
Latvia,Spatial and Physical Reasoning,2020,0,True
Ukraine,Spatial and Physical Reasoning,2022,0,False
France,Spatial and Physical Reasoning,2021,112,True
Serbia,Spatial and Physical Reasoning,2023,2,False
Serbia,Spatial and Physical Reasoning,2024,2,False
Netherlands,Spatial and Physical Reasoning,2020,6,True
Czechia,Speech Processing,2025,0,False
China,Speech Processing,2023,4477,False
Ukraine,Speech Processing,2017,0,True
Germany,Speech Processing,2018,32,True
Philippines,Speech Processing,2016,0,True
Thailand,Speech Processing,2017,0,True
Spain,Speech Processing,2022,3,False
Taiwan,Speech Processing,2018,14,True
Serbia,Telecommunications,2024,1,False
Singapore,Telecommunications,2017,30,True
Netherlands,Telecommunications,2018,1,True
Israel,Telecommunications,2017,7,True
South Africa,Telecommunications,2016,1,True
Luxembourg,Telecommunications,2018,1,True
South Korea,Telecommunications,2021,2064,True
Sweden,Telecommunications,2024,2,False
India,Telecommunications,2017,62,True
Croatia,Telecommunications,2023,0,False
India,Transportation,2020,0,True
Spain,Transportation,2020,10,True
Peru,Transportation,2020,1,True
Japan,Transportation,2016,316,True
Poland,Transportation,2024,2,False
Netherlands,Transportation,2018,0,True
Bulgaria,Transportation,2018,0,True
Bulgaria,Transportation,2022,0,False
United Kingdom,Transportation,2018,55,True
Brazil,Transportation,2022,2,False
Switzerland,Transportation,2017,0,True
Sweden,Agriculture,2018,4,True
Mexico,Agriculture,2022,0,False
Switzerland,Agriculture,2017,0,True
Switzerland,Agriculture,2018,0,True
Switzerland,Agriculture,2021,0,True
Australia,Agriculture,2019,28,True
Japan,Agriculture,2017,35,True
France,Agriculture,2021,1,True
Romania,Agriculture,2019,0,True
Romania,Agriculture,2022,0,False
Lithuania,Agriculture,2021,0,True
Czechia,Agriculture,2022,0,False
Saudi Arabia,Agriculture,2022,0,False
Romania,All,2022,11,False
Turkey,All,2018,19,True
Croatia,All,2017,1,True
Singapore,All,2016,60,True
Austria,All,2024,17,False
Morocco,All,2019,7,True
Canada,All,2022,678,False
Switzerland,All,2018,4,True
Switzerland,All,2022,6,False
Belgium,All,2022,7,False
United States,All,2019,16515,True
United States,Analytics and Algorithms,2017,805,True
Sweden,Analytics and Algorithms,2025,0,False
Norway,Analytics and Algorithms,2025,0,False
Austria,Analytics and Algorithms,2019,1,True
Finland,Analytics and Algorithms,2018,10,True
France,Analytics and Algorithms,2021,48,True
Slovakia,Analytics and Algorithms,2024,1,False
Peru,Analytics and Algorithms,2023,1,False
China,Banking and Finance,2016,169,True
Slovakia,Banking and Finance,2021,0,True
Netherlands,Banking and Finance,2020,0,True
Norway,Banking and Finance,2016,0,True
Slovenia,Banking and Finance,2019,0,True
Philippines,Banking and Finance,2016,0,True
France,Banking and Finance,2018,15,True
Finland,Bio-Inspired Computing,2022,3,False
South Africa,Bio-Inspired Computing,2018,1,True
Luxembourg,Bio-Inspired Computing,2019,1,True
Luxembourg,Bio-Inspired Computing,2022,14,False
Luxembourg,Bio-Inspired Computing,2025,86,False
Serbia,Bio-Inspired Computing,2020,1,True
Slovakia,Bio-Inspired Computing,2025,0,False
Portugal,Bio-Inspired Computing,2022,1,False
Taiwan,Bio-Inspired Computing,2024,14,False
Spain,Business,2016,9,True
Spain,Business,2022,4,False
Germany,Business,2022,76,False
Denmark,Business,2022,0,False
South Korea,Business,2019,1251,True
Greece,Business,2018,1,True
Norway,Business,2020,0,True
United Kingdom,Business,2021,37,True
France,Business,2020,27,True
Australia,Computer Vision,2024,33,False
India,Computer Vision,2016,25,True
Singapore,Computer Vision,2019,50,True
Brazil,Computer Vision,2021,42,True
Greece,Computer Vision,2019,1,True
Ireland,Computer Vision,2018,0,True
Mexico,Computer Vision,2019,34,True
Philippines,Computer Vision,2019,5,True
Argentina,Computer Vision,2021,3,True
Ukraine,Computer Vision,2018,4,True
Austria,Computer Vision,2019,0,True
Romania,Computer Vision,2020,2,True
Hungary,Computer Vision,2020,3,True
France,Computing in Government,2016,0,True
France,Computing in Government,2020,1,True
Russia,Computing in Government,2017,1,True
Sweden,Computing in Government,2024,0,False
Germany,Computing in Government,2025,1,False
Canada,Computing in Government,2021,7,True
China,Computing in Government,2018,298,True
Switzerland,Computing in Government,2019,0,True
Switzerland,Computing in Government,2023,1,False
Portugal,Computing in Government,2020,0,True
Mexico,Computing in Government,2024,0,False
Spain,Computing in Government,2018,0,True
Italy,Computing in Government,2016,0,True
South Africa,Computing in Government,2023,0,False
Japan,Computing in Government,2018,21,True
Slovenia,Control Methods,2016,0,True
United States,Control Methods,2018,2423,True
Latvia,Control Methods,2017,0,True
Italy,Control Methods,2019,16,True
Philippines,Control Methods,2020,1,True
New Zealand,Distributed AI,2022,0,False
Russia,Distributed AI,2019,0,True
Bulgaria,Distributed AI,2024,0,False
Uruguay,Distributed AI,2020,0,True
Chile,Distributed AI,2021,0,True
France,Distributed AI,2021,4,True
China,Distributed AI,2016,18,True
Turkey,Education,2024,1,False
Netherlands,Education,2018,0,True
Portugal,Education,2022,0,False
Russia,Education,2021,0,True
Germany,Education,2019,8,True
New Zealand,Education,2022,0,False
Ireland,Energy Management,2016,0,True
Australia,Energy Management,2022,20,False
Peru,Energy Management,2022,0,False
Norway,Energy Management,2017,0,True
Morocco,Energy Management,2019,1,True
Canada,Energy Management,2017,21,True
Hungary,Fuzzy Logic,2022,0,False
Moldova,Fuzzy Logic,2021,0,True
Tunisia,Fuzzy Logic,2020,0,True
Brazil,Fuzzy Logic,2017,4,True
Italy,Fuzzy Logic,2016,1,True
Italy,Fuzzy Logic,2023,0,False
Iran,Fuzzy Logic,2018,0,True
Poland,Fuzzy Logic,2021,0,True
Mexico,Fuzzy Logic,2016,0,True
Greece,Fuzzy Logic,2023,0,False
India,Fuzzy Logic,2016,3,True
Belgium,Fuzzy Logic,2025,0,False
Italy,Industry and Manufacturing,2019,10,True
Colombia,Industry and Manufacturing,2021,1,True
Tunisia,Industry and Manufacturing,2021,0,True
Switzerland,Industry and Manufacturing,2017,0,True
Finland,Industry and Manufacturing,2019,8,True
Luxembourg,Industry and Manufacturing,2018,0,True
Morocco,Industry and Manufacturing,2020,0,True
Netherlands,Industry and Manufacturing,2016,0,True
Germany,Industry and Manufacturing,2019,120,True
Indonesia,Industry and Manufacturing,2016,0,True
Taiwan,Industry and Manufacturing,2022,54,False
Taiwan,Industry and Manufacturing,2023,45,False
Mexico,Industry and Manufacturing,2020,22,True
Malaysia,Industry and Manufacturing,2019,1,True
Malaysia,Industry and Manufacturing,2020,0,True
United States,Knowledge Representation,2020,1213,True
United States,Knowledge Representation,2025,8,False
Turkey,Knowledge Representation,2018,0,True
Denmark,Knowledge Representation,2019,0,True
Germany,Knowledge Representation,2020,31,True
Ukraine,Knowledge Representation,2019,0,True
China,Knowledge Representation,2024,7850,False
Uruguay,Knowledge Representation,2020,0,True
Ireland,Knowledge Representation,2021,0,True
Austria,Knowledge Representation,2016,1,True
France,Natural Language Processing,2023,15,False
Hungary,Natural Language Processing,2019,1,True
Taiwan,Natural Language Processing,2023,21,False
Ireland,Natural Language Processing,2018,0,True
Peru,Natural Language Processing,2021,0,True
Netherlands,Natural Language Processing,2017,0,True
Turkey,Natural Language Processing,2018,1,True
Portugal,Natural Language Processing,2021,1,True
China,Natural Language Processing,2025,14256,False
Costa Rica,Natural Language Processing,2021,0,True
Singapore,Natural Language Processing,2018,17,True
United States,Natural Language Processing,2025,37,False
Argentina,Life Sciences,2018,2,True
Denmark,Life Sciences,2018,13,True
China,Life Sciences,2022,7229,False
China,Life Sciences,2025,17638,False
Germany,Life Sciences,2021,106,True
Bulgaria,Life Sciences,2018,0,True
Israel,Life Sciences,2021,7,True
Switzerland,Life Sciences,2017,1,True
Slovenia,Life Sciences,2023,1,False
Morocco,Life Sciences,2021,1,True
Canada,Life Sciences,2018,250,True
Canada,Life Sciences,2023,22,False
India,Life Sciences,2024,0,False
South Africa,Logic-Based Knowledge Systems,2022,0,False
Bulgaria,Logic-Based Knowledge Systems,2024,1,False
Slovenia,Logic-Based Knowledge Systems,2016,0,True
Canada,Logic-Based Knowledge Systems,2020,109,True
Denmark,Logic-Based Knowledge Systems,2023,0,False
Tunisia,Logic-Based Knowledge Systems,2023,0,False
Portugal,Logic-Based Knowledge Systems,2016,1,True
Australia,Logic-Based Knowledge Systems,2017,45,True
South Korea,Logic-Based Knowledge Systems,2017,191,True
Tunisia,Markov and Bayesian Models,2021,0,True
Moldova,Markov and Bayesian Models,2021,0,True
Philippines,Markov and Bayesian Models,2018,1,True
Norway,Markov and Bayesian Models,2018,0,True
Croatia,Markov and Bayesian Models,2024,0,False
Taiwan,Markov and Bayesian Models,2018,28,True
Cuba,Markov and Bayesian Models,2020,0,True
Spain,Markov and Bayesian Models,2021,6,True
San Marino,Markov and Bayesian Models,2023,0,False
Turkey,Markov and Bayesian Models,2025,0,False
Ukraine,Markov and Bayesian Models,2019,0,True
Australia,Measuring and Testing,2023,87,False
Switzerland,Measuring and Testing,2016,0,True
Switzerland,Measuring and Testing,2019,0,True
Lithuania,Measuring and Testing,2022,1,False
New Zealand,Measuring and Testing,2016,2,True
Slovakia,Measuring and Testing,2024,1,False
Hungary,Measuring and Testing,2023,1,False
Greece,Measuring and Testing,2017,2,True
Costa Rica,Measuring and Testing,2020,0,True
Malaysia,Measuring and Testing,2019,3,True
Bulgaria,Measuring and Testing,2017,0,True
Romania,Measuring and Testing,2017,0,True
Romania,Measuring and Testing,2019,1,True
Norway,Measuring and Testing,2017,1,True
Brazil,Neural Networks,2020,90,True
New Zealand,Neural Networks,2020,7,True
Russia,Neural Networks,2018,137,True
Russia,Neural Networks,2020,124,True
Australia,Neural Networks,2023,333,False
Ukraine,Neural Networks,2023,5,False
Peru,Neural Networks,2023,2,False
Japan,Neural Networks,2021,2467,True
Serbia,Neural Networks,2022,3,False
Norway,Neural Networks,2018,3,True
Germany,Neural Networks,2018,447,True
United Kingdom,Neural Networks,2016,93,True
Turkey,Neural Networks,2024,45,False
France,Ontology Engineering,2024,1,False
Hungary,Ontology Engineering,2024,0,False
Chile,Ontology Engineering,2023,0,False
New Zealand,Ontology Engineering,2018,2,True
Serbia,Ontology Engineering,2024,1,False
Switzerland,Ontology Engineering,2017,0,True
South Africa,Ontology Engineering,2018,0,True
Italy,Ontology Engineering,2017,1,True
Malaysia,Ontology Engineering,2017,2,True
Greece,Ontology Engineering,2018,0,True
Spain,Ontology Engineering,2019,0,True
France,Other and Unspecified,2018,47,True
Ireland,Other and Unspecified,2021,1,True
Panama,Other and Unspecified,2016,1,True
Norway,Other and Unspecified,2022,4,False
Singapore,Other and Unspecified,2019,50,True
Japan,Other and Unspecified,2020,1855,True
Russia,Other and Unspecified,2018,48,True
South Korea,Personal Devices and Computing,2022,3485,False
Portugal,Personal Devices and Computing,2020,6,True
Denmark,Personal Devices and Computing,2020,7,True
Australia,Personal Devices and Computing,2022,173,False
Poland,Personal Devices and Computing,2019,18,True
Malaysia,Personal Devices and Computing,2018,11,True
Malaysia,Personal Devices and Computing,2019,11,True
Taiwan,Personal Devices and Computing,2022,231,False
South Africa,Personal Devices and Computing,2016,3,True
Ireland,Personal Devices and Computing,2016,2,True
Lithuania,Physical Sciences and Engineering,2022,1,False
Argentina,Physical Sciences and Engineering,2016,1,True
Brazil,Physical Sciences and Engineering,2017,88,True
France,Physical Sciences and Engineering,2021,316,True
Serbia,Physical Sciences and Engineering,2020,6,True
Canada,Physical Sciences and Engineering,2018,706,True
San Marino,Physical Sciences and Engineering,2020,1,True
Italy,Physical Sciences and Engineering,2024,46,False
Sweden,Planning and Scheduling,2023,4,False
Italy,Planning and Scheduling,2020,6,True
Brazil,Planning and Scheduling,2020,17,True
United States,Planning and Scheduling,2016,994,True
Costa Rica,Planning and Scheduling,2020,0,True
Saudi Arabia,Planning and Scheduling,2023,0,False
Israel,Planning and Scheduling,2024,1,False
France,Planning and Scheduling,2016,3,True
Turkey,Planning and Scheduling,2020,6,True
Ukraine,Robotics,2024,0,False
Tunisia,Robotics,2020,0,True
Tunisia,Robotics,2022,0,False
Hungary,Robotics,2022,0,False
China,Robotics,2022,2846,False
Philippines,Robotics,2022,1,False
Serbia,Robotics,2021,0,True
Finland,Robotics,2021,1,True
Croatia,Robotics,2022,0,False
Israel,Robotics,2020,1,True
Austria,Robotics,2017,1,True
Slovakia,Search Methods,2023,0,False
Argentina,Search Methods,2016,0,True
Taiwan,Search Methods,2025,0,False
Azerbaijan,Search Methods,2018,0,True
Paraguay,Search Methods,2021,0,True
Israel,Search Methods,2023,2,False
Brazil,Search Methods,2016,0,True
Mexico,Search Methods,2017,1,True
Finland,Search Methods,2017,1,True
Switzerland,Search Methods,2018,0,True
Serbia,Search Methods,2022,0,False
United States,Search Methods,2017,802,True
Austria,Search Methods,2021,0,True
Australia,Search Methods,2024,6,False
China,Security,2020,3279,True
Morocco,Security,2020,0,True
South Korea,Security,2019,519,True
South Korea,Security,2023,979,False
United Kingdom,Security,2019,35,True
Chile,Security,2021,1,True
United States,Security,2016,599,True
Belgium,Security,2018,0,True
India,Security,2016,7,True
Portugal,Security,2016,1,True
Australia,Security,2024,6,False
Peru,Security,2021,1,True
Luxembourg,Security,2020,1,True
Tunisia,Security,2020,0,True
Belgium,Spatial and Physical Reasoning,2016,0,True
Belgium,Spatial and Physical Reasoning,2020,0,True
Japan,Spatial and Physical Reasoning,2023,837,False
Slovakia,Spatial and Physical Reasoning,2025,1,False
Philippines,Spatial and Physical Reasoning,2020,11,True
Turkey,Spatial and Physical Reasoning,2018,4,True
Brazil,Spatial and Physical Reasoning,2021,37,True
Hungary,Spatial and Physical Reasoning,2016,2,True
Hungary,Spatial and Physical Reasoning,2021,4,True
Portugal,Speech Processing,2020,1,True
Belgium,Speech Processing,2024,0,False
Poland,Speech Processing,2023,0,False
Denmark,Speech Processing,2018,4,True
Taiwan,Speech Processing,2019,34,True
Bulgaria,Speech Processing,2017,0,True
Uruguay,Speech Processing,2017,0,True
Mexico,Speech Processing,2023,0,False
Luxembourg,Speech Processing,2021,0,True
United Kingdom,Speech Processing,2024,18,False
Portugal,Telecommunications,2016,4,True
Bulgaria,Telecommunications,2020,1,True
Singapore,Telecommunications,2018,48,True
Spain,Telecommunications,2023,9,False
Israel,Telecommunications,2022,9,False
Switzerland,Telecommunications,2019,0,True
Czechia,Telecommunications,2019,1,True
Czechia,Telecommunications,2024,1,False
Luxembourg,Telecommunications,2022,11,False
Germany,Telecommunications,2021,166,True
Austria,Telecommunications,2023,0,False
Hungary,Telecommunications,2018,1,True
Hungary,Telecommunications,2024,0,False
France,Telecommunications,2022,56,False
Costa Rica,Telecommunications,2019,0,True
South Korea,Transportation,2025,25,False
Peru,Transportation,2021,0,True
Japan,Transportation,2021,301,True
Taiwan,Transportation,2023,36,False
United Kingdom,Transportation,2019,46,True
Sweden,Transportation,2023,4,False
Russia,Agriculture,2020,4,True
Singapore,Agriculture,2019,2,True
Latvia,Agriculture,2017,0,True
Sweden,Agriculture,2025,0,False
Israel,Agriculture,2019,0,True
Finland,Agriculture,2018,2,True
Finland,Agriculture,2023,1,False
Peru,Agriculture,2022,1,False
Austria,Agriculture,2016,0,True
Italy,Agriculture,2021,5,True
Croatia,Agriculture,2022,0,False
Norway,All,2021,6,True
Norway,All,2023,12,False
Norway,All,2025,1,False
Singapore,All,2017,115,True
South Korea,All,2023,12103,False
Ukraine,All,2017,3,True
Sweden,All,2022,36,False
Chile,All,2019,1,True
Peru,All,2021,4,True
United Kingdom,All,2017,311,True
Switzerland,All,2020,5,True
Netherlands,All,2020,19,True
Russia,All,2016,140,True
Taiwan,All,2019,514,True
Finland,All,2017,28,True
Jordan,Analytics and Algorithms,2021,0,True
Belgium,Analytics and Algorithms,2016,0,True
Belgium,Analytics and Algorithms,2017,0,True
Colombia,Analytics and Algorithms,2019,0,True
Austria,Analytics and Algorithms,2022,1,False
Israel,Analytics and Algorithms,2023,11,False
Bulgaria,Analytics and Algorithms,2018,0,True
Netherlands,Analytics and Algorithms,2019,1,True
China,Banking and Finance,2024,4225,False
United States,Banking and Finance,2023,361,False
Slovakia,Banking and Finance,2024,0,False
New Zealand,Banking and Finance,2017,8,True
Canada,Banking and Finance,2017,38,True
Canada,Banking and Finance,2022,55,False
Canada,Banking and Finance,2023,23,False
Bulgaria,Banking and Finance,2019,0,True
Lithuania,Banking and Finance,2019,0,True
Poland,Banking and Finance,2018,2,True
Japan,Banking and Finance,2021,97,True
Sweden,Bio-Inspired Computing,2021,0,True
Sweden,Bio-Inspired Computing,2022,0,False
Germany,Bio-Inspired Computing,2025,21,False
Ukraine,Bio-Inspired Computing,2023,0,False
Spain,Bio-Inspired Computing,2020,2,True
Denmark,Bio-Inspired Computing,2023,1,False
Belgium,Bio-Inspired Computing,2024,0,False
Australia,Business,2020,152,True
Russia,Business,2020,14,True
Serbia,Business,2019,1,True
Peru,Business,2016,0,True
Peru,Business,2023,1,False
South Korea,Business,2017,344,True
Czechia,Business,2019,0,True
Japan,Business,2017,282,True
Germany,Computer Vision,2023,505,False
South Africa,Computer Vision,2019,0,True
Malaysia,Computer Vision,2020,10,True
Chile,Computer Vision,2018,0,True
Slovakia,Computer Vision,2024,0,False
Saudi Arabia,Computer Vision,2022,0,False
Costa Rica,Computer Vision,2023,1,False
Hungary,Computer Vision,2024,1,False
Chile,Computing in Government,2022,0,False
Romania,Computing in Government,2017,0,True
Romania,Computing in Government,2022,0,False
Canada,Computing in Government,2024,1,False
Taiwan,Computing in Government,2022,5,False
Indonesia,Computing in Government,2016,0,True
Luxembourg,Computing in Government,2023,1,False
Philippines,Computing in Government,2021,0,True
Thailand,Computing in Government,2017,0,True
Morocco,Control Methods,2021,1,True
Morocco,Control Methods,2024,0,False
Greece,Control Methods,2017,1,True
Russia,Control Methods,2018,21,True
South Korea,Control Methods,2025,42,False
Canada,Control Methods,2020,127,True
Canada,Control Methods,2021,122,True
Turkey,Control Methods,2023,4,False
Peru,Distributed AI,2023,0,False
United Kingdom,Distributed AI,2019,12,True
United States,Distributed AI,2019,350,True
Italy,Distributed AI,2019,0,True
Italy,Distributed AI,2021,0,True
Finland,Distributed AI,2017,0,True
Israel,Distributed AI,2022,1,False
Canada,Distributed AI,2019,15,True
Belgium,Distributed AI,2019,0,True
Spain,Distributed AI,2021,0,True
Brazil,Distributed AI,2016,0,True
Netherlands,Distributed AI,2022,0,False
Greece,Education,2024,1,False
Poland,Education,2019,0,True
South Africa,Education,2024,0,False
Jordan,Education,2023,0,False
South Korea,Education,2024,198,False
Chile,Education,2018,0,True
Turkey,Education,2023,6,False
Norway,Education,2016,0,True
Italy,Education,2018,0,True
Taiwan,Education,2021,5,True
Finland,Education,2017,0,True
New Zealand,Energy Management,2022,0,False
New Zealand,Energy Management,2023,0,False
France,Energy Management,2019,12,True
France,Energy Management,2020,22,True
Singapore,Energy Management,2021,0,True
United Kingdom,Energy Management,2020,11,True
Portugal,Energy Management,2021,0,True
Netherlands,Energy Management,2019,0,True
Morocco,Energy Management,2016,0,True
Peru,Fuzzy Logic,2019,0,True
New Zealand,Fuzzy Logic,2020,0,True
Serbia,Fuzzy Logic,2025,0,False
Italy,Fuzzy Logic,2020,0,True
Portugal,Fuzzy Logic,2020,0,True
Turkey,Fuzzy Logic,2018,0,True
Sweden,Fuzzy Logic,2024,0,False
Latvia,Fuzzy Logic,2020,0,True
Canada,Fuzzy Logic,2017,7,True
Mexico,Fuzzy Logic,2019,2,True
Uruguay,Fuzzy Logic,2022,0,False
Italy,Industry and Manufacturing,2017,3,True
Sweden,Industry and Manufacturing,2021,7,True
Kenya,Industry and Manufacturing,2016,0,True
Canada,Industry and Manufacturing,2021,73,True
Poland,Industry and Manufacturing,2020,10,True
Philippines,Industry and Manufacturing,2017,0,True
Turkey,Industry and Manufacturing,2022,4,False
Czechia,Industry and Manufacturing,2018,0,True
Australia,Knowledge Representation,2020,33,True
Bulgaria,Knowledge Representation,2024,0,False
Italy,Knowledge Representation,2017,0,True
Mexico,Knowledge Representation,2025,0,False
Belgium,Knowledge Representation,2023,0,False
Malaysia,Natural Language Processing,2022,0,False
Hungary,Natural Language Processing,2021,0,True
Lithuania,Natural Language Processing,2019,0,True
Greece,Natural Language Processing,2023,3,False
Belgium,Natural Language Processing,2022,0,False
Brazil,Natural Language Processing,2021,6,True
Japan,Natural Language Processing,2020,180,True
South Korea,Natural Language Processing,2016,116,True
Iran,Natural Language Processing,2018,0,True
United States,Natural Language Processing,2017,1157,True
Mexico,Life Sciences,2021,49,True
Netherlands,Life Sciences,2019,8,True
China,Life Sciences,2018,2124,True
Slovakia,Life Sciences,2021,0,True
Bulgaria,Logic-Based Knowledge Systems,2019,0,True
Spain,Logic-Based Knowledge Systems,2016,12,True
Lithuania,Logic-Based Knowledge Systems,2017,0,True
Belgium,Logic-Based Knowledge Systems,2016,0,True
Denmark,Logic-Based Knowledge Systems,2019,5,True
Germany,Logic-Based Knowledge Systems,2020,79,True
San Marino,Logic-Based Knowledge Systems,2023,0,False
China,Logic-Based Knowledge Systems,2016,511,True
Australia,Logic-Based Knowledge Systems,2021,135,True
Singapore,Markov and Bayesian Models,2021,1,True
Slovakia,Markov and Bayesian Models,2025,0,False
Lithuania,Markov and Bayesian Models,2020,1,True
Russia,Markov and Bayesian Models,2018,32,True
Czechia,Markov and Bayesian Models,2022,0,False
Costa Rica,Markov and Bayesian Models,2019,0,True
Netherlands,Markov and Bayesian Models,2025,3,False
Greece,Markov and Bayesian Models,2017,2,True
Brazil,Measuring and Testing,2017,31,True
Italy,Measuring and Testing,2022,19,False
Japan,Measuring and Testing,2025,4,False
Greece,Measuring and Testing,2020,3,True
Costa Rica,Measuring and Testing,2025,0,False
United Kingdom,Measuring and Testing,2022,96,False
Netherlands,Measuring and Testing,2016,1,True
Portugal,Measuring and Testing,2021,0,True
China,Measuring and Testing,2023,12072,False
Norway,Measuring and Testing,2024,3,False
Ukraine,Measuring and Testing,2016,0,True
Ukraine,Measuring and Testing,2019,0,True
Sweden,Neural Networks,2018,11,True
Slovakia,Neural Networks,2020,4,True
Japan,Neural Networks,2025,8,False
Croatia,Neural Networks,2017,0,True
Croatia,Neural Networks,2018,2,True
Israel,Neural Networks,2019,12,True
Portugal,Neural Networks,2020,8,True
San Marino,Neural Networks,2017,0,True
Colombia,Neural Networks,2024,0,False
Jordan,Neural Networks,2023,0,False
Philippines,Ontology Engineering,2018,0,True
Colombia,Ontology Engineering,2019,0,True
Turkey,Ontology Engineering,2016,0,True
Canada,Ontology Engineering,2020,22,True
Morocco,Ontology Engineering,2019,0,True
Norway,Ontology Engineering,2022,0,False
Germany,Ontology Engineering,2022,8,False
Ireland,Other and Unspecified,2018,0,True
Spain,Other and Unspecified,2021,53,True
Lithuania,Other and Unspecified,2016,3,True
Norway,Other and Unspecified,2025,0,False
Chile,Other and Unspecified,2024,2,False
South Korea,Other and Unspecified,2026,0,False
Poland,Other and Unspecified,2016,13,True
United States,Other and Unspecified,2020,4666,True
Austria,Other and Unspecified,2017,8,True
Croatia,Other and Unspecified,2019,1,True
Turkey,Other and Unspecified,2017,8,True
Peru,Personal Devices and Computing,2019,1,True
Hungary,Personal Devices and Computing,2018,2,True
Malaysia,Personal Devices and Computing,2016,7,True
Serbia,Personal Devices and Computing,2023,1,False
United Kingdom,Personal Devices and Computing,2024,134,False
Luxembourg,Personal Devices and Computing,2021,16,True
Israel,Personal Devices and Computing,2018,11,True
Czechia,Personal Devices and Computing,2019,1,True
South Africa,Personal Devices and Computing,2025,0,False
Tunisia,Physical Sciences and Engineering,2022,3,False
Japan,Physical Sciences and Engineering,2020,4587,True
Singapore,Physical Sciences and Engineering,2016,59,True
Greece,Physical Sciences and Engineering,2016,5,True
Greece,Physical Sciences and Engineering,2024,11,False
Belgium,Physical Sciences and Engineering,2018,8,True
South Africa,Physical Sciences and Engineering,2021,1,True
Malaysia,Physical Sciences and Engineering,2018,26,True
Philippines,Physical Sciences and Engineering,2020,26,True
Croatia,Physical Sciences and Engineering,2017,1,True
Canada,Physical Sciences and Engineering,2020,908,True
Morocco,Physical Sciences and Engineering,2018,7,True
Taiwan,Physical Sciences and Engineering,2017,197,True
Taiwan,Physical Sciences and Engineering,2020,654,True
Chile,Planning and Scheduling,2023,1,False
Denmark,Planning and Scheduling,2019,2,True
Portugal,Planning and Scheduling,2019,1,True
Portugal,Planning and Scheduling,2023,0,False
Germany,Planning and Scheduling,2019,40,True
United States,Planning and Scheduling,2020,1723,True
Norway,Planning and Scheduling,2018,1,True
Netherlands,Planning and Scheduling,2021,3,True
China,Planning and Scheduling,2020,7357,True
Australia,Planning and Scheduling,2017,39,True
Ukraine,Robotics,2023,0,False
Mexico,Robotics,2018,5,True
Ireland,Robotics,2022,0,False
Bulgaria,Robotics,2021,1,True
Morocco,Robotics,2017,0,True
Chile,Robotics,2017,0,True
Cuba,Robotics,2020,0,True
United States,Robotics,2019,814,True
Brazil,Robotics,2016,5,True
Switzerland,Robotics,2018,1,True
Switzerland,Robotics,2024,0,False
Singapore,Robotics,2019,6,True
Italy,Search Methods,2023,1,False
Costa Rica,Search Methods,2021,0,True
India,Search Methods,2022,0,False
South Korea,Search Methods,2026,0,False
Japan,Search Methods,2023,105,False
Russia,Search Methods,2020,8,True
Germany,Search Methods,2024,35,False
New Zealand,Security,2017,3,True
Taiwan,Security,2024,43,False
Costa Rica,Security,2023,0,False
Croatia,Security,2017,0,True
Denmark,Security,2016,1,True
Ukraine,Security,2018,0,True
Ukraine,Security,2024,0,False
Czechia,Security,2020,0,True
Hungary,Security,2023,0,False
Argentina,Security,2017,0,True
Luxembourg,Security,2024,13,False
Turkey,Security,2021,8,True
Ireland,Spatial and Physical Reasoning,2021,0,True
Ireland,Spatial and Physical Reasoning,2023,2,False
United States,Spatial and Physical Reasoning,2021,5121,True
Romania,Spatial and Physical Reasoning,2020,0,True
United Kingdom,Spatial and Physical Reasoning,2022,149,False
United Kingdom,Spatial and Physical Reasoning,2025,10,False
Portugal,Spatial and Physical Reasoning,2022,2,False
Turkey,Spatial and Physical Reasoning,2023,25,False
Brazil,Spatial and Physical Reasoning,2022,8,False
Spain,Spatial and Physical Reasoning,2023,9,False
Italy,Spatial and Physical Reasoning,2021,25,True
Uruguay,Spatial and Physical Reasoning,2020,0,True
Morocco,Spatial and Physical Reasoning,2023,1,False
Russia,Speech Processing,2017,8,True
Belgium,Speech Processing,2017,0,True
Japan,Speech Processing,2024,46,False
Brazil,Speech Processing,2019,10,True
Turkey,Speech Processing,2024,2,False
Italy,Speech Processing,2022,1,False
Germany,Speech Processing,2017,20,True
Croatia,Speech Processing,2019,0,True
Hungary,Speech Processing,2023,1,False
Colombia,Speech Processing,2017,0,True
Singapore,Speech Processing,2016,3,True
Lithuania,Speech Processing,2016,0,True
Romania,Speech Processing,2020,1,True
Norway,Telecommunications,2017,0,True
Mexico,Telecommunications,2023,3,False
Ukraine,Telecommunications,2021,0,True
Luxembourg,Telecommunications,2021,4,True
Hungary,Telecommunications,2020,4,True
Costa Rica,Telecommunications,2023,0,False
Tunisia,Transportation,2022,0,False
Hungary,Transportation,2023,0,False
Spain,Transportation,2017,14,True
Germany,Transportation,2024,281,False
Costa Rica,Transportation,2025,0,False
San Marino,Transportation,2018,0,True
Croatia,Transportation,2022,0,False
Serbia,Transportation,2023,0,False
Bulgaria,Agriculture,2018,0,True
Bulgaria,Agriculture,2021,0,True
Turkey,Agriculture,2017,0,True
India,Agriculture,2020,0,True
Italy,Agriculture,2018,1,True
Croatia,Agriculture,2018,1,True
Morocco,Agriculture,2024,5,False
New Zealand,Agriculture,2016,1,True
New Zealand,Agriculture,2017,3,True
Hungary,All,2016,8,True
Norway,All,2016,3,True
Croatia,All,2020,1,True
Costa Rica,All,2021,1,True
Austria,All,2023,20,False
Lithuania,All,2019,3,True
Brazil,All,2019,213,True
Chile,All,2022,3,False
Canada,All,2016,361,True
Japan,All,2016,1530,True
India,All,2018,270,True
Finland,All,2018,47,True
Finland,All,2020,41,True
Canada,Analytics and Algorithms,2016,45,True
Hungary,Analytics and Algorithms,2019,0,True
Hungary,Analytics and Algorithms,2020,2,True
Croatia,Analytics and Algorithms,2020,0,True
Taiwan,Analytics and Algorithms,2021,108,True
Israel,Analytics and Algorithms,2018,6,True
China,Analytics and Algorithms,2019,1873,True
Thailand,Analytics and Algorithms,2017,0,True
Ukraine,Analytics and Algorithms,2022,0,False
Ukraine,Analytics and Algorithms,2025,0,False
United States,Banking and Finance,2020,972,True
United Kingdom,Banking and Finance,2016,11,True
Australia,Banking and Finance,2021,81,True
Belgium,Banking and Finance,2017,0,True
Bulgaria,Banking and Finance,2024,3,False
Luxembourg,Banking and Finance,2017,0,True
Luxembourg,Banking and Finance,2021,0,True
Turkey,Bio-Inspired Computing,2021,7,True
Greece,Bio-Inspired Computing,2020,0,True
Colombia,Bio-Inspired Computing,2021,0,True
Italy,Bio-Inspired Computing,2023,1,False
United Kingdom,Bio-Inspired Computing,2016,12,True
France,Bio-Inspired Computing,2019,15,True
Serbia,Bio-Inspired Computing,2024,0,False
Canada,Bio-Inspired Computing,2017,22,True
Bulgaria,Bio-Inspired Computing,2022,0,False
Taiwan,Bio-Inspired Computing,2017,7,True
Saudi Arabia,Business,2022,0,False
Croatia,Business,2017,0,True
Tunisia,Business,2022,0,False
Philippines,Business,2022,0,False
Sweden,Business,2022,3,False
New Zealand,Business,2020,0,True
Panama,Computer Vision,2016,0,True
Tunisia,Computer Vision,2020,0,True
South Africa,Computer Vision,2018,1,True
Finland,Computer Vision,2022,7,False
Japan,Computer Vision,2024,529,False
Croatia,Computer Vision,2019,0,True
Saudi Arabia,Computer Vision,2023,0,False
United States,Computer Vision,2025,57,False
Costa Rica,Computer Vision,2025,0,False
Czechia,Computer Vision,2022,1,False
Poland,Computing in Government,2018,1,True
United Kingdom,Computing in Government,2023,5,False
Brazil,Computing in Government,2017,0,True
Greece,Computing in Government,2022,0,False
Tunisia,Computing in Government,2022,0,False
Portugal,Computing in Government,2022,0,False
Mexico,Computing in Government,2025,0,False
Italy,Computing in Government,2020,0,True
Serbia,Computing in Government,2016,0,True
Croatia,Computing in Government,2025,0,False
Czechia,Computing in Government,2017,0,True
Belgium,Control Methods,2022,3,False
New Zealand,Control Methods,2018,1,True
Taiwan,Control Methods,2018,39,True
Taiwan,Control Methods,2021,64,True
Taiwan,Control Methods,2025,2,False
Spain,Control Methods,2021,19,True
India,Control Methods,2024,0,False
Poland,Control Methods,2023,0,False
Norway,Distributed AI,2019,0,True
India,Distributed AI,2024,0,False
Canada,Distributed AI,2021,10,True
Lithuania,Distributed AI,2016,0,True
France,Distributed AI,2024,3,False
Serbia,Distributed AI,2017,0,True
Poland,Education,2018,1,True
Tunisia,Education,2020,0,True
Tunisia,Education,2021,0,True
Morocco,Education,2016,0,True
Norway,Education,2017,0,True
United Kingdom,Education,2018,6,True
Israel,Education,2023,0,False
Estonia,Education,2022,0,False
Colombia,Education,2019,1,True
Argentina,Education,2021,0,True
Ukraine,Education,2019,1,True
Germany,Education,2024,8,False
Japan,Education,2022,33,False
New Zealand,Education,2018,0,True
Croatia,Energy Management,2021,0,True
Brazil,Energy Management,2017,3,True
Sweden,Energy Management,2024,4,False
India,Energy Management,2019,0,True
Italy,Energy Management,2019,6,True
Indonesia,Energy Management,2016,0,True
Lithuania,Energy Management,2018,1,True
Argentina,Fuzzy Logic,2019,0,True
Australia,Fuzzy Logic,2019,6,True
South Africa,Fuzzy Logic,2023,1,False
Serbia,Fuzzy Logic,2018,1,True
Serbia,Fuzzy Logic,2023,0,False
Israel,Fuzzy Logic,2018,0,True
Italy,Fuzzy Logic,2019,1,True
South Korea,Fuzzy Logic,2026,0,False
Luxembourg,Fuzzy Logic,2022,2,False
United States,Fuzzy Logic,2022,77,False
Lithuania,Fuzzy Logic,2020,0,True
Greece,Fuzzy Logic,2022,1,False
Czechia,Fuzzy Logic,2019,0,True
Belgium,Industry and Manufacturing,2017,0,True
Belgium,Industry and Manufacturing,2023,1,False
Belgium,Industry and Manufacturing,2025,2,False
Ukraine,Industry and Manufacturing,2021,0,True
Portugal,Industry and Manufacturing,2023,0,False
Philippines,Industry and Manufacturing,2023,0,False
Russia,Industry and Manufacturing,2019,5,True
Chile,Industry and Manufacturing,2018,0,True
Chile,Industry and Manufacturing,2021,0,True
Peru,Industry and Manufacturing,2022,1,False
Australia,Industry and Manufacturing,2024,3,False
Denmark,Knowledge Representation,2017,0,True
Colombia,Knowledge Representation,2024,0,False
Serbia,Knowledge Representation,2024,0,False
Azerbaijan,Knowledge Representation,2018,0,True
Netherlands,Knowledge Representation,2021,1,True
Slovakia,Knowledge Representation,2021,0,True
United Kingdom,Knowledge Representation,2024,14,False
Spain,Knowledge Representation,2021,0,True
Czechia,Knowledge Representation,2017,0,True
Czechia,Knowledge Representation,2024,0,False
Hungary,Natural Language Processing,2022,0,False
Philippines,Natural Language Processing,2021,0,True
Luxembourg,Natural Language Processing,2021,1,True
Ukraine,Natural Language Processing,2021,0,True
Morocco,Natural Language Processing,2019,0,True
Bulgaria,Natural Language Processing,2018,0,True
Australia,Natural Language Processing,2020,53,True
China,Natural Language Processing,2018,1467,True
Kenya,Natural Language Processing,2016,0,True
Italy,Life Sciences,2023,16,False
Japan,Life Sciences,2016,251,True
Japan,Life Sciences,2018,699,True
Costa Rica,Life Sciences,2023,1,False
United Kingdom,Life Sciences,2023,78,False
Philippines,Life Sciences,2016,1,True
Philippines,Life Sciences,2023,0,False
Romania,Life Sciences,2020,2,True
Lithuania,Life Sciences,2016,0,True
Lithuania,Life Sciences,2018,5,True
Switzerland,Life Sciences,2023,1,False
Turkey,Life Sciences,2018,2,True
Taiwan,Life Sciences,2020,140,True
Serbia,Life Sciences,2018,1,True
Serbia,Life Sciences,2020,1,True
Netherlands,Logic-Based Knowledge Systems,2017,1,True
Norway,Logic-Based Knowledge Systems,2019,1,True
Singapore,Logic-Based Knowledge Systems,2018,42,True
Singapore,Logic-Based Knowledge Systems,2019,26,True
Uruguay,Logic-Based Knowledge Systems,2017,0,True
Switzerland,Logic-Based Knowledge Systems,2020,1,True
Japan,Logic-Based Knowledge Systems,2025,0,False
Peru,Logic-Based Knowledge Systems,2019,0,True
Greece,Logic-Based Knowledge Systems,2023,0,False
Greece,Logic-Based Knowledge Systems,2024,1,False
Poland,Logic-Based Knowledge Systems,2016,3,True
Georgia,Logic-Based Knowledge Systems,2023,0,False
Philippines,Markov and Bayesian Models,2021,5,True
Croatia,Markov and Bayesian Models,2023,0,False
Malaysia,Markov and Bayesian Models,2021,0,True
Taiwan,Markov and Bayesian Models,2016,9,True
Japan,Markov and Bayesian Models,2017,221,True
Spain,Markov and Bayesian Models,2019,14,True
Hungary,Markov and Bayesian Models,2018,1,True
Brazil,Markov and Bayesian Models,2018,20,True
Luxembourg,Markov and Bayesian Models,2018,0,True
Switzerland,Markov and Bayesian Models,2021,0,True
China,Markov and Bayesian Models,2026,160,False
Spain,Measuring and Testing,2017,24,True
Spain,Measuring and Testing,2019,36,True
Serbia,Measuring and Testing,2025,0,False
Hungary,Measuring and Testing,2017,3,True
Greece,Measuring and Testing,2021,1,True
Malaysia,Measuring and Testing,2017,6,True
Finland,Measuring and Testing,2016,1,True
Bulgaria,Measuring and Testing,2020,1,True
Ukraine,Measuring and Testing,2024,0,False
Sweden,Neural Networks,2022,22,False
China,Neural Networks,2017,8969,True
China,Neural Networks,2022,74275,False
Brazil,Neural Networks,2017,32,True
New Zealand,Neural Networks,2019,8,True
Spain,Neural Networks,2023,16,False
South Africa,Neural Networks,2024,56,False
Philippines,Neural Networks,2021,47,True
Poland,Neural Networks,2019,21,True
New Zealand,Ontology Engineering,2021,0,True
Sweden,Ontology Engineering,2022,0,False
Sweden,Ontology Engineering,2023,0,False
United Kingdom,Ontology Engineering,2016,9,True
Romania,Ontology Engineering,2023,1,False
Spain,Ontology Engineering,2021,1,True
Portugal,Other and Unspecified,2020,1,True
China,Other and Unspecified,2023,30463,False
China,Other and Unspecified,2026,235,False
Peru,Other and Unspecified,2018,2,True
Morocco,Other and Unspecified,2023,8,False
San Marino,Other and Unspecified,2020,0,True
Malaysia,Other and Unspecified,2016,5,True
Mexico,Personal Devices and Computing,2023,6,False
Chile,Personal Devices and Computing,2024,0,False
Saudi Arabia,Personal Devices and Computing,2019,0,True
India,Personal Devices and Computing,2017,182,True
Russia,Personal Devices and Computing,2020,98,True
Ukraine,Personal Devices and Computing,2017,0,True
Jordan,Personal Devices and Computing,2023,0,False
Sweden,Personal Devices and Computing,2023,14,False
United Kingdom,Personal Devices and Computing,2016,132,True
Argentina,Personal Devices and Computing,2018,5,True
China,Personal Devices and Computing,2022,54280,False
Luxembourg,Personal Devices and Computing,2017,3,True
Singapore,Physical Sciences and Engineering,2019,155,True
Singapore,Physical Sciences and Engineering,2020,53,True
South Africa,Physical Sciences and Engineering,2023,0,False
Croatia,Physical Sciences and Engineering,2020,1,True
Costa Rica,Physical Sciences and Engineering,2019,1,True
Switzerland,Physical Sciences and Engineering,2019,3,True
Morocco,Physical Sciences and Engineering,2020,2,True
China,Physical Sciences and Engineering,2026,1881,False
Uruguay,Physical Sciences and Engineering,2020,1,True
Chile,Planning and Scheduling,2021,0,True
Mexico,Planning and Scheduling,2020,18,True
Switzerland,Planning and Scheduling,2018,0,True
Peru,Planning and Scheduling,2022,3,False
Uruguay,Planning and Scheduling,2022,0,False
Malaysia,Planning and Scheduling,2018,4,True
Hungary,Planning and Scheduling,2024,1,False
Ukraine,Robotics,2022,0,False
Mexico,Robotics,2023,0,False
Denmark,Robotics,2022,0,False
South Africa,Robotics,2019,0,True
Morocco,Robotics,2024,2,False
San Marino,Robotics,2018,0,True
United States,Robotics,2025,12,False
Turkey,Robotics,2025,0,False
Serbia,Robotics,2023,2,False
Argentina,Robotics,2017,0,True
Romania,Robotics,2022,0,False
Austria,Robotics,2024,0,False
Portugal,Robotics,2020,0,True
Italy,Robotics,2016,1,True
Morocco,Search Methods,2022,1,False
Bulgaria,Search Methods,2023,0,False
Luxembourg,Search Methods,2023,3,False
India,Search Methods,2024,0,False
Ireland,Search Methods,2021,0,True
Saudi Arabia,Search Methods,2021,0,True
Russia,Search Methods,2018,11,True
United States,Search Methods,2021,903,True
Spain,Search Methods,2017,4,True
France,Search Methods,2022,8,False
Germany,Search Methods,2022,33,False
Germany,Search Methods,2025,10,False
Greece,Security,2025,0,False
Brazil,Security,2020,8,True
Ukraine,Security,2023,0,False
Canada,Security,2021,85,True
Romania,Security,2019,0,True
Latvia,Security,2017,0,True
Spain,Security,2023,1,False
Argentina,Security,2016,0,True
Belgium,Spatial and Physical Reasoning,2018,2,True
China,Spatial and Physical Reasoning,2024,95975,False
Tunisia,Spatial and Physical Reasoning,2021,1,True
Hungary,Spatial and Physical Reasoning,2022,6,False
Indonesia,Spatial and Physical Reasoning,2016,0,True
Mexico,Spatial and Physical Reasoning,2017,23,True
Italy,Spatial and Physical Reasoning,2018,11,True
Serbia,Spatial and Physical Reasoning,2016,0,True
Sweden,Spatial and Physical Reasoning,2018,20,True
India,Spatial and Physical Reasoning,2024,0,False
Ireland,Speech Processing,2023,0,False
Switzerland,Speech Processing,2023,0,False
Israel,Speech Processing,2022,1,False
Taiwan,Speech Processing,2023,36,False
Luxembourg,Speech Processing,2022,0,False
Chile,Telecommunications,2017,0,True
Portugal,Telecommunications,2018,2,True
Azerbaijan,Telecommunications,2018,0,True
Serbia,Telecommunications,2021,2,True
Belgium,Telecommunications,2020,1,True
Netherlands,Telecommunications,2016,2,True
Norway,Telecommunications,2019,2,True
Iran,Telecommunications,2018,1,True
United States,Telecommunications,2019,4202,True
Kenya,Telecommunications,2016,0,True
Australia,Telecommunications,2021,251,True
Luxembourg,Telecommunications,2024,20,False
South Korea,Telecommunications,2019,1642,True
Colombia,Telecommunications,2021,1,True
Croatia,Telecommunications,2022,0,False
Croatia,Telecommunications,2025,1,False
Belgium,Transportation,2022,2,False
Hungary,Transportation,2017,2,True
Denmark,Transportation,2021,0,True
Japan,Transportation,2025,0,False
France,Transportation,2019,70,True
China,Transportation,2017,934,True
United States,Transportation,2023,594,False
Canada,Transportation,2019,45,True
Greece,Transportation,2024,0,False
Sweden,Transportation,2016,3,True
Italy,Transportation,2016,5,True
Germany,Agriculture,2025,2,False
Denmark,Agriculture,2023,2,False
Taiwan,Agriculture,2016,1,True
Colombia,Agriculture,2023,0,False
Norway,Agriculture,2025,0,False
Portugal,Agriculture,2019,3,True
United States,Agriculture,2018,179,True
Croatia,Agriculture,2019,0,True
Spain,Agriculture,2016,1,True
New Zealand,Agriculture,2023,0,False
Turkey,All,2023,112,False
Oman,All,2016,1,True
Portugal,All,2019,11,True
Netherlands,All,2016,6,True
Belgium,All,2023,7,False
United States,All,2021,15629,True
Japan,Analytics and Algorithms,2016,114,True
Chile,Analytics and Algorithms,2024,0,False
Czechia,Analytics and Algorithms,2018,0,True
South Africa,Analytics and Algorithms,2024,0,False
Austria,Analytics and Algorithms,2016,2,True
Saudi Arabia,Analytics and Algorithms,2019,0,True
Bulgaria,Analytics and Algorithms,2023,0,False
Serbia,Analytics and Algorithms,2016,0,True
Mexico,Analytics and Algorithms,2016,4,True
Finland,Banking and Finance,2023,2,False
Netherlands,Banking and Finance,2017,0,True
United Kingdom,Banking and Finance,2022,21,False
Latvia,Banking and Finance,2017,0,True
Argentina,Banking and Finance,2022,2,False
Argentina,Banking and Finance,2023,0,False
South Africa,Banking and Finance,2018,0,True
Mexico,Banking and Finance,2022,2,False
Japan,Banking and Finance,2025,0,False
Luxembourg,Banking and Finance,2020,0,True
Sweden,Bio-Inspired Computing,2025,0,False
United Kingdom,Bio-Inspired Computing,2017,12,True
Brazil,Bio-Inspired Computing,2018,15,True
Czechia,Bio-Inspired Computing,2017,0,True
Norway,Bio-Inspired Computing,2024,1,False
San Marino,Bio-Inspired Computing,2018,0,True
Bulgaria,Bio-Inspired Computing,2020,0,True
Israel,Business,2018,2,True
Italy,Business,2018,4,True
Romania,Business,2016,0,True
Croatia,Business,2019,0,True
Taiwan,Business,2017,39,True
Austria,Business,2018,0,True
Greece,Business,2024,4,False
Norway,Business,2025,0,False
Chile,Business,2023,1,False
Bulgaria,Computer Vision,2019,1,True
Denmark,Computer Vision,2022,1,False
South Africa,Computer Vision,2023,0,False
Ireland,Computer Vision,2016,2,True
Finland,Computer Vision,2024,1,False
Portugal,Computer Vision,2018,8,True
Italy,Computer Vision,2023,29,False
Japan,Computer Vision,2019,1573,True
Croatia,Computer Vision,2020,0,True
Argentina,Computer Vision,2016,1,True
Argentina,Computer Vision,2017,0,True
Switzerland,Computer Vision,2020,2,True
Slovenia,Computing in Government,2019,0,True
Belgium,Computing in Government,2020,0,True
Costa Rica,Computing in Government,2023,0,False
Switzerland,Computing in Government,2016,0,True
India,Computing in Government,2021,0,True
United States,Computing in Government,2018,43,True
Ukraine,Computing in Government,2017,0,True
Czechia,Computing in Government,2019,0,True
Argentina,Control Methods,2017,0,True
Argentina,Control Methods,2021,1,True
Belgium,Control Methods,2024,1,False
Kenya,Control Methods,2016,1,True
Netherlands,Control Methods,2020,3,True
Netherlands,Control Methods,2025,2,False
United States,Control Methods,2022,1180,False
Hungary,Control Methods,2024,0,False
Saudi Arabia,Control Methods,2022,1,False
Japan,Control Methods,2023,352,False
Turkey,Control Methods,2022,8,False
Uruguay,Control Methods,2022,0,False
Italy,Control Methods,2018,8,True
Italy,Control Methods,2022,14,False
Philippines,Control Methods,2016,0,True
Peru,Distributed AI,2019,0,True
Finland,Distributed AI,2022,1,False
Israel,Distributed AI,2017,1,True
Belgium,Distributed AI,2021,0,True
Saudi Arabia,Distributed AI,2021,0,True
Tunisia,Distributed AI,2022,0,False
Japan,Distributed AI,2023,50,False
Serbia,Distributed AI,2016,0,True
Chile,Education,2022,0,False
China,Education,2025,2021,False
Malaysia,Education,2022,0,False
Italy,Education,2024,0,False
Spain,Education,2017,2,True
Switzerland,Education,2017,0,True
India,Education,2020,0,True
Spain,Energy Management,2016,12,True
Spain,Energy Management,2017,14,True
Chile,Energy Management,2018,0,True
Denmark,Energy Management,2020,1,True
South Africa,Fuzzy Logic,2016,0,True
South Africa,Fuzzy Logic,2018,0,True
Ireland,Fuzzy Logic,2021,0,True
Serbia,Fuzzy Logic,2017,0,True
Paraguay,Fuzzy Logic,2021,0,True
Austria,Industry and Manufacturing,2020,5,True
Austria,Industry and Manufacturing,2021,3,True
Canada,Industry and Manufacturing,2022,46,False
Philippines,Industry and Manufacturing,2016,1,True
Luxembourg,Industry and Manufacturing,2020,3,True
United Kingdom,Industry and Manufacturing,2018,30,True
India,Industry and Manufacturing,2020,0,True
Chile,Industry and Manufacturing,2024,1,False
Germany,Industry and Manufacturing,2016,34,True
Australia,Industry and Manufacturing,2017,24,True
Australia,Industry and Manufacturing,2023,34,False
Japan,Knowledge Representation,2021,106,True
Germany,Knowledge Representation,2023,28,False
Bulgaria,Knowledge Representation,2017,0,True
Israel,Knowledge Representation,2018,1,True
Chile,Knowledge Representation,2017,0,True
Singapore,Knowledge Representation,2021,0,True
France,Natural Language Processing,2017,3,True
Serbia,Natural Language Processing,2023,0,False
Morocco,Natural Language Processing,2018,0,True
Morocco,Natural Language Processing,2024,0,False
Austria,Natural Language Processing,2016,0,True
Germany,Natural Language Processing,2021,18,True
Tunisia,Natural Language Processing,2021,0,True
Slovenia,Natural Language Processing,2018,0,True
Mexico,Natural Language Processing,2023,1,False
Russia,Life Sciences,2021,15,True
Poland,Life Sciences,2021,7,True
Austria,Life Sciences,2024,1,False
China,Life Sciences,2016,625,True
United Kingdom,Life Sciences,2025,8,False
Belgium,Life Sciences,2016,0,True
Colombia,Life Sciences,2024,0,False
Morocco,Life Sciences,2017,0,True
Colombia,Logic-Based Knowledge Systems,2017,0,True
Ukraine,Logic-Based Knowledge Systems,2016,0,True
Israel,Logic-Based Knowledge Systems,2017,2,True
Turkey,Logic-Based Knowledge Systems,2020,3,True
Austria,Logic-Based Knowledge Systems,2023,1,False
China,Logic-Based Knowledge Systems,2024,15090,False
Sweden,Logic-Based Knowledge Systems,2017,1,True
Taiwan,Markov and Bayesian Models,2025,2,False
Spain,Markov and Bayesian Models,2018,14,True
Hungary,Markov and Bayesian Models,2016,3,True
Austria,Markov and Bayesian Models,2018,1,True
Netherlands,Markov and Bayesian Models,2020,2,True
Denmark,Markov and Bayesian Models,2022,0,False
Ukraine,Markov and Bayesian Models,2025,0,False
Australia,Measuring and Testing,2018,117,True
Luxembourg,Measuring and Testing,2024,25,False
South Africa,Measuring and Testing,2021,0,True
Slovakia,Measuring and Testing,2020,1,True
Slovakia,Measuring and Testing,2025,0,False
United Kingdom,Measuring and Testing,2020,73,True
India,Measuring and Testing,2021,0,True
Denmark,Measuring and Testing,2022,3,False
United States,Measuring and Testing,2016,821,True
Finland,Neural Networks,2018,35,True
Indonesia,Neural Networks,2016,2,True
Belgium,Neural Networks,2016,1,True
Netherlands,Neural Networks,2024,41,False
Thailand,Neural Networks,2017,1,True
Tunisia,Neural Networks,2021,2,True
United Kingdom,Neural Networks,2023,369,False
Lithuania,Neural Networks,2018,4,True
France,Neural Networks,2022,223,False
Hungary,Neural Networks,2022,9,False
Hungary,Neural Networks,2023,3,False
Austria,Neural Networks,2018,4,True
South Korea,Ontology Engineering,2019,106,True
Israel,Ontology Engineering,2020,0,True
Portugal,Ontology Engineering,2023,0,False
Hungary,Ontology Engineering,2021,0,True
South Africa,Ontology Engineering,2024,0,False
Morocco,Ontology Engineering,2024,0,False
China,Ontology Engineering,2018,1270,True
Netherlands,Ontology Engineering,2024,2,False
Romania,Ontology Engineering,2024,0,False
Portugal,Other and Unspecified,2017,5,True
China,Other and Unspecified,2021,26178,True
Peru,Other and Unspecified,2016,0,True
Czechia,Other and Unspecified,2017,0,True
South Africa,Other and Unspecified,2019,4,True
Mexico,Personal Devices and Computing,2022,10,False
Turkey,Personal Devices and Computing,2017,5,True
India,Personal Devices and Computing,2016,106,True
Russia,Personal Devices and Computing,2018,119,True
Australia,Personal Devices and Computing,2023,211,False
Hungary,Personal Devices and Computing,2022,7,False
Serbia,Personal Devices and Computing,2019,3,True
Greece,Personal Devices and Computing,2019,1,True
Thailand,Physical Sciences and Engineering,2017,1,True
Kenya,Physical Sciences and Engineering,2016,1,True
Romania,Physical Sciences and Engineering,2017,5,True
Slovenia,Physical Sciences and Engineering,2016,3,True
Belgium,Physical Sciences and Engineering,2020,7,True
Netherlands,Physical Sciences and Engineering,2019,26,True
Portugal,Physical Sciences and Engineering,2020,11,True
Luxembourg,Physical Sciences and Engineering,2025,184,False
Belgium,Planning and Scheduling,2019,0,True
Belgium,Planning and Scheduling,2023,2,False
South Korea,Planning and Scheduling,2025,76,False
Germany,Planning and Scheduling,2018,44,True
Germany,Planning and Scheduling,2023,62,False
Romania,Planning and Scheduling,2019,1,True
Saudi Arabia,Planning and Scheduling,2021,0,True
France,Planning and Scheduling,2018,17,True
Luxembourg,Planning and Scheduling,2017,0,True
New Zealand,Planning and Scheduling,2021,1,True
Canada,Planning and Scheduling,2019,122,True
Australia,Planning and Scheduling,2020,116,True
Greece,Robotics,2025,0,False
Canada,Robotics,2023,6,False
Denmark,Robotics,2016,5,True
South Africa,Robotics,2025,4,False
Chile,Robotics,2019,0,True
Taiwan,Robotics,2016,9,True
United States,Robotics,2024,150,False
Czechia,Robotics,2017,0,True
Czechia,Robotics,2019,0,True
Croatia,Robotics,2024,0,False
Austria,Robotics,2019,0,True
Malaysia,Search Methods,2017,1,True
Taiwan,Search Methods,2017,7,True
Italy,Search Methods,2018,1,True
South Africa,Search Methods,2024,0,False
Lithuania,Search Methods,2018,0,True
Greece,Search Methods,2021,0,True
Luxembourg,Search Methods,2022,4,False
India,Search Methods,2023,0,False
Singapore,Search Methods,2018,17,True
Serbia,Search Methods,2024,0,False
Denmark,Search Methods,2016,0,True
Austria,Search Methods,2019,1,True
Poland,Search Methods,2020,2,True
Austria,Security,2017,0,True
Austria,Security,2022,2,False
Japan,Security,2025,1,False
Chile,Security,2018,0,True
Philippines,Security,2017,0,True
United States,Security,2019,1644,True
Czechia,Security,2017,0,True
Mexico,Security,2019,9,True
Israel,Security,2022,6,False
Luxembourg,Security,2016,0,True
Luxembourg,Security,2025,14,False
Belgium,Spatial and Physical Reasoning,2025,1,False
Austria,Spatial and Physical Reasoning,2022,1,False
Switzerland,Spatial and Physical Reasoning,2022,2,False
Japan,Spatial and Physical Reasoning,2016,500,True
Taiwan,Spatial and Physical Reasoning,2018,100,True
Norway,Spatial and Physical Reasoning,2024,4,False
Sweden,Spatial and Physical Reasoning,2023,13,False
Denmark,Speech Processing,2022,0,False
Morocco,Speech Processing,2018,0,True
Morocco,Speech Processing,2020,0,True
Philippines,Speech Processing,2018,0,True
Spain,Speech Processing,2019,7,True
Serbia,Speech Processing,2016,1,True
Finland,Speech Processing,2022,3,False
United Kingdom,Speech Processing,2025,3,False
Latvia,Speech Processing,2020,0,True
Costa Rica,Speech Processing,2019,0,True
Morocco,Telecommunications,2021,0,True
Israel,Telecommunications,2023,19,False
Switzerland,Telecommunications,2016,2,True
Indonesia,Telecommunications,2016,2,True
Peru,Telecommunications,2022,1,False
United States,Telecommunications,2016,1812,True
Czechia,Telecommunications,2025,0,False
Ireland,Telecommunications,2023,0,False
Belgium,Transportation,2025,0,False
Malaysia,Transportation,2017,4,True
Spain,Transportation,2019,14,True
Taiwan,Transportation,2020,28,True
Finland,Transportation,2023,0,False
Lithuania,Transportation,2020,0,True
Lithuania,Transportation,2021,0,True
Ukraine,Transportation,2017,2,True
United States,Transportation,2019,1833,True
Turkey,Transportation,2018,3,True
Luxembourg,Transportation,2023,7,False
Greece,Transportation,2016,0,True
New Zealand,Transportation,2017,1,True
Italy,Transportation,2017,6,True
South Korea,Agriculture,2020,183,True
Bulgaria,Agriculture,2019,0,True
Poland,Agriculture,2022,0,False
Greece,Agriculture,2019,0,True
Australia,Agriculture,2016,8,True
Norway,Agriculture,2018,1,True
Finland,Agriculture,2022,0,False
Luxembourg,Agriculture,2023,3,False
Lithuania,Agriculture,2019,0,True
Czechia,Agriculture,2018,0,True
Israel,All,2018,19,True
Germany,All,2025,172,False
Morocco,All,2020,2,True
Australia,All,2023,595,False
Mexico,All,2018,93,True
Poland,All,2017,23,True
Belgium,All,2019,2,True
Russia,All,2018,215,True
Taiwan,All,2024,568,False
Spain,All,2025,10,False
Luxembourg,Analytics and Algorithms,2019,1,True
Uruguay,Analytics and Algorithms,2022,0,False
Estonia,Analytics and Algorithms,2022,0,False
Serbia,Analytics and Algorithms,2023,0,False
Ireland,Analytics and Algorithms,2016,0,True
United States,Banking and Finance,2016,360,True
Austria,Banking and Finance,2016,0,True
Austria,Banking and Finance,2022,2,False
Austria,Banking and Finance,2023,0,False
United Kingdom,Banking and Finance,2017,11,True
Switzerland,Banking and Finance,2016,2,True
Romania,Banking and Finance,2017,0,True
Israel,Banking and Finance,2023,1,False
Azerbaijan,Banking and Finance,2018,0,True
Jordan,Banking and Finance,2023,0,False
New Zealand,Banking and Finance,2023,0,False
Australia,Banking and Finance,2017,26,True
Peru,Bio-Inspired Computing,2023,0,False
Luxembourg,Bio-Inspired Computing,2017,0,True
Philippines,Bio-Inspired Computing,2018,0,True
Serbia,Bio-Inspired Computing,2018,0,True
Portugal,Bio-Inspired Computing,2018,0,True
Taiwan,Bio-Inspired Computing,2021,13,True
Australia,Bio-Inspired Computing,2020,41,True
Belgium,Bio-Inspired Computing,2025,4,False
South Korea,Bio-Inspired Computing,2025,5,False
Thailand,Business,2017,1,True
Australia,Business,2019,124,True
Australia,Business,2024,13,False
Belgium,Business,2017,2,True
Uruguay,Business,2020,0,True
Canada,Business,2023,44,False
Croatia,Business,2020,0,True
Ukraine,Business,2022,0,False
Hungary,Business,2024,1,False
Slovakia,Business,2020,0,True
South Africa,Business,2023,0,False
France,Business,2016,6,True
New Zealand,Business,2022,1,False
San Marino,Business,2020,0,True
Germany,Computer Vision,2017,166,True
Peru,Computer Vision,2021,1,True
Finland,Computer Vision,2018,21,True
Croatia,Computer Vision,2022,0,False
Croatia,Computer Vision,2024,0,False
Oman,Computer Vision,2016,0,True
Latvia,Computer Vision,2017,1,True
Chile,Computing in Government,2024,0,False
United Kingdom,Computing in Government,2024,2,False
Sweden,Computing in Government,2017,0,True
Switzerland,Computing in Government,2017,0,True
Switzerland,Computing in Government,2021,0,True
Singapore,Computing in Government,2021,0,True
Philippines,Computing in Government,2023,0,False
Japan,Computing in Government,2023,28,False
Austria,Control Methods,2019,5,True
Malaysia,Control Methods,2018,7,True
Ireland,Control Methods,2018,1,True
United Kingdom,Control Methods,2022,66,False
Portugal,Control Methods,2024,0,False
Romania,Control Methods,2022,1,False
Costa Rica,Control Methods,2019,0,True
Tunisia,Control Methods,2022,1,False
India,Control Methods,2018,31,True
Panama,Control Methods,2016,2,True
Switzerland,Distributed AI,2024,0,False
Sweden,Distributed AI,2016,0,True
Finland,Distributed AI,2024,1,False
Israel,Distributed AI,2019,0,True
Estonia,Distributed AI,2022,0,False
Luxembourg,Distributed AI,2020,0,True
Poland,Distributed AI,2018,0,True
Poland,Distributed AI,2022,0,False
Australia,Distributed AI,2021,10,True
Morocco,Distributed AI,2020,0,True
Morocco,Distributed AI,2024,0,False
Azerbaijan,Distributed AI,2018,0,True
Sweden,Education,2020,1,True
Philippines,Education,2023,0,False
Taiwan,Education,2019,7,True
Taiwan,Education,2020,12,True
Spain,Education,2018,1,True
Indonesia,Education,2016,0,True
Latvia,Education,2017,0,True
Japan,Education,2021,45,True
New Zealand,Education,2021,0,True
Finland,Education,2022,0,False
Greece,Energy Management,2021,1,True
France,Energy Management,2017,9,True
Singapore,Energy Management,2016,4,True
Cuba,Energy Management,2020,1,True
Taiwan,Energy Management,2018,15,True
Taiwan,Energy Management,2019,14,True
Japan,Energy Management,2019,185,True
South Africa,Energy Management,2020,0,True
South Africa,Energy Management,2023,0,False
China,Energy Management,2020,4420,True
Canada,Energy Management,2021,39,True
Ukraine,Energy Management,2019,0,True
Slovakia,Fuzzy Logic,2023,0,False
New Zealand,Fuzzy Logic,2017,0,True
Serbia,Fuzzy Logic,2021,0,True
Croatia,Fuzzy Logic,2025,0,False
France,Fuzzy Logic,2024,0,False
Chile,Fuzzy Logic,2024,0,False
United States,Fuzzy Logic,2016,108,True
Romania,Fuzzy Logic,2019,0,True
Hungary,Industry and Manufacturing,2020,3,True
Hungary,Industry and Manufacturing,2023,1,False
China,Industry and Manufacturing,2025,12246,False
Ukraine,Industry and Manufacturing,2025,0,False
Latvia,Industry and Manufacturing,2020,0,True
Spain,Industry and Manufacturing,2022,10,False
Argentina,Industry and Manufacturing,2016,0,True
Japan,Industry and Manufacturing,2016,185,True
Japan,Industry and Manufacturing,2022,414,False
South Africa,Industry and Manufacturing,2023,0,False
Turkey,Industry and Manufacturing,2017,2,True
Slovakia,Industry and Manufacturing,2020,0,True
Germany,Industry and Manufacturing,2018,89,True
Taiwan,Industry and Manufacturing,2017,17,True
Australia,Industry and Manufacturing,2018,29,True
Azerbaijan,Industry and Manufacturing,2018,0,True
Malaysia,Knowledge Representation,2022,0,False
China,Knowledge Representation,2026,231,False
Canada,Knowledge Representation,2017,25,True
Israel,Knowledge Representation,2021,1,True
Israel,Knowledge Representation,2022,0,False
United Kingdom,Knowledge Representation,2018,26,True
France,Knowledge Representation,2022,6,False
Mexico,Knowledge Representation,2016,5,True
Portugal,Knowledge Representation,2020,0,True
Philippines,Natural Language Processing,2018,0,True
Slovakia,Natural Language Processing,2021,0,True
Luxembourg,Natural Language Processing,2025,15,False
Ukraine,Natural Language Processing,2018,0,True
Serbia,Natural Language Processing,2024,0,False
Turkey,Natural Language Processing,2016,0,True
Germany,Natural Language Processing,2019,18,True
Germany,Natural Language Processing,2023,51,False
China,Natural Language Processing,2021,7604,True
Spain,Natural Language Processing,2023,1,False
Moldova,Natural Language Processing,2021,0,True
Mexico,Life Sciences,2022,9,False
Australia,Life Sciences,2018,183,True
Austria,Life Sciences,2023,3,False
United Kingdom,Life Sciences,2022,72,False
Croatia,Life Sciences,2019,0,True
Czechia,Life Sciences,2018,0,True
Taiwan,Life Sciences,2024,123,False
Slovenia,Logic-Based Knowledge Systems,2019,1,True
Norway,Logic-Based Knowledge Systems,2020,0,True
Denmark,Logic-Based Knowledge Systems,2018,2,True
Germany,Logic-Based Knowledge Systems,2016,31,True
Russia,Logic-Based Knowledge Systems,2020,13,True
Azerbaijan,Logic-Based Knowledge Systems,2018,0,True
Israel,Logic-Based Knowledge Systems,2022,2,False
Tunisia,Logic-Based Knowledge Systems,2022,0,False
Singapore,Markov and Bayesian Models,2019,20,True
United States,Markov and Bayesian Models,2023,415,False
Italy,Markov and Bayesian Models,2016,0,True
Australia,Markov and Bayesian Models,2019,60,True
Mexico,Markov and Bayesian Models,2016,0,True
Ireland,Markov and Bayesian Models,2022,0,False
Israel,Markov and Bayesian Models,2019,1,True
South Africa,Markov and Bayesian Models,2017,0,True
Azerbaijan,Markov and Bayesian Models,2018,0,True
France,Measuring and Testing,2016,14,True
Slovenia,Measuring and Testing,2023,0,False
Canada,Measuring and Testing,2020,182,True
Russia,Measuring and Testing,2017,31,True
Serbia,Measuring and Testing,2021,1,True
Japan,Measuring and Testing,2016,281,True
Japan,Measuring and Testing,2018,695,True
United Kingdom,Measuring and Testing,2024,70,False
Turkey,Measuring and Testing,2019,7,True
Portugal,Measuring and Testing,2016,2,True
Portugal,Measuring and Testing,2022,0,False
Denmark,Measuring and Testing,2023,1,False
Israel,Measuring and Testing,2020,3,True
United States,Measuring and Testing,2018,1858,True
United States,Measuring and Testing,2024,480,False
Austria,Measuring and Testing,2016,3,True
Finland,Neural Networks,2020,22,True
Chile,Neural Networks,2018,0,True
Latvia,Neural Networks,2017,1,True
India,Neural Networks,2018,129,True
Morocco,Neural Networks,2020,0,True
United Kingdom,Neural Networks,2017,157,True
France,Neural Networks,2020,217,True
Philippines,Ontology Engineering,2021,2,True
South Korea,Ontology Engineering,2023,183,False
Colombia,Ontology Engineering,2024,0,False
New Zealand,Ontology Engineering,2017,1,True
Serbia,Ontology Engineering,2017,0,True
Serbia,Ontology Engineering,2019,0,True
Italy,Ontology Engineering,2016,0,True
Taiwan,Ontology Engineering,2019,6,True
Spain,Ontology Engineering,2020,3,True
Sweden,Other and Unspecified,2017,9,True
Israel,Other and Unspecified,2017,13,True
Denmark,Other and Unspecified,2024,0,False
Spain,Other and Unspecified,2023,25,False
Greece,Other and Unspecified,2019,1,True
Romania,Other and Unspecified,2020,4,True
Argentina,Other and Unspecified,2021,4,True
Croatia,Other and Unspecified,2020,0,True
Croatia,Other and Unspecified,2025,3,False
Bulgaria,Other and Unspecified,2021,4,True
Finland,Other and Unspecified,2024,7,False
Malaysia,Other and Unspecified,2019,11,True
Switzerland,Personal Devices and Computing,2024,2,False
Philippines,Personal Devices and Computing,2016,2,True
South Korea,Personal Devices and Computing,2020,3302,True
Finland,Personal Devices and Computing,2021,14,True
Ukraine,Personal Devices and Computing,2022,0,False
Sweden,Personal Devices and Computing,2017,3,True
Sweden,Personal Devices and Computing,2021,15,True
Malaysia,Personal Devices and Computing,2022,2,False
United Kingdom,Personal Devices and Computing,2020,197,True
Germany,Personal Devices and Computing,2017,235,True
Tunisia,Personal Devices and Computing,2023,0,False
Netherlands,Personal Devices and Computing,2019,8,True
Netherlands,Personal Devices and Computing,2025,2,False
Spain,Personal Devices and Computing,2025,2,False
South Africa,Personal Devices and Computing,2017,3,True
Ireland,Personal Devices and Computing,2022,0,False
Russia,Physical Sciences and Engineering,2019,176,True
Sweden,Physical Sciences and Engineering,2021,26,True
Netherlands,Physical Sciences and Engineering,2022,69,False
Denmark,Physical Sciences and Engineering,2021,15,True
Belgium,Planning and Scheduling,2017,2,True
Romania,Planning and Scheduling,2018,0,True
Czechia,Planning and Scheduling,2018,0,True
Ukraine,Planning and Scheduling,2023,0,False
Slovenia,Planning and Scheduling,2019,0,True
Turkey,Planning and Scheduling,2024,17,False
China,Planning and Scheduling,2021,9952,True
China,Planning and Scheduling,2023,13722,False
Bulgaria,Planning and Scheduling,2025,1,False
Jordan,Robotics,2021,0,True
Slovenia,Robotics,2019,0,True
Belgium,Robotics,2019,0,True
Belgium,Robotics,2025,0,False
Turkey,Robotics,2022,4,False
Argentina,Robotics,2016,0,True
Germany,Robotics,2018,48,True
Austria,Robotics,2023,0,False
United Kingdom,Robotics,2016,16,True
United Kingdom,Robotics,2025,5,False
China,Search Methods,2018,181,True
Bulgaria,Search Methods,2018,0,True
Mexico,Search Methods,2025,0,False
Luxembourg,Search Methods,2019,1,True
Sweden,Search Methods,2018,1,True
Czechia,Search Methods,2017,0,True
Austria,Search Methods,2020,0,True
Poland,Search Methods,2018,0,True
Ukraine,Search Methods,2022,0,False
Austria,Security,2018,0,True
Costa Rica,Security,2025,1,False
Croatia,Security,2020,0,True
Denmark,Security,2018,2,True
Sweden,Security,2025,0,False
Belgium,Security,2017,0,True
Russia,Security,2017,20,True
Russia,Security,2021,4,True
Israel,Security,2019,3,True
Norway,Security,2019,0,True
Luxembourg,Security,2019,2,True
Argentina,Spatial and Physical Reasoning,2018,5,True
South Korea,Spatial and Physical Reasoning,2017,590,True
Austria,Spatial and Physical Reasoning,2023,4,False
Luxembourg,Spatial and Physical Reasoning,2025,59,False
United Kingdom,Spatial and Physical Reasoning,2024,148,False
Poland,Spatial and Physical Reasoning,2020,5,True
Philippines,Spatial and Physical Reasoning,2019,3,True
Philippines,Spatial and Physical Reasoning,2021,38,True
Czechia,Spatial and Physical Reasoning,2025,0,False
Italy,Spatial and Physical Reasoning,2022,18,False
Greece,Spatial and Physical Reasoning,2018,3,True
Saudi Arabia,Spatial and Physical Reasoning,2022,0,False
Chile,Speech Processing,2024,0,False
Greece,Speech Processing,2019,0,True
India,Speech Processing,2016,3,True
New Zealand,Speech Processing,2022,0,False
Sweden,Speech Processing,2018,0,True
Germany,Speech Processing,2024,36,False
Colombia,Speech Processing,2024,0,False
Spain,Speech Processing,2018,4,True
Romania,Telecommunications,2020,0,True
Morocco,Telecommunications,2024,2,False
Poland,Telecommunications,2024,1,False
Brazil,Telecommunications,2017,10,True
Brazil,Telecommunications,2018,29,True
Brazil,Telecommunications,2019,59,True
Spain,Telecommunications,2018,36,True
Netherlands,Telecommunications,2023,7,False
Netherlands,Telecommunications,2025,0,False
South Africa,Telecommunications,2017,0,True
Australia,Telecommunications,2019,140,True
Ukraine,Telecommunications,2025,0,False
Luxembourg,Telecommunications,2025,18,False
Paraguay,Telecommunications,2021,1,True
Austria,Telecommunications,2022,2,False
Ireland,Transportation,2021,0,True
Saudi Arabia,Transportation,2023,0,False
Colombia,Transportation,2022,0,False
Colombia,Transportation,2023,1,False
Morocco,Transportation,2020,1,True
Austria,Transportation,2018,5,True
Slovenia,Transportation,2022,0,False
Singapore,Transportation,2018,32,True
Singapore,Transportation,2021,2,True
Ukraine,Agriculture,2022,0,False
Ireland,Agriculture,2022,0,False
Costa Rica,Agriculture,2020,0,True
Poland,Agriculture,2016,0,True
Taiwan,Agriculture,2023,6,False
Turkey,Agriculture,2022,5,False
Finland,Agriculture,2019,2,True
Finland,Agriculture,2021,1,True
Lithuania,Agriculture,2017,0,True
China,Agriculture,2024,3739,False
South Africa,All,2025,125,False
Portugal,All,2017,9,True
Portugal,All,2020,11,True
South Korea,All,2025,458,False
Ukraine,All,2024,14,False
Netherlands,All,2019,26,True
Netherlands,All,2025,13,False
United States,All,2024,5277,False
Taiwan,All,2023,652,False
Finland,All,2023,25,False
Japan,Analytics and Algorithms,2020,418,True
Australia,Analytics and Algorithms,2022,101,False
Uruguay,Analytics and Algorithms,2020,1,True
South Africa,Analytics and Algorithms,2025,0,False
Norway,Analytics and Algorithms,2016,1,True
South Korea,Analytics and Algorithms,2020,570,True
Switzerland,Analytics and Algorithms,2019,0,True
Denmark,Analytics and Algorithms,2017,5,True
Croatia,Analytics and Algorithms,2023,0,False
China,Analytics and Algorithms,2024,16821,False
Spain,Analytics and Algorithms,2023,6,False
Argentina,Analytics and Algorithms,2018,0,True
United Kingdom,Analytics and Algorithms,2021,61,True
Poland,Analytics and Algorithms,2018,8,True
Poland,Analytics and Algorithms,2020,7,True
Peru,Analytics and Algorithms,2019,1,True
South Korea,Banking and Finance,2017,81,True
Slovakia,Banking and Finance,2023,0,False
Spain,Banking and Finance,2022,1,False
Spain,Banking and Finance,2023,2,False
Taiwan,Banking and Finance,2017,11,True
Taiwan,Banking and Finance,2019,34,True
Romania,Banking and Finance,2024,1,False
Italy,Banking and Finance,2016,2,True
Denmark,Banking and Finance,2021,0,True
Lithuania,Banking and Finance,2020,0,True
Mexico,Banking and Finance,2025,1,False
Slovenia,Bio-Inspired Computing,2022,0,False
United Kingdom,Bio-Inspired Computing,2025,4,False
Philippines,Bio-Inspired Computing,2020,1,True
Argentina,Bio-Inspired Computing,2023,0,False
Norway,Bio-Inspired Computing,2017,0,True
Denmark,Bio-Inspired Computing,2016,2,True
Poland,Bio-Inspired Computing,2016,1,True
United States,Bio-Inspired Computing,2020,832,True
China,Bio-Inspired Computing,2020,3406,True
Australia,Bio-Inspired Computing,2017,13,True
Netherlands,Bio-Inspired Computing,2022,3,False
Mexico,Bio-Inspired Computing,2018,8,True
Mexico,Business,2018,16,True
Latvia,Business,2017,0,True
China,Business,2017,1902,True
Argentina,Business,2019,1,True
Greece,Business,2017,1,True
Bulgaria,Computer Vision,2022,0,False
New Zealand,Computer Vision,2016,0,True
Germany,Computer Vision,2020,401,True
Netherlands,Computer Vision,2022,26,False
China,Computer Vision,2024,59336,False
Brazil,Computer Vision,2019,81,True
Belgium,Computer Vision,2017,0,True
Mexico,Computer Vision,2024,0,False
Canada,Computer Vision,2023,39,False
Slovakia,Computer Vision,2021,0,True
Morocco,Computer Vision,2018,3,True
Czechia,Computer Vision,2024,2,False
Hungary,Computer Vision,2023,5,False
Brazil,Computing in Government,2018,0,True
New Zealand,Computing in Government,2023,0,False
Singapore,Computing in Government,2017,2,True
United States,Computing in Government,2019,108,True
Latvia,Computing in Government,2020,0,True
Italy,Computing in Government,2022,0,False
Lithuania,Computing in Government,2019,0,True
Japan,Computing in Government,2019,14,True
Slovenia,Control Methods,2019,1,True
Morocco,Control Methods,2019,2,True
Argentina,Control Methods,2022,6,False
Hungary,Control Methods,2023,1,False
South Korea,Control Methods,2022,937,False
Israel,Control Methods,2023,3,False
Australia,Control Methods,2017,59,True
Croatia,Control Methods,2017,0,True
Greece,Distributed AI,2025,0,False
Spain,Distributed AI,2025,0,False
Turkey,Distributed AI,2024,0,False
Chile,Distributed AI,2017,0,True
Australia,Distributed AI,2016,2,True
Serbia,Distributed AI,2025,0,False
Luxembourg,Education,2016,0,True
South Korea,Education,2025,22,False
Hungary,Education,2024,0,False
Brazil,Education,2016,2,True
China,Education,2022,918,False
Bulgaria,Education,2024,1,False
Norway,Education,2024,0,False
Italy,Education,2016,1,True
Israel,Education,2022,0,False
Croatia,Education,2023,1,False
Switzerland,Education,2016,1,True
India,Education,2018,4,True
Germany,Education,2021,6,True
Finland,Education,2020,1,True
New Zealand,Energy Management,2021,2,True
Mexico,Energy Management,2021,4,True
San Marino,Energy Management,2017,0,True
Sweden,Energy Management,2019,3,True
Iran,Energy Management,2018,0,True
Peru,Energy Management,2018,0,True
Norway,Energy Management,2025,0,False
United Kingdom,Energy Management,2024,19,False
Czechia,Energy Management,2019,0,True
Spain,Energy Management,2023,4,False
South Africa,Energy Management,2018,1,True
Philippines,Energy Management,2023,0,False
Canada,Energy Management,2020,30,True
Slovakia,Energy Management,2023,0,False
Finland,Fuzzy Logic,2021,1,True
New Zealand,Fuzzy Logic,2023,0,False
Spain,Fuzzy Logic,2018,3,True
Portugal,Fuzzy Logic,2017,0,True
South Korea,Fuzzy Logic,2022,31,False
Ukraine,Fuzzy Logic,2017,0,True
Philippines,Fuzzy Logic,2018,0,True
United Kingdom,Fuzzy Logic,2024,0,False
Romania,Fuzzy Logic,2024,0,False
Hungary,Industry and Manufacturing,2017,0,True
Norway,Industry and Manufacturing,2022,5,False
Belgium,Industry and Manufacturing,2021,2,True
Serbia,Industry and Manufacturing,2025,0,False
Ukraine,Industry and Manufacturing,2016,0,True
Uruguay,Industry and Manufacturing,2020,1,True
Costa Rica,Industry and Manufacturing,2020,2,True
Turkey,Knowledge Representation,2017,0,True
Sweden,Knowledge Representation,2022,0,False
Tunisia,Knowledge Representation,2022,0,False
Argentina,Knowledge Representation,2023,0,False
Peru,Knowledge Representation,2017,0,True
Bulgaria,Knowledge Representation,2020,0,True
Norway,Knowledge Representation,2017,0,True
United Kingdom,Knowledge Representation,2016,15,True
France,Knowledge Representation,2017,5,True
Spain,Knowledge Representation,2024,0,False
Costa Rica,Knowledge Representation,2025,0,False
Romania,Natural Language Processing,2024,0,False
Lithuania,Natural Language Processing,2020,0,True
Colombia,Natural Language Processing,2022,0,False
Finland,Natural Language Processing,2018,3,True
Czechia,Natural Language Processing,2019,0,True
Bulgaria,Natural Language Processing,2025,0,False
Costa Rica,Natural Language Processing,2025,0,False
Italy,Natural Language Processing,2017,1,True
Argentina,Life Sciences,2022,2,False
Mexico,Life Sciences,2025,4,False
Luxembourg,Life Sciences,2018,4,True
Hungary,Life Sciences,2019,3,True
Norway,Life Sciences,2022,0,False
Turkey,Life Sciences,2023,17,False
Portugal,Life Sciences,2022,2,False
Argentina,Logic-Based Knowledge Systems,2016,0,True
Hungary,Logic-Based Knowledge Systems,2020,1,True
Hungary,Logic-Based Knowledge Systems,2021,0,True
Mexico,Logic-Based Knowledge Systems,2018,12,True
Peru,Logic-Based Knowledge Systems,2017,0,True
Greece,Logic-Based Knowledge Systems,2020,0,True
New Zealand,Logic-Based Knowledge Systems,2017,5,True
Luxembourg,Logic-Based Knowledge Systems,2017,2,True
Lithuania,Markov and Bayesian Models,2017,0,True
United Kingdom,Markov and Bayesian Models,2018,56,True
Russia,Markov and Bayesian Models,2016,21,True
Georgia,Markov and Bayesian Models,2023,0,False
Portugal,Markov and Bayesian Models,2017,2,True
Peru,Markov and Bayesian Models,2021,0,True
Slovenia,Markov and Bayesian Models,2023,1,False
Australia,Measuring and Testing,2019,139,True
Luxembourg,Measuring and Testing,2019,1,True
Philippines,Measuring and Testing,2023,0,False
Japan,Measuring and Testing,2019,755,True
Croatia,Measuring and Testing,2022,0,False
Croatia,Measuring and Testing,2023,1,False
Denmark,Measuring and Testing,2016,5,True
Israel,Measuring and Testing,2016,1,True
Romania,Measuring and Testing,2020,2,True
Finland,Neural Networks,2021,25,True
Czechia,Neural Networks,2024,3,False
Mexico,Neural Networks,2016,5,True
Mexico,Neural Networks,2021,79,True
Mexico,Neural Networks,2024,6,False
Luxembourg,Neural Networks,2024,122,False
Spain,Neural Networks,2025,0,False
South Africa,Neural Networks,2017,1,True
Peru,Neural Networks,2017,1,True
Portugal,Neural Networks,2019,5,True
Ireland,Neural Networks,2018,2,True
Georgia,Neural Networks,2023,1,False
Malaysia,Neural Networks,2016,5,True
Taiwan,Neural Networks,2021,419,True
Kenya,Neural Networks,2016,0,True
Greece,Neural Networks,2024,1,False
Norway,Neural Networks,2025,1,False
Poland,Neural Networks,2018,18,True
Belgium,Neural Networks,2024,3,False
Germany,Neural Networks,2025,89,False
United Kingdom,Neural Networks,2022,327,False
Hungary,Neural Networks,2020,6,True
Sweden,Ontology Engineering,2017,0,True
Finland,Ontology Engineering,2017,1,True
Austria,Ontology Engineering,2019,0,True
Morocco,Ontology Engineering,2022,0,False
Japan,Ontology Engineering,2018,41,True
Paraguay,Ontology Engineering,2021,0,True
Croatia,Ontology Engineering,2017,0,True
United States,Ontology Engineering,2025,11,False
United Kingdom,Ontology Engineering,2018,5,True
United Kingdom,Ontology Engineering,2021,13,True
Netherlands,Ontology Engineering,2018,0,True
Ukraine,Ontology Engineering,2023,0,False
Denmark,Other and Unspecified,2020,8,True
Germany,Other and Unspecified,2023,472,False
Spain,Other and Unspecified,2019,58,True
United Kingdom,Other and Unspecified,2019,164,True
Serbia,Other and Unspecified,2018,2,True
Romania,Other and Unspecified,2016,2,True
Romania,Other and Unspecified,2017,1,True
Chile,Other and Unspecified,2019,1,True
South Korea,Other and Unspecified,2024,2133,False
Bulgaria,Other and Unspecified,2025,5,False
Bulgaria,Personal Devices and Computing,2017,0,True
Panama,Personal Devices and Computing,2016,2,True
Philippines,Personal Devices and Computing,2018,3,True
Chile,Personal Devices and Computing,2021,1,True
Peru,Personal Devices and Computing,2020,6,True
Germany,Personal Devices and Computing,2016,123,True
Norway,Personal Devices and Computing,2019,4,True
Norway,Personal Devices and Computing,2024,3,False
New Zealand,Personal Devices and Computing,2016,0,True
Tunisia,Physical Sciences and Engineering,2021,4,True
Norway,Physical Sciences and Engineering,2019,7,True
United Kingdom,Physical Sciences and Engineering,2020,440,True
Belgium,Physical Sciences and Engineering,2024,5,False
Saudi Arabia,Physical Sciences and Engineering,2023,0,False
India,Physical Sciences and Engineering,2022,3,False
Hungary,Physical Sciences and Engineering,2020,9,True
Germany,Physical Sciences and Engineering,2024,972,False
Spain,Planning and Scheduling,2021,8,True
Spain,Planning and Scheduling,2023,3,False
Sweden,Planning and Scheduling,2016,3,True
Sweden,Planning and Scheduling,2024,2,False
United States,Planning and Scheduling,2022,857,False
Romania,Planning and Scheduling,2016,0,True
Peru,Planning and Scheduling,2018,0,True
Norway,Planning and Scheduling,2022,4,False
Taiwan,Planning and Scheduling,2018,29,True
Luxembourg,Planning and Scheduling,2025,48,False
Netherlands,Planning and Scheduling,2023,3,False
Morocco,Planning and Scheduling,2019,1,True
Japan,Robotics,2025,0,False
Sweden,Robotics,2017,3,True
Mexico,Robotics,2020,8,True
Chile,Robotics,2018,1,True
Chile,Robotics,2021,0,True
Norway,Robotics,2016,0,True
Taiwan,Robotics,2024,14,False
Argentina,Robotics,2022,0,False
Switzerland,Robotics,2019,0,True
Israel,Search Methods,2017,0,True
South Africa,Search Methods,2023,0,False
Portugal,Search Methods,2021,0,True
Costa Rica,Search Methods,2023,1,False
India,Search Methods,2017,20,True
Chile,Search Methods,2021,0,True
Netherlands,Search Methods,2020,1,True
Japan,Search Methods,2021,139,True
Spain,Search Methods,2021,2,True
Hungary,Search Methods,2024,0,False
United Kingdom,Search Methods,2024,25,False
China,Security,2019,1638,True
Switzerland,Security,2020,0,True
Malaysia,Security,2020,4,True
France,Security,2020,28,True
Greece,Security,2019,0,True
Jordan,Security,2023,0,False
Poland,Security,2018,3,True
Philippines,Security,2021,2,True
Belgium,Security,2025,2,False
India,Security,2024,0,False
Czechia,Security,2019,0,True
Bulgaria,Security,2020,1,True
Argentina,Security,2023,1,False
Turkey,Security,2024,10,False
Georgia,Security,2023,0,False
Tunisia,Security,2021,1,True
Tunisia,Security,2023,0,False
Japan,Spatial and Physical Reasoning,2020,1346,True
China,Spatial and Physical Reasoning,2020,30039,True
Taiwan,Spatial and Physical Reasoning,2023,168,False
United Kingdom,Spatial and Physical Reasoning,2019,151,True
Norway,Spatial and Physical Reasoning,2018,2,True
Colombia,Spatial and Physical Reasoning,2023,2,False
France,Spatial and Physical Reasoning,2016,23,True
Austria,Speech Processing,2024,1,False
Sweden,Speech Processing,2017,0,True
Sweden,Speech Processing,2022,1,False
Lithuania,Speech Processing,2021,1,True
Serbia,Speech Processing,2022,0,False
Finland,Speech Processing,2019,1,True
Serbia,Telecommunications,2020,0,True
Serbia,Telecommunications,2023,1,False
San Marino,Telecommunications,2020,0,True
Peru,Telecommunications,2018,0,True
Saudi Arabia,Telecommunications,2022,0,False
Belgium,Transportation,2023,0,False
Tunisia,Transportation,2021,0,True
China,Transportation,2021,6455,True
Netherlands,Transportation,2024,8,False
Finland,Transportation,2016,0,True
Austria,Transportation,2019,5,True
New Zealand,Transportation,2020,1,True
Italy,Transportation,2021,14,True
Germany,Agriculture,2020,11,True
Denmark,Agriculture,2018,2,True
Turkey,Agriculture,2023,5,False
Peru,Agriculture,2023,1,False
Czechia,Agriculture,2019,0,True
United States,Agriculture,2016,73,True
Jordan,Agriculture,2021,0,True
Croatia,Agriculture,2024,0,False
Morocco,Agriculture,2016,0,True
Romania,All,2018,5,True
Hungary,All,2017,11,True
Croatia,All,2019,2,True
Serbia,All,2022,3,False
Brazil,All,2020,162,True
Sweden,All,2024,20,False
Denmark,All,2016,26,True
Chile,All,2021,1,True
Luxembourg,All,2016,4,True
United Kingdom,All,2022,521,False
Bulgaria,All,2019,3,True
Spain,All,2017,119,True
Czechia,Analytics and Algorithms,2019,0,True
South Korea,Analytics and Algorithms,2026,0,False
Italy,Analytics and Algorithms,2018,7,True
Croatia,Analytics and Algorithms,2024,0,False
Finland,Analytics and Algorithms,2022,11,False
Israel,Analytics and Algorithms,2022,6,False
Poland,Analytics and Algorithms,2016,6,True
Poland,Analytics and Algorithms,2023,5,False
Mexico,Analytics and Algorithms,2019,14,True
Peru,Analytics and Algorithms,2021,0,True
Brazil,Banking and Finance,2018,10,True
Turkey,Banking and Finance,2016,1,True
Portugal,Banking and Finance,2024,0,False
Malaysia,Banking and Finance,2021,0,True
Slovakia,Banking and Finance,2020,0,True
Switzerland,Banking and Finance,2017,0,True
Israel,Banking and Finance,2019,1,True
Switzerland,Bio-Inspired Computing,2016,0,True
Tunisia,Bio-Inspired Computing,2023,0,False
Slovakia,Bio-Inspired Computing,2023,2,False
Israel,Bio-Inspired Computing,2021,0,True
Austria,Bio-Inspired Computing,2017,0,True
India,Bio-Inspired Computing,2017,14,True
India,Bio-Inspired Computing,2021,0,True
Netherlands,Bio-Inspired Computing,2016,0,True
India,Business,2017,64,True
Germany,Business,2019,51,True
Germany,Business,2020,49,True
Luxembourg,Business,2020,3,True
Serbia,Business,2016,0,True
Moldova,Business,2021,0,True
Taiwan,Business,2021,76,True
Austria,Business,2023,3,False
Austria,Business,2024,1,False
Ukraine,Business,2023,0,False
South Africa,Business,2024,0,False
Sweden,Business,2025,0,False
Sweden,Computer Vision,2022,15,False
New Zealand,Computer Vision,2020,2,True
France,Computer Vision,2024,98,False
Poland,Computer Vision,2021,12,True
China,Computer Vision,2020,24930,True
China,Computer Vision,2023,49165,False
Greece,Computer Vision,2016,2,True
Jordan,Computer Vision,2017,0,True
Morocco,Computer Vision,2023,3,False
Argentina,Computer Vision,2019,2,True
Ukraine,Computer Vision,2016,0,True
France,Computing in Government,2017,1,True
Slovenia,Computing in Government,2016,0,True
Denmark,Computing in Government,2023,0,False
Taiwan,Computing in Government,2019,1,True
Taiwan,Computing in Government,2025,1,False
Australia,Computing in Government,2017,2,True
Malaysia,Computing in Government,2020,0,True
Philippines,Computing in Government,2020,1,True
Italy,Computing in Government,2021,0,True
Morocco,Control Methods,2023,1,False
Indonesia,Control Methods,2016,0,True
Czechia,Control Methods,2019,0,True
Sweden,Control Methods,2021,10,True
Serbia,Control Methods,2018,2,True
Turkey,Control Methods,2025,0,False
Australia,Control Methods,2019,77,True
Taiwan,Control Methods,2022,64,False
Poland,Control Methods,2022,2,False
Germany,Distributed AI,2023,19,False
Romania,Distributed AI,2022,0,False
New Zealand,Distributed AI,2017,0,True
Kenya,Distributed AI,2016,0,True
Israel,Distributed AI,2020,0,True
Croatia,Distributed AI,2022,0,False
Taiwan,Distributed AI,2025,1,False
Slovakia,Distributed AI,2023,0,False
Slovakia,Distributed AI,2025,0,False
Mexico,Distributed AI,2021,0,True
Costa Rica,Distributed AI,2025,0,False
Morocco,Distributed AI,2022,0,False
China,Distributed AI,2018,59,True
Sweden,Education,2017,0,True
Denmark,Education,2019,0,True
Morocco,Education,2022,0,False
Mexico,Education,2022,0,False
Chile,Education,2024,0,False
Hungary,Education,2017,0,True
France,Education,2019,0,True
Peru,Education,2019,0,True
Italy,Education,2022,1,False
Italy,Education,2023,1,False
Romania,Education,2024,0,False
Belgium,Education,2018,1,True
New Zealand,Education,2017,1,True
Finland,Energy Management,2019,3,True
South Korea,Energy Management,2022,683,False
Bulgaria,Energy Management,2018,1,True
Croatia,Energy Management,2023,0,False
France,Energy Management,2018,11,True
Slovenia,Energy Management,2019,0,True
Slovenia,Energy Management,2022,0,False
Serbia,Energy Management,2022,1,False
Norway,Energy Management,2022,2,False
Taiwan,Energy Management,2023,39,False
Japan,Energy Management,2023,109,False
Azerbaijan,Energy Management,2018,0,True
Slovakia,Energy Management,2024,2,False
New Zealand,Fuzzy Logic,2022,0,False
Croatia,Fuzzy Logic,2018,1,True
Tunisia,Fuzzy Logic,2022,0,False
France,Fuzzy Logic,2016,1,True
France,Fuzzy Logic,2017,1,True
Slovenia,Fuzzy Logic,2016,0,True
Malaysia,Fuzzy Logic,2017,0,True
Canada,Fuzzy Logic,2024,0,False
Belgium,Fuzzy Logic,2016,1,True
Croatia,Industry and Manufacturing,2020,1,True
Switzerland,Industry and Manufacturing,2020,1,True
Lithuania,Industry and Manufacturing,2021,0,True
Brazil,Industry and Manufacturing,2021,14,True
Ukraine,Industry and Manufacturing,2022,0,False
Slovenia,Industry and Manufacturing,2022,1,False
Greece,Industry and Manufacturing,2018,1,True
Japan,Industry and Manufacturing,2025,1,False
Turkey,Industry and Manufacturing,2018,0,True
Czechia,Industry and Manufacturing,2025,0,False
Peru,Industry and Manufacturing,2017,0,True
Panama,Knowledge Representation,2016,0,True
Australia,Knowledge Representation,2016,30,True
Brazil,Knowledge Representation,2022,1,False
Serbia,Knowledge Representation,2022,0,False
Taiwan,Knowledge Representation,2021,18,True
Greece,Knowledge Representation,2020,0,True
Finland,Knowledge Representation,2016,0,True
Finland,Knowledge Representation,2024,1,False
Czechia,Knowledge Representation,2025,0,False
New Zealand,Natural Language Processing,2021,0,True
Morocco,Natural Language Processing,2020,0,True
India,Natural Language Processing,2018,33,True
India,Natural Language Processing,2022,0,False
Germany,Natural Language Processing,2017,5,True
Slovenia,Natural Language Processing,2019,0,True
Mexico,Life Sciences,2017,22,True
Poland,Life Sciences,2022,4,False
Latvia,Life Sciences,2017,0,True
Costa Rica,Life Sciences,2021,0,True
Philippines,Life Sciences,2021,2,True
Norway,Life Sciences,2017,0,True
United Kingdom,Logic-Based Knowledge Systems,2020,31,True
Netherlands,Logic-Based Knowledge Systems,2016,1,True
Spain,Logic-Based Knowledge Systems,2024,2,False
Norway,Logic-Based Knowledge Systems,2024,0,False
Germany,Logic-Based Knowledge Systems,2017,31,True
Finland,Logic-Based Knowledge Systems,2020,2,True
Switzerland,Logic-Based Knowledge Systems,2016,2,True
Slovakia,Logic-Based Knowledge Systems,2025,0,False
Sweden,Logic-Based Knowledge Systems,2019,1,True
New Zealand,Logic-Based Knowledge Systems,2016,0,True
Poland,Logic-Based Knowledge Systems,2019,6,True
Taiwan,Markov and Bayesian Models,2023,26,False
India,Markov and Bayesian Models,2022,0,False
Russia,Markov and Bayesian Models,2019,22,True
Australia,Markov and Bayesian Models,2023,41,False
South Korea,Markov and Bayesian Models,2016,84,True
Bulgaria,Markov and Bayesian Models,2022,0,False
Turkey,Markov and Bayesian Models,2017,0,True
China,Markov and Bayesian Models,2016,705,True
China,Markov and Bayesian Models,2023,8016,False
South Africa,Markov and Bayesian Models,2025,3,False
Sweden,Measuring and Testing,2016,4,True
Sweden,Measuring and Testing,2022,11,False
Czechia,Measuring and Testing,2022,1,False
Czechia,Measuring and Testing,2023,2,False
Czechia,Measuring and Testing,2024,2,False
Slovenia,Measuring and Testing,2018,2,True
Colombia,Measuring and Testing,2017,0,True
Brazil,Measuring and Testing,2019,64,True
South Africa,Measuring and Testing,2022,0,False
Russia,Measuring and Testing,2020,14,True
Saudi Arabia,Measuring and Testing,2023,0,False
Croatia,Measuring and Testing,2018,2,True
Croatia,Measuring and Testing,2020,0,True
Portugal,Measuring and Testing,2024,0,False
China,Measuring and Testing,2018,2327,True
Israel,Measuring and Testing,2018,5,True
Ireland,Measuring and Testing,2022,1,False
Tunisia,Measuring and Testing,2020,0,True
China,Neural Networks,2024,126063,False
Spain,Neural Networks,2018,80,True
Canada,Neural Networks,2023,86,False
Philippines,Neural Networks,2023,0,False
Serbia,Neural Networks,2018,2,True
Romania,Neural Networks,2016,0,True
Norway,Neural Networks,2022,4,False
Poland,Neural Networks,2023,18,False
Austria,Neural Networks,2020,13,True
Portugal,Ontology Engineering,2020,0,True
Russia,Ontology Engineering,2021,0,True
Finland,Ontology Engineering,2023,0,False
Serbia,Ontology Engineering,2022,0,False
Slovakia,Ontology Engineering,2025,0,False
Belgium,Ontology Engineering,2019,0,True
Greece,Ontology Engineering,2025,0,False
India,Ontology Engineering,2016,10,True
Tunisia,Ontology Engineering,2022,0,False
Ukraine,Ontology Engineering,2018,0,True
Ukraine,Ontology Engineering,2021,1,True
Germany,Other and Unspecified,2025,74,False
Lithuania,Other and Unspecified,2017,4,True
Norway,Other and Unspecified,2017,2,True
Portugal,Other and Unspecified,2022,2,False
Mexico,Other and Unspecified,2025,9,False
China,Other and Unspecified,2019,14111,True
Bulgaria,Other and Unspecified,2017,2,True
Canada,Other and Unspecified,2020,326,True
Morocco,Other and Unspecified,2020,2,True
Switzerland,Other and Unspecified,2023,2,False
Czechia,Other and Unspecified,2023,3,False
Czechia,Other and Unspecified,2025,2,False
Finland,Other and Unspecified,2020,14,True
South Korea,Personal Devices and Computing,2016,710,True
Lithuania,Personal Devices and Computing,2017,2,True
Lithuania,Personal Devices and Computing,2019,0,True
Finland,Personal Devices and Computing,2023,13,False
Belgium,Personal Devices and Computing,2019,0,True
Ukraine,Personal Devices and Computing,2021,0,True
Romania,Personal Devices and Computing,2016,0,True
Germany,Personal Devices and Computing,2020,530,True
Germany,Personal Devices and Computing,2024,301,False
Greece,Personal Devices and Computing,2022,8,False
Colombia,Personal Devices and Computing,2019,0,True
Austria,Physical Sciences and Engineering,2019,7,True
United States,Physical Sciences and Engineering,2025,242,False
Peru,Physical Sciences and Engineering,2019,2,True
Peru,Physical Sciences and Engineering,2023,3,False
Romania,Physical Sciences and Engineering,2024,5,False
Croatia,Physical Sciences and Engineering,2022,2,False
Jordan,Physical Sciences and Engineering,2021,1,True
Poland,Physical Sciences and Engineering,2018,35,True
Spain,Planning and Scheduling,2016,6,True
Denmark,Planning and Scheduling,2023,0,False
Croatia,Planning and Scheduling,2020,0,True
Ireland,Planning and Scheduling,2022,0,False
Romania,Planning and Scheduling,2017,1,True
Ukraine,Planning and Scheduling,2025,0,False
Austria,Planning and Scheduling,2020,3,True
Hungary,Planning and Scheduling,2019,0,True
France,Planning and Scheduling,2017,5,True
New Zealand,Planning and Scheduling,2023,0,False
Canada,Robotics,2020,50,True
Uruguay,Robotics,2017,0,True
New Zealand,Robotics,2021,0,True
Costa Rica,Robotics,2023,0,False
Morocco,Robotics,2020,0,True
Norway,Robotics,2017,0,True
San Marino,Robotics,2020,0,True
Lithuania,Robotics,2019,0,True
Spain,Robotics,2022,4,False
Argentina,Robotics,2019,1,True
Finland,Robotics,2018,2,True
Germany,Robotics,2021,97,True
United Kingdom,Robotics,2019,20,True
China,Search Methods,2016,52,True
Belgium,Search Methods,2022,0,False
Greece,Search Methods,2023,0,False
Serbia,Search Methods,2019,0,True
Denmark,Search Methods,2020,1,True
Germany,Search Methods,2018,19,True
Morocco,Security,2017,0,True
Denmark,Security,2022,0,False
Poland,Security,2016,2,True
Finland,Security,2020,4,True
Czechia,Security,2023,1,False
Bulgaria,Security,2025,0,False
Uruguay,Security,2017,0,True
South Korea,Spatial and Physical Reasoning,2022,2941,False
United States,Spatial and Physical Reasoning,2019,5825,True
South Africa,Spatial and Physical Reasoning,2017,2,True
Slovenia,Spatial and Physical Reasoning,2016,1,True
Norway,Spatial and Physical Reasoning,2021,2,True
Hungary,Spatial and Physical Reasoning,2019,0,True
Finland,Spatial and Physical Reasoning,2018,13,True
Finland,Spatial and Physical Reasoning,2023,8,False
Portugal,Speech Processing,2017,0,True
Portugal,Speech Processing,2023,0,False
Russia,Speech Processing,2018,10,True
United States,Speech Processing,2023,545,False
Canada,Speech Processing,2018,22,True
Germany,Speech Processing,2021,32,True
Switzerland,Speech Processing,2018,1,True
Australia,Speech Processing,2022,17,False
Romania,Speech Processing,2023,0,False
Romania,Telecommunications,2021,1,True
Lithuania,Telecommunications,2020,2,True
Argentina,Telecommunications,2020,2,True
Switzerland,Telecommunications,2023,0,False
Japan,Telecommunications,2020,728,True
India,Telecommunications,2024,0,False
Tunisia,Telecommunications,2020,0,True
Turkey,Telecommunications,2020,8,True
Belgium,Transportation,2020,0,True
Ireland,Transportation,2023,1,False
South Africa,Transportation,2024,0,False
San Marino,Transportation,2017,0,True
Chile,Transportation,2017,0,True
Bulgaria,Transportation,2017,0,True
Bulgaria,Transportation,2023,1,False
Austria,Transportation,2016,4,True
Czechia,Transportation,2019,0,True
Switzerland,Transportation,2021,1,True
Israel,Transportation,2022,5,False
Mexico,Agriculture,2016,2,True
Costa Rica,Agriculture,2019,0,True
Costa Rica,Agriculture,2023,0,False
Chile,Agriculture,2023,0,False
Chile,Agriculture,2024,0,False
Slovakia,Agriculture,2021,1,True
Slovakia,Agriculture,2025,0,False
Malaysia,Agriculture,2018,0,True
Croatia,Agriculture,2020,0,True
Belgium,Agriculture,2018,2,True
New Zealand,All,2016,8,True
Denmark,All,2017,37,True
Argentina,All,2019,8,True
Argentina,All,2021,8,True
Belgium,Analytics and Algorithms,2019,1,True
Philippines,Analytics and Algorithms,2018,0,True
Saudi Arabia,Analytics and Algorithms,2022,0,False
Turkey,Analytics and Algorithms,2020,9,True
Malaysia,Analytics and Algorithms,2018,3,True
India,Analytics and Algorithms,2021,0,True
Portugal,Banking and Finance,2020,0,True
Portugal,Banking and Finance,2021,0,True
Norway,Banking and Finance,2021,0,True
Singapore,Banking and Finance,2019,26,True
India,Banking and Finance,2020,0,True
Denmark,Banking and Finance,2022,0,False
Moldova,Banking and Finance,2021,0,True
Costa Rica,Bio-Inspired Computing,2023,0,False
Finland,Bio-Inspired Computing,2019,2,True
Germany,Bio-Inspired Computing,2019,38,True
Italy,Bio-Inspired Computing,2017,1,True
Jordan,Bio-Inspired Computing,2023,0,False
Argentina,Bio-Inspired Computing,2022,0,False
Israel,Bio-Inspired Computing,2016,0,True
Poland,Bio-Inspired Computing,2019,2,True
Malaysia,Bio-Inspired Computing,2022,1,False
Singapore,Bio-Inspired Computing,2016,6,True
Singapore,Bio-Inspired Computing,2021,0,True
India,Business,2023,0,False
Germany,Business,2018,48,True
Italy,Business,2017,4,True
Indonesia,Business,2016,1,True
Bulgaria,Business,2022,0,False
China,Business,2021,12144,True
Greece,Business,2019,0,True
Greece,Business,2025,1,False
Slovakia,Business,2024,0,False
South Africa,Business,2019,0,True
Brazil,Business,2019,42,True
New Zealand,Computer Vision,2019,5,True
Israel,Computer Vision,2022,14,False
Austria,Computer Vision,2024,2,False
Switzerland,Computer Vision,2022,1,False
Hungary,Computer Vision,2021,5,True
Belgium,Computing in Government,2022,0,False
Israel,Computing in Government,2018,0,True
Peru,Computing in Government,2019,0,True
Morocco,Computing in Government,2024,0,False
Slovakia,Computing in Government,2024,0,False
Malaysia,Computing in Government,2019,0,True
Greece,Computing in Government,2016,0,True
Greece,Computing in Government,2018,0,True
India,Computing in Government,2017,1,True
United States,Computing in Government,2023,32,False
Mexico,Computing in Government,2016,0,True
Czechia,Computing in Government,2023,0,False
China,Control Methods,2020,3054,True
Greece,Control Methods,2024,0,False
Malaysia,Control Methods,2021,0,True
Luxembourg,Control Methods,2019,3,True
Mexico,Control Methods,2017,23,True
Canada,Control Methods,2018,106,True
Saudi Arabia,Distributed AI,2023,0,False
Croatia,Distributed AI,2023,0,False
Colombia,Distributed AI,2023,0,False
Slovenia,Distributed AI,2022,0,False
Serbia,Distributed AI,2020,0,True
Sweden,Education,2016,0,True
Ireland,Education,2022,0,False
Panama,Education,2016,0,True
Netherlands,Education,2016,0,True
Bulgaria,Education,2025,1,False
Norway,Education,2023,0,False
Romania,Education,2018,0,True
Argentina,Education,2022,0,False
Ukraine,Education,2017,0,True
Belgium,Education,2024,0,False
Serbia,Education,2018,0,True
Serbia,Education,2023,0,False
Tunisia,Energy Management,2021,0,True
Ireland,Energy Management,2022,0,False
France,Energy Management,2016,7,True
Serbia,Energy Management,2023,1,False
Italy,Energy Management,2021,6,True
Italy,Energy Management,2023,4,False
Colombia,Energy Management,2022,0,False
Czechia,Energy Management,2025,1,False
Portugal,Energy Management,2020,0,True
Spain,Energy Management,2018,18,True
Russia,Energy Management,2017,0,True
Philippines,Energy Management,2021,0,True
Portugal,Fuzzy Logic,2019,1,True
Switzerland,Fuzzy Logic,2024,0,False
Luxembourg,Fuzzy Logic,2017,0,True
Lithuania,Fuzzy Logic,2016,0,True
United Kingdom,Fuzzy Logic,2025,0,False
Czechia,Fuzzy Logic,2020,0,True
Czechia,Fuzzy Logic,2022,0,False
Belgium,Fuzzy Logic,2020,0,True
Colombia,Industry and Manufacturing,2024,0,False
Singapore,Industry and Manufacturing,2021,0,True
Brazil,Industry and Manufacturing,2022,1,False
Finland,Industry and Manufacturing,2021,5,True
Saudi Arabia,Industry and Manufacturing,2019,0,True
Denmark,Industry and Manufacturing,2023,3,False
Ireland,Industry and Manufacturing,2023,1,False
Argentina,Industry and Manufacturing,2017,0,True
Israel,Industry and Manufacturing,2021,1,True
Morocco,Industry and Manufacturing,2018,1,True
Morocco,Industry and Manufacturing,2019,1,True
Morocco,Industry and Manufacturing,2024,1,False
Taiwan,Industry and Manufacturing,2025,1,False
Sweden,Knowledge Representation,2023,0,False
Japan,Knowledge Representation,2019,160,True
Japan,Knowledge Representation,2025,0,False
Germany,Knowledge Representation,2018,27,True
Ukraine,Knowledge Representation,2022,0,False
Ukraine,Knowledge Representation,2024,0,False
China,Knowledge Representation,2025,12938,False
Greece,Knowledge Representation,2021,0,True
Saudi Arabia,Knowledge Representation,2019,0,True
Chile,Knowledge Representation,2023,0,False
Singapore,Knowledge Representation,2016,7,True
Morocco,Knowledge Representation,2020,0,True
Morocco,Knowledge Representation,2021,0,True
Croatia,Knowledge Representation,2022,0,False
Switzerland,Knowledge Representation,2020,1,True
Russia,Knowledge Representation,2016,10,True
France,Natural Language Processing,2024,14,False
Ireland,Natural Language Processing,2022,0,False
South Africa,Natural Language Processing,2018,0,True
New Zealand,Natural Language Processing,2018,0,True
Finland,Natural Language Processing,2022,2,False
Norway,Natural Language Processing,2024,0,False
Canada,Natural Language Processing,2023,25,False
Turkey,Natural Language Processing,2019,0,True
Australia,Natural Language Processing,2019,42,True
China,Natural Language Processing,2019,2968,True
Spain,Natural Language Processing,2016,1,True
South Korea,Life Sciences,2019,941,True
Poland,Life Sciences,2017,5,True
Poland,Life Sciences,2024,0,False
United States,Life Sciences,2025,35,False
Chile,Life Sciences,2022,1,False
Australia,Life Sciences,2020,312,True
Australia,Life Sciences,2023,213,False
Bulgaria,Life Sciences,2020,6,True
Croatia,Life Sciences,2017,0,True
Norway,Life Sciences,2016,1,True
Ukraine,Life Sciences,2022,0,False
Taiwan,Life Sciences,2018,92,True
Portugal,Life Sciences,2020,3,True
United States,Logic-Based Knowledge Systems,2024,454,False
Norway,Logic-Based Knowledge Systems,2022,1,False
Finland,Logic-Based Knowledge Systems,2018,6,True
Philippines,Logic-Based Knowledge Systems,2019,3,True
Switzerland,Logic-Based Knowledge Systems,2022,0,False
Mexico,Logic-Based Knowledge Systems,2025,0,False
Peru,Logic-Based Knowledge Systems,2016,0,True
Greece,Logic-Based Knowledge Systems,2019,0,True
Sweden,Logic-Based Knowledge Systems,2016,3,True
Portugal,Logic-Based Knowledge Systems,2024,0,False
Poland,Logic-Based Knowledge Systems,2021,1,True
Luxembourg,Logic-Based Knowledge Systems,2024,11,False
Serbia,Markov and Bayesian Models,2023,1,False
Sweden,Markov and Bayesian Models,2021,2,True
Philippines,Markov and Bayesian Models,2023,0,False
Lithuania,Markov and Bayesian Models,2016,0,True
Spain,Markov and Bayesian Models,2017,17,True
Spain,Markov and Bayesian Models,2020,6,True
Spain,Markov and Bayesian Models,2022,2,False
Spain,Markov and Bayesian Models,2023,3,False
Hungary,Markov and Bayesian Models,2023,0,False
Argentina,Markov and Bayesian Models,2016,0,True
Oman,Markov and Bayesian Models,2016,0,True
Mexico,Markov and Bayesian Models,2017,7,True
Turkey,Markov and Bayesian Models,2019,0,True
Turkey,Markov and Bayesian Models,2024,7,False
France,Markov and Bayesian Models,2023,22,False
Israel,Markov and Bayesian Models,2017,1,True
Israel,Markov and Bayesian Models,2023,7,False
France,Measuring and Testing,2017,27,True
Switzerland,Measuring and Testing,2021,0,True
Poland,Measuring and Testing,2018,5,True
Poland,Measuring and Testing,2019,12,True
Poland,Measuring and Testing,2023,6,False
Serbia,Measuring and Testing,2019,2,True
Greece,Measuring and Testing,2025,0,False
Croatia,Measuring and Testing,2021,0,True
Chile,Measuring and Testing,2023,1,False
United States,Measuring and Testing,2022,1413,False
Sweden,Neural Networks,2019,12,True
China,Neural Networks,2018,18674,True
China,Neural Networks,2026,1346,False
Luxembourg,Neural Networks,2019,5,True
Serbia,Neural Networks,2016,2,True
Croatia,Neural Networks,2021,0,True
Denmark,Neural Networks,2022,2,False
San Marino,Neural Networks,2020,1,True
Lithuania,Neural Networks,2017,0,True
France,Ontology Engineering,2018,2,True
Finland,Ontology Engineering,2021,1,True
Ireland,Ontology Engineering,2016,0,True
Argentina,Ontology Engineering,2018,0,True
Netherlands,Ontology Engineering,2019,2,True
India,Ontology Engineering,2020,0,True
Tunisia,Ontology Engineering,2020,0,True
Israel,Other and Unspecified,2018,13,True
Thailand,Other and Unspecified,2017,0,True
Serbia,Other and Unspecified,2019,4,True
Argentina,Other and Unspecified,2020,3,True
United States,Other and Unspecified,2017,3785,True
United States,Other and Unspecified,2024,1998,False
Morocco,Other and Unspecified,2021,1,True
France,Personal Devices and Computing,2017,66,True
Canada,Personal Devices and Computing,2021,348,True
Croatia,Personal Devices and Computing,2017,1,True
Portugal,Personal Devices and Computing,2018,6,True
India,Personal Devices and Computing,2018,180,True
Slovenia,Personal Devices and Computing,2023,0,False
Argentina,Personal Devices and Computing,2021,2,True
China,Personal Devices and Computing,2020,46719,True
Luxembourg,Personal Devices and Computing,2022,37,False
Taiwan,Personal Devices and Computing,2016,56,True
Austria,Physical Sciences and Engineering,2020,19,True
Japan,Physical Sciences and Engineering,2024,1782,False
Peru,Physical Sciences and Engineering,2020,15,True
Philippines,Planning and Scheduling,2020,6,True
Paraguay,Planning and Scheduling,2021,0,True
Czechia,Planning and Scheduling,2023,1,False
Poland,Planning and Scheduling,2023,4,False
France,Planning and Scheduling,2023,29,False
South Africa,Planning and Scheduling,2017,2,True
Russia,Planning and Scheduling,2019,15,True
Lithuania,Planning and Scheduling,2016,0,True
Bulgaria,Planning and Scheduling,2018,1,True
Australia,Planning and Scheduling,2019,93,True
Ukraine,Robotics,2016,0,True
Denmark,Robotics,2024,0,False
India,Robotics,2017,11,True
India,Robotics,2024,0,False
Czechia,Robotics,2023,0,False
Germany,Robotics,2024,33,False
Morocco,Search Methods,2021,0,True
New Zealand,Search Methods,2016,1,True
South Africa,Search Methods,2021,0,True
Jordan,Search Methods,2017,0,True
Serbia,Search Methods,2016,0,True
France,Search Methods,2020,10,True
Austria,Security,2023,0,False
China,Security,2021,4335,True
Malaysia,Security,2017,1,True
Slovakia,Security,2025,0,False
Peru,Security,2016,0,True
Norway,Security,2024,0,False
Colombia,Security,2021,0,True
Austria,Spatial and Physical Reasoning,2018,3,True
China,Spatial and Physical Reasoning,2021,40456,True
Romania,Spatial and Physical Reasoning,2021,2,True
Latvia,Spatial and Physical Reasoning,2017,0,True
Canada,Spatial and Physical Reasoning,2019,252,True
Bulgaria,Spatial and Physical Reasoning,2017,0,True
Serbia,Spatial and Physical Reasoning,2020,1,True
India,Spatial and Physical Reasoning,2022,0,False
Malaysia,Speech Processing,2019,1,True
Slovakia,Speech Processing,2021,0,True
Canada,Speech Processing,2022,20,False
Italy,Speech Processing,2023,1,False
South Africa,Speech Processing,2016,0,True
Israel,Speech Processing,2024,1,False
Spain,Speech Processing,2016,2,True
Uruguay,Speech Processing,2020,0,True
Malaysia,Telecommunications,2022,0,False
Serbia,Telecommunications,2016,0,True
Spain,Telecommunications,2022,13,False
San Marino,Telecommunications,2018,1,True
Czechia,Telecommunications,2017,0,True
Czechia,Telecommunications,2022,0,False
South Korea,Telecommunications,2016,268,True
Denmark,Telecommunications,2019,10,True
Saudi Arabia,Telecommunications,2019,0,True
Hungary,Telecommunications,2022,1,False
South Africa,Transportation,2018,0,True
South Korea,Transportation,2022,895,False
Denmark,Transportation,2016,6,True
France,Transportation,2016,22,True
China,Transportation,2024,20550,False
United States,Transportation,2022,869,False
Serbia,Transportation,2019,1,True
Singapore,Transportation,2016,4,True
New Zealand,Transportation,2019,0,True
Switzerland,Transportation,2020,0,True
Estonia,Agriculture,2022,0,False
Philippines,Agriculture,2016,2,True
Philippines,Agriculture,2021,1,True
San Marino,Agriculture,2020,0,True
France,Agriculture,2018,0,True
Turkey,Agriculture,2016,0,True
Turkey,All,2020,45,True
Peru,All,2019,2,True
Ireland,All,2016,2,True
United States,All,2017,10911,True
Taiwan,All,2021,690,True
Luxembourg,Analytics and Algorithms,2018,1,True
Japan,Analytics and Algorithms,2022,426,False
Chile,Analytics and Algorithms,2018,0,True
Chile,Analytics and Algorithms,2021,0,True
Russia,Analytics and Algorithms,2020,5,True
Switzerland,Analytics and Algorithms,2016,1,True
Turkey,Analytics and Algorithms,2017,1,True
Costa Rica,Analytics and Algorithms,2020,0,True
Costa Rica,Analytics and Algorithms,2023,0,False
Greece,Analytics and Algorithms,2019,0,True
Serbia,Analytics and Algorithms,2018,0,True
Morocco,Analytics and Algorithms,2018,1,True
China,Banking and Finance,2017,439,True
Saudi Arabia,Banking and Finance,2018,1,True
United States,Banking and Finance,2018,766,True
Romania,Banking and Finance,2023,0,False
Israel,Banking and Finance,2016,0,True
Italy,Banking and Finance,2017,0,True
South Africa,Banking and Finance,2016,0,True
Australia,Banking and Finance,2019,52,True
Denmark,Banking and Finance,2016,0,True
Lithuania,Banking and Finance,2021,0,True
Georgia,Banking and Finance,2023,0,False
Sweden,Bio-Inspired Computing,2024,1,False
Germany,Bio-Inspired Computing,2020,62,True
South Africa,Bio-Inspired Computing,2020,0,True
Spain,Bio-Inspired Computing,2025,0,False
Serbia,Bio-Inspired Computing,2017,0,True
Denmark,Bio-Inspired Computing,2022,1,False
Taiwan,Bio-Inspired Computing,2019,6,True
Romania,Bio-Inspired Computing,2020,1,True
Romania,Bio-Inspired Computing,2022,1,False
India,Business,2016,43,True
Poland,Business,2020,3,True
Australia,Business,2018,88,True
Singapore,Business,2017,28,True
Netherlands,Business,2025,2,False
Lithuania,Business,2016,1,True
Hungary,Business,2021,0,True
Hungary,Business,2022,1,False
France,Business,2017,10,True
Switzerland,Business,2021,4,True
Brazil,Business,2020,19,True
Germany,Computer Vision,2022,485,False
United Kingdom,Computer Vision,2022,153,False
Netherlands,Computer Vision,2019,13,True
China,Computer Vision,2017,4629,True
Finland,Computer Vision,2023,5,False
Philippines,Computer Vision,2017,1,True
San Marino,Computer Vision,2018,1,True
South Korea,Computer Vision,2018,1199,True
Taiwan,Computer Vision,2020,221,True
Taiwan,Computer Vision,2024,150,False
Chile,Computing in Government,2023,0,False
Bulgaria,Computing in Government,2025,0,False
Austria,Computing in Government,2024,0,False
United Kingdom,Computing in Government,2018,5,True
South Korea,Computing in Government,2016,18,True
South Korea,Computing in Government,2018,58,True
Peru,Computing in Government,2017,0,True
Peru,Computing in Government,2018,0,True
Denmark,Computing in Government,2018,0,True
Canada,Computing in Government,2022,6,False
Malaysia,Computing in Government,2016,0,True
Spain,Computing in Government,2019,0,True
South Africa,Computing in Government,2019,0,True
Ukraine,Computing in Government,2024,0,False
Japan,Computing in Government,2017,6,True
Bulgaria,Control Methods,2024,4,False
Malaysia,Control Methods,2020,3,True
Hungary,Control Methods,2021,0,True
Saudi Arabia,Control Methods,2019,0,True
Japan,Control Methods,2017,777,True
Russia,Control Methods,2019,14,True
Czechia,Control Methods,2018,3,True
Mexico,Control Methods,2019,27,True
Turkey,Control Methods,2016,2,True
Germany,Control Methods,2020,377,True
Peru,Control Methods,2018,0,True
Peru,Control Methods,2022,2,False
Argentina,Distributed AI,2020,0,True
Romania,Distributed AI,2020,0,True
New Zealand,Distributed AI,2020,0,True
Russia,Distributed AI,2017,0,True
Turkey,Distributed AI,2018,0,True
France,Distributed AI,2016,0,True
Portugal,Distributed AI,2020,0,True
Luxembourg,Distributed AI,2023,2,False
China,Distributed AI,2020,284,True
South Africa,Education,2023,0,False
South Africa,Education,2025,0,False
Denmark,Education,2018,1,True
Ireland,Education,2018,0,True
Hungary,Education,2023,1,False
Norway,Education,2019,0,True
Romania,Education,2023,1,False
Colombia,Education,2022,1,False
Ukraine,Education,2016,0,True
Ukraine,Education,2025,0,False
India,Education,2021,0,True
Finland,Education,2024,0,False
Finland,Energy Management,2023,3,False
Bulgaria,Energy Management,2025,0,False
Romania,Energy Management,2018,0,True
Romania,Energy Management,2023,2,False
Czechia,Energy Management,2020,1,True
Czechia,Energy Management,2024,1,False
Israel,Energy Management,2021,0,True
Russia,Energy Management,2018,2,True
South Africa,Energy Management,2021,0,True
Belgium,Energy Management,2024,1,False
Lithuania,Energy Management,2017,0,True
Ukraine,Energy Management,2021,0,True
Ukraine,Energy Management,2022,0,False
Ukraine,Energy Management,2023,0,False
Argentina,Fuzzy Logic,2021,0,True
Slovakia,Fuzzy Logic,2024,0,False
Germany,Fuzzy Logic,2021,5,True
Peru,Fuzzy Logic,2017,0,True
Peru,Fuzzy Logic,2022,0,False
Australia,Fuzzy Logic,2016,4,True
Brazil,Fuzzy Logic,2020,0,True
France,Fuzzy Logic,2022,2,False
Azerbaijan,Fuzzy Logic,2018,0,True
Chile,Fuzzy Logic,2021,0,True
San Marino,Fuzzy Logic,2023,0,False
Russia,Fuzzy Logic,2021,6,True
Kenya,Fuzzy Logic,2016,0,True
Czechia,Fuzzy Logic,2023,0,False
Belgium,Fuzzy Logic,2024,0,False
Sweden,Industry and Manufacturing,2025,0,False
Norway,Industry and Manufacturing,2020,1,True
Serbia,Industry and Manufacturing,2017,1,True
Portugal,Industry and Manufacturing,2018,2,True
Japan,Industry and Manufacturing,2017,360,True
Romania,Industry and Manufacturing,2018,0,True
Romania,Industry and Manufacturing,2020,1,True
Chile,Industry and Manufacturing,2019,0,True
Chile,Industry and Manufacturing,2023,0,False
Hungary,Knowledge Representation,2019,0,True
San Marino,Knowledge Representation,2023,0,False
Canada,Knowledge Representation,2024,4,False
Slovakia,Knowledge Representation,2020,0,True
France,Knowledge Representation,2019,7,True
Ireland,Knowledge Representation,2018,0,True
Poland,Knowledge Representation,2019,2,True
Belgium,Knowledge Representation,2018,0,True
Austria,Knowledge Representation,2018,0,True
Finland,Knowledge Representation,2017,1,True
United Kingdom,Natural Language Processing,2017,17,True
San Marino,Natural Language Processing,2018,0,True
Luxembourg,Natural Language Processing,2024,7,False
Czechia,Natural Language Processing,2025,0,False
Morocco,Natural Language Processing,2022,0,False
Sweden,Natural Language Processing,2017,0,True
Sweden,Natural Language Processing,2025,0,False
Jordan,Natural Language Processing,2023,0,False
Spain,Natural Language Processing,2019,3,True
Spain,Natural Language Processing,2025,0,False
Italy,Natural Language Processing,2019,1,True
Uruguay,Natural Language Processing,2020,0,True
Malaysia,Life Sciences,2017,8,True
Mexico,Life Sciences,2024,1,False
Netherlands,Life Sciences,2020,3,True
Netherlands,Life Sciences,2022,11,False
South Africa,Life Sciences,2025,0,False
Italy,Life Sciences,2022,20,False
Italy,Life Sciences,2024,7,False
Ireland,Life Sciences,2023,1,False
Singapore,Life Sciences,2020,0,True
Belgium,Life Sciences,2018,1,True
Turkey,Life Sciences,2021,17,True
Turkey,Life Sciences,2024,14,False
Slovenia,Life Sciences,2018,3,True
Morocco,Life Sciences,2023,3,False
Taiwan,Life Sciences,2019,100,True
Estonia,Life Sciences,2022,0,False
South Africa,Logic-Based Knowledge Systems,2017,0,True
United Kingdom,Logic-Based Knowledge Systems,2022,18,False
United Kingdom,Logic-Based Knowledge Systems,2024,21,False
Romania,Logic-Based Knowledge Systems,2018,0,True
Argentina,Logic-Based Knowledge Systems,2022,2,False
Germany,Logic-Based Knowledge Systems,2024,45,False
Slovakia,Logic-Based Knowledge Systems,2021,0,True
Turkey,Logic-Based Knowledge Systems,2016,0,True
Austria,Logic-Based Knowledge Systems,2016,1,True
Chile,Logic-Based Knowledge Systems,2023,1,False
Portugal,Logic-Based Knowledge Systems,2022,0,False
South Korea,Logic-Based Knowledge Systems,2025,5,False
Germany,Markov and Bayesian Models,2018,51,True
Philippines,Markov and Bayesian Models,2016,1,True
Spain,Markov and Bayesian Models,2025,0,False
Bulgaria,Markov and Bayesian Models,2021,0,True
Denmark,Markov and Bayesian Models,2016,1,True
South Africa,Markov and Bayesian Models,2018,1,True
South Africa,Markov and Bayesian Models,2019,0,True
Finland,Markov and Bayesian Models,2024,0,False
Slovenia,Measuring and Testing,2016,2,True
New Zealand,Measuring and Testing,2021,2,True
Philippines,Measuring and Testing,2022,6,False
Malaysia,Measuring and Testing,2018,3,True
Turkey,Measuring and Testing,2022,5,False
Mexico,Measuring and Testing,2019,40,True
Argentina,Measuring and Testing,2021,4,True
Finland,Measuring and Testing,2019,17,True
Panama,Measuring and Testing,2016,1,True
Germany,Measuring and Testing,2024,230,False
Israel,Measuring and Testing,2022,12,False
South Korea,Measuring and Testing,2022,1691,False
Sweden,Neural Networks,2024,15,False
Italy,Neural Networks,2020,36,True
Canada,Neural Networks,2024,30,False
Saudi Arabia,Neural Networks,2022,0,False
Belgium,Neural Networks,2019,1,True
Hungary,Neural Networks,2024,1,False
Austria,Neural Networks,2019,4,True
Singapore,Ontology Engineering,2020,0,True
Cuba,Ontology Engineering,2020,0,True
Hungary,Ontology Engineering,2022,0,False
Poland,Ontology Engineering,2018,0,True
Panama,Ontology Engineering,2016,0,True
Netherlands,Ontology Engineering,2016,0,True
India,Ontology Engineering,2024,0,False
Romania,Ontology Engineering,2019,2,True
Spain,Ontology Engineering,2016,2,True
Kenya,Other and Unspecified,2016,1,True
Netherlands,Other and Unspecified,2019,6,True
Netherlands,Other and Unspecified,2025,2,False
United Kingdom,Other and Unspecified,2022,183,False
Iran,Other and Unspecified,2018,0,True
Tunisia,Other and Unspecified,2021,3,True
Ukraine,Other and Unspecified,2018,1,True
United States,Other and Unspecified,2018,4693,True
Uruguay,Other and Unspecified,2020,0,True
Austria,Other and Unspecified,2016,8,True
Austria,Other and Unspecified,2019,2,True
China,Other and Unspecified,2016,3634,True
Luxembourg,Other and Unspecified,2017,0,True
Luxembourg,Other and Unspecified,2021,10,True
Hungary,Other and Unspecified,2023,4,False
South Africa,Other and Unspecified,2024,74,False
Turkey,Personal Devices and Computing,2025,0,False
Lithuania,Personal Devices and Computing,2016,2,True
Portugal,Personal Devices and Computing,2017,4,True
India,Personal Devices and Computing,2019,10,True
Australia,Personal Devices and Computing,2020,466,True
Slovenia,Personal Devices and Computing,2016,1,True
Serbia,Personal Devices and Computing,2016,1,True
United Kingdom,Personal Devices and Computing,2018,213,True
Italy,Personal Devices and Computing,2023,28,False
Greece,Personal Devices and Computing,2024,3,False
Netherlands,Personal Devices and Computing,2020,9,True
Austria,Personal Devices and Computing,2018,5,True
Spain,Personal Devices and Computing,2022,27,False
Colombia,Personal Devices and Computing,2022,2,False
Tunisia,Physical Sciences and Engineering,2020,1,True
Japan,Physical Sciences and Engineering,2023,3731,False
Spain,Physical Sciences and Engineering,2021,111,True
Russia,Physical Sciences and Engineering,2018,215,True
Slovenia,Physical Sciences and Engineering,2018,9,True
Colombia,Physical Sciences and Engineering,2021,3,True
France,Physical Sciences and Engineering,2022,320,False
Netherlands,Physical Sciences and Engineering,2016,6,True
Canada,Physical Sciences and Engineering,2024,59,False
Morocco,Physical Sciences and Engineering,2021,2,True
India,Physical Sciences and Engineering,2019,12,True
Italy,Physical Sciences and Engineering,2018,42,True
Finland,Planning and Scheduling,2017,1,True
Finland,Planning and Scheduling,2024,1,False
Argentina,Planning and Scheduling,2022,1,False
Japan,Planning and Scheduling,2022,255,False
Czechia,Planning and Scheduling,2020,1,True
Ukraine,Planning and Scheduling,2018,2,True
Norway,Planning and Scheduling,2021,0,True
Singapore,Planning and Scheduling,2018,27,True
South Africa,Planning and Scheduling,2022,0,False
Ukraine,Robotics,2021,0,True
Australia,Robotics,2016,19,True
South Africa,Robotics,2017,0,True
Taiwan,Robotics,2019,6,True
Turkey,Robotics,2017,2,True
Argentina,Robotics,2021,1,True
Italy,Robotics,2022,3,False
Slovakia,Search Methods,2024,0,False
Italy,Search Methods,2022,2,False
Peru,Search Methods,2019,0,True
Israel,Search Methods,2019,1,True
Philippines,Search Methods,2022,0,False
Canada,Search Methods,2019,73,True
Luxembourg,Search Methods,2017,1,True
India,Search Methods,2016,12,True
Chile,Search Methods,2017,0,True
Netherlands,Search Methods,2024,1,False
Georgia,Search Methods,2023,1,False
Denmark,Search Methods,2018,1,True
France,Search Methods,2018,14,True
Hungary,Search Methods,2021,0,True
Japan,Security,2020,215,True
South Korea,Security,2025,77,False
Greece,Security,2017,0,True
Philippines,Security,2022,1,False
Ukraine,Security,2017,0,True
Russia,Security,2019,22,True
Finland,Security,2016,0,True
Czechia,Security,2025,0,False
Hungary,Security,2020,2,True
Austria,Spatial and Physical Reasoning,2021,4,True
Germany,Spatial and Physical Reasoning,2019,410,True
Denmark,Spatial and Physical Reasoning,2017,4,True
Romania,Spatial and Physical Reasoning,2023,4,False
Australia,Spatial and Physical Reasoning,2020,319,True
New Zealand,Spatial and Physical Reasoning,2018,5,True
Philippines,Spatial and Physical Reasoning,2017,1,True
Peru,Spatial and Physical Reasoning,2020,6,True
Malaysia,Spatial and Physical Reasoning,2018,5,True
Spain,Spatial and Physical Reasoning,2016,18,True
Mexico,Spatial and Physical Reasoning,2016,17,True
Finland,Spatial and Physical Reasoning,2017,13,True
Finland,Spatial and Physical Reasoning,2020,8,True
Israel,Spatial and Physical Reasoning,2017,12,True
Israel,Spatial and Physical Reasoning,2021,12,True
Indonesia,Speech Processing,2016,0,True
United States,Speech Processing,2025,15,False
Chile,Speech Processing,2018,0,True
Greece,Speech Processing,2016,1,True
Germany,Speech Processing,2023,57,False
Hungary,Speech Processing,2017,1,True
Morocco,Speech Processing,2021,0,True
Lithuania,Speech Processing,2022,0,False
Canada,Telecommunications,2018,150,True
Canada,Telecommunications,2020,177,True
Finland,Telecommunications,2017,11,True
Singapore,Telecommunications,2019,36,True
Spain,Telecommunications,2024,6,False
Netherlands,Telecommunications,2021,3,True
Taiwan,Telecommunications,2019,96,True
Russia,Telecommunications,2018,38,True
Russia,Telecommunications,2019,28,True
Australia,Telecommunications,2020,188,True
Luxembourg,Telecommunications,2017,0,True
Hungary,Telecommunications,2019,1,True
United Kingdom,Telecommunications,2020,85,True
India,Transportation,2018,19,True
Hungary,Transportation,2024,0,False
Peru,Transportation,2023,0,False
San Marino,Transportation,2020,0,True
Turkey,Transportation,2023,18,False
Russia,Transportation,2017,23,True
Canada,Transportation,2023,6,False
Italy,Transportation,2019,12,True
Taiwan,Agriculture,2025,1,False
Argentina,Agriculture,2023,3,False
United Kingdom,Agriculture,2023,13,False
Israel,Agriculture,2021,0,True
Luxembourg,Agriculture,2021,1,True
Belgium,Agriculture,2025,0,False
Spain,Agriculture,2024,1,False
Hungary,All,2018,7,True
San Marino,All,2020,1,True
Israel,All,2021,27,True
Kenya,All,2016,1,True
Australia,All,2019,595,True
Luxembourg,All,2018,9,True
Bulgaria,All,2017,3,True
Saudi Arabia,All,2019,1,True
Finland,All,2024,20,False
Lithuania,Analytics and Algorithms,2021,0,True
Azerbaijan,Analytics and Algorithms,2018,0,True
Australia,Analytics and Algorithms,2021,217,True
Sweden,Analytics and Algorithms,2020,4,True
Canada,Analytics and Algorithms,2020,143,True
Philippines,Analytics and Algorithms,2023,0,False
Denmark,Analytics and Algorithms,2021,2,True
Italy,Analytics and Algorithms,2024,4,False
Taiwan,Analytics and Algorithms,2020,104,True
China,Analytics and Algorithms,2018,1167,True
Spain,Analytics and Algorithms,2020,12,True
Portugal,Banking and Finance,2022,0,False
Greece,Banking and Finance,2016,0,True
Austria,Banking and Finance,2017,0,True
Switzerland,Banking and Finance,2020,1,True
Poland,Banking and Finance,2017,1,True
Luxembourg,Banking and Finance,2023,2,False
Costa Rica,Bio-Inspired Computing,2021,0,True
Finland,Bio-Inspired Computing,2023,1,False
Ukraine,Bio-Inspired Computing,2017,0,True
South Africa,Bio-Inspired Computing,2024,2,False
Israel,Bio-Inspired Computing,2018,0,True
Israel,Bio-Inspired Computing,2019,0,True
Denmark,Bio-Inspired Computing,2021,1,True
Australia,Bio-Inspired Computing,2021,74,True
South Korea,Bio-Inspired Computing,2017,126,True
Luxembourg,Business,2022,13,False
Luxembourg,Business,2023,21,False
Turkey,Business,2023,37,False
Bulgaria,Business,2017,2,True
Denmark,Business,2024,0,False
Ukraine,Business,2019,0,True
Tunisia,Business,2020,0,True
Slovakia,Business,2023,0,False
Finland,Business,2017,4,True
South Africa,Business,2020,3,True
United Kingdom,Business,2020,44,True
France,Business,2021,25,True
San Marino,Business,2017,0,True
India,Computer Vision,2022,1,False
United Kingdom,Computer Vision,2020,142,True
Greece,Computer Vision,2021,1,True
Ireland,Computer Vision,2022,0,False
Israel,Computer Vision,2018,9,True
Colombia,Computer Vision,2021,1,True
Turkey,Computer Vision,2023,29,False
Spain,Computer Vision,2025,2,False
Kenya,Computing in Government,2016,0,True
Bulgaria,Computing in Government,2020,0,True
Austria,Computing in Government,2019,0,True
United Kingdom,Computing in Government,2019,4,True
Israel,Computing in Government,2021,0,True
Israel,Computing in Government,2023,0,False
Panama,Computing in Government,2016,0,True
China,Computing in Government,2023,2593,False
Portugal,Computing in Government,2017,0,True
Serbia,Computing in Government,2022,0,False
Argentina,Control Methods,2016,0,True
Ukraine,Control Methods,2017,3,True
Hungary,Control Methods,2019,2,True
Japan,Control Methods,2022,531,False
Czechia,Control Methods,2021,0,True
Costa Rica,Control Methods,2021,0,True
Australia,Control Methods,2018,71,True
Taiwan,Control Methods,2020,75,True
France,Control Methods,2019,47,True
Spain,Control Methods,2022,8,False
Germany,Control Methods,2019,331,True
Germany,Control Methods,2021,324,True
Philippines,Distributed AI,2023,0,False
Ukraine,Distributed AI,2024,0,False
Mexico,Distributed AI,2016,0,True
Mexico,Distributed AI,2019,2,True
Costa Rica,Distributed AI,2023,0,False
Sweden,Education,2023,2,False
Greece,Education,2017,0,True
Denmark,Education,2016,0,True
Turkey,Education,2021,3,True
Lithuania,Education,2017,0,True
Norway,Education,2020,0,True
Finland,Education,2019,0,True
Mexico,Energy Management,2022,5,False
Romania,Energy Management,2020,1,True
Hungary,Energy Management,2018,0,True
Norway,Energy Management,2018,0,True
Netherlands,Energy Management,2016,0,True
Netherlands,Energy Management,2023,3,False
China,Energy Management,2025,18498,False
Taiwan,Fuzzy Logic,2023,4,False
South Africa,Fuzzy Logic,2022,1,False
Austria,Fuzzy Logic,2020,0,True
Norway,Fuzzy Logic,2024,0,False
Luxembourg,Fuzzy Logic,2021,2,True
China,Fuzzy Logic,2022,1517,False
China,Fuzzy Logic,2026,36,False
Japan,Fuzzy Logic,2022,11,False
Bulgaria,Fuzzy Logic,2022,0,False
Romania,Fuzzy Logic,2023,0,False
Croatia,Industry and Manufacturing,2018,0,True
Austria,Industry and Manufacturing,2018,1,True
Austria,Industry and Manufacturing,2023,1,False
Portugal,Industry and Manufacturing,2020,0,True
Poland,Industry and Manufacturing,2021,6,True
Turkey,Industry and Manufacturing,2019,6,True
Romania,Industry and Manufacturing,2016,0,True
Romania,Industry and Manufacturing,2022,0,False
Slovakia,Industry and Manufacturing,2021,3,True
France,Industry and Manufacturing,2024,8,False
Turkey,Knowledge Representation,2016,0,True
Hungary,Knowledge Representation,2020,0,True
Japan,Knowledge Representation,2022,92,False
Japan,Knowledge Representation,2024,21,False
Ukraine,Knowledge Representation,2023,0,False
Greece,Knowledge Representation,2017,0,True
Jordan,Knowledge Representation,2021,0,True
Romania,Knowledge Representation,2021,0,True
Switzerland,Knowledge Representation,2023,1,False
Costa Rica,Knowledge Representation,2019,0,True
Argentina,Natural Language Processing,2019,0,True
Cuba,Natural Language Processing,2020,0,True
Colombia,Natural Language Processing,2021,0,True
India,Natural Language Processing,2016,21,True
Bulgaria,Natural Language Processing,2024,0,False
South Korea,Natural Language Processing,2022,829,False
Croatia,Natural Language Processing,2024,0,False
Peru,Life Sciences,2016,0,True
Austria,Life Sciences,2022,2,False
Japan,Life Sciences,2017,396,True
Germany,Life Sciences,2017,52,True
Germany,Life Sciences,2020,133,True
Germany,Life Sciences,2022,133,False
Spain,Life Sciences,2017,37,True
Greece,Life Sciences,2023,7,False
Morocco,Life Sciences,2022,2,False
Ukraine,Life Sciences,2024,0,False
India,Life Sciences,2019,1,True
Brazil,Logic-Based Knowledge Systems,2020,17,True
Spain,Logic-Based Knowledge Systems,2021,1,True
Canada,Logic-Based Knowledge Systems,2023,15,False
Belgium,Logic-Based Knowledge Systems,2025,0,False
Peru,Logic-Based Knowledge Systems,2021,1,True
Malaysia,Logic-Based Knowledge Systems,2016,3,True
Lithuania,Markov and Bayesian Models,2019,1,True
Canada,Markov and Bayesian Models,2019,110,True
Japan,Markov and Bayesian Models,2020,354,True
Mexico,Markov and Bayesian Models,2024,2,False
Austria,Markov and Bayesian Models,2017,1,True
Morocco,Markov and Bayesian Models,2018,0,True
Netherlands,Markov and Bayesian Models,2018,1,True
New Zealand,Markov and Bayesian Models,2017,3,True
France,Markov and Bayesian Models,2021,16,True
China,Markov and Bayesian Models,2018,1922,True
Czechia,Measuring and Testing,2018,2,True
Spain,Measuring and Testing,2018,43,True
Italy,Measuring and Testing,2021,21,True
Japan,Measuring and Testing,2021,766,True
United Kingdom,Measuring and Testing,2017,38,True
Portugal,Measuring and Testing,2018,3,True
Argentina,Measuring and Testing,2020,4,True
India,Measuring and Testing,2016,10,True
India,Measuring and Testing,2020,0,True
India,Measuring and Testing,2024,0,False
Germany,Measuring and Testing,2020,271,True
Chile,Measuring and Testing,2021,0,True
Ireland,Measuring and Testing,2023,1,False
South Korea,Measuring and Testing,2018,499,True
China,Neural Networks,2020,48104,True
Mexico,Neural Networks,2020,78,True
Canada,Neural Networks,2019,445,True
Greece,Neural Networks,2023,12,False
Norway,Neural Networks,2021,5,True
Saudi Arabia,Ontology Engineering,2022,0,False
Portugal,Ontology Engineering,2018,0,True
Bulgaria,Ontology Engineering,2018,0,True
Russia,Ontology Engineering,2016,6,True
Switzerland,Ontology Engineering,2022,0,False
Switzerland,Ontology Engineering,2024,0,False
Austria,Ontology Engineering,2021,0,True
Ireland,Ontology Engineering,2023,0,False
Morocco,Ontology Engineering,2017,2,True
Norway,Ontology Engineering,2020,0,True
Colombia,Other and Unspecified,2017,1,True
Denmark,Other and Unspecified,2016,19,True
Spain,Other and Unspecified,2025,10,False
Lithuania,Other and Unspecified,2020,2,True
Brazil,Other and Unspecified,2020,59,True
Mexico,Other and Unspecified,2017,38,True
China,Other and Unspecified,2024,34662,False
Croatia,Other and Unspecified,2023,4,False
Italy,Other and Unspecified,2016,14,True
Italy,Other and Unspecified,2021,39,True
New Zealand,Other and Unspecified,2016,5,True
India,Other and Unspecified,2017,81,True
India,Other and Unspecified,2021,4,True
Bulgaria,Other and Unspecified,2019,1,True
Canada,Other and Unspecified,2019,257,True
San Marino,Other and Unspecified,2023,0,False
Philippines,Personal Devices and Computing,2023,1,False
Chile,Personal Devices and Computing,2017,1,True
South Korea,Personal Devices and Computing,2018,1860,True
Ukraine,Personal Devices and Computing,2018,5,True
Italy,Personal Devices and Computing,2020,18,True
Greece,Personal Devices and Computing,2017,7,True
Czechia,Personal Devices and Computing,2021,0,True
Japan,Personal Devices and Computing,2020,1796,True
South Africa,Personal Devices and Computing,2018,2,True
Ireland,Personal Devices and Computing,2021,1,True
Lithuania,Physical Sciences and Engineering,2021,1,True
Japan,Physical Sciences and Engineering,2019,4559,True
Singapore,Physical Sciences and Engineering,2018,218,True
Greece,Physical Sciences and Engineering,2023,23,False
Oman,Physical Sciences and Engineering,2016,1,True
Bulgaria,Physical Sciences and Engineering,2021,4,True
Colombia,Physical Sciences and Engineering,2023,3,False
Belgium,Physical Sciences and Engineering,2025,8,False
Slovakia,Physical Sciences and Engineering,2023,9,False
Serbia,Physical Sciences and Engineering,2024,9,False
Philippines,Physical Sciences and Engineering,2021,56,True
Jordan,Physical Sciences and Engineering,2023,1,False
Denmark,Physical Sciences and Engineering,2022,9,False
Saudi Arabia,Physical Sciences and Engineering,2021,0,True
Italy,Physical Sciences and Engineering,2023,97,False
Colombia,Planning and Scheduling,2024,0,False
United Kingdom,Planning and Scheduling,2022,32,False
United Kingdom,Planning and Scheduling,2025,3,False
Philippines,Planning and Scheduling,2023,2,False
Finland,Planning and Scheduling,2019,5,True
Italy,Planning and Scheduling,2021,10,True
Costa Rica,Planning and Scheduling,2023,0,False
Czechia,Planning and Scheduling,2019,0,True
Ukraine,Planning and Scheduling,2016,0,True
Serbia,Planning and Scheduling,2016,0,True
Austria,Planning and Scheduling,2024,1,False
Turkey,Planning and Scheduling,2017,2,True
South Africa,Planning and Scheduling,2018,1,True
Bulgaria,Planning and Scheduling,2024,3,False
Australia,Planning and Scheduling,2022,50,False
Ireland,Robotics,2021,0,True
South Korea,Robotics,2018,209,True
South Korea,Robotics,2021,383,True
Morocco,Robotics,2016,1,True
Luxembourg,Robotics,2022,1,False
Taiwan,Robotics,2023,21,False
Taiwan,Robotics,2025,2,False
Spain,Robotics,2021,7,True
United States,Robotics,2021,621,True
Turkey,Robotics,2024,8,False
Brazil,Robotics,2019,11,True
Finland,Robotics,2024,0,False
Switzerland,Robotics,2022,0,False
Malaysia,Robotics,2022,0,False
Bulgaria,Search Methods,2021,0,True
Israel,Search Methods,2024,0,False
South Africa,Search Methods,2017,0,True
San Marino,Search Methods,2020,1,True
Romania,Search Methods,2018,0,True
India,Search Methods,2021,0,True
South Korea,Search Methods,2017,33,True
New Zealand,Security,2016,0,True
Poland,Security,2023,1,False
Finland,Security,2021,6,True
Spain,Security,2021,8,True
Germany,Security,2020,49,True
Romania,Spatial and Physical Reasoning,2019,0,True
Australia,Spatial and Physical Reasoning,2021,485,True
New Zealand,Spatial and Physical Reasoning,2017,7,True
Portugal,Spatial and Physical Reasoning,2018,7,True
Turkey,Spatial and Physical Reasoning,2022,17,False
Russia,Spatial and Physical Reasoning,2016,32,True
Bulgaria,Spatial and Physical Reasoning,2020,0,True
Bulgaria,Spatial and Physical Reasoning,2022,0,False
Greece,Spatial and Physical Reasoning,2023,4,False
Israel,Spatial and Physical Reasoning,2020,6,True
Netherlands,Spatial and Physical Reasoning,2019,7,True
United States,Speech Processing,2022,855,False
Czechia,Speech Processing,2024,0,False
China,Speech Processing,2026,37,False
Tunisia,Speech Processing,2023,0,False
Greece,Speech Processing,2021,1,True
France,Speech Processing,2022,11,False
Turkey,Speech Processing,2016,0,True
Switzerland,Speech Processing,2019,0,True
Switzerland,Speech Processing,2020,0,True
Croatia,Speech Processing,2018,0,True
Jordan,Speech Processing,2017,0,True
Spain,Speech Processing,2017,5,True
Finland,Telecommunications,2021,24,True
Slovakia,Telecommunications,2025,0,False
Israel,Telecommunications,2018,6,True
China,Telecommunications,2026,135,False
Mexico,Telecommunications,2025,4,False
Ukraine,Telecommunications,2018,0,True
Czechia,Telecommunications,2018,0,True
Tunisia,Telecommunications,2021,1,True
Hungary,Transportation,2018,0,True
South Africa,Transportation,2023,0,False
Netherlands,Transportation,2022,3,False
Morocco,Transportation,2024,0,False
Lithuania,Transportation,2019,1,True
Serbia,Transportation,2016,0,True
United Kingdom,Transportation,2024,51,False
Slovenia,Transportation,2023,0,False
Greece,Transportation,2018,0,True
Norway,Transportation,2016,0,True
Romania,Transportation,2018,0,True
New Zealand,Transportation,2018,1,True
Denmark,Agriculture,2016,1,True
Russia,Agriculture,2019,2,True
Sweden,Agriculture,2023,3,False
South Korea,Agriculture,2016,26,True
Hungary,Agriculture,2021,0,True
Taiwan,Agriculture,2024,2,False
Portugal,Agriculture,2022,1,False
India,Agriculture,2023,0,False
Malaysia,Agriculture,2021,1,True
New Zealand,Agriculture,2022,0,False
San Marino,All,2017,1,True
Austria,All,2022,11,False
South Korea,All,2021,10153,True
Germany,All,2016,275,True
Sweden,All,2016,12,True
Peru,All,2017,1,True
Greece,All,2024,11,False
Switzerland,All,2021,11,True
Jordan,All,2023,1,False
Luxembourg,Analytics and Algorithms,2024,26,False
Luxembourg,Analytics and Algorithms,2025,16,False
Russia,Analytics and Algorithms,2018,5,True
South Africa,Analytics and Algorithms,2020,0,True
Slovenia,Analytics and Algorithms,2019,0,True
Italy,Analytics and Algorithms,2017,7,True
Portugal,Analytics and Algorithms,2024,0,False
Taiwan,Analytics and Algorithms,2018,23,True
Taiwan,Analytics and Algorithms,2024,50,False
Finland,Analytics and Algorithms,2024,6,False
Turkey,Analytics and Algorithms,2021,12,True
Bulgaria,Analytics and Algorithms,2021,0,True
Argentina,Analytics and Algorithms,2019,2,True
Poland,Analytics and Algorithms,2017,2,True
China,Banking and Finance,2022,3054,False
Croatia,Banking and Finance,2023,2,False
United States,Banking and Finance,2019,923,True
Greece,Banking and Finance,2019,0,True
Norway,Banking and Finance,2022,0,False
Switzerland,Banking and Finance,2019,0,True
Spain,Banking and Finance,2017,3,True
Taiwan,Banking and Finance,2025,10,False
Hungary,Banking and Finance,2023,1,False
Ukraine,Banking and Finance,2019,0,True
South Africa,Banking and Finance,2017,1,True
South Africa,Banking and Finance,2024,0,False
Bulgaria,Banking and Finance,2018,0,True
Mexico,Banking and Finance,2018,4,True
Saudi Arabia,Bio-Inspired Computing,2022,0,False
Hungary,Bio-Inspired Computing,2022,1,False
Hungary,Bio-Inspired Computing,2024,0,False
Czechia,Bio-Inspired Computing,2023,0,False
Poland,Bio-Inspired Computing,2017,1,True
Bulgaria,Bio-Inspired Computing,2023,0,False
Latvia,Bio-Inspired Computing,2017,0,True
Austria,Bio-Inspired Computing,2021,1,True
Lithuania,Bio-Inspired Computing,2021,0,True
Poland,Business,2024,0,False
Slovenia,Business,2016,0,True
Slovenia,Business,2022,0,False
Serbia,Business,2018,0,True
Canada,Business,2018,138,True
Peru,Business,2021,1,True
Netherlands,Business,2018,0,True
Taiwan,Business,2016,17,True
Norway,Business,2017,0,True
Chile,Business,2022,0,False
Lithuania,Computer Vision,2020,1,True
Peru,Computer Vision,2022,3,False
Greece,Computer Vision,2017,6,True
Thailand,Computer Vision,2017,0,True
Belgium,Computer Vision,2018,2,True
Chile,Computer Vision,2021,0,True
Philippines,Computer Vision,2021,44,True
Philippines,Computer Vision,2022,3,False
Japan,Computer Vision,2025,9,False
San Marino,Computer Vision,2023,0,False
United States,Computer Vision,2023,2432,False
Romania,Computer Vision,2017,0,True
Spain,Computer Vision,2023,11,False
Hungary,Computer Vision,2022,10,False
Poland,Computing in Government,2019,0,True
Israel,Computing in Government,2019,0,True
Germany,Computing in Government,2021,0,True
Germany,Computing in Government,2024,4,False
South Korea,Computing in Government,2023,301,False
Taiwan,Computing in Government,2018,0,True
Switzerland,Computing in Government,2018,0,True
Lithuania,Computing in Government,2018,0,True
South Africa,Computing in Government,2025,0,False
Japan,Computing in Government,2025,0,False
Finland,Control Methods,2019,13,True
Finland,Control Methods,2021,11,True
Malaysia,Control Methods,2016,4,True
Japan,Control Methods,2021,603,True
Czechia,Control Methods,2024,2,False
France,Control Methods,2017,28,True
Spain,Control Methods,2019,31,True
India,Control Methods,2017,34,True
Romania,Distributed AI,2017,0,True
Philippines,Distributed AI,2018,0,True
Sweden,Distributed AI,2019,1,True
Greece,Distributed AI,2022,0,False
Finland,Distributed AI,2021,0,True
Bulgaria,Distributed AI,2017,0,True
Bulgaria,Distributed AI,2018,0,True
Uruguay,Distributed AI,2022,0,False
Denmark,Distributed AI,2016,0,True
Jordan,Distributed AI,2017,0,True
Mexico,Distributed AI,2018,0,True
Mexico,Distributed AI,2020,0,True
Australia,Distributed AI,2018,4,True
China,Distributed AI,2024,1991,False
Netherlands,Distributed AI,2020,0,True
Poland,Education,2021,0,True
Morocco,Education,2019,0,True
Hungary,Education,2021,0,True
Canada,Education,2016,15,True
Canada,Education,2020,14,True
United States,Energy Management,2016,182,True
San Marino,Energy Management,2020,0,True
Hungary,Energy Management,2021,2,True
India,Energy Management,2017,3,True
Italy,Energy Management,2016,1,True
Taiwan,Energy Management,2017,8,True
Luxembourg,Energy Management,2019,0,True
South Africa,Energy Management,2016,0,True
Argentina,Energy Management,2019,0,True
Ukraine,Energy Management,2024,0,False
Taiwan,Fuzzy Logic,2019,7,True
Israel,Fuzzy Logic,2024,0,False
France,Fuzzy Logic,2018,6,True
South Korea,Fuzzy Logic,2017,39,True
South Korea,Fuzzy Logic,2018,38,True
Canada,Fuzzy Logic,2023,0,False
Colombia,Fuzzy Logic,2023,0,False
Greece,Fuzzy Logic,2021,0,True
Czechia,Fuzzy Logic,2025,0,False
Poland,Industry and Manufacturing,2016,2,True
Poland,Industry and Manufacturing,2017,2,True
Poland,Industry and Manufacturing,2024,2,False
United Kingdom,Industry and Manufacturing,2025,4,False
Estonia,Industry and Manufacturing,2022,0,False
Mexico,Industry and Manufacturing,2022,4,False
Panama,Industry and Manufacturing,2016,0,True
Peru,Industry and Manufacturing,2018,0,True
Sweden,Knowledge Representation,2018,1,True
Brazil,Knowledge Representation,2021,4,True
Malaysia,Knowledge Representation,2020,0,True
United Kingdom,Knowledge Representation,2021,20,True
Portugal,Knowledge Representation,2023,1,False
Russia,Knowledge Representation,2021,0,True
Hungary,Natural Language Processing,2020,0,True
Poland,Natural Language Processing,2019,0,True
United Kingdom,Natural Language Processing,2022,18,False
New Zealand,Natural Language Processing,2020,1,True
New Zealand,Natural Language Processing,2023,0,False
Serbia,Natural Language Processing,2025,1,False
Brazil,Natural Language Processing,2016,3,True
South Korea,Life Sciences,2017,364,True
South Africa,Life Sciences,2016,0,True
Philippines,Life Sciences,2018,2,True
Philippines,Life Sciences,2020,3,True
Belgium,Life Sciences,2023,1,False
Switzerland,Life Sciences,2019,0,True
Turkey,Life Sciences,2019,5,True
Paraguay,Life Sciences,2021,0,True
Serbia,Logic-Based Knowledge Systems,2025,0,False
Bulgaria,Logic-Based Knowledge Systems,2021,0,True
United Kingdom,Logic-Based Knowledge Systems,2017,34,True
Panama,Logic-Based Knowledge Systems,2016,1,True
India,Logic-Based Knowledge Systems,2018,73,True
Singapore,Logic-Based Knowledge Systems,2017,30,True
Russia,Logic-Based Knowledge Systems,2021,2,True
Mexico,Logic-Based Knowledge Systems,2016,7,True
China,Logic-Based Knowledge Systems,2020,1958,True
Malaysia,Logic-Based Knowledge Systems,2017,8,True
Taiwan,Logic-Based Knowledge Systems,2016,19,True
Australia,Logic-Based Knowledge Systems,2018,101,True
South Korea,Logic-Based Knowledge Systems,2023,322,False
Serbia,Markov and Bayesian Models,2016,0,True
Japan,Markov and Bayesian Models,2022,250,False
Argentina,Markov and Bayesian Models,2017,1,True
Russia,Markov and Bayesian Models,2020,25,True
Romania,Markov and Bayesian Models,2021,0,True
Austria,Markov and Bayesian Models,2016,0,True
Czechia,Markov and Bayesian Models,2020,0,True
Netherlands,Markov and Bayesian Models,2019,1,True
Portugal,Markov and Bayesian Models,2023,1,False
France,Markov and Bayesian Models,2020,16,True
Slovenia,Markov and Bayesian Models,2019,0,True
Slovenia,Markov and Bayesian Models,2022,0,False
South Africa,Markov and Bayesian Models,2023,3,False
Spain,Measuring and Testing,2023,6,False
Luxembourg,Measuring and Testing,2022,18,False
Philippines,Measuring and Testing,2019,5,True
Slovakia,Measuring and Testing,2021,2,True
Serbia,Measuring and Testing,2022,1,False
Singapore,Measuring and Testing,2016,13,True
Morocco,Measuring and Testing,2017,1,True
Norway,Measuring and Testing,2021,1,True
Czechia,Neural Networks,2020,3,True
Canada,Neural Networks,2021,533,True
Ukraine,Neural Networks,2017,2,True
India,Neural Networks,2024,0,False
San Marino,Neural Networks,2018,1,True
Poland,Neural Networks,2020,15,True
Netherlands,Neural Networks,2025,10,False
Lithuania,Neural Networks,2016,0,True
Switzerland,Neural Networks,2023,5,False
Jordan,Neural Networks,2017,1,True
Hungary,Ontology Engineering,2017,0,True
Hungary,Ontology Engineering,2020,0,True
Lithuania,Ontology Engineering,2018,0,True
Turkey,Ontology Engineering,2018,0,True
Turkey,Ontology Engineering,2024,2,False
Slovakia,Ontology Engineering,2020,0,True
Japan,Ontology Engineering,2022,27,False
United Kingdom,Ontology Engineering,2017,9,True
Germany,Ontology Engineering,2024,7,False
Costa Rica,Ontology Engineering,2021,0,True
Sweden,Other and Unspecified,2019,7,True
France,Other and Unspecified,2017,49,True
Taiwan,Other and Unspecified,2022,265,False
Greece,Other and Unspecified,2021,2,True
Serbia,Other and Unspecified,2022,1,False
Poland,Other and Unspecified,2024,6,False
Mexico,Other and Unspecified,2023,10,False
Peru,Other and Unspecified,2022,3,False
India,Other and Unspecified,2022,5,False
Canada,Other and Unspecified,2022,278,False
Turkey,Other and Unspecified,2025,3,False
Finland,Other and Unspecified,2017,9,True
Malaysia,Other and Unspecified,2017,12,True
Mexico,Personal Devices and Computing,2025,3,False
Turkey,Personal Devices and Computing,2021,25,True
Peru,Personal Devices and Computing,2021,0,True
Singapore,Personal Devices and Computing,2016,45,True
Sweden,Personal Devices and Computing,2019,7,True
China,Personal Devices and Computing,2019,28509,True
Greece,Personal Devices and Computing,2021,4,True
Peru,Physical Sciences and Engineering,2017,1,True
Norway,Physical Sciences and Engineering,2023,12,False
Ukraine,Physical Sciences and Engineering,2024,0,False
Mexico,Physical Sciences and Engineering,2025,16,False
Bulgaria,Physical Sciences and Engineering,2024,23,False
Bulgaria,Physical Sciences and Engineering,2025,7,False
South Korea,Physical Sciences and Engineering,2020,8731,True
China,Physical Sciences and Engineering,2019,48115,True
United Kingdom,Planning and Scheduling,2016,35,True
Sweden,Planning and Scheduling,2025,0,False
San Marino,Planning and Scheduling,2018,0,True
United States,Planning and Scheduling,2024,382,False
Slovenia,Planning and Scheduling,2016,0,True
Morocco,Planning and Scheduling,2017,1,True
Japan,Robotics,2022,190,False
Costa Rica,Robotics,2019,0,True
Costa Rica,Robotics,2021,0,True
China,Robotics,2020,2366,True
Luxembourg,Robotics,2024,3,False
Spain,Robotics,2019,12,True
Turkey,Robotics,2023,3,False
France,Robotics,2020,14,True
Taiwan,Search Methods,2021,12,True
Italy,Search Methods,2016,0,True
Italy,Search Methods,2021,4,True
Norway,Search Methods,2021,0,True
Lithuania,Search Methods,2021,0,True
Netherlands,Search Methods,2025,2,False
Sweden,Search Methods,2020,0,True
Japan,Security,2021,167,True
United Kingdom,Security,2017,33,True
Azerbaijan,Security,2018,0,True
San Marino,Security,2018,0,True
Jordan,Security,2017,0,True
Lithuania,Security,2022,0,False
Belgium,Security,2022,0,False
Iran,Security,2018,1,True
Mexico,Security,2016,9,True
Israel,Security,2017,4,True
Norway,Security,2016,1,True
Thailand,Security,2017,0,True
United States,Spatial and Physical Reasoning,2023,2216,False
Taiwan,Spatial and Physical Reasoning,2019,106,True
Taiwan,Spatial and Physical Reasoning,2022,154,False
Romania,Spatial and Physical Reasoning,2022,1,False
Slovenia,Spatial and Physical Reasoning,2018,2,True
Peru,Spatial and Physical Reasoning,2019,1,True
Czechia,Spatial and Physical Reasoning,2023,0,False
Mexico,Spatial and Physical Reasoning,2023,3,False
Morocco,Spatial and Physical Reasoning,2021,0,True
Serbia,Spatial and Physical Reasoning,2017,2,True
United States,Speech Processing,2018,1220,True
Czechia,Speech Processing,2019,0,True
China,Speech Processing,2020,3216,True
Morocco,Speech Processing,2017,0,True
Serbia,Speech Processing,2019,0,True
Taiwan,Speech Processing,2024,21,False
Bulgaria,Speech Processing,2023,0,False
Luxembourg,Speech Processing,2019,0,True
Lithuania,Telecommunications,2021,0,True
Morocco,Telecommunications,2017,0,True
Belgium,Telecommunications,2021,2,True
Philippines,Telecommunications,2019,3,True
Taiwan,Telecommunications,2025,5,False
Ukraine,Telecommunications,2016,0,True
South Korea,Telecommunications,2025,89,False
Germany,Telecommunications,2024,121,False
Croatia,Telecommunications,2024,0,False
Costa Rica,Telecommunications,2020,0,True
Colombia,Transportation,2017,0,True
Spain,Transportation,2023,3,False
Spain,Transportation,2024,3,False
Cuba,Transportation,2020,0,True
Netherlands,Transportation,2017,1,True
Luxembourg,Transportation,2018,1,True
Russia,Transportation,2020,16,True
New Zealand,Transportation,2021,1,True
Israel,Transportation,2021,3,True
Germany,Agriculture,2021,18,True
Denmark,Agriculture,2017,0,True
Ukraine,Agriculture,2019,0,True
Mexico,Agriculture,2019,10,True
United Kingdom,Agriculture,2016,2,True
France,Agriculture,2022,2,False
Norway,Agriculture,2017,1,True
Finland,Agriculture,2020,0,True
Luxembourg,Agriculture,2025,12,False
India,Agriculture,2016,3,True
Austria,Agriculture,2019,0,True
France,All,2017,112,True
Singapore,All,2020,53,True
Portugal,All,2024,2,False
Serbia,All,2018,6,True
Colombia,All,2017,2,True
Italy,All,2020,65,True
United Kingdom,All,2025,136,False
Czechia,All,2025,2,False
United States,All,2023,8057,False
Azerbaijan,All,2018,1,True
Sweden,Analytics and Algorithms,2024,1,False
Canada,Analytics and Algorithms,2022,96,False
Hungary,Analytics and Algorithms,2017,0,True
Denmark,Analytics and Algorithms,2019,3,True
Turkey,Analytics and Algorithms,2016,0,True
Bulgaria,Analytics and Algorithms,2019,0,True
India,Analytics and Algorithms,2016,18,True
India,Analytics and Algorithms,2022,0,False
Sweden,Banking and Finance,2017,1,True
Malaysia,Banking and Finance,2020,2,True
Tunisia,Banking and Finance,2022,0,False
Estonia,Banking and Finance,2022,0,False
Serbia,Banking and Finance,2016,0,True
New Zealand,Banking and Finance,2018,2,True
Ukraine,Banking and Finance,2017,0,True
India,Banking and Finance,2019,0,True
Philippines,Banking and Finance,2017,0,True
Colombia,Bio-Inspired Computing,2022,2,False
Sweden,Bio-Inspired Computing,2018,3,True
Germany,Bio-Inspired Computing,2021,40,True
South Africa,Bio-Inspired Computing,2022,2,False
Brazil,Bio-Inspired Computing,2016,1,True
Bulgaria,Bio-Inspired Computing,2017,1,True
Ireland,Bio-Inspired Computing,2018,1,True
Australia,Bio-Inspired Computing,2023,26,False
India,Bio-Inspired Computing,2023,0,False
Italy,Business,2024,7,False
Turkey,Business,2022,16,False
Belgium,Business,2021,1,True
China,Business,2019,5876,True
China,Business,2023,17086,False
Lithuania,Business,2017,1,True
United Kingdom,Business,2017,28,True
Bulgaria,Computer Vision,2017,1,True
Sweden,Computer Vision,2024,4,False
Peru,Computer Vision,2016,0,True
Luxembourg,Computer Vision,2019,1,True
Norway,Computer Vision,2017,0,True
Norway,Computer Vision,2022,4,False
South Africa,Computer Vision,2016,0,True
Ireland,Computer Vision,2023,1,False
Mexico,Computer Vision,2022,10,False
Japan,Computer Vision,2023,1029,False
Morocco,Computer Vision,2016,1,True
Poland,Computing in Government,2016,0,True
Bulgaria,Computing in Government,2021,0,True
Norway,Computing in Government,2020,0,True
Germany,Computing in Government,2017,2,True
Peru,Computing in Government,2021,0,True
Australia,Computing in Government,2018,4,True
Argentina,Computing in Government,2017,0,True
Ireland,Computing in Government,2018,0,True
Ireland,Computing in Government,2022,0,False
Ukraine,Computing in Government,2022,0,False
China,Control Methods,2026,102,False
South Korea,Control Methods,2016,187,True
Canada,Control Methods,2024,3,False
Australia,Control Methods,2016,39,True
France,Control Methods,2018,37,True
Tunisia,Control Methods,2020,0,True
Spain,Control Methods,2024,3,False
Croatia,Control Methods,2023,2,False
Philippines,Control Methods,2019,1,True
Argentina,Distributed AI,2019,0,True
United Kingdom,Distributed AI,2018,5,True
Switzerland,Distributed AI,2023,0,False
Ukraine,Distributed AI,2016,0,True
Bulgaria,Distributed AI,2022,0,False
Mexico,Distributed AI,2024,0,False
Mexico,Distributed AI,2025,0,False
Australia,Distributed AI,2024,1,False
Sweden,Education,2019,0,True
Costa Rica,Education,2021,0,True
Paraguay,Education,2021,0,True
Malaysia,Education,2020,0,True
Israel,Education,2021,1,True
Croatia,Education,2017,0,True
Germany,Education,2022,9,False
Japan,Education,2019,64,True
United States,Energy Management,2019,361,True
Ireland,Energy Management,2023,0,False
Greece,Energy Management,2024,1,False
France,Energy Management,2021,19,True
Sweden,Energy Management,2017,0,True
Hungary,Energy Management,2019,3,True
Singapore,Energy Management,2018,5,True
India,Energy Management,2018,5,True
India,Energy Management,2023,0,False
Malaysia,Energy Management,2018,3,True
Netherlands,Energy Management,2022,5,False
Taiwan,Energy Management,2022,28,False
Japan,Energy Management,2022,176,False
Chile,Energy Management,2021,0,True
Denmark,Energy Management,2017,4,True
Finland,Fuzzy Logic,2019,3,True
Finland,Fuzzy Logic,2020,3,True
Austria,Fuzzy Logic,2017,0,True
Israel,Fuzzy Logic,2023,0,False
France,Fuzzy Logic,2019,4,True
Colombia,Fuzzy Logic,2021,0,True
United Kingdom,Fuzzy Logic,2018,9,True
India,Fuzzy Logic,2019,1,True
Romania,Fuzzy Logic,2021,1,True
Sweden,Industry and Manufacturing,2023,4,False
South Korea,Industry and Manufacturing,2024,445,False
Norway,Industry and Manufacturing,2021,0,True
Morocco,Industry and Manufacturing,2017,0,True
Malaysia,Industry and Manufacturing,2016,2,True
United States,Knowledge Representation,2023,344,False
Turkey,Knowledge Representation,2019,0,True
Brazil,Knowledge Representation,2018,6,True
Jordan,Knowledge Representation,2023,0,False
Canada,Knowledge Representation,2022,25,False
Netherlands,Knowledge Representation,2025,1,False
United Kingdom,Knowledge Representation,2020,17,True
Italy,Knowledge Representation,2022,0,False
France,Natural Language Processing,2019,9,True
Lithuania,Natural Language Processing,2016,0,True
Taiwan,Natural Language Processing,2022,18,False
Poland,Natural Language Processing,2023,0,False
San Marino,Natural Language Processing,2020,0,True
South Africa,Natural Language Processing,2017,1,True
Chile,Natural Language Processing,2017,0,True
Morocco,Natural Language Processing,2021,0,True
Belgium,Natural Language Processing,2019,0,True
South Korea,Natural Language Processing,2018,244,True
Singapore,Natural Language Processing,2021,0,True
Mexico,Natural Language Processing,2020,6,True
Italy,Natural Language Processing,2020,3,True
Italy,Natural Language Processing,2023,4,False
New Zealand,Life Sciences,2021,1,True
Finland,Life Sciences,2021,5,True
Australia,Life Sciences,2024,15,False
Denmark,Life Sciences,2021,5,True
China,Life Sciences,2026,200,False
Germany,Life Sciences,2019,107,True
Croatia,Life Sciences,2025,0,False
Switzerland,Life Sciences,2021,1,True
Czechia,Life Sciences,2020,1,True
Colombia,Life Sciences,2022,6,False
Canada,Life Sciences,2016,108,True
Serbia,Logic-Based Knowledge Systems,2019,0,True
Brazil,Logic-Based Knowledge Systems,2021,8,True
Croatia,Logic-Based Knowledge Systems,2025,0,False
Spain,Logic-Based Knowledge Systems,2017,16,True
India,Logic-Based Knowledge Systems,2024,0,False
Latvia,Logic-Based Knowledge Systems,2020,0,True
Philippines,Logic-Based Knowledge Systems,2017,0,True
Greece,Logic-Based Knowledge Systems,2022,1,False
France,Logic-Based Knowledge Systems,2019,20,True
France,Logic-Based Knowledge Systems,2022,15,False
Taiwan,Logic-Based Knowledge Systems,2023,26,False
Taiwan,Logic-Based Knowledge Systems,2025,3,False
Philippines,Markov and Bayesian Models,2017,1,True
Croatia,Markov and Bayesian Models,2019,0,True
Taiwan,Markov and Bayesian Models,2021,37,True
Japan,Markov and Bayesian Models,2023,187,False
Colombia,Markov and Bayesian Models,2024,0,False
San Marino,Markov and Bayesian Models,2018,0,True
Portugal,Markov and Bayesian Models,2024,0,False
Sweden,Measuring and Testing,2020,9,True
Sweden,Measuring and Testing,2021,5,True
Belgium,Measuring and Testing,2016,0,True
Australia,Measuring and Testing,2020,189,True
Slovenia,Measuring and Testing,2022,0,False
Greece,Measuring and Testing,2016,0,True
Austria,Measuring and Testing,2019,3,True
Czechia,Neural Networks,2018,1,True
Russia,Neural Networks,2019,100,True
Colombia,Neural Networks,2017,1,True
Turkey,Neural Networks,2017,2,True
Turkey,Neural Networks,2020,22,True
Mexico,Ontology Engineering,2023,1,False
Portugal,Ontology Engineering,2016,0,True
Peru,Ontology Engineering,2016,0,True
Colombia,Ontology Engineering,2022,0,False
San Marino,Ontology Engineering,2020,0,True
Switzerland,Ontology Engineering,2020,1,True
Slovakia,Ontology Engineering,2024,0,False
Italy,Ontology Engineering,2019,0,True
Italy,Ontology Engineering,2020,1,True
Japan,Ontology Engineering,2020,31,True
United States,Ontology Engineering,2020,549,True
Taiwan,Ontology Engineering,2020,11,True
Czechia,Ontology Engineering,2018,0,True
Netherlands,Ontology Engineering,2017,0,True
Tunisia,Ontology Engineering,2021,0,True
Costa Rica,Ontology Engineering,2019,0,True
Costa Rica,Ontology Engineering,2023,0,False
Philippines,Other and Unspecified,2021,8,True
Slovenia,Other and Unspecified,2018,3,True
Indonesia,Other and Unspecified,2016,0,True
Slovakia,Other and Unspecified,2023,4,False
Czechia,Other and Unspecified,2024,2,False
Bulgaria,Personal Devices and Computing,2020,3,True
France,Personal Devices and Computing,2016,41,True
Portugal,Personal Devices and Computing,2023,3,False
Australia,Personal Devices and Computing,2019,308,True
Ukraine,Personal Devices and Computing,2025,0,False
Germany,Personal Devices and Computing,2022,393,False
Greece,Personal Devices and Computing,2023,8,False
Argentina,Physical Sciences and Engineering,2023,14,False
Brazil,Physical Sciences and Engineering,2016,86,True
Norway,Physical Sciences and Engineering,2022,10,False
South Africa,Physical Sciences and Engineering,2025,0,False
Israel,Physical Sciences and Engineering,2024,20,False
Australia,Physical Sciences and Engineering,2023,595,False
Finland,Physical Sciences and Engineering,2017,28,True
Saudi Arabia,Physical Sciences and Engineering,2019,0,True
Czechia,Planning and Scheduling,2025,0,False
Taiwan,Planning and Scheduling,2019,38,True
Morocco,Planning and Scheduling,2021,0,True
Morocco,Planning and Scheduling,2024,1,False
Colombia,Robotics,2022,0,False
Colombia,Robotics,2023,0,False
Australia,Robotics,2020,54,True
Norway,Robotics,2020,0,True
Taiwan,Robotics,2022,22,False
Finland,Robotics,2020,1,True
Peru,Robotics,2018,0,True
Portugal,Robotics,2019,0,True
Malaysia,Robotics,2016,0,True
China,Search Methods,2025,8122,False
New Zealand,Search Methods,2021,0,True
Philippines,Search Methods,2020,0,True
Norway,Search Methods,2020,0,True
Canada,Search Methods,2021,55,True
Serbia,Search Methods,2023,0,False
Austria,Search Methods,2016,0,True
Ukraine,Search Methods,2017,0,True
Germany,Search Methods,2021,29,True
China,Security,2024,9480,False
New Zealand,Security,2023,0,False
Saudi Arabia,Security,2023,0,False
Poland,Security,2019,1,True
Serbia,Security,2025,0,False
Philippines,Security,2020,1,True
Slovakia,Security,2020,0,True
Canada,Security,2023,11,False
Mexico,Security,2023,0,False
Singapore,Security,2016,9,True
Argentina,Security,2019,1,True
Colombia,Security,2019,0,True
China,Spatial and Physical Reasoning,2018,9692,True
Germany,Spatial and Physical Reasoning,2018,323,True
Australia,Spatial and Physical Reasoning,2022,167,False
Tunisia,Spatial and Physical Reasoning,2022,0,False
Philippines,Spatial and Physical Reasoning,2022,2,False
Turkey,Spatial and Physical Reasoning,2020,8,True
Spain,Spatial and Physical Reasoning,2025,1,False
Uruguay,Spatial and Physical Reasoning,2022,0,False
Moldova,Spatial and Physical Reasoning,2021,1,True
Saudi Arabia,Spatial and Physical Reasoning,2021,0,True
India,Spatial and Physical Reasoning,2021,0,True
Portugal,Speech Processing,2021,1,True
Russia,Speech Processing,2021,4,True
Belgium,Speech Processing,2020,1,True
Canada,Speech Processing,2021,34,True
Morocco,Speech Processing,2016,0,True
Singapore,Speech Processing,2020,2,True
Philippines,Speech Processing,2023,0,False
Bulgaria,Speech Processing,2024,0,False
Norway,Speech Processing,2020,0,True
Netherlands,Speech Processing,2021,1,True
Finland,Telecommunications,2022,11,False
Lithuania,Telecommunications,2019,1,True
Belgium,Telecommunications,2017,0,True
Australia,Telecommunications,2023,100,False
Uruguay,Telecommunications,2017,0,True
South Korea,Telecommunications,2024,1303,False
Austria,Telecommunications,2018,0,True
Slovenia,Telecommunications,2023,0,False
Japan,Telecommunications,2017,481,True
Germany,Transportation,2025,20,False
Panama,Transportation,2016,0,True
United States,Transportation,2020,1542,True
Turkey,Transportation,2021,7,True
Canada,Transportation,2021,58,True
Singapore,Transportation,2019,13,True
Brazil,Transportation,2017,20,True
Brazil,Transportation,2018,17,True
Germany,Agriculture,2018,7,True
Germany,Agriculture,2022,22,False
Mexico,Agriculture,2017,4,True
Hungary,Agriculture,2018,1,True
Poland,Agriculture,2018,2,True
Switzerland,Agriculture,2023,0,False
Canada,Agriculture,2020,49,True
Japan,Agriculture,2022,56,False
Luxembourg,Agriculture,2020,1,True
Czechia,Agriculture,2017,0,True
China,Agriculture,2025,3667,False
Morocco,Agriculture,2020,1,True
Uruguay,Agriculture,2022,1,False
Colombia,All,2022,9,False
Japan,All,2023,3731,False
Argentina,All,2016,1,True
Czechia,All,2017,1,True
Croatia,Analytics and Algorithms,2022,0,False
Germany,Analytics and Algorithms,2025,36,False
Greece,Analytics and Algorithms,2016,0,True
Greece,Analytics and Algorithms,2021,0,True
China,Analytics and Algorithms,2017,622,True
Spain,Analytics and Algorithms,2024,5,False
Netherlands,Analytics and Algorithms,2016,1,True
Morocco,Analytics and Algorithms,2019,3,True
Portugal,Banking and Finance,2017,0,True
Greece,Banking and Finance,2023,0,False
Netherlands,Banking and Finance,2016,0,True
Morocco,Banking and Finance,2019,1,True
Romania,Banking and Finance,2021,0,True
Belgium,Banking and Finance,2020,0,True
Philippines,Banking and Finance,2020,3,True
Costa Rica,Banking and Finance,2025,0,False
Russia,Banking and Finance,2016,3,True
Turkey,Bio-Inspired Computing,2023,11,False
Croatia,Bio-Inspired Computing,2020,0,True
Argentina,Bio-Inspired Computing,2020,1,True
Norway,Bio-Inspired Computing,2019,0,True
Ireland,Bio-Inspired Computing,2023,1,False
China,Bio-Inspired Computing,2016,1000,True
India,Bio-Inspired Computing,2019,1,True
South Korea,Bio-Inspired Computing,2016,85,True
Netherlands,Bio-Inspired Computing,2018,0,True
Netherlands,Bio-Inspired Computing,2023,5,False
Mexico,Bio-Inspired Computing,2025,0,False
Spain,Business,2025,0,False
United States,Business,2022,1308,False
Turkey,Business,2018,5,True
Belgium,Business,2022,0,False
Russia,Business,2017,21,True
Chile,Business,2019,0,True
India,Computer Vision,2023,0,False
India,Computer Vision,2024,0,False
Tunisia,Computer Vision,2023,0,False
United Kingdom,Computer Vision,2017,82,True
Netherlands,Computer Vision,2024,25,False
China,Computer Vision,2022,40813,False
Lithuania,Computer Vision,2021,1,True
Uruguay,Computer Vision,2017,0,True
San Marino,Computer Vision,2020,0,True
South Korea,Computer Vision,2020,2699,True
France,Computing in Government,2018,2,True
Russia,Computing in Government,2021,0,True
Austria,Computing in Government,2021,0,True
Canada,Computing in Government,2016,3,True
Australia,Computing in Government,2020,14,True
Hungary,Computing in Government,2020,0,True
Hungary,Computing in Government,2024,0,False
China,Computing in Government,2016,70,True
China,Computing in Government,2022,1796,False
Portugal,Computing in Government,2018,0,True
Finland,Computing in Government,2022,0,False
Spain,Computing in Government,2022,0,False
Belgium,Control Methods,2021,0,True
Greece,Control Methods,2021,2,True
Brazil,Control Methods,2018,27,True
Czechia,Control Methods,2020,1,True
Colombia,Control Methods,2024,0,False
New Zealand,Control Methods,2022,0,False
Uruguay,Control Methods,2017,0,True
Jordan,Control Methods,2017,1,True
Peru,Control Methods,2019,2,True
Switzerland,Control Methods,2016,1,True
Hungary,Distributed AI,2016,0,True
Hungary,Distributed AI,2023,0,False
Germany,Distributed AI,2025,5,False
Peru,Distributed AI,2020,0,True
Switzerland,Distributed AI,2017,0,True
Norway,Distributed AI,2023,0,False
India,Distributed AI,2019,0,True
Austria,Distributed AI,2020,0,True
Lithuania,Distributed AI,2018,0,True
South Africa,Distributed AI,2021,0,True
Slovenia,Distributed AI,2018,0,True
Tunisia,Distributed AI,2020,0,True
Czechia,Distributed AI,2021,0,True
Taiwan,Distributed AI,2020,3,True
Brazil,Distributed AI,2021,6,True
China,Distributed AI,2017,59,True
Serbia,Distributed AI,2021,0,True
South Africa,Education,2020,0,True
Saudi Arabia,Education,2022,0,False
Brazil,Education,2018,2,True
Colombia,Education,2017,0,True
Australia,Education,2023,15,False
Serbia,Education,2017,1,True
Singapore,Education,2021,0,True
Brazil,Energy Management,2021,4,True
Sweden,Energy Management,2018,1,True
Sweden,Energy Management,2021,0,True
Saudi Arabia,Energy Management,2023,0,False
Russia,Energy Management,2020,0,True
Chile,Energy Management,2024,0,False
Luxembourg,Energy Management,2016,2,True
Luxembourg,Energy Management,2017,0,True
Belgium,Energy Management,2021,0,True
Belgium,Energy Management,2023,0,False
China,Energy Management,2018,1740,True
Canada,Energy Management,2024,0,False
Ukraine,Energy Management,2017,0,True
Brazil,Fuzzy Logic,2016,2,True
France,Fuzzy Logic,2021,2,True
Russia,Fuzzy Logic,2018,17,True
Russia,Fuzzy Logic,2020,13,True
Philippines,Fuzzy Logic,2016,0,True
Japan,Fuzzy Logic,2020,13,True
Switzerland,Industry and Manufacturing,2023,2,False
Paraguay,Industry and Manufacturing,2021,0,True
Hungary,Industry and Manufacturing,2019,2,True
San Marino,Industry and Manufacturing,2023,0,False
Slovenia,Industry and Manufacturing,2016,0,True
Spain,Industry and Manufacturing,2025,3,False
India,Industry and Manufacturing,2018,18,True
Romania,Industry and Manufacturing,2023,0,False
Mexico,Industry and Manufacturing,2019,18,True
United States,Knowledge Representation,2022,597,False
Denmark,Knowledge Representation,2022,0,False
Colombia,Knowledge Representation,2019,0,True
Philippines,Knowledge Representation,2022,0,False
Slovenia,Knowledge Representation,2019,0,True
Portugal,Knowledge Representation,2024,0,False
India,Knowledge Representation,2019,4,True
India,Knowledge Representation,2021,0,True
South Korea,Knowledge Representation,2019,88,True
Austria,Knowledge Representation,2019,0,True
Finland,Knowledge Representation,2023,2,False
Russia,Natural Language Processing,2017,11,True
Ireland,Natural Language Processing,2016,0,True
Ireland,Natural Language Processing,2021,0,True
Argentina,Natural Language Processing,2016,0,True
Denmark,Natural Language Processing,2022,0,False
Sweden,Natural Language Processing,2019,0,True
Canada,Natural Language Processing,2018,50,True
Greece,Natural Language Processing,2021,1,True
Mexico,Natural Language Processing,2016,2,True
Italy,Natural Language Processing,2018,0,True
South Africa,Life Sciences,2019,0,True
Georgia,Life Sciences,2023,1,False
Australia,Life Sciences,2019,219,True
United Kingdom,Life Sciences,2017,46,True
Philippines,Life Sciences,2022,0,False
Israel,Life Sciences,2022,5,False
Bulgaria,Logic-Based Knowledge Systems,2018,0,True
Croatia,Logic-Based Knowledge Systems,2022,0,False
Netherlands,Logic-Based Knowledge Systems,2024,0,False
Italy,Logic-Based Knowledge Systems,2020,3,True
Australia,Logic-Based Knowledge Systems,2020,71,True
Tunisia,Markov and Bayesian Models,2020,0,True
Slovakia,Markov and Bayesian Models,2021,0,True
United Kingdom,Markov and Bayesian Models,2020,32,True
Canada,Markov and Bayesian Models,2017,57,True
Japan,Markov and Bayesian Models,2019,340,True
Belgium,Markov and Bayesian Models,2023,0,False
Ireland,Markov and Bayesian Models,2023,0,False
Morocco,Markov and Bayesian Models,2022,0,False
Morocco,Markov and Bayesian Models,2024,0,False
Luxembourg,Markov and Bayesian Models,2025,20,False
Saudi Arabia,Markov and Bayesian Models,2023,0,False
Costa Rica,Markov and Bayesian Models,2020,0,True
New Zealand,Markov and Bayesian Models,2018,4,True
New Zealand,Markov and Bayesian Models,2022,0,False
Israel,Markov and Bayesian Models,2022,2,False
Denmark,Markov and Bayesian Models,2021,2,True
South Africa,Markov and Bayesian Models,2022,0,False
Czechia,Measuring and Testing,2025,0,False
Luxembourg,Measuring and Testing,2020,3,True
Slovakia,Measuring and Testing,2023,2,False
Moldova,Measuring and Testing,2021,0,True
Costa Rica,Measuring and Testing,2023,0,False
Croatia,Measuring and Testing,2024,0,False
Netherlands,Measuring and Testing,2017,1,True
Netherlands,Measuring and Testing,2018,1,True
Netherlands,Measuring and Testing,2021,9,True
Chile,Measuring and Testing,2019,0,True
South Korea,Neural Networks,2019,4160,True
China,Neural Networks,2023,94856,False
Chile,Neural Networks,2024,0,False
Spain,Neural Networks,2020,80,True
Peru,Neural Networks,2016,3,True
India,Neural Networks,2017,107,True
Saudi Arabia,Neural Networks,2023,0,False
Israel,Neural Networks,2017,9,True
San Marino,Neural Networks,2023,1,False
Norway,Neural Networks,2023,5,False
Netherlands,Neural Networks,2018,7,True
Tunisia,Neural Networks,2020,0,True
Switzerland,Neural Networks,2016,1,True
Switzerland,Neural Networks,2020,4,True
South Korea,Ontology Engineering,2022,132,False
France,Ontology Engineering,2016,2,True
Peru,Ontology Engineering,2017,0,True
Peru,Ontology Engineering,2021,0,True
South Africa,Ontology Engineering,2019,0,True
Norway,Ontology Engineering,2017,0,True
Argentina,Ontology Engineering,2022,0,False
Serbia,Other and Unspecified,2020,0,True
Ukraine,Other and Unspecified,2019,0,True
Ukraine,Other and Unspecified,2021,1,True
Saudi Arabia,Other and Unspecified,2019,0,True
Slovenia,Other and Unspecified,2016,2,True
China,Other and Unspecified,2025,27509,False
Italy,Other and Unspecified,2023,41,False
Switzerland,Other and Unspecified,2019,2,True
Jordan,Other and Unspecified,2023,1,False
South Africa,Other and Unspecified,2020,2,True
San Marino,Other and Unspecified,2018,0,True
Russia,Other and Unspecified,2019,46,True
France,Personal Devices and Computing,2018,117,True
Saudi Arabia,Personal Devices and Computing,2018,0,True
Jordan,Personal Devices and Computing,2017,0,True
Malaysia,Personal Devices and Computing,2020,12,True
China,Personal Devices and Computing,2023,64820,False
Israel,Personal Devices and Computing,2022,15,False
Czechia,Personal Devices and Computing,2023,1,False
Japan,Physical Sciences and Engineering,2017,2617,True
Peru,Physical Sciences and Engineering,2021,4,True
Israel,Physical Sciences and Engineering,2022,30,False
Portugal,Physical Sciences and Engineering,2023,7,False
Poland,Physical Sciences and Engineering,2020,33,True
Germany,Physical Sciences and Engineering,2019,987,True
Chile,Physical Sciences and Engineering,2019,1,True
Turkey,Physical Sciences and Engineering,2016,5,True
Turkey,Physical Sciences and Engineering,2022,56,False
Chile,Planning and Scheduling,2018,0,True
Germany,Planning and Scheduling,2016,27,True
Costa Rica,Planning and Scheduling,2025,0,False
Croatia,Planning and Scheduling,2022,0,False
Peru,Planning and Scheduling,2023,1,False
Serbia,Planning and Scheduling,2018,0,True
Malaysia,Planning and Scheduling,2022,0,False
Hungary,Planning and Scheduling,2021,0,True
France,Planning and Scheduling,2024,13,False
Turkey,Planning and Scheduling,2023,26,False
China,Planning and Scheduling,2022,11568,False
Canada,Planning and Scheduling,2024,12,False
Australia,Planning and Scheduling,2021,143,True
Greece,Robotics,2018,1,True
Mexico,Robotics,2017,9,True
Hungary,Robotics,2018,0,True
South Africa,Robotics,2023,5,False
South Korea,Robotics,2019,902,True
Taiwan,Robotics,2021,12,True
Belgium,Robotics,2017,1,True
Brazil,Robotics,2021,5,True
France,Robotics,2023,12,False
Romania,Robotics,2020,1,True
Argentina,Search Methods,2022,3,False
Philippines,Search Methods,2021,0,True
Greece,Search Methods,2024,0,False
Switzerland,Search Methods,2019,0,True
Luxembourg,Search Methods,2025,3,False
Austria,Search Methods,2022,0,False
China,Security,2025,11736,False
Morocco,Security,2023,0,False
Slovenia,Security,2018,0,True
Mexico,Security,2021,7,True
Germany,Security,2021,57,True
Israel,Security,2016,1,True
Lithuania,Spatial and Physical Reasoning,2022,0,False
Austria,Spatial and Physical Reasoning,2019,0,True
Switzerland,Spatial and Physical Reasoning,2023,2,False
United States,Spatial and Physical Reasoning,2025,53,False
Germany,Spatial and Physical Reasoning,2017,234,True
Singapore,Spatial and Physical Reasoning,2021,4,True
South Africa,Spatial and Physical Reasoning,2018,2,True
South Africa,Spatial and Physical Reasoning,2019,0,True
Canada,Spatial and Physical Reasoning,2024,14,False
Russia,Spatial and Physical Reasoning,2018,46,True
San Marino,Spatial and Physical Reasoning,2018,1,True
Chile,Spatial and Physical Reasoning,2018,1,True
Jordan,Spatial and Physical Reasoning,2023,0,False
Belgium,Speech Processing,2022,0,False
Czechia,Speech Processing,2018,0,True
Japan,Speech Processing,2017,193,True
Greece,Speech Processing,2017,3,True
New Zealand,Speech Processing,2018,2,True
Ukraine,Speech Processing,2016,0,True
Italy,Speech Processing,2021,2,True
Norway,Speech Processing,2024,0,False
Luxembourg,Speech Processing,2024,2,False
Australia,Speech Processing,2019,40,True
Romania,Speech Processing,2018,0,True
Lithuania,Telecommunications,2018,1,True
Netherlands,Telecommunications,2020,1,True
South Africa,Telecommunications,2018,1,True
Taiwan,Telecommunications,2021,77,True
Ukraine,Telecommunications,2024,0,False
Austria,Telecommunications,2016,2,True
Denmark,Telecommunications,2022,1,False
Croatia,Telecommunications,2019,0,True
South Africa,Transportation,2020,0,True
South Korea,Transportation,2017,286,True
Costa Rica,Transportation,2023,0,False
Morocco,Transportation,2023,2,False
Turkey,Transportation,2020,2,True
Turkey,Transportation,2024,14,False
Turkey,Transportation,2025,0,False
United Kingdom,Transportation,2017,43,True
Slovenia,Transportation,2018,0,True
Uruguay,Transportation,2017,0,True
Czechia,Transportation,2017,0,True
Romania,Transportation,2023,1,False
Italy,Transportation,2018,6,True
Luxembourg,Agriculture,2017,0,True
China,Agriculture,2019,609,True
Croatia,Agriculture,2023,0,False
South Africa,All,2023,99,False
Norway,All,2017,2,True
Singapore,All,2021,6,True
Serbia,All,2016,2,True
Ukraine,All,2018,7,True
Ukraine,All,2019,4,True
Estonia,All,2022,1,False
Sweden,All,2025,3,False
Czechia,All,2024,6,False
Poland,All,2016,23,True
Malaysia,All,2018,26,True
Japan,Analytics and Algorithms,2021,445,True
Australia,Analytics and Algorithms,2018,64,True
Russia,Analytics and Algorithms,2017,7,True
Canada,Analytics and Algorithms,2019,108,True
Brazil,Analytics and Algorithms,2016,10,True
South Korea,Analytics and Algorithms,2022,906,False
Philippines,Analytics and Algorithms,2019,1,True
Romania,Analytics and Algorithms,2019,0,True
Portugal,Analytics and Algorithms,2020,1,True
Taiwan,Analytics and Algorithms,2025,7,False
Turkey,Analytics and Algorithms,2018,1,True
Turkey,Analytics and Algorithms,2024,13,False
China,Analytics and Algorithms,2025,18591,False
India,Analytics and Algorithms,2023,0,False
Brazil,Banking and Finance,2016,2,True
Portugal,Banking and Finance,2019,1,True
Austria,Banking and Finance,2024,2,False
Netherlands,Banking and Finance,2025,0,False
Morocco,Banking and Finance,2016,0,True
Slovenia,Banking and Finance,2018,1,True
Italy,Banking and Finance,2018,5,True
Canada,Banking and Finance,2024,5,False
Belgium,Banking and Finance,2024,0,False
Bulgaria,Banking and Finance,2023,0,False
Switzerland,Bio-Inspired Computing,2023,1,False
Japan,Bio-Inspired Computing,2021,96,True
Italy,Bio-Inspired Computing,2016,1,True
South Africa,Bio-Inspired Computing,2016,0,True
Norway,Bio-Inspired Computing,2022,0,False
Uruguay,Bio-Inspired Computing,2022,0,False
San Marino,Bio-Inspired Computing,2017,0,True
Bulgaria,Bio-Inspired Computing,2025,0,False
India,Business,2018,56,True
Costa Rica,Business,2019,0,True
Costa Rica,Business,2020,0,True
Costa Rica,Business,2025,0,False
Luxembourg,Business,2025,51,False
Austria,Business,2016,0,True
Greece,Business,2016,1,True
Czechia,Business,2018,0,True
Finland,Business,2016,1,True
Norway,Business,2021,0,True
France,Business,2022,23,False
Australia,Computer Vision,2018,180,True
Denmark,Computer Vision,2017,6,True
Peru,Computer Vision,2018,1,True
South Africa,Computer Vision,2024,0,False
Canada,Computer Vision,2017,124,True
Croatia,Computer Vision,2018,2,True
Romania,Computer Vision,2022,1,False
Spain,Computer Vision,2017,42,True
Belgium,Computing in Government,2025,0,False
Chile,Computing in Government,2018,0,True
Bulgaria,Computing in Government,2023,0,False
Sweden,Computing in Government,2020,0,True
Israel,Computing in Government,2017,0,True
Germany,Computing in Government,2023,6,False
Romania,Computing in Government,2018,0,True
Peru,Computing in Government,2022,1,False
Morocco,Computing in Government,2023,0,False
Portugal,Computing in Government,2019,0,True
Philippines,Computing in Government,2018,0,True
Bulgaria,Control Methods,2025,0,False
Ukraine,Control Methods,2018,0,True
Denmark,Control Methods,2024,0,False
United Kingdom,Control Methods,2019,86,True
South Africa,Control Methods,2025,0,False
Turkey,Control Methods,2018,1,True
France,Control Methods,2020,52,True
Poland,Control Methods,2018,7,True
Germany,Control Methods,2025,12,False
Argentina,Distributed AI,2022,0,False
Peru,Distributed AI,2022,0,False
New Zealand,Distributed AI,2023,0,False
Canada,Distributed AI,2024,0,False
Lithuania,Distributed AI,2021,0,True
Croatia,Distributed AI,2025,0,False
South Africa,Distributed AI,2017,0,True
France,Distributed AI,2018,1,True
Portugal,Distributed AI,2018,0,True
Denmark,Education,2020,2,True
Luxembourg,Education,2021,0,True
Saudi Arabia,Education,2023,0,False
Turkey,Education,2017,0,True
Costa Rica,Education,2019,0,True
Italy,Education,2019,0,True
Israel,Education,2019,1,True
United States,Education,2020,239,True
Spain,Education,2019,2,True
Japan,Education,2017,47,True
Japan,Education,2020,58,True
United States,Energy Management,2020,335,True
Croatia,Energy Management,2020,0,True
Brazil,Energy Management,2022,0,False
Slovenia,Energy Management,2018,2,True
Norway,Energy Management,2019,1,True
Norway,Energy Management,2020,0,True
Israel,Energy Management,2019,0,True
Russia,Energy Management,2021,1,True
Luxembourg,Energy Management,2018,0,True
Costa Rica,Energy Management,2019,0,True
Taiwan,Fuzzy Logic,2020,7,True
Peru,Fuzzy Logic,2021,0,True
New Zealand,Fuzzy Logic,2018,0,True
South Africa,Fuzzy Logic,2025,0,False
Austria,Fuzzy Logic,2023,0,False
Spain,Fuzzy Logic,2021,1,True
Croatia,Fuzzy Logic,2020,0,True
Italy,Fuzzy Logic,2022,0,False
Norway,Fuzzy Logic,2020,0,True
Luxembourg,Fuzzy Logic,2024,6,False
United States,Fuzzy Logic,2018,216,True
Belgium,Fuzzy Logic,2021,0,True
Lithuania,Industry and Manufacturing,2019,0,True
South Korea,Industry and Manufacturing,2016,82,True
Brazil,Industry and Manufacturing,2016,6,True
Finland,Industry and Manufacturing,2017,1,True
Finland,Industry and Manufacturing,2024,0,False
Portugal,Industry and Manufacturing,2017,1,True
Philippines,Industry and Manufacturing,2020,1,True
Denmark,Industry and Manufacturing,2024,1,False
Latvia,Industry and Manufacturing,2017,0,True
India,Industry and Manufacturing,2017,10,True
Jordan,Industry and Manufacturing,2021,1,True
Netherlands,Industry and Manufacturing,2024,1,False
Australia,Industry and Manufacturing,2020,70,True
Denmark,Knowledge Representation,2023,0,False
Luxembourg,Knowledge Representation,2025,24,False
Taiwan,Knowledge Representation,2016,7,True
Taiwan,Knowledge Representation,2022,7,False
Singapore,Knowledge Representation,2020,2,True
France,Knowledge Representation,2023,7,False
Slovenia,Knowledge Representation,2018,0,True
India,Knowledge Representation,2018,44,True
Romania,Natural Language Processing,2018,0,True
Poland,Natural Language Processing,2024,0,False
Chile,Natural Language Processing,2018,0,True
Finland,Natural Language Processing,2017,2,True
Bulgaria,Natural Language Processing,2021,0,True
Greece,Natural Language Processing,2017,0,True
Austria,Natural Language Processing,2022,0,False
Germany,Natural Language Processing,2020,24,True
Australia,Natural Language Processing,2016,23,True
Australia,Natural Language Processing,2022,35,False
Brazil,Natural Language Processing,2020,3,True
Japan,Natural Language Processing,2017,138,True
South Korea,Natural Language Processing,2026,0,False
United States,Natural Language Processing,2024,773,False
Italy,Natural Language Processing,2016,1,True
Italy,Natural Language Processing,2021,2,True
Malaysia,Life Sciences,2022,0,False
United States,Life Sciences,2024,594,False
South Africa,Life Sciences,2017,1,True
France,Life Sciences,2018,29,True
Denmark,Life Sciences,2024,0,False
China,Life Sciences,2023,10072,False
Bulgaria,Life Sciences,2025,1,False
Romania,Life Sciences,2017,1,True
Ireland,Life Sciences,2018,0,True
Slovenia,Life Sciences,2019,1,True
Serbia,Life Sciences,2024,3,False
South Africa,Logic-Based Knowledge Systems,2023,0,False
Bulgaria,Logic-Based Knowledge Systems,2023,1,False
Netherlands,Logic-Based Knowledge Systems,2022,3,False
India,Logic-Based Knowledge Systems,2023,0,False
Belgium,Logic-Based Knowledge Systems,2021,0,True
Switzerland,Logic-Based Knowledge Systems,2023,1,False
Japan,Logic-Based Knowledge Systems,2017,329,True
Ireland,Logic-Based Knowledge Systems,2023,0,False
Portugal,Logic-Based Knowledge Systems,2023,1,False
Luxembourg,Logic-Based Knowledge Systems,2019,2,True
Australia,Logic-Based Knowledge Systems,2022,33,False
Singapore,Markov and Bayesian Models,2017,13,True
Lithuania,Markov and Bayesian Models,2022,0,False
Norway,Markov and Bayesian Models,2017,0,True
Argentina,Markov and Bayesian Models,2019,0,True
Luxembourg,Markov and Bayesian Models,2024,19,False
Saudi Arabia,Markov and Bayesian Models,2022,0,False
South Africa,Markov and Bayesian Models,2020,2,True
Belgium,Measuring and Testing,2024,2,False
Taiwan,Measuring and Testing,2023,69,False
Hungary,Measuring and Testing,2019,7,True
San Marino,Measuring and Testing,2020,0,True
South Korea,Measuring and Testing,2021,1428,True
Sweden,Neural Networks,2023,20,False
South Korea,Neural Networks,2026,1,False
Italy,Neural Networks,2017,12,True
India,Neural Networks,2020,6,True
India,Neural Networks,2023,3,False
Taiwan,Neural Networks,2020,382,True
Denmark,Neural Networks,2019,20,True
France,Neural Networks,2023,230,False
Mexico,Ontology Engineering,2019,1,True
Israel,Ontology Engineering,2017,0,True
Georgia,Ontology Engineering,2023,0,False
Lithuania,Ontology Engineering,2017,0,True
Lithuania,Ontology Engineering,2022,0,False
New Zealand,Ontology Engineering,2020,1,True
Denmark,Ontology Engineering,2016,0,True
Malaysia,Ontology Engineering,2020,1,True
Sweden,Other and Unspecified,2024,5,False
Netherlands,Other and Unspecified,2016,2,True
Philippines,Other and Unspecified,2019,10,True
Azerbaijan,Other and Unspecified,2018,1,True
Morocco,Other and Unspecified,2018,3,True
Switzerland,Other and Unspecified,2018,1,True
Finland,Other and Unspecified,2022,13,False
France,Personal Devices and Computing,2022,104,False
Croatia,Personal Devices and Computing,2020,0,True
Peru,Personal Devices and Computing,2022,3,False
Peru,Personal Devices and Computing,2023,1,False
Belgium,Personal Devices and Computing,2024,0,False
China,Personal Devices and Computing,2016,4605,True
Paraguay,Personal Devices and Computing,2021,1,True
Costa Rica,Personal Devices and Computing,2019,0,True
Japan,Physical Sciences and Engineering,2021,4597,True
Spain,Physical Sciences and Engineering,2017,119,True
Slovenia,Physical Sciences and Engineering,2023,1,False
Czechia,Physical Sciences and Engineering,2025,2,False
Belgium,Physical Sciences and Engineering,2017,2,True
France,Physical Sciences and Engineering,2023,343,False
South Africa,Physical Sciences and Engineering,2017,4,True
South Africa,Physical Sciences and Engineering,2022,1,False
Georgia,Physical Sciences and Engineering,2023,1,False
Jordan,Physical Sciences and Engineering,2017,2,True
San Marino,Physical Sciences and Engineering,2023,1,False
Germany,Physical Sciences and Engineering,2025,172,False
Chile,Planning and Scheduling,2022,0,False
Colombia,Planning and Scheduling,2022,1,False
Portugal,Planning and Scheduling,2021,1,True
Finland,Planning and Scheduling,2022,1,False
Sweden,Planning and Scheduling,2022,3,False
Croatia,Planning and Scheduling,2021,0,True
Israel,Planning and Scheduling,2021,3,True
Austria,Planning and Scheduling,2022,1,False
South Africa,Planning and Scheduling,2020,3,True
Morocco,Planning and Scheduling,2023,1,False
Canada,Robotics,2016,33,True
Hungary,Robotics,2017,0,True
Luxembourg,Robotics,2017,0,True
Luxembourg,Robotics,2021,1,True
Spain,Robotics,2024,0,False
Philippines,Robotics,2023,0,False
Latvia,Robotics,2020,0,True
Switzerland,Robotics,2016,0,True
Croatia,Robotics,2023,0,False
Italy,Robotics,2023,2,False
Argentina,Search Methods,2019,0,True
China,Search Methods,2026,93,False
Bulgaria,Search Methods,2020,0,True
Brazil,Search Methods,2017,5,True
Finland,Search Methods,2016,0,True
Romania,Search Methods,2023,0,False
South Korea,Search Methods,2025,1,False
Serbia,Search Methods,2017,1,True
Switzerland,Security,2022,0,False
Canada,Security,2022,60,False
Latvia,Security,2020,0,True
Italy,Security,2023,4,False
Argentina,Security,2018,0,True
Russia,Spatial and Physical Reasoning,2020,43,True
Ukraine,Spatial and Physical Reasoning,2019,0,True
Italy,Spatial and Physical Reasoning,2017,6,True
Greece,Spatial and Physical Reasoning,2016,2,True
Serbia,Spatial and Physical Reasoning,2019,2,True
United States,Speech Processing,2021,1167,True
United States,Speech Processing,2024,254,False
Chile,Speech Processing,2021,0,True
Greece,Speech Processing,2018,0,True
France,Speech Processing,2021,7,True
Germany,Speech Processing,2022,34,False
Hungary,Speech Processing,2019,1,True
South Korea,Speech Processing,2025,34,False
Spain,Speech Processing,2025,0,False
Serbia,Speech Processing,2017,0,True
Bulgaria,Speech Processing,2021,0,True
Finland,Speech Processing,2017,3,True
Norway,Speech Processing,2025,0,False
Luxembourg,Speech Processing,2025,8,False
Malaysia,Telecommunications,2016,5,True
Serbia,Telecommunications,2018,1,True
Poland,Telecommunications,2020,7,True
Spain,Telecommunications,2016,19,True
Israel,Telecommunications,2020,12,True
San Marino,Telecommunications,2023,0,False
China,Telecommunications,2025,15534,False
United States,Telecommunications,2018,3758,True
Greece,Telecommunications,2016,0,True
Denmark,Telecommunications,2016,7,True
Sweden,Telecommunications,2018,11,True
Slovenia,Telecommunications,2022,0,False
New Zealand,Telecommunications,2022,0,False
France,Telecommunications,2023,79,False
United Kingdom,Telecommunications,2018,71,True
Hungary,Transportation,2021,0,True
Colombia,Transportation,2019,0,True
China,Transportation,2016,480,True
Portugal,Transportation,2018,2,True
Lithuania,Transportation,2017,0,True
Argentina,Transportation,2023,0,False
Czechia,Transportation,2020,0,True
Romania,Transportation,2017,0,True
Sweden,Agriculture,2016,0,True
Slovenia,Agriculture,2016,0,True
Bulgaria,Agriculture,2017,0,True
Bulgaria,Agriculture,2024,2,False
Switzerland,Agriculture,2019,0,True
Greece,Agriculture,2025,0,False
Argentina,Agriculture,2016,1,True
Australia,Agriculture,2018,40,True
Australia,Agriculture,2022,21,False
South Africa,Agriculture,2025,0,False
Georgia,Agriculture,2023,0,False
Netherlands,Agriculture,2025,1,False
China,Agriculture,2023,2503,False
Belgium,Agriculture,2022,0,False
Hungary,All,2019,11,True
Portugal,All,2021,4,True
Israel,All,2019,22,True
Slovenia,All,2016,3,True
Brazil,All,2017,88,True
Sweden,All,2021,26,True
Australia,All,2017,300,True
Peru,All,2018,4,True
Ireland,All,2022,1,False
Japan,Analytics and Algorithms,2017,174,True
United States,Analytics and Algorithms,2021,1779,True
Romania,Analytics and Algorithms,2024,0,False
Switzerland,Analytics and Algorithms,2022,0,False
Malaysia,Analytics and Algorithms,2017,0,True
Panama,Analytics and Algorithms,2016,0,True
Spain,Analytics and Algorithms,2022,11,False
Mexico,Analytics and Algorithms,2021,23,True
Turkey,Banking and Finance,2017,1,True
Sweden,Banking and Finance,2016,3,True
Austria,Banking and Finance,2018,0,True
Austria,Banking and Finance,2019,0,True
Netherlands,Banking and Finance,2024,0,False
Oman,Banking and Finance,2016,0,True
Belgium,Banking and Finance,2023,0,False
Costa Rica,Banking and Finance,2020,0,True
Russia,Banking and Finance,2021,0,True
United Kingdom,Bio-Inspired Computing,2022,22,False
South Africa,Bio-Inspired Computing,2017,0,True
Canada,Bio-Inspired Computing,2018,61,True
Morocco,Bio-Inspired Computing,2019,0,True
Lithuania,Bio-Inspired Computing,2022,0,False
Spain,Business,2019,22,True
Israel,Business,2024,1,False
Australia,Business,2016,68,True
Bulgaria,Business,2023,3,False
Serbia,Business,2023,0,False
Peru,Business,2020,3,True
Netherlands,Business,2016,0,True
Netherlands,Business,2023,5,False
Taiwan,Business,2018,39,True
Denmark,Business,2023,0,False
Lithuania,Business,2020,0,True
United Kingdom,Business,2022,44,False
San Marino,Business,2023,0,False
India,Computer Vision,2019,4,True
Greece,Computer Vision,2024,2,False
Serbia,Computer Vision,2018,2,True
Mexico,Computer Vision,2018,32,True
Russia,Computer Vision,2020,43,True
Philippines,Computer Vision,2020,12,True
Slovenia,Computer Vision,2018,3,True
Japan,Computer Vision,2020,1666,True
Turkey,Computer Vision,2016,1,True
Oman,Computing in Government,2016,0,True
China,Computing in Government,2020,1050,True
China,Computing in Government,2024,3696,False
Saudi Arabia,Computing in Government,2021,0,True
Mexico,Computing in Government,2021,0,True
Bulgaria,Control Methods,2019,0,True
Finland,Control Methods,2016,1,True
Belgium,Control Methods,2023,1,False
Greece,Control Methods,2019,1,True
Netherlands,Control Methods,2019,5,True
Portugal,Control Methods,2016,2,True
Sweden,Control Methods,2016,2,True
Israel,Control Methods,2024,3,False
Serbia,Control Methods,2023,0,False
Romania,Control Methods,2021,0,True
France,Control Methods,2022,65,False
South Korea,Distributed AI,2025,1,False
South Korea,Distributed AI,2026,0,False
Romania,Distributed AI,2018,0,True
Philippines,Distributed AI,2017,0,True
United Kingdom,Distributed AI,2021,11,True
Norway,Distributed AI,2016,0,True
Sweden,Distributed AI,2021,1,True
India,Distributed AI,2017,5,True
India,Distributed AI,2021,0,True
India,Distributed AI,2022,0,False
Finland,Distributed AI,2020,0,True
Spain,Distributed AI,2023,0,False
Russia,Distributed AI,2016,0,True
Croatia,Distributed AI,2018,0,True
Croatia,Distributed AI,2020,0,True
Portugal,Distributed AI,2024,0,False
Japan,Distributed AI,2019,48,True
Turkey,Education,2018,0,True
Netherlands,Education,2024,1,False
Malaysia,Education,2018,0,True
Lithuania,Education,2021,0,True
United States,Education,2025,1,False
Spain,Education,2025,0,False
San Marino,Education,2020,0,True
India,Education,2024,0,False
New Zealand,Energy Management,2019,0,True
Germany,Energy Management,2020,105,True
Norway,Energy Management,2023,2,False
Israel,Energy Management,2023,0,False
Luxembourg,Energy Management,2021,3,True
Panama,Energy Management,2016,1,True
Austria,Fuzzy Logic,2018,0,True
Austria,Fuzzy Logic,2021,0,True
Norway,Fuzzy Logic,2019,0,True
Saudi Arabia,Fuzzy Logic,2022,0,False
Sweden,Fuzzy Logic,2018,0,True
Sweden,Fuzzy Logic,2019,0,True
United States,Fuzzy Logic,2019,159,True
Philippines,Fuzzy Logic,2022,2,False
United Kingdom,Fuzzy Logic,2017,11,True
Canada,Industry and Manufacturing,2024,0,False
Georgia,Industry and Manufacturing,2023,0,False
Denmark,Industry and Manufacturing,2022,3,False
Luxembourg,Industry and Manufacturing,2022,9,False
Luxembourg,Industry and Manufacturing,2023,6,False
Israel,Industry and Manufacturing,2019,0,True
Jordan,Industry and Manufacturing,2017,1,True
Netherlands,Industry and Manufacturing,2025,1,False
Mexico,Industry and Manufacturing,2018,13,True
Mexico,Industry and Manufacturing,2025,0,False
Czechia,Industry and Manufacturing,2017,0,True
United States,Knowledge Representation,2018,1470,True
Hungary,Knowledge Representation,2021,0,True
Latvia,Knowledge Representation,2017,0,True
Argentina,Knowledge Representation,2017,0,True
Norway,Knowledge Representation,2025,1,False
Chile,Knowledge Representation,2019,0,True
Netherlands,Knowledge Representation,2017,1,True
Morocco,Knowledge Representation,2019,0,True
Spain,Knowledge Representation,2016,7,True
Spain,Knowledge Representation,2020,6,True
Poland,Knowledge Representation,2018,0,True
Belgium,Knowledge Representation,2022,0,False
Lithuania,Knowledge Representation,2018,0,True
Austria,Knowledge Representation,2021,2,True
Russia,Knowledge Representation,2020,4,True
Colombia,Natural Language Processing,2019,0,True
Croatia,Natural Language Processing,2021,0,True
Argentina,Life Sciences,2016,0,True
Finland,Life Sciences,2019,13,True
Australia,Life Sciences,2021,480,True
France,Life Sciences,2022,38,False
Denmark,Life Sciences,2017,11,True
Costa Rica,Life Sciences,2019,1,True
United Kingdom,Life Sciences,2024,76,False
Israel,Life Sciences,2018,4,True
San Marino,Life Sciences,2023,0,False
Sweden,Life Sciences,2024,2,False
Taiwan,Life Sciences,2021,136,True
Taiwan,Life Sciences,2022,153,False
Saudi Arabia,Life Sciences,2023,0,False
India,Life Sciences,2022,0,False
South Africa,Logic-Based Knowledge Systems,2020,0,True
South Africa,Logic-Based Knowledge Systems,2024,0,False
United States,Logic-Based Knowledge Systems,2017,2685,True
Bulgaria,Logic-Based Knowledge Systems,2017,0,True
Denmark,Logic-Based Knowledge Systems,2022,0,False
Germany,Logic-Based Knowledge Systems,2019,57,True
Japan,Logic-Based Knowledge Systems,2021,296,True
Israel,Logic-Based Knowledge Systems,2016,1,True
Israel,Logic-Based Knowledge Systems,2018,3,True
China,Logic-Based Knowledge Systems,2017,889,True
Ireland,Logic-Based Knowledge Systems,2018,1,True
Poland,Logic-Based Knowledge Systems,2024,0,False
Taiwan,Logic-Based Knowledge Systems,2019,33,True
South Korea,Logic-Based Knowledge Systems,2024,125,False
Germany,Markov and Bayesian Models,2024,58,False
Hungary,Markov and Bayesian Models,2019,1,True
Romania,Markov and Bayesian Models,2020,0,True
Bulgaria,Markov and Bayesian Models,2020,0,True
Brazil,Markov and Bayesian Models,2017,11,True
Czechia,Markov and Bayesian Models,2023,0,False
Morocco,Markov and Bayesian Models,2021,0,True
Turkey,Markov and Bayesian Models,2023,2,False
Finland,Markov and Bayesian Models,2023,1,False
Belgium,Measuring and Testing,2019,1,True
Spain,Measuring and Testing,2016,20,True
Philippines,Measuring and Testing,2021,4,True
Brazil,Measuring and Testing,2016,32,True
Brazil,Measuring and Testing,2020,43,True
Russia,Measuring and Testing,2016,25,True
Serbia,Measuring and Testing,2020,3,True
Taiwan,Measuring and Testing,2021,81,True
Argentina,Measuring and Testing,2023,5,False
Finland,Measuring and Testing,2024,5,False
Bulgaria,Measuring and Testing,2025,0,False
Morocco,Measuring and Testing,2021,0,True
South Korea,Measuring and Testing,2020,1123,True
Spain,Neural Networks,2019,84,True
Slovakia,Neural Networks,2024,4,False
Ukraine,Neural Networks,2022,2,False
Taiwan,Neural Networks,2017,97,True
Turkey,Neural Networks,2025,0,False
Saudi Arabia,Ontology Engineering,2019,0,True
South Korea,Ontology Engineering,2018,65,True
Chile,Ontology Engineering,2019,0,True
Netherlands,Ontology Engineering,2021,1,True
Ukraine,Ontology Engineering,2025,1,False
Belgium,Other and Unspecified,2018,4,True
Japan,Other and Unspecified,2018,1598,True
Hungary,Other and Unspecified,2018,0,True
South Africa,Other and Unspecified,2023,49,False
Bulgaria,Personal Devices and Computing,2023,5,False
San Marino,Personal Devices and Computing,2020,0,True
France,Personal Devices and Computing,2019,153,True
United States,Personal Devices and Computing,2023,3865,False
Turkey,Personal Devices and Computing,2020,17,True
Slovenia,Personal Devices and Computing,2022,0,False
Romania,Personal Devices and Computing,2022,3,False
Uruguay,Personal Devices and Computing,2020,1,True
Norway,Personal Devices and Computing,2022,0,False
Taiwan,Personal Devices and Computing,2017,113,True
Taiwan,Personal Devices and Computing,2024,242,False
Argentina,Physical Sciences and Engineering,2022,16,False
Norway,Physical Sciences and Engineering,2024,7,False
Mexico,Physical Sciences and Engineering,2016,46,True
Belgium,Physical Sciences and Engineering,2022,7,False
Israel,Physical Sciences and Engineering,2019,19,True
Portugal,Physical Sciences and Engineering,2018,16,True
Australia,Physical Sciences and Engineering,2016,262,True
Australia,Physical Sciences and Engineering,2019,595,True
Finland,Physical Sciences and Engineering,2020,41,True
Saudi Arabia,Physical Sciences and Engineering,2022,1,False
Hungary,Physical Sciences and Engineering,2016,8,True
Chile,Planning and Scheduling,2017,0,True
Switzerland,Planning and Scheduling,2016,1,True
Romania,Planning and Scheduling,2024,0,False
Serbia,Planning and Scheduling,2023,0,False
Greece,Robotics,2023,2,False
Georgia,Robotics,2023,0,False
Uruguay,Robotics,2022,0,False
Costa Rica,Robotics,2025,0,False
South Africa,Robotics,2018,0,True
Morocco,Robotics,2021,0,True
Luxembourg,Robotics,2016,0,True
Lithuania,Robotics,2018,0,True
Taiwan,Robotics,2017,4,True
Argentina,Robotics,2023,0,False
Czechia,Robotics,2021,0,True
Germany,Robotics,2016,17,True
Turkey,Search Methods,2017,0,True
Morocco,Search Methods,2017,0,True
Colombia,Search Methods,2019,1,True
Mexico,Search Methods,2022,0,False
Mexico,Search Methods,2023,0,False
Mexico,Search Methods,2024,1,False
Norway,Search Methods,2024,1,False
Canada,Search Methods,2023,7,False
Portugal,Search Methods,2023,0,False
Denmark,Search Methods,2024,0,False
Hungary,Search Methods,2022,0,False
Germany,Search Methods,2017,4,True
Netherlands,Security,2017,0,True
Portugal,Security,2021,1,True
Ukraine,Security,2022,0,False
Finland,Security,2024,1,False
Bulgaria,Security,2021,0,True
Singapore,Security,2020,15,True
Israel,Security,2024,2,False
Luxembourg,Security,2022,7,False
United States,Spatial and Physical Reasoning,2018,5178,True
Japan,Spatial and Physical Reasoning,2022,1273,False
South Africa,Spatial and Physical Reasoning,2016,0,True
Slovenia,Spatial and Physical Reasoning,2023,0,False
Peru,Spatial and Physical Reasoning,2022,4,False
Canada,Spatial and Physical Reasoning,2023,49,False
Mexico,Spatial and Physical Reasoning,2020,55,True
Mexico,Spatial and Physical Reasoning,2025,2,False
Finland,Spatial and Physical Reasoning,2021,14,True
France,Spatial and Physical Reasoning,2019,101,True
Sweden,Speech Processing,2016,0,True
Estonia,Speech Processing,2022,0,False
Hungary,Speech Processing,2020,1,True
Colombia,Speech Processing,2022,0,False
Philippines,Speech Processing,2017,0,True
Mexico,Speech Processing,2025,0,False
Cuba,Telecommunications,2020,1,True
Poland,Telecommunications,2018,8,True
Poland,Telecommunications,2022,3,False
Belgium,Telecommunications,2018,1,True
Israel,Telecommunications,2024,4,False
China,Telecommunications,2019,4754,True
United States,Telecommunications,2023,1960,False
Australia,Telecommunications,2017,69,True
Greece,Telecommunications,2025,1,False
Austria,Telecommunications,2024,1,False
Saudi Arabia,Telecommunications,2018,0,True
India,Telecommunications,2016,30,True
Tunisia,Telecommunications,2023,0,False
New Zealand,Telecommunications,2017,6,True
Mexico,Transportation,2022,3,False
Chile,Transportation,2021,0,True
Ukraine,Transportation,2016,0,True
United States,Transportation,2018,1929,True
United States,Transportation,2025,16,False
Jordan,Transportation,2023,0,False
Singapore,Transportation,2020,8,True
Italy,Transportation,2022,7,False
Israel,Transportation,2023,5,False
Ukraine,Agriculture,2025,0,False
Paraguay,Agriculture,2021,0,True
Ireland,Agriculture,2016,0,True
Hungary,Agriculture,2023,1,False
United Kingdom,Agriculture,2021,4,True
France,Agriculture,2024,1,False
Romania,Agriculture,2020,0,True
Turkey,Agriculture,2024,5,False
United States,Agriculture,2019,170,True
Turkey,All,2024,105,False
Paraguay,All,2021,1,True
Israel,All,2023,58,False
South Korea,All,2018,4415,True
Slovenia,All,2018,9,True
Sweden,All,2018,33,True
Chile,All,2018,1,True
Canada,All,2021,949,True
Luxembourg,All,2017,3,True
Luxembourg,All,2023,95,False
United Kingdom,All,2019,447,True
Belgium,All,2024,5,False
India,All,2022,6,False
Malaysia,All,2022,6,False
Saudi Arabia,All,2021,1,True
Indonesia,All,2016,2,True
Tunisia,All,2022,3,False
Norway,Analytics and Algorithms,2023,0,False
Colombia,Analytics and Algorithms,2017,1,True
Saudi Arabia,Analytics and Algorithms,2023,0,False
Ireland,Analytics and Algorithms,2023,0,False
Poland,Analytics and Algorithms,2024,1,False
Peru,Analytics and Algorithms,2022,1,False
Sweden,Banking and Finance,2020,1,True
Saudi Arabia,Banking and Finance,2021,0,True
Croatia,Banking and Finance,2025,0,False
Chile,Banking and Finance,2018,0,True
Taiwan,Banking and Finance,2018,15,True
Israel,Banking and Finance,2022,1,False
Iran,Banking and Finance,2018,0,True
Germany,Banking and Finance,2018,51,True
Denmark,Banking and Finance,2018,2,True
Mexico,Banking and Finance,2016,3,True
Indonesia,Bio-Inspired Computing,2016,0,True
Saudi Arabia,Bio-Inspired Computing,2018,0,True
Saudi Arabia,Bio-Inspired Computing,2019,0,True
Italy,Bio-Inspired Computing,2019,2,True
Spain,Bio-Inspired Computing,2017,6,True
Spain,Bio-Inspired Computing,2021,3,True
Serbia,Bio-Inspired Computing,2022,0,False
Israel,Bio-Inspired Computing,2022,1,False
United States,Bio-Inspired Computing,2019,997,True
Romania,Bio-Inspired Computing,2018,0,True
Iran,Business,2018,0,True
Germany,Business,2023,72,False
United States,Business,2023,901,False
Morocco,Business,2022,3,False
Italy,Business,2022,5,False
Turkey,Business,2019,4,True
Belgium,Business,2016,0,True
China,Business,2025,27011,False
South Korea,Business,2024,1718,False
France,Business,2024,16,False
Sweden,Business,2021,2,True
Bulgaria,Computer Vision,2024,0,False
Luxembourg,Computer Vision,2022,26,False
Belgium,Computer Vision,2020,2,True
Chile,Computer Vision,2022,0,False
United States,Computer Vision,2018,4506,True
Colombia,Computer Vision,2019,0,True
Turkey,Computer Vision,2020,10,True
Czechia,Computer Vision,2023,0,False
Hungary,Computer Vision,2018,4,True
Hungary,Computer Vision,2019,2,True
Brazil,Computing in Government,2021,0,True
Canada,Computing in Government,2019,7,True
Hungary,Computing in Government,2022,0,False
China,Computing in Government,2017,152,True
Greece,Computing in Government,2017,0,True
India,Computing in Government,2019,0,True
Portugal,Computing in Government,2021,1,True
Croatia,Computing in Government,2024,0,False
Netherlands,Computing in Government,2023,2,False
Greece,Control Methods,2022,1,False
Czechia,Control Methods,2025,0,False
Mexico,Control Methods,2021,23,True
Canada,Control Methods,2022,86,False
Australia,Control Methods,2022,56,False
Oman,Control Methods,2016,1,True
Croatia,Control Methods,2019,1,True
Hungary,Distributed AI,2024,0,False
Germany,Distributed AI,2019,15,True
Italy,Distributed AI,2020,0,True
Ukraine,Distributed AI,2025,0,False
Thailand,Distributed AI,2017,0,True
Spain,Distributed AI,2018,1,True
Denmark,Distributed AI,2022,0,False
Slovenia,Distributed AI,2016,0,True
Portugal,Distributed AI,2016,0,True
Portugal,Distributed AI,2019,0,True
Portugal,Distributed AI,2023,0,False
Ireland,Distributed AI,2022,0,False
Poland,Distributed AI,2017,5,True
Serbia,Distributed AI,2018,0,True
Czechia,Education,2023,0,False
Czechia,Education,2025,0,False
Poland,Education,2016,0,True
South Africa,Education,2022,0,False
Tunisia,Education,2023,0,False
Netherlands,Education,2023,0,False
France,Education,2017,1,True
Norway,Education,2018,0,True
Switzerland,Education,2019,1,True
Singapore,Education,2018,8,True
India,Education,2017,7,True
Japan,Education,2023,48,False
South Korea,Energy Management,2023,685,False
Mexico,Energy Management,2023,0,False
Australia,Energy Management,2021,64,True
Australia,Energy Management,2024,4,False
Kenya,Energy Management,2016,0,True
Czechia,Energy Management,2021,0,True
Spain,Energy Management,2025,1,False
Israel,Energy Management,2024,0,False
Japan,Energy Management,2020,178,True
Philippines,Energy Management,2019,1,True
Argentina,Energy Management,2018,0,True
China,Energy Management,2016,649,True
Hungary,Fuzzy Logic,2024,0,False
Spain,Fuzzy Logic,2020,2,True
Netherlands,Fuzzy Logic,2016,0,True
Netherlands,Fuzzy Logic,2025,0,False
Switzerland,Fuzzy Logic,2017,0,True
Japan,Fuzzy Logic,2023,9,False
Croatia,Industry and Manufacturing,2022,1,False
Tunisia,Industry and Manufacturing,2020,0,True
Switzerland,Industry and Manufacturing,2019,1,True
San Marino,Industry and Manufacturing,2017,0,True
Brazil,Industry and Manufacturing,2019,19,True
Canada,Industry and Manufacturing,2018,47,True
Slovenia,Industry and Manufacturing,2019,0,True
New Zealand,Industry and Manufacturing,2018,0,True
Greece,Industry and Manufacturing,2017,2,True
Denmark,Industry and Manufacturing,2020,2,True
Japan,Industry and Manufacturing,2019,584,True
United Kingdom,Industry and Manufacturing,2020,37,True
India,Industry and Manufacturing,2016,5,True
Russia,Industry and Manufacturing,2016,6,True
South Africa,Industry and Manufacturing,2022,0,False
United States,Industry and Manufacturing,2020,786,True
Malaysia,Industry and Manufacturing,2022,0,False
Australia,Knowledge Representation,2024,3,False
San Marino,Knowledge Representation,2020,0,True
Israel,Knowledge Representation,2024,0,False
France,Knowledge Representation,2016,4,True
Ireland,Knowledge Representation,2022,0,False
Slovenia,Knowledge Representation,2016,0,True
Poland,Knowledge Representation,2023,1,False
Malaysia,Natural Language Processing,2017,1,True
Hungary,Natural Language Processing,2018,0,True
Taiwan,Natural Language Processing,2016,4,True
Denmark,Natural Language Processing,2020,1,True
Norway,Natural Language Processing,2021,0,True
Peru,Natural Language Processing,2022,0,False
Canada,Natural Language Processing,2017,36,True
Canada,Natural Language Processing,2021,73,True
Turkey,Natural Language Processing,2017,0,True
Australia,Natural Language Processing,2018,37,True
China,Natural Language Processing,2020,5900,True
Singapore,Natural Language Processing,2020,2,True
Latvia,Natural Language Processing,2017,0,True
Peru,Life Sciences,2017,0,True
France,Life Sciences,2016,19,True
China,Life Sciences,2017,1075,True
Jordan,Life Sciences,2021,0,True
United Kingdom,Life Sciences,2016,23,True
United Kingdom,Life Sciences,2020,85,True
Singapore,Life Sciences,2021,0,True
Saudi Arabia,Life Sciences,2018,0,True
Brazil,Life Sciences,2016,27,True
Romania,Logic-Based Knowledge Systems,2016,0,True
Colombia,Logic-Based Knowledge Systems,2024,0,False
Uruguay,Logic-Based Knowledge Systems,2020,0,True
Finland,Logic-Based Knowledge Systems,2019,8,True
Turkey,Logic-Based Knowledge Systems,2017,1,True
Turkey,Logic-Based Knowledge Systems,2022,2,False
Taiwan,Logic-Based Knowledge Systems,2021,40,True
South Korea,Logic-Based Knowledge Systems,2020,496,True
Iran,Markov and Bayesian Models,2018,1,True
Bulgaria,Markov and Bayesian Models,2017,0,True
Ireland,Markov and Bayesian Models,2021,0,True
Saudi Arabia,Markov and Bayesian Models,2021,0,True
Turkey,Markov and Bayesian Models,2016,0,True
Portugal,Markov and Bayesian Models,2020,0,True
Ukraine,Markov and Bayesian Models,2023,1,False
Australia,Measuring and Testing,2022,111,False
Canada,Measuring and Testing,2017,118,True
Poland,Measuring and Testing,2021,13,True
Greece,Measuring and Testing,2024,3,False
India,Measuring and Testing,2023,0,False
Israel,Measuring and Testing,2017,6,True
Chile,Measuring and Testing,2022,1,False
South Korea,Measuring and Testing,2016,170,True
Argentina,Neural Networks,2018,5,True
Chile,Neural Networks,2023,3,False
Peru,Neural Networks,2021,2,True
Japan,Neural Networks,2022,2249,False
Taiwan,Neural Networks,2023,357,False
Denmark,Neural Networks,2024,1,False
Romania,Neural Networks,2024,1,False
Germany,Neural Networks,2021,821,True
Tunisia,Neural Networks,2022,1,False
United Kingdom,Neural Networks,2019,265,True
Lithuania,Neural Networks,2022,1,False
Philippines,Ontology Engineering,2016,0,True
Mexico,Ontology Engineering,2025,0,False
Kenya,Ontology Engineering,2016,0,True
Czechia,Ontology Engineering,2017,0,True
United Kingdom,Ontology Engineering,2020,7,True
Netherlands,Ontology Engineering,2023,0,False
Romania,Ontology Engineering,2018,0,True
Netherlands,Other and Unspecified,2021,10,True
Taiwan,Other and Unspecified,2025,38,False
Germany,Other and Unspecified,2018,236,True
United Kingdom,Other and Unspecified,2016,82,True
Greece,Other and Unspecified,2024,9,False
Brazil,Other and Unspecified,2016,50,True
Mexico,Other and Unspecified,2024,9,False
Peru,Other and Unspecified,2017,0,True
Italy,Other and Unspecified,2020,26,True
Luxembourg,Other and Unspecified,2020,3,True
India,Other and Unspecified,2018,86,True
Switzerland,Other and Unspecified,2020,0,True
Bulgaria,Personal Devices and Computing,2024,3,False
France,Personal Devices and Computing,2021,129,True
Turkey,Personal Devices and Computing,2024,32,False
Peru,Personal Devices and Computing,2018,2,True
Russia,Personal Devices and Computing,2017,116,True
Australia,Personal Devices and Computing,2024,34,False
Belgium,Personal Devices and Computing,2020,2,True
Ukraine,Personal Devices and Computing,2019,1,True
Serbia,Personal Devices and Computing,2021,2,True
China,Personal Devices and Computing,2021,61219,True
Latvia,Personal Devices and Computing,2020,0,True
South Africa,Personal Devices and Computing,2019,0,True
Ireland,Personal Devices and Computing,2018,1,True
Greece,Physical Sciences and Engineering,2020,6,True
New Zealand,Physical Sciences and Engineering,2016,8,True
Portugal,Physical Sciences and Engineering,2024,2,False
Australia,Physical Sciences and Engineering,2021,1474,True
Luxembourg,Physical Sciences and Engineering,2017,3,True
Luxembourg,Physical Sciences and Engineering,2022,77,False
Mexico,Planning and Scheduling,2016,11,True
United Kingdom,Planning and Scheduling,2018,42,True
Sweden,Planning and Scheduling,2018,1,True
Germany,Planning and Scheduling,2017,28,True
Israel,Planning and Scheduling,2019,2,True
Serbia,Planning and Scheduling,2020,0,True
Hungary,Planning and Scheduling,2017,2,True
Hungary,Planning and Scheduling,2022,1,False
France,Planning and Scheduling,2019,15,True
Georgia,Planning and Scheduling,2023,0,False
Japan,Robotics,2023,146,False
Mexico,Robotics,2021,7,True
South Africa,Robotics,2021,1,True
South Korea,Robotics,2024,236,False
Bulgaria,Robotics,2018,0,True
India,Robotics,2021,0,True
Lithuania,Robotics,2021,0,True
Philippines,Robotics,2016,0,True
Turkey,Robotics,2020,2,True
Serbia,Robotics,2020,1,True
Argentina,Robotics,2020,0,True
Croatia,Robotics,2021,0,True
Romania,Robotics,2016,0,True
Malaysia,Search Methods,2016,1,True
Taiwan,Search Methods,2024,10,False
Peru,Search Methods,2020,0,True
Peru,Search Methods,2023,1,False
Brazil,Search Methods,2022,0,False
Mexico,Search Methods,2021,6,True
Norway,Search Methods,2019,1,True
Romania,Search Methods,2022,0,False
United States,Search Methods,2022,627,False
Australia,Search Methods,2019,37,True
Croatia,Search Methods,2018,0,True
Croatia,Search Methods,2023,0,False
South Korea,Security,2026,0,False
United Kingdom,Security,2023,31,False
Taiwan,Security,2023,28,False
Lithuania,Security,2020,1,True
Sweden,Security,2021,3,True
Serbia,Security,2019,0,True
India,Security,2021,1,True
South Africa,Security,2020,0,True
Czechia,Security,2021,0,True
Bulgaria,Security,2019,0,True
Bulgaria,Security,2022,0,False
Mexico,Security,2024,2,False
Lithuania,Spatial and Physical Reasoning,2020,0,True
Luxembourg,Spatial and Physical Reasoning,2016,0,True
Luxembourg,Spatial and Physical Reasoning,2019,1,True
Portugal,Spatial and Physical Reasoning,2017,1,True
Hungary,Spatial and Physical Reasoning,2018,3,True
Finland,Spatial and Physical Reasoning,2016,3,True
Italy,Spatial and Physical Reasoning,2024,14,False
San Marino,Spatial and Physical Reasoning,2017,1,True
Croatia,Spatial and Physical Reasoning,2020,0,True
Israel,Spatial and Physical Reasoning,2019,9,True
Netherlands,Spatial and Physical Reasoning,2018,7,True
Belgium,Speech Processing,2016,1,True
Czechia,Speech Processing,2020,0,True
Chile,Speech Processing,2022,0,False
China,Speech Processing,2021,3574,True
Japan,Speech Processing,2020,239,True
Brazil,Speech Processing,2016,2,True
Brazil,Speech Processing,2021,5,True
Austria,Speech Processing,2023,0,False
France,Speech Processing,2017,3,True
India,Speech Processing,2019,2,True
Canada,Speech Processing,2019,41,True
San Marino,Speech Processing,2020,1,True
Croatia,Speech Processing,2023,0,False
Slovenia,Speech Processing,2022,0,False
Finland,Speech Processing,2018,2,True
Mexico,Speech Processing,2016,1,True
Norway,Speech Processing,2022,0,False
Luxembourg,Speech Processing,2016,0,True
United Kingdom,Speech Processing,2023,33,False
Romania,Telecommunications,2024,0,False
Bulgaria,Telecommunications,2024,0,False
Malaysia,Telecommunications,2020,5,True
South Africa,Telecommunications,2023,0,False
Greece,Telecommunications,2018,0,True
South Korea,Telecommunications,2023,2449,False
Germany,Telecommunications,2018,137,True
Estonia,Telecommunications,2022,0,False
Italy,Telecommunications,2017,8,True
South Korea,Transportation,2019,829,True
Denmark,Transportation,2018,8,True
Germany,Transportation,2018,276,True
Turkey,Transportation,2016,2,True
Russia,Transportation,2016,18,True
Slovenia,Transportation,2019,0,True
Greece,Transportation,2019,0,True
Greece,Transportation,2020,0,True
Romania,Transportation,2021,0,True
Indonesia,Agriculture,2016,0,True
South Korea,Agriculture,2025,10,False
Brazil,Agriculture,2020,18,True
Hungary,Agriculture,2022,0,False
Poland,Agriculture,2021,1,True
Canada,Agriculture,2021,39,True
Greece,Agriculture,2016,0,True
Argentina,Agriculture,2018,5,True
Israel,Agriculture,2022,1,False
Peru,Agriculture,2017,0,True
Italy,Agriculture,2019,3,True
New Zealand,Agriculture,2020,1,True
South Africa,All,2016,3,True
France,All,2023,343,False
Turkey,All,2017,11,True
Turkey,All,2021,60,True
Israel,All,2020,24,True
Denmark,All,2018,37,True
Greece,All,2016,5,True
Jordan,All,2021,2,True
Taiwan,All,2016,102,True
Tunisia,All,2021,4,True
Tunisia,All,2023,1,False
Australia,Analytics and Algorithms,2020,128,True
Chile,Analytics and Algorithms,2023,0,False
Belgium,Analytics and Algorithms,2021,1,True
Hungary,Analytics and Algorithms,2018,1,True
South Korea,Analytics and Algorithms,2017,148,True
South Korea,Analytics and Algorithms,2019,455,True
Colombia,Analytics and Algorithms,2023,1,False
Romania,Analytics and Algorithms,2021,0,True
Denmark,Analytics and Algorithms,2023,1,False
Italy,Analytics and Algorithms,2016,4,True
Taiwan,Analytics and Algorithms,2016,9,True
Taiwan,Analytics and Algorithms,2023,93,False
Germany,Analytics and Algorithms,2017,38,True
Spain,Analytics and Algorithms,2021,17,True
India,Analytics and Algorithms,2020,0,True
United Kingdom,Analytics and Algorithms,2019,49,True
Sweden,Banking and Finance,2021,1,True
China,Banking and Finance,2019,1380,True
China,Banking and Finance,2023,3927,False
Portugal,Banking and Finance,2018,1,True
Greece,Banking and Finance,2022,0,False
Greece,Banking and Finance,2024,0,False
Morocco,Banking and Finance,2018,1,True
Hungary,Banking and Finance,2016,2,True
Italy,Banking and Finance,2020,1,True
Italy,Banking and Finance,2023,1,False
Argentina,Banking and Finance,2021,0,True
South Africa,Banking and Finance,2019,0,True
Colombia,Banking and Finance,2017,0,True
Australia,Banking and Finance,2023,34,False
Australia,Banking and Finance,2024,4,False
Greece,Bio-Inspired Computing,2019,1,True
Philippines,Bio-Inspired Computing,2019,0,True
Slovakia,Bio-Inspired Computing,2024,2,False
Portugal,Bio-Inspired Computing,2017,0,True
Iran,Bio-Inspired Computing,2018,0,True
Israel,Bio-Inspired Computing,2023,1,False
Russia,Bio-Inspired Computing,2019,8,True
Singapore,Bio-Inspired Computing,2019,17,True
Taiwan,Bio-Inspired Computing,2020,16,True
Taiwan,Bio-Inspired Computing,2023,10,False
Australia,Bio-Inspired Computing,2022,25,False
Belgium,Bio-Inspired Computing,2017,0,True
Morocco,Business,2021,0,True
Russia,Business,2019,18,True
Serbia,Business,2020,1,True
Serbia,Business,2022,2,False
Austria,Business,2019,0,True
Ukraine,Business,2017,0,True
Hungary,Business,2016,3,True
United Kingdom,Business,2024,37,False
Switzerland,Business,2023,4,False
Chile,Business,2018,0,True
Bulgaria,Computer Vision,2018,1,True
Australia,Computer Vision,2016,78,True
Australia,Computer Vision,2022,191,False
Sweden,Computer Vision,2020,6,True
Brazil,Computer Vision,2022,8,False
Chile,Computer Vision,2024,1,False
Romania,Computer Vision,2024,0,False
France,Computing in Government,2024,1,False
Israel,Computing in Government,2024,0,False
New Zealand,Computing in Government,2021,0,True
Greece,Computing in Government,2023,0,False
Spain,Computing in Government,2016,0,True
Serbia,Computing in Government,2023,0,False
South Africa,Computing in Government,2016,1,True
Belgium,Control Methods,2020,0,True
Saudi Arabia,Control Methods,2021,0,True
United Kingdom,Control Methods,2016,44,True
New Zealand,Control Methods,2017,3,True
Serbia,Control Methods,2019,1,True
Canada,Control Methods,2017,101,True
France,Control Methods,2016,22,True
Lithuania,Control Methods,2018,1,True
India,Control Methods,2022,1,False
Italy,Control Methods,2020,9,True
Croatia,Control Methods,2021,0,True
Poland,Control Methods,2020,6,True
Germany,Control Methods,2016,132,True
Philippines,Control Methods,2021,0,True
Switzerland,Distributed AI,2018,0,True
Austria,Distributed AI,2018,0,True
Costa Rica,Distributed AI,2020,0,True
Serbia,Distributed AI,2019,0,True
Sweden,Education,2021,0,True
Morocco,Education,2020,0,True
Peru,Education,2017,0,True
United States,Education,2016,136,True
Australia,Education,2019,17,True
Portugal,Education,2021,0,True
Finland,Energy Management,2016,2,True
Bulgaria,Energy Management,2019,0,True
Italy,Energy Management,2020,2,True
Malaysia,Energy Management,2017,1,True
Malaysia,Energy Management,2019,2,True
Israel,Energy Management,2018,1,True
Austria,Energy Management,2017,5,True
Costa Rica,Energy Management,2023,0,False
Australia,Fuzzy Logic,2024,0,False
Norway,Fuzzy Logic,2018,0,True
Portugal,Fuzzy Logic,2024,0,False
Denmark,Fuzzy Logic,2021,0,True
Malaysia,Fuzzy Logic,2020,0,True
Poland,Fuzzy Logic,2024,2,False
Latvia,Fuzzy Logic,2017,0,True
Lithuania,Fuzzy Logic,2021,0,True
Bulgaria,Fuzzy Logic,2021,0,True
Czechia,Fuzzy Logic,2024,0,False
China,Industry and Manufacturing,2016,618,True
Finland,Industry and Manufacturing,2018,3,True
Portugal,Industry and Manufacturing,2024,0,False
Poland,Industry and Manufacturing,2019,9,True
Greece,Industry and Manufacturing,2021,1,True
Israel,Industry and Manufacturing,2023,3,False
Slovakia,Industry and Manufacturing,2023,1,False
Czechia,Industry and Manufacturing,2019,0,True
United States,Knowledge Representation,2017,1314,True
Ukraine,Knowledge Representation,2017,0,True
Ukraine,Knowledge Representation,2021,0,True
Bulgaria,Knowledge Representation,2021,0,True
Canada,Knowledge Representation,2023,5,False
Croatia,Knowledge Representation,2018,0,True
Portugal,Knowledge Representation,2019,0,True
Finland,Knowledge Representation,2018,3,True
Argentina,Natural Language Processing,2020,0,True
Denmark,Natural Language Processing,2019,2,True
South Africa,Natural Language Processing,2019,0,True
New Zealand,Natural Language Processing,2017,0,True
Finland,Natural Language Processing,2023,4,False
Luxembourg,Natural Language Processing,2020,3,True
Austria,Natural Language Processing,2019,0,True
Germany,Natural Language Processing,2024,39,False
Portugal,Natural Language Processing,2023,0,False
Australia,Natural Language Processing,2023,81,False
China,Natural Language Processing,2022,7857,False
Tunisia,Natural Language Processing,2020,0,True
Israel,Natural Language Processing,2024,1,False
Russia,Life Sciences,2017,33,True
Mexico,Life Sciences,2023,5,False
France,Life Sciences,2023,34,False
Denmark,Life Sciences,2019,12,True
Philippines,Life Sciences,2019,3,True
Romania,Life Sciences,2022,3,False
Spain,Life Sciences,2024,7,False
Slovakia,Life Sciences,2023,4,False
Serbia,Life Sciences,2019,2,True
India,Life Sciences,2018,32,True
Argentina,Logic-Based Knowledge Systems,2018,1,True
Canada,Logic-Based Knowledge Systems,2021,88,True
Norway,Logic-Based Knowledge Systems,2018,2,True
Singapore,Logic-Based Knowledge Systems,2021,0,True
Finland,Logic-Based Knowledge Systems,2021,3,True
Switzerland,Logic-Based Knowledge Systems,2021,3,True
Sweden,Logic-Based Knowledge Systems,2018,3,True
Estonia,Logic-Based Knowledge Systems,2022,0,False
Serbia,Markov and Bayesian Models,2020,1,True
United Kingdom,Markov and Bayesian Models,2016,23,True
Malaysia,Markov and Bayesian Models,2019,4,True
Japan,Markov and Bayesian Models,2025,2,False
Russia,Markov and Bayesian Models,2017,28,True
Colombia,Markov and Bayesian Models,2022,0,False
Bulgaria,Markov and Bayesian Models,2018,0,True
Slovenia,Markov and Bayesian Models,2016,0,True
Uruguay,Markov and Bayesian Models,2017,0,True
Sweden,Measuring and Testing,2024,5,False
Luxembourg,Measuring and Testing,2018,2,True
Poland,Measuring and Testing,2024,1,False
Mexico,Measuring and Testing,2017,18,True
Uruguay,Measuring and Testing,2020,0,True
Romania,Measuring and Testing,2022,1,False
Romania,Measuring and Testing,2024,2,False
Luxembourg,Neural Networks,2017,1,True
Canada,Neural Networks,2016,103,True
Canada,Neural Networks,2022,374,False
South Africa,Neural Networks,2016,0,True
Denmark,Neural Networks,2017,14,True
Switzerland,Neural Networks,2018,3,True
Lithuania,Ontology Engineering,2020,0,True
New Zealand,Ontology Engineering,2023,0,False
South Africa,Ontology Engineering,2016,0,True
Malaysia,Ontology Engineering,2016,2,True
Czechia,Ontology Engineering,2020,0,True
Sweden,Other and Unspecified,2016,6,True
Sweden,Other and Unspecified,2025,2,False
Ireland,Other and Unspecified,2016,0,True
Greece,Other and Unspecified,2017,1,True
Belgium,Other and Unspecified,2020,4,True
Luxembourg,Other and Unspecified,2016,2,True
Luxembourg,Other and Unspecified,2018,2,True
Luxembourg,Other and Unspecified,2019,4,True
Canada,Other and Unspecified,2018,247,True
Switzerland,Personal Devices and Computing,2017,0,True
Jordan,Personal Devices and Computing,2021,0,True
Uruguay,Personal Devices and Computing,2017,0,True
Italy,Personal Devices and Computing,2016,6,True
Latvia,Personal Devices and Computing,2017,0,True
Lithuania,Physical Sciences and Engineering,2017,4,True
New Zealand,Physical Sciences and Engineering,2018,15,True
United Kingdom,Physical Sciences and Engineering,2025,35,False
Romania,Physical Sciences and Engineering,2018,5,True
Russia,Physical Sciences and Engineering,2016,140,True
Bulgaria,Physical Sciences and Engineering,2017,3,True
Sweden,Physical Sciences and Engineering,2020,31,True
Indonesia,Physical Sciences and Engineering,2016,2,True
South Korea,Physical Sciences and Engineering,2023,12103,False
China,Physical Sciences and Engineering,2018,30001,True
Italy,Physical Sciences and Engineering,2022,80,False
Philippines,Planning and Scheduling,2016,0,True
Italy,Planning and Scheduling,2022,4,False
United States,Planning and Scheduling,2017,1387,True
Singapore,Planning and Scheduling,2021,2,True
Netherlands,Planning and Scheduling,2019,2,True
New Zealand,Planning and Scheduling,2016,0,True
Turkey,Planning and Scheduling,2025,0,False
Poland,Robotics,2018,3,True
New Zealand,Robotics,2016,2,True
New Zealand,Robotics,2023,0,False
South Africa,Robotics,2024,2,False
Slovenia,Robotics,2018,0,True
Slovakia,Robotics,2024,0,False
France,Robotics,2022,11,False
Netherlands,Robotics,2017,0,True
Romania,Robotics,2019,0,True
Italy,Robotics,2021,5,True
Taiwan,Search Methods,2018,7,True
Belgium,Search Methods,2017,0,True
Israel,Search Methods,2020,1,True
Ireland,Search Methods,2022,0,False
Japan,Search Methods,2017,81,True
United States,Search Methods,2016,323,True
Czechia,Search Methods,2024,0,False
France,Search Methods,2017,1,True
Australia,Search Methods,2017,13,True
United Kingdom,Search Methods,2020,13,True
South Korea,Security,2018,274,True
Denmark,Security,2019,4,True
South Africa,Security,2021,0,True
Romania,Security,2017,0,True
Singapore,Security,2018,27,True
Peru,Security,2017,0,True
Spain,Security,2022,4,False
Turkey,Security,2020,8,True
Belgium,Spatial and Physical Reasoning,2017,2,True
Luxembourg,Spatial and Physical Reasoning,2023,18,False
South Africa,Spatial and Physical Reasoning,2020,2,True
Mexico,Spatial and Physical Reasoning,2018,31,True
Italy,Spatial and Physical Reasoning,2020,19,True
Sweden,Spatial and Physical Reasoning,2024,5,False
Czechia,Speech Processing,2021,0,True
France,Speech Processing,2016,7,True
Turkey,Speech Processing,2019,0,True
Turkey,Speech Processing,2022,0,False
Oman,Speech Processing,2016,0,True
Saudi Arabia,Speech Processing,2018,0,True
Lithuania,Speech Processing,2020,0,True
Finland,Speech Processing,2020,3,True
Portugal,Telecommunications,2021,3,True
Bulgaria,Telecommunications,2018,0,True
Bulgaria,Telecommunications,2021,0,True
Taiwan,Telecommunications,2017,28,True
Taiwan,Telecommunications,2018,55,True
Taiwan,Telecommunications,2020,104,True
Russia,Telecommunications,2016,34,True
Luxembourg,Telecommunications,2023,9,False
Japan,Telecommunications,2021,688,True
New Zealand,Telecommunications,2020,3,True
France,Telecommunications,2018,41,True
United Kingdom,Telecommunications,2016,59,True
South Korea,Transportation,2026,0,False
Poland,Transportation,2022,0,False
Portugal,Transportation,2023,0,False
San Marino,Transportation,2023,0,False
Taiwan,Transportation,2025,5,False
Netherlands,Transportation,2020,1,True
Turkey,Transportation,2019,3,True
Serbia,Transportation,2022,0,False
Norway,Transportation,2025,0,False
Israel,Transportation,2020,2,True
Philippines,Agriculture,2020,2,True
Switzerland,Agriculture,2024,0,False
Argentina,Agriculture,2022,2,False
New Zealand,Agriculture,2019,1,True
Latvia,All,2017,1,True
Croatia,All,2018,3,True
Costa Rica,All,2020,2,True
Lithuania,All,2022,1,False
Brazil,All,2018,156,True
Sweden,All,2023,34,False
Australia,All,2022,540,False
Netherlands,All,2022,69,False
Japan,Analytics and Algorithms,2024,96,False
United States,Analytics and Algorithms,2023,872,False
Brazil,Analytics and Algorithms,2018,21,True
South Africa,Analytics and Algorithms,2017,1,True
Taiwan,Analytics and Algorithms,2017,12,True
Finland,Analytics and Algorithms,2016,1,True
Israel,Analytics and Algorithms,2020,5,True
Turkey,Analytics and Algorithms,2022,6,False
Germany,Analytics and Algorithms,2016,13,True
Greece,Analytics and Algorithms,2018,1,True
France,Analytics and Algorithms,2018,14,True
Spain,Analytics and Algorithms,2017,21,True
Argentina,Analytics and Algorithms,2023,1,False
Sweden,Banking and Finance,2022,4,False
China,Banking and Finance,2021,2863,True
Malaysia,Banking and Finance,2016,0,True
Taiwan,Banking and Finance,2016,1,True
Israel,Banking and Finance,2020,1,True
Serbia,Banking and Finance,2017,0,True
India,Banking and Finance,2016,2,True
India,Banking and Finance,2024,0,False
Philippines,Banking and Finance,2021,20,True
Poland,Banking and Finance,2020,2,True
Poland,Banking and Finance,2023,0,False
Luxembourg,Banking and Finance,2025,4,False
Japan,Bio-Inspired Computing,2018,176,True
Ukraine,Bio-Inspired Computing,2025,0,False
United Kingdom,Bio-Inspired Computing,2018,28,True
United Kingdom,Bio-Inspired Computing,2024,24,False
Argentina,Bio-Inspired Computing,2021,0,True
Slovakia,Bio-Inspired Computing,2020,0,True
Oman,Bio-Inspired Computing,2016,0,True
Poland,Bio-Inspired Computing,2023,0,False
China,Bio-Inspired Computing,2026,176,False
Lithuania,Bio-Inspired Computing,2016,0,True
South Korea,Bio-Inspired Computing,2018,162,True
Chile,Bio-Inspired Computing,2022,0,False
Morocco,Business,2023,2,False
Singapore,Business,2019,27,True
South Korea,Business,2018,663,True
Philippines,Business,2020,6,True
Switzerland,Business,2017,0,True
Brazil,Business,2017,8,True
France,Computer Vision,2016,19,True
Poland,Computer Vision,2023,9,False
China,Computer Vision,2025,52685,False
Denmark,Computer Vision,2021,7,True
Belgium,Computer Vision,2022,0,False
Japan,Computer Vision,2017,832,True
Slovakia,Computer Vision,2025,1,False
Ukraine,Computer Vision,2023,0,False
Colombia,Computer Vision,2017,0,True
Romania,Computing in Government,2021,0,True
Peru,Computing in Government,2016,0,True
Malaysia,Computing in Government,2022,0,False
India,Computing in Government,2024,0,False
Lithuania,Computing in Government,2020,0,True
Turkey,Computing in Government,2024,4,False
Japan,Computing in Government,2024,16,False
Bulgaria,Control Methods,2022,1,False
United States,Control Methods,2016,1212,True
Hungary,Control Methods,2018,1,True
New Zealand,Control Methods,2023,0,False
Romania,Control Methods,2018,0,True
Uruguay,Control Methods,2020,0,True
Switzerland,Control Methods,2019,1,True
Singapore,Distributed AI,2020,0,True
Italy,Distributed AI,2024,0,False
Canada,Distributed AI,2023,0,False
Lithuania,Distributed AI,2020,0,True
Colombia,Distributed AI,2021,0,True
Japan,Distributed AI,2018,38,True
San Marino,Distributed AI,2017,0,True
Malaysia,Distributed AI,2021,0,True
Netherlands,Distributed AI,2021,1,True
Serbia,Distributed AI,2022,0,False
Denmark,Education,2023,0,False
Morocco,Education,2017,0,True
Mexico,Education,2017,1,True
Hungary,Education,2019,0,True
Philippines,Education,2017,0,True
Canada,Education,2018,19,True
United Kingdom,Education,2023,4,False
Romania,Education,2019,0,True
Switzerland,Education,2020,0,True
Switzerland,Education,2023,0,False
San Marino,Education,2018,0,True
India,Education,2022,0,False
Tunisia,Energy Management,2023,0,False
South Korea,Energy Management,2025,61,False
Serbia,Energy Management,2016,0,True
United Kingdom,Energy Management,2016,7,True
Denmark,Energy Management,2022,1,False
Taiwan,Fuzzy Logic,2016,4,True
Ireland,Fuzzy Logic,2022,0,False
Serbia,Fuzzy Logic,2019,0,True
Morocco,Fuzzy Logic,2018,0,True
Croatia,Fuzzy Logic,2022,0,False
Saudi Arabia,Fuzzy Logic,2019,0,True
Malaysia,Fuzzy Logic,2019,2,True
Sweden,Fuzzy Logic,2022,0,False
India,Fuzzy Logic,2020,0,True
Romania,Fuzzy Logic,2018,0,True
Singapore,Industry and Manufacturing,2016,5,True
Sweden,Industry and Manufacturing,2022,6,False
South Korea,Industry and Manufacturing,2021,701,True
Uruguay,Industry and Manufacturing,2017,1,True
Portugal,Industry and Manufacturing,2022,0,False
Costa Rica,Industry and Manufacturing,2023,0,False
United Kingdom,Industry and Manufacturing,2021,11,True
Israel,Industry and Manufacturing,2018,1,True
Israel,Industry and Manufacturing,2020,0,True
South Africa,Industry and Manufacturing,2025,0,False
United States,Industry and Manufacturing,2016,294,True
Turkey,Knowledge Representation,2024,4,False
Argentina,Knowledge Representation,2018,1,True
Malaysia,Knowledge Representation,2019,1,True
Oman,Knowledge Representation,2016,0,True
Israel,Knowledge Representation,2023,2,False
Georgia,Knowledge Representation,2023,0,False
Romania,Knowledge Representation,2017,0,True
France,Knowledge Representation,2020,6,True
Portugal,Knowledge Representation,2022,0,False
India,Knowledge Representation,2023,0,False
South Korea,Knowledge Representation,2020,261,True
Costa Rica,Knowledge Representation,2021,0,True
Russia,Natural Language Processing,2020,13,True
Poland,Natural Language Processing,2016,0,True
Norway,Natural Language Processing,2019,0,True
Switzerland,Natural Language Processing,2020,0,True
Thailand,Natural Language Processing,2017,0,True
Brazil,Natural Language Processing,2019,6,True
United States,Life Sciences,2020,2331,True
Australia,Life Sciences,2016,85,True
Austria,Life Sciences,2021,1,True
Turkey,Life Sciences,2022,11,False
Morocco,Life Sciences,2016,2,True
Ukraine,Life Sciences,2025,0,False
Azerbaijan,Life Sciences,2018,0,True
Serbia,Life Sciences,2016,0,True
Canada,Life Sciences,2017,142,True
South Africa,Logic-Based Knowledge Systems,2021,0,True
Netherlands,Logic-Based Knowledge Systems,2021,1,True
Hungary,Logic-Based Knowledge Systems,2018,2,True
Belgium,Logic-Based Knowledge Systems,2017,0,True
Belgium,Logic-Based Knowledge Systems,2018,0,True
Singapore,Logic-Based Knowledge Systems,2016,15,True
Germany,Logic-Based Knowledge Systems,2023,62,False
Germany,Logic-Based Knowledge Systems,2025,19,False
Philippines,Logic-Based Knowledge Systems,2022,0,False
Czechia,Logic-Based Knowledge Systems,2020,1,True
Chile,Logic-Based Knowledge Systems,2021,0,True
Sweden,Markov and Bayesian Models,2024,1,False
Norway,Markov and Bayesian Models,2025,0,False
United Kingdom,Markov and Bayesian Models,2017,38,True
Taiwan,Markov and Bayesian Models,2017,17,True
Mexico,Markov and Bayesian Models,2023,0,False
San Marino,Markov and Bayesian Models,2020,0,True
Greece,Markov and Bayesian Models,2016,0,True
Canada,Measuring and Testing,2016,83,True
Jordan,Measuring and Testing,2017,1,True
Italy,Measuring and Testing,2017,5,True
Taiwan,Measuring and Testing,2020,114,True
Malaysia,Measuring and Testing,2022,4,False
Denmark,Measuring and Testing,2021,4,True
Italy,Neural Networks,2023,53,False
Chile,Neural Networks,2022,1,False
Luxembourg,Neural Networks,2023,51,False
South Africa,Neural Networks,2021,15,True
India,Neural Networks,2022,2,False
Morocco,Neural Networks,2023,5,False
Morocco,Neural Networks,2024,3,False
Portugal,Neural Networks,2023,3,False
Portugal,Neural Networks,2024,2,False
Ireland,Neural Networks,2022,1,False
Greece,Neural Networks,2018,8,True
United Kingdom,Neural Networks,2025,40,False
Jordan,Neural Networks,2021,0,True
Costa Rica,Neural Networks,2020,2,True
South Korea,Ontology Engineering,2017,35,True
Mexico,Ontology Engineering,2016,0,True
Portugal,Ontology Engineering,2021,0,True
Finland,Ontology Engineering,2024,1,False
Canada,Ontology Engineering,2024,2,False
Switzerland,Ontology Engineering,2016,0,True
Austria,Ontology Engineering,2016,0,True
Austria,Ontology Engineering,2020,0,True
Ireland,Ontology Engineering,2022,0,False
Argentina,Ontology Engineering,2017,0,True
Argentina,Ontology Engineering,2020,0,True
Croatia,Ontology Engineering,2025,0,False
India,Ontology Engineering,2021,0,True
Ukraine,Ontology Engineering,2022,0,False
Sweden,Other and Unspecified,2022,13,False
Israel,Other and Unspecified,2016,3,True
France,Other and Unspecified,2020,72,True
France,Other and Unspecified,2024,56,False
Germany,Other and Unspecified,2024,340,False
Greece,Other and Unspecified,2018,0,True
Latvia,Other and Unspecified,2017,0,True
Singapore,Other and Unspecified,2018,80,True
Switzerland,Other and Unspecified,2016,2,True
Morocco,Personal Devices and Computing,2017,3,True
Mexico,Personal Devices and Computing,2019,51,True
Portugal,Personal Devices and Computing,2022,2,False
India,Personal Devices and Computing,2020,6,True
India,Personal Devices and Computing,2023,0,False
Ukraine,Personal Devices and Computing,2016,0,True
Poland,Personal Devices and Computing,2021,10,True
Israel,Personal Devices and Computing,2016,5,True
Israel,Personal Devices and Computing,2020,17,True
Netherlands,Personal Devices and Computing,2016,3,True
Spain,Personal Devices and Computing,2019,65,True
Austria,Physical Sciences and Engineering,2021,20,True
Norway,Physical Sciences and Engineering,2020,8,True
Finland,Physical Sciences and Engineering,2023,25,False
Denmark,Physical Sciences and Engineering,2020,24,True
South Korea,Physical Sciences and Engineering,2017,2547,True
South Korea,Planning and Scheduling,2021,859,True
Finland,Planning and Scheduling,2023,5,False
United States,Planning and Scheduling,2023,588,False
Switzerland,Planning and Scheduling,2020,0,True
Romania,Planning and Scheduling,2023,1,False
Israel,Planning and Scheduling,2017,2,True
Ukraine,Planning and Scheduling,2021,0,True
Poland,Planning and Scheduling,2016,0,True
Netherlands,Planning and Scheduling,2022,7,False
Canada,Planning and Scheduling,2018,112,True
Greece,Robotics,2016,0,True
Australia,Robotics,2019,43,True
South Korea,Robotics,2016,72,True
Spain,Robotics,2018,15,True
Slovakia,Robotics,2023,0,False
Belgium,Robotics,2016,0,True
Czechia,Robotics,2018,0,True
Austria,Robotics,2020,0,True
Argentina,Search Methods,2017,0,True
China,Search Methods,2017,128,True
Peru,Search Methods,2017,0,True
Morocco,Search Methods,2023,0,False
New Zealand,Search Methods,2019,0,True
Brazil,Search Methods,2018,12,True
Brazil,Search Methods,2021,6,True
Norway,Search Methods,2017,0,True
Canada,Search Methods,2024,3,False
Romania,Search Methods,2019,0,True
Romania,Search Methods,2024,0,False
South Korea,Search Methods,2019,90,True
South Korea,Search Methods,2020,78,True
Czechia,Search Methods,2018,0,True
Germany,Search Methods,2020,45,True
Japan,Security,2018,176,True
Costa Rica,Security,2020,0,True
Denmark,Security,2021,0,True
Serbia,Security,2020,0,True
Serbia,Security,2024,1,False
United States,Security,2020,1664,True
Belgium,Security,2016,0,True
Slovakia,Security,2021,0,True
Hungary,Security,2019,1,True
Canada,Security,2017,49,True
Norway,Security,2017,0,True
Turkey,Security,2019,0,True
Belgium,Spatial and Physical Reasoning,2022,4,False
South Korea,Spatial and Physical Reasoning,2026,1,False
Portugal,Spatial and Physical Reasoning,2016,4,True
Portugal,Spatial and Physical Reasoning,2019,3,True
Ukraine,Spatial and Physical Reasoning,2021,0,True
Bulgaria,Spatial and Physical Reasoning,2018,0,True
Israel,Spatial and Physical Reasoning,2023,18,False
Belgium,Speech Processing,2023,1,False
Czechia,Speech Processing,2023,0,False
China,Speech Processing,2018,1441,True
France,Speech Processing,2020,5,True
Croatia,Speech Processing,2025,0,False
Cuba,Speech Processing,2020,0,True
Paraguay,Speech Processing,2021,0,True
Norway,Speech Processing,2016,0,True
Argentina,Speech Processing,2016,0,True
Costa Rica,Speech Processing,2021,0,True
Romania,Telecommunications,2019,2,True
Slovakia,Telecommunications,2024,1,False
Malaysia,Telecommunications,2017,8,True
Norway,Telecommunications,2021,2,True
China,Telecommunications,2022,10870,False
Australia,Telecommunications,2016,73,True
Saudi Arabia,Telecommunications,2023,0,False
Slovenia,Telecommunications,2016,2,True
India,Telecommunications,2019,2,True
France,Telecommunications,2021,64,True
United Kingdom,Telecommunications,2023,178,False
India,Transportation,2024,0,False
Slovakia,Transportation,2023,0,False
Mexico,Transportation,2018,12,True
Germany,Transportation,2021,306,True
Japan,Transportation,2019,502,True
Ukraine,Transportation,2019,0,True
Australia,Transportation,2023,26,False
Luxembourg,Transportation,2016,0,True
Luxembourg,Transportation,2017,0,True
Norway,Transportation,2023,2,False
Uruguay,Transportation,2022,0,False
Sweden,Transportation,2018,16,True
Denmark,Agriculture,2019,2,True
Serbia,Agriculture,2019,2,True
Serbia,Agriculture,2022,0,False
Bulgaria,Agriculture,2023,0,False
Taiwan,Agriculture,2020,8,True
Canada,Agriculture,2016,8,True
Canada,Agriculture,2017,24,True
Canada,Agriculture,2022,24,False
Israel,Agriculture,2018,2,True
Japan,Agriculture,2024,24,False
Turkey,Agriculture,2025,0,False
Luxembourg,Agriculture,2016,0,True
Luxembourg,Agriculture,2019,0,True
Lithuania,Agriculture,2020,0,True
Czechia,Agriculture,2025,0,False
United States,Agriculture,2024,36,False
Latvia,All,2020,1,True
Singapore,All,2018,220,True
Israel,All,2017,23,True
Lithuania,All,2017,4,True
Lithuania,All,2021,1,True
Iran,All,2018,1,True
Chile,All,2023,3,False
Peru,All,2023,3,False
United Kingdom,All,2021,479,True
China,All,2020,71883,True
Argentina,All,2022,16,False
Argentina,All,2023,14,False
Bulgaria,All,2021,4,True
Malaysia,All,2017,32,True
Czechia,Analytics and Algorithms,2020,1,True
Belgium,Analytics and Algorithms,2025,2,False
Brazil,Analytics and Algorithms,2017,6,True
Romania,Analytics and Algorithms,2020,0,True
Bulgaria,Analytics and Algorithms,2022,0,False
Netherlands,Analytics and Algorithms,2020,2,True
Serbia,Analytics and Algorithms,2020,0,True
Mexico,Analytics and Algorithms,2017,9,True
Croatia,Banking and Finance,2017,0,True
United States,Banking and Finance,2025,9,False
Norway,Banking and Finance,2025,0,False
Germany,Banking and Finance,2016,17,True
South Africa,Banking and Finance,2020,0,True
Bulgaria,Banking and Finance,2020,0,True
France,Banking and Finance,2023,13,False
Mexico,Banking and Finance,2024,2,False
Ireland,Banking and Finance,2018,0,True
Japan,Banking and Finance,2023,68,False
Luxembourg,Banking and Finance,2024,7,False
Saudi Arabia,Bio-Inspired Computing,2023,0,False
Jordan,Bio-Inspired Computing,2017,1,True
France,Bio-Inspired Computing,2018,13,True
France,Bio-Inspired Computing,2024,7,False
Croatia,Bio-Inspired Computing,2025,0,False
Hungary,Bio-Inspired Computing,2019,1,True
Argentina,Bio-Inspired Computing,2016,0,True
Russia,Bio-Inspired Computing,2016,3,True
China,Bio-Inspired Computing,2021,4405,True
Belgium,Bio-Inspired Computing,2021,1,True
Kenya,Business,2016,0,True
Jordan,Business,2021,0,True
Bulgaria,Business,2024,3,False
Belgium,Business,2019,0,True
Argentina,Business,2020,2,True
Czechia,Business,2024,1,False
Finland,Business,2023,7,False
United Kingdom,Business,2018,58,True
United Kingdom,Business,2019,41,True
Sweden,Business,2017,1,True
New Zealand,Business,2021,1,True
Bulgaria,Computer Vision,2020,0,True
New Zealand,Computer Vision,2022,1,False
Poland,Computer Vision,2019,14,True
Netherlands,Computer Vision,2025,4,False
Singapore,Computer Vision,2021,3,True
Brazil,Computer Vision,2017,20,True
Greece,Computer Vision,2022,3,False
Israel,Computer Vision,2024,11,False
Chile,Computer Vision,2017,0,True
Cuba,Computer Vision,2020,0,True
Canada,Computer Vision,2024,11,False
Colombia,Computer Vision,2024,0,False
Taiwan,Computer Vision,2022,174,False
Poland,Computing in Government,2022,0,False
Costa Rica,Computing in Government,2021,0,True
Paraguay,Computing in Government,2021,0,True
Morocco,Computing in Government,2021,0,True
Argentina,Computing in Government,2023,0,False
Singapore,Computing in Government,2016,0,True
Luxembourg,Computing in Government,2017,0,True
Ukraine,Computing in Government,2025,0,False
Turkey,Computing in Government,2020,1,True
Turkey,Computing in Government,2021,0,True
Netherlands,Computing in Government,2017,0,True
Belgium,Control Methods,2025,2,False
Greece,Control Methods,2023,0,False
United States,Control Methods,2017,1878,True
Russia,Control Methods,2021,5,True
Sweden,Control Methods,2019,10,True
Sweden,Control Methods,2023,7,False
South Africa,Control Methods,2021,0,True
Mexico,Control Methods,2023,5,False
Israel,Control Methods,2022,5,False
Canada,Control Methods,2016,79,True
France,Control Methods,2023,51,False
Germany,Distributed AI,2018,5,True
New Zealand,Distributed AI,2016,0,True
India,Distributed AI,2016,4,True
India,Distributed AI,2020,0,True
Paraguay,Distributed AI,2021,0,True
Belgium,Distributed AI,2023,0,False
Turkey,Distributed AI,2025,0,False
Latvia,Distributed AI,2020,0,True
Czechia,Distributed AI,2024,0,False
Taiwan,Distributed AI,2019,1,True
Luxembourg,Distributed AI,2016,0,True
Poland,Distributed AI,2016,0,True
Serbia,Distributed AI,2024,0,False
Czechia,Education,2019,0,True
Greece,Education,2019,0,True
South Korea,Education,2018,94,True
Moldova,Education,2021,0,True
Malaysia,Education,2016,0,True
Lithuania,Education,2020,0,True
Portugal,Education,2018,0,True
Portugal,Education,2023,0,False
Ukraine,Education,2024,0,False
Germany,Education,2017,7,True
Greece,Energy Management,2017,0,True
Uruguay,Energy Management,2017,0,True
United Kingdom,Energy Management,2018,15,True
Estonia,Energy Management,2022,0,False
Austria,Energy Management,2021,7,True
Slovakia,Energy Management,2020,0,True
Ukraine,Energy Management,2025,0,False
Hungary,Fuzzy Logic,2023,0,False
Morocco,Fuzzy Logic,2022,0,False
Cuba,Fuzzy Logic,2020,0,True
Slovenia,Fuzzy Logic,2023,0,False
Netherlands,Fuzzy Logic,2017,0,True
Netherlands,Fuzzy Logic,2023,0,False
Turkey,Fuzzy Logic,2025,0,False
China,Fuzzy Logic,2020,1115,True
Colombia,Fuzzy Logic,2024,0,False
Greece,Fuzzy Logic,2024,0,False
Singapore,Industry and Manufacturing,2017,8,True
Switzerland,Industry and Manufacturing,2021,2,True
Belgium,Industry and Manufacturing,2019,0,True
Slovenia,Industry and Manufacturing,2023,0,False
Saudi Arabia,Industry and Manufacturing,2022,1,False
New Zealand,Industry and Manufacturing,2016,1,True
Spain,Industry and Manufacturing,2016,9,True
Japan,Industry and Manufacturing,2024,141,False
Morocco,Industry and Manufacturing,2021,1,True
Mexico,Industry and Manufacturing,2024,0,False
United States,Knowledge Representation,2016,846,True
Philippines,Knowledge Representation,2016,0,True
Saudi Arabia,Knowledge Representation,2021,0,True
Costa Rica,Knowledge Representation,2023,0,False
Finland,Knowledge Representation,2019,0,True
Russia,Knowledge Representation,2019,5,True
Lithuania,Natural Language Processing,2022,0,False
United Kingdom,Natural Language Processing,2021,19,True
Argentina,Natural Language Processing,2021,0,True
Colombia,Natural Language Processing,2017,0,True
New Zealand,Natural Language Processing,2019,0,True
Luxembourg,Natural Language Processing,2016,0,True
Norway,Natural Language Processing,2023,0,False
Turkey,Natural Language Processing,2022,1,False
Japan,Natural Language Processing,2025,1,False
South Korea,Natural Language Processing,2024,854,False
Singapore,Natural Language Processing,2019,17,True
Croatia,Natural Language Processing,2017,0,True
Croatia,Natural Language Processing,2019,0,True
Mexico,Natural Language Processing,2021,2,True
United States,Natural Language Processing,2023,1153,False
Malaysia,Life Sciences,2016,1,True
Argentina,Life Sciences,2020,3,True
Netherlands,Life Sciences,2021,9,True
New Zealand,Life Sciences,2018,10,True
New Zealand,Life Sciences,2020,3,True
China,Life Sciences,2019,3261,True
United Kingdom,Life Sciences,2021,65,True
Croatia,Life Sciences,2022,0,False
Lithuania,Life Sciences,2017,0,True
Belgium,Life Sciences,2022,1,False
Saudi Arabia,Life Sciences,2019,0,True
Serbia,Life Sciences,2022,0,False
South Africa,Logic-Based Knowledge Systems,2016,0,True
South Africa,Logic-Based Knowledge Systems,2018,1,True
Romania,Logic-Based Knowledge Systems,2024,0,False
Hungary,Logic-Based Knowledge Systems,2023,1,False
Norway,Logic-Based Knowledge Systems,2021,0,True
Japan,Logic-Based Knowledge Systems,2022,236,False
Austria,Logic-Based Knowledge Systems,2021,3,True
Cuba,Logic-Based Knowledge Systems,2020,0,True
France,Logic-Based Knowledge Systems,2018,26,True
Chile,Logic-Based Knowledge Systems,2024,1,False
Chile,Markov and Bayesian Models,2024,0,False
Sweden,Markov and Bayesian Models,2019,2,True
Argentina,Markov and Bayesian Models,2018,1,True
Morocco,Markov and Bayesian Models,2016,2,True
Netherlands,Markov and Bayesian Models,2021,2,True
Portugal,Markov and Bayesian Models,2019,1,True
Ukraine,Markov and Bayesian Models,2021,0,True
France,Measuring and Testing,2021,82,True
Canada,Measuring and Testing,2021,196,True
Switzerland,Measuring and Testing,2017,1,True
South Africa,Measuring and Testing,2023,0,False
Turkey,Measuring and Testing,2024,11,False
Finland,Measuring and Testing,2017,7,True
Morocco,Measuring and Testing,2020,0,True
Romania,Measuring and Testing,2016,1,True
Norway,Measuring and Testing,2023,4,False
Argentina,Neural Networks,2021,4,True
United States,Neural Networks,2021,9280,True
Mexico,Neural Networks,2025,7,False
New Zealand,Neural Networks,2023,0,False
Slovakia,Neural Networks,2025,1,False
Portugal,Neural Networks,2018,8,True
Portugal,Neural Networks,2022,2,False
Greece,Neural Networks,2017,11,True
Greece,Neural Networks,2019,1,True
Netherlands,Neural Networks,2022,46,False
Costa Rica,Neural Networks,2023,1,False
Israel,Ontology Engineering,2019,0,True
Portugal,Ontology Engineering,2019,0,True
Jordan,Ontology Engineering,2017,0,True
Jordan,Ontology Engineering,2021,0,True
France,Ontology Engineering,2023,7,False
Finland,Ontology Engineering,2020,0,True
Norway,Ontology Engineering,2024,0,False
Belgium,Ontology Engineering,2023,0,False
Germany,Ontology Engineering,2025,0,False
Taiwan,Other and Unspecified,2018,137,True
Spain,Other and Unspecified,2016,39,True
United Kingdom,Other and Unspecified,2021,160,True
Australia,Other and Unspecified,2016,118,True
Costa Rica,Other and Unspecified,2025,1,False
Romania,Other and Unspecified,2019,3,True
Romania,Other and Unspecified,2024,4,False
Ukraine,Other and Unspecified,2017,1,True
Poland,Other and Unspecified,2017,7,True
Peru,Other and Unspecified,2020,7,True
Morocco,Other and Unspecified,2024,9,False
Finland,Other and Unspecified,2021,19,True
Switzerland,Personal Devices and Computing,2016,2,True
Mexico,Personal Devices and Computing,2018,50,True
Philippines,Personal Devices and Computing,2017,1,True
Canada,Personal Devices and Computing,2019,420,True
Greece,Physical Sciences and Engineering,2017,12,True
Brazil,Physical Sciences and Engineering,2021,116,True
United Kingdom,Physical Sciences and Engineering,2022,506,False
Germany,Physical Sciences and Engineering,2018,736,True
Turkey,Physical Sciences and Engineering,2017,11,True
Spain,Planning and Scheduling,2020,8,True
Mexico,Planning and Scheduling,2025,2,False
Denmark,Planning and Scheduling,2017,2,True
United Kingdom,Planning and Scheduling,2024,31,False
Greece,Planning and Scheduling,2018,1,True
Greece,Planning and Scheduling,2021,1,True
Thailand,Planning and Scheduling,2017,0,True
Argentina,Planning and Scheduling,2021,2,True
Kenya,Planning and Scheduling,2016,0,True
Israel,Planning and Scheduling,2022,0,False
Ukraine,Planning and Scheduling,2022,0,False
Netherlands,Planning and Scheduling,2017,0,True
India,Planning and Scheduling,2022,0,False
Russia,Planning and Scheduling,2020,7,True
China,Planning and Scheduling,2026,220,False
Bulgaria,Planning and Scheduling,2021,0,True
Bulgaria,Planning and Scheduling,2022,0,False
Morocco,Planning and Scheduling,2016,0,True
Costa Rica,Robotics,2020,0,True
Turkey,Robotics,2018,2,True
Czechia,Robotics,2020,0,True
Finland,Robotics,2016,1,True
France,Robotics,2018,8,True
Austria,Robotics,2018,1,True
Malaysia,Robotics,2020,0,True
Bulgaria,Search Methods,2019,0,True
Belgium,Search Methods,2018,0,True
Mexico,Search Methods,2019,3,True
Lithuania,Search Methods,2019,1,True
Romania,Search Methods,2020,0,True
South Korea,Search Methods,2024,20,False
Saudi Arabia,Search Methods,2019,0,True
Saudi Arabia,Search Methods,2022,0,False
Indonesia,Search Methods,2016,0,True
Netherlands,Search Methods,2021,1,True
Poland,Search Methods,2022,1,False
Japan,Security,2023,89,False
South Korea,Security,2017,172,True
Croatia,Security,2019,0,True
Sweden,Security,2023,3,False
Hungary,Security,2024,0,False
Romania,Security,2018,0,True
Australia,Security,2022,46,False
Australia,Security,2023,38,False
United States,Spatial and Physical Reasoning,2024,1226,False
Poland,Spatial and Physical Reasoning,2023,5,False
Ukraine,Spatial and Physical Reasoning,2025,0,False
Hungary,Spatial and Physical Reasoning,2023,3,False
Serbia,Spatial and Physical Reasoning,2021,3,True
Serbia,Spatial and Physical Reasoning,2025,0,False
Russia,Speech Processing,2019,8,True
Austria,Speech Processing,2019,0,True
New Zealand,Speech Processing,2016,2,True
Denmark,Speech Processing,2016,4,True
Denmark,Speech Processing,2024,0,False
Lithuania,Speech Processing,2018,0,True
Romania,Speech Processing,2017,0,True
Romania,Speech Processing,2019,0,True
Chile,Telecommunications,2018,0,True
Portugal,Telecommunications,2019,1,True
Lithuania,Telecommunications,2017,0,True
Morocco,Telecommunications,2018,2,True
Taiwan,Telecommunications,2024,74,False
Austria,Telecommunications,2019,0,True
Slovenia,Telecommunications,2019,0,True
Ireland,Telecommunications,2018,1,True
Italy,Telecommunications,2024,4,False
France,Telecommunications,2017,23,True
France,Telecommunications,2020,69,True
Croatia,Telecommunications,2020,0,True
United Kingdom,Telecommunications,2017,63,True
Turkey,Telecommunications,2017,8,True
Malaysia,Transportation,2016,2,True
South Korea,Transportation,2021,764,True
Denmark,Transportation,2022,0,False
Costa Rica,Transportation,2021,0,True
Taiwan,Transportation,2021,30,True
Lithuania,Transportation,2018,0,True
Chile,Transportation,2023,0,False
Norway,Transportation,2020,1,True
Norway,Transportation,2021,0,True
Switzerland,Transportation,2016,1,True
Russia,Agriculture,2016,0,True
Mexico,Agriculture,2018,7,True
Mexico,Agriculture,2024,1,False
Bulgaria,Agriculture,2020,0,True
Switzerland,Agriculture,2016,0,True
Switzerland,Agriculture,2020,0,True
Tunisia,Agriculture,2020,0,True
United Kingdom,Agriculture,2022,9,False
Israel,Agriculture,2024,2,False
Japan,Agriculture,2016,18,True
France,Agriculture,2020,3,True
Colombia,Agriculture,2024,0,False
Malaysia,Agriculture,2016,0,True
Norway,All,2019,7,True
Serbia,All,2020,6,True
Serbia,All,2023,7,False
South Korea,All,2020,8731,True
Lithuania,All,2020,5,True
Italy,All,2024,46,False
Philippines,All,2020,27,True
Mexico,All,2020,139,True
China,All,2023,135288,False
Poland,All,2023,26,False
Luxembourg,Analytics and Algorithms,2023,9,False
Canada,Analytics and Algorithms,2017,69,True
Hungary,Analytics and Algorithms,2024,0,False
Colombia,Analytics and Algorithms,2021,0,True
Germany,Analytics and Algorithms,2018,65,True
Argentina,Analytics and Algorithms,2016,0,True
South Korea,Banking and Finance,2016,43,True
Panama,Banking and Finance,2016,0,True
Greece,Banking and Finance,2025,0,False
Switzerland,Banking and Finance,2021,1,True
Taiwan,Banking and Finance,2020,31,True
Singapore,Banking and Finance,2018,22,True
Bulgaria,Banking and Finance,2017,0,True
Poland,Banking and Finance,2024,0,False
Slovenia,Bio-Inspired Computing,2016,1,True
Peru,Bio-Inspired Computing,2018,0,True
Croatia,Bio-Inspired Computing,2017,0,True
Morocco,Bio-Inspired Computing,2018,1,True
Portugal,Bio-Inspired Computing,2024,0,False
Taiwan,Bio-Inspired Computing,2025,1,False
Australia,Bio-Inspired Computing,2018,43,True
Romania,Bio-Inspired Computing,2016,0,True
Belgium,Bio-Inspired Computing,2020,1,True
India,Business,2024,0,False
Oman,Business,2016,0,True
Italy,Business,2019,3,True
Luxembourg,Business,2019,2,True
Uruguay,Business,2017,0,True
Croatia,Business,2018,0,True
Hungary,Business,2023,2,False
Czechia,Business,2021,0,True
Czechia,Business,2025,0,False
Sweden,Business,2020,3,True
New Zealand,Computer Vision,2017,10,True
Germany,Computer Vision,2025,33,False
China,Computer Vision,2026,554,False
Norway,Computer Vision,2023,4,False
Russia,Computer Vision,2017,39,True
Canada,Computer Vision,2016,104,True
Canada,Computer Vision,2019,264,True
Italy,Computer Vision,2016,5,True
Japan,Computer Vision,2018,1260,True
Saudi Arabia,Computer Vision,2018,0,True
Austria,Computer Vision,2022,0,False
South Korea,Computer Vision,2021,3317,True
United States,Computer Vision,2017,3029,True
Switzerland,Computer Vision,2023,2,False
Taiwan,Computer Vision,2019,138,True
Poland,Computing in Government,2020,0,True
Cuba,Computing in Government,2020,0,True
United Kingdom,Computing in Government,2020,1,True
Romania,Computing in Government,2016,0,True
Canada,Computing in Government,2017,2,True
China,Computing in Government,2021,1519,True
Saudi Arabia,Computing in Government,2023,0,False
Turkey,Computing in Government,2017,1,True
Greece,Control Methods,2018,1,True
Hungary,Control Methods,2022,0,False
Mexico,Control Methods,2022,4,False
Romania,Control Methods,2016,0,True
Italy,Control Methods,2021,17,True
Norway,Control Methods,2017,1,True
Peru,Control Methods,2021,0,True
Peru,Distributed AI,2021,0,True
Colombia,Distributed AI,2019,0,True
Tunisia,Distributed AI,2021,0,True
Ireland,Distributed AI,2023,0,False
Brazil,Distributed AI,2017,0,True
Morocco,Distributed AI,2023,0,False
Denmark,Education,2017,1,True
South Korea,Education,2019,190,True
South Korea,Education,2023,330,False
Mexico,Education,2023,0,False
Peru,Education,2018,1,True
United States,Education,2021,156,True
Australia,Education,2017,9,True
Argentina,Education,2016,0,True
Belgium,Education,2020,0,True
India,Education,2023,0,False
Japan,Education,2016,36,True
Bulgaria,Energy Management,2024,3,False
Mexico,Energy Management,2016,6,True
Mexico,Energy Management,2019,7,True
Croatia,Energy Management,2017,0,True
Romania,Energy Management,2021,3,True
Serbia,Energy Management,2024,0,False
Netherlands,Energy Management,2020,0,True
Netherlands,Energy Management,2024,1,False
Switzerland,Energy Management,2017,0,True
Morocco,Energy Management,2021,1,True
South Africa,Energy Management,2017,0,True
Thailand,Energy Management,2017,0,True
Canada,Energy Management,2018,25,True
Costa Rica,Energy Management,2021,0,True
Germany,Fuzzy Logic,2020,5,True
Austria,Fuzzy Logic,2024,1,False
Morocco,Fuzzy Logic,2016,0,True
Spain,Fuzzy Logic,2024,0,False
Croatia,Fuzzy Logic,2021,0,True
Italy,Fuzzy Logic,2017,1,True
Indonesia,Fuzzy Logic,2016,0,True
Netherlands,Fuzzy Logic,2024,0,False
Philippines,Fuzzy Logic,2019,0,True
India,Fuzzy Logic,2021,0,True
India,Fuzzy Logic,2023,0,False
Uruguay,Fuzzy Logic,2017,1,True
Croatia,Industry and Manufacturing,2019,0,True
Croatia,Industry and Manufacturing,2025,0,False
Norway,Industry and Manufacturing,2023,0,False
Denmark,Industry and Manufacturing,2018,3,True
Spain,Industry and Manufacturing,2024,1,False
Morocco,Industry and Manufacturing,2022,0,False
Germany,Industry and Manufacturing,2024,79,False
Australia,Industry and Manufacturing,2021,88,True
Tunisia,Knowledge Representation,2021,0,True
Luxembourg,Knowledge Representation,2022,3,False
Taiwan,Knowledge Representation,2020,7,True
Greece,Knowledge Representation,2018,0,True
Jordan,Knowledge Representation,2017,0,True
Italy,Knowledge Representation,2019,1,True
Romania,Knowledge Representation,2024,0,False
Spain,Knowledge Representation,2025,0,False
India,Knowledge Representation,2017,43,True
Poland,Knowledge Representation,2020,1,True
South Korea,Knowledge Representation,2018,59,True
Romania,Natural Language Processing,2019,1,True
Poland,Natural Language Processing,2021,0,True
United Kingdom,Natural Language Processing,2019,19,True
Luxembourg,Natural Language Processing,2017,0,True
Peru,Natural Language Processing,2018,0,True
Bulgaria,Natural Language Processing,2022,0,False
Austria,Natural Language Processing,2020,0,True
Austria,Natural Language Processing,2021,0,True
Austria,Natural Language Processing,2023,2,False
Spain,Natural Language Processing,2022,4,False
Finland,Life Sciences,2024,3,False
Kenya,Life Sciences,2016,0,True
France,Life Sciences,2017,18,True
France,Life Sciences,2021,50,True
Greece,Life Sciences,2020,0,True
Singapore,Life Sciences,2019,48,True
Hungary,Life Sciences,2016,0,True
Czechia,Life Sciences,2025,0,False
Ukraine,Life Sciences,2016,0,True
United States,Logic-Based Knowledge Systems,2020,2995,True
Romania,Logic-Based Knowledge Systems,2017,1,True
Saudi Arabia,Logic-Based Knowledge Systems,2019,0,True
Slovenia,Logic-Based Knowledge Systems,2022,0,False
Jordan,Logic-Based Knowledge Systems,2017,0,True
India,Logic-Based Knowledge Systems,2019,4,True
Canada,Logic-Based Knowledge Systems,2016,78,True
Philippines,Logic-Based Knowledge Systems,2018,0,True
Mexico,Logic-Based Knowledge Systems,2021,9,True
Italy,Logic-Based Knowledge Systems,2022,1,False
Italy,Logic-Based Knowledge Systems,2023,3,False
Turkey,Logic-Based Knowledge Systems,2018,3,True
Portugal,Logic-Based Knowledge Systems,2017,1,True
Slovakia,Markov and Bayesian Models,2020,0,True
Croatia,Markov and Bayesian Models,2025,0,False
Kenya,Markov and Bayesian Models,2016,0,True
Belgium,Markov and Bayesian Models,2025,1,False
South Korea,Markov and Bayesian Models,2024,135,False
Bulgaria,Markov and Bayesian Models,2019,0,True
Sweden,Measuring and Testing,2017,3,True
Czechia,Measuring and Testing,2020,2,True
Canada,Measuring and Testing,2019,190,True
Switzerland,Measuring and Testing,2020,0,True
Spain,Measuring and Testing,2022,17,False
Lithuania,Measuring and Testing,2021,0,True
New Zealand,Measuring and Testing,2022,1,False
South Africa,Measuring and Testing,2019,0,True
Italy,Measuring and Testing,2020,13,True
Serbia,Measuring and Testing,2017,0,True
Serbia,Measuring and Testing,2018,1,True
Latvia,Measuring and Testing,2020,0,True
United Kingdom,Measuring and Testing,2025,4,False
Ireland,Measuring and Testing,2018,0,True
Argentina,Neural Networks,2016,1,True
Peru,Neural Networks,2018,2,True
Serbia,Neural Networks,2017,0,True
Greece,Neural Networks,2020,3,True
Romania,Neural Networks,2017,4,True
Romania,Neural Networks,2019,3,True
Estonia,Neural Networks,2022,0,False
South Korea,Ontology Engineering,2024,72,False
Mexico,Ontology Engineering,2018,1,True
Chile,Ontology Engineering,2018,0,True
Australia,Ontology Engineering,2022,7,False
Australia,Ontology Engineering,2024,0,False
Russia,Ontology Engineering,2020,3,True
Canada,Ontology Engineering,2018,14,True
Switzerland,Ontology Engineering,2021,0,True
Luxembourg,Ontology Engineering,2022,1,False
Croatia,Ontology Engineering,2021,0,True
Netherlands,Ontology Engineering,2022,5,False
India,Ontology Engineering,2023,0,False
Romania,Ontology Engineering,2022,0,False
Israel,Other and Unspecified,2021,12,True
France,Other and Unspecified,2021,83,True
United Kingdom,Other and Unspecified,2025,95,False
Philippines,Other and Unspecified,2020,10,True
Austria,Other and Unspecified,2023,9,False
Croatia,Other and Unspecified,2017,0,True
Peru,Other and Unspecified,2021,0,True
Bulgaria,Other and Unspecified,2023,11,False
Czechia,Other and Unspecified,2018,2,True
Russia,Other and Unspecified,2020,53,True
Bulgaria,Personal Devices and Computing,2022,1,False
Switzerland,Personal Devices and Computing,2023,3,False
Chile,Personal Devices and Computing,2019,0,True
Croatia,Personal Devices and Computing,2018,1,True
Croatia,Personal Devices and Computing,2025,1,False
Finland,Personal Devices and Computing,2016,6,True
Hungary,Personal Devices and Computing,2016,5,True
Argentina,Personal Devices and Computing,2017,0,True
Germany,Personal Devices and Computing,2018,366,True
Spain,Personal Devices and Computing,2021,33,True
South Africa,Personal Devices and Computing,2024,2,False
Ireland,Physical Sciences and Engineering,2018,2,True
Tunisia,Physical Sciences and Engineering,2023,1,False
Argentina,Physical Sciences and Engineering,2017,1,True
Greece,Physical Sciences and Engineering,2021,8,True
Spain,Physical Sciences and Engineering,2018,154,True
United Kingdom,Physical Sciences and Engineering,2017,298,True
Sweden,Physical Sciences and Engineering,2016,12,True
South Africa,Physical Sciences and Engineering,2016,3,True
Finland,Physical Sciences and Engineering,2018,47,True
China,Physical Sciences and Engineering,2022,107424,False
China,Physical Sciences and Engineering,2025,176829,False
Uruguay,Physical Sciences and Engineering,2022,2,False
Germany,Physical Sciences and Engineering,2016,275,True
Turkey,Physical Sciences and Engineering,2024,105,False
Spain,Planning and Scheduling,2025,0,False
United Kingdom,Planning and Scheduling,2019,32,True
Argentina,Planning and Scheduling,2019,1,True
Croatia,Planning and Scheduling,2018,0,True
Croatia,Planning and Scheduling,2025,0,False
Switzerland,Planning and Scheduling,2024,2,False
Japan,Planning and Scheduling,2024,154,False
Saudi Arabia,Planning and Scheduling,2019,0,True
Austria,Planning and Scheduling,2017,1,True
Taiwan,Planning and Scheduling,2022,38,False
New Zealand,Planning and Scheduling,2020,0,True
Canada,Planning and Scheduling,2017,66,True
Canada,Planning and Scheduling,2021,115,True
Poland,Robotics,2017,2,True
Sweden,Robotics,2019,5,True
Ireland,Robotics,2023,1,False
Hungary,Robotics,2019,0,True
Hungary,Robotics,2024,0,False
Chile,Robotics,2022,1,False
San Marino,Robotics,2023,0,False
Slovakia,Robotics,2020,0,True
Czechia,Robotics,2022,0,False
Turkey,Search Methods,2016,0,True
Malaysia,Search Methods,2019,2,True
Norway,Search Methods,2022,0,False
Luxembourg,Search Methods,2021,1,True
Tunisia,Search Methods,2023,0,False
Costa Rica,Search Methods,2019,0,True
Singapore,Search Methods,2020,5,True
Chile,Search Methods,2019,0,True
Russia,Search Methods,2019,7,True
United States,Search Methods,2019,1300,True
United States,Search Methods,2023,220,False
Poland,Search Methods,2024,0,False
Australia,Search Methods,2018,43,True
Croatia,Search Methods,2017,1,True
New Zealand,Security,2022,0,False
Croatia,Security,2024,0,False
France,Security,2019,41,True
France,Security,2024,22,False
United States,Security,2017,954,True
South Africa,Security,2024,0,False
Russia,Security,2020,22,True
Finland,Security,2018,5,True
Finland,Security,2019,3,True
Canada,Security,2020,81,True
Australia,Security,2019,63,True
Cuba,Security,2020,0,True
Germany,Security,2016,13,True
Switzerland,Spatial and Physical Reasoning,2017,0,True
China,Spatial and Physical Reasoning,2019,17370,True
Slovakia,Spatial and Physical Reasoning,2020,0,True
Mexico,Spatial and Physical Reasoning,2022,10,False
Costa Rica,Spatial and Physical Reasoning,2019,0,True
Costa Rica,Spatial and Physical Reasoning,2021,1,True
Italy,Speech Processing,2016,1,True
Croatia,Speech Processing,2017,0,True
South Korea,Speech Processing,2022,664,False
Saudi Arabia,Speech Processing,2021,0,True
Mexico,Speech Processing,2024,1,False
Netherlands,Speech Processing,2022,1,False
Canada,Telecommunications,2024,9,False
Argentina,Telecommunications,2018,0,True
Philippines,Telecommunications,2016,1,True
Netherlands,Telecommunications,2017,0,True
Japan,Telecommunications,2016,242,True
Turkey,Telecommunications,2025,2,False
Malaysia,Transportation,2022,0,False
Tunisia,Transportation,2023,0,False
South Korea,Transportation,2024,475,False
Germany,Transportation,2019,302,True
China,Transportation,2019,3009,True
Chile,Transportation,2024,1,False
Australia,Transportation,2017,37,True
Norway,Transportation,2024,3,False
Uruguay,Transportation,2020,0,True
Philippines,Transportation,2021,0,True
Russia,Agriculture,2021,1,True
Ukraine,Agriculture,2018,4,True
Slovenia,Agriculture,2023,0,False
South Korea,Agriculture,2018,87,True
Portugal,Agriculture,2021,0,True
China,Agriculture,2026,38,False
Morocco,Agriculture,2017,0,True
South Africa,All,2017,4,True
South Korea,All,2016,1293,True
Australia,All,2018,492,True
United Kingdom,All,2020,458,True
Belgium,All,2016,3,True
India,All,2016,156,True
Russia,All,2021,60,True
Luxembourg,Analytics and Algorithms,2022,4,False
Sweden,Analytics and Algorithms,2018,5,True
Hungary,Analytics and Algorithms,2022,1,False
South Africa,Analytics and Algorithms,2019,0,True
Denmark,Analytics and Algorithms,2024,0,False
Portugal,Analytics and Algorithms,2018,1,True
Finland,Analytics and Algorithms,2019,8,True
Israel,Analytics and Algorithms,2021,5,True
Serbia,Analytics and Algorithms,2017,0,True
Peru,Analytics and Algorithms,2018,0,True
Turkey,Banking and Finance,2019,0,True
China,Banking and Finance,2018,1022,True
China,Banking and Finance,2020,2262,True
Saudi Arabia,Banking and Finance,2023,0,False
Malaysia,Banking and Finance,2017,4,True
Greece,Banking and Finance,2018,0,True
Norway,Banking and Finance,2023,0,False
Slovenia,Banking and Finance,2016,0,True
Canada,Banking and Finance,2021,80,True
South Africa,Banking and Finance,2023,0,False
Japan,Banking and Finance,2018,131,True
Japan,Banking and Finance,2024,38,False
Greece,Bio-Inspired Computing,2023,1,False
Philippines,Bio-Inspired Computing,2021,3,True
Israel,Bio-Inspired Computing,2017,3,True
Malaysia,Bio-Inspired Computing,2017,1,True
Mexico,Bio-Inspired Computing,2019,5,True
Colombia,Business,2019,1,True
Mexico,Business,2023,3,False
Russia,Business,2021,1,True
Peru,Business,2018,0,True
Netherlands,Business,2022,8,False
Greece,Business,2023,4,False
Czechia,Business,2020,1,True
Finland,Business,2022,1,False
United Kingdom,Business,2023,51,False
Brazil,Business,2021,16,True
Denmark,Computer Vision,2024,1,False
Brazil,Computer Vision,2018,56,True
Brazil,Computer Vision,2020,55,True
Morocco,Computer Vision,2019,4,True
Austria,Computer Vision,2017,3,True
South Korea,Computer Vision,2017,676,True
United States,Computer Vision,2022,3899,False
Romania,Computer Vision,2016,0,True
Turkey,Computer Vision,2025,1,False
Slovenia,Computing in Government,2023,0,False
Sweden,Computing in Government,2016,0,True
Sweden,Computing in Government,2023,0,False
India,Computing in Government,2023,0,False
Portugal,Computing in Government,2024,0,False
Luxembourg,Computing in Government,2022,3,False
Philippines,Computing in Government,2019,0,True
Serbia,Computing in Government,2025,0,False
Austria,Control Methods,2022,7,False
Belgium,Control Methods,2016,0,True
Japan,Control Methods,2024,173,False
Sweden,Control Methods,2018,17,True
Sweden,Control Methods,2024,6,False
South Korea,Control Methods,2017,325,True
South Korea,Control Methods,2021,786,True
Israel,Control Methods,2019,2,True
Germany,Control Methods,2017,230,True
Philippines,Control Methods,2022,0,False
Switzerland,Control Methods,2017,0,True
Singapore,Distributed AI,2017,1,True
United States,Distributed AI,2018,264,True
Israel,Distributed AI,2018,0,True
Moldova,Distributed AI,2021,0,True
Spain,Distributed AI,2022,0,False
Lithuania,Distributed AI,2017,0,True
Denmark,Distributed AI,2023,0,False
South Africa,Distributed AI,2018,1,True
South Africa,Distributed AI,2024,0,False
Ireland,Distributed AI,2016,0,True
Taiwan,Distributed AI,2024,6,False
Poland,Distributed AI,2020,0,True
Australia,Distributed AI,2022,9,False
South Africa,Education,2021,0,True
Morocco,Education,2024,1,False
Israel,Education,2016,0,True
Spain,Education,2023,3,False
Switzerland,Education,2022,0,False
Portugal,Education,2020,1,True
United States,Energy Management,2017,288,True
Germany,Energy Management,2024,90,False
Peru,Energy Management,2019,0,True
Austria,Energy Management,2023,8,False
Argentina,Fuzzy Logic,2023,0,False
Germany,Fuzzy Logic,2016,5,True
Finland,Fuzzy Logic,2024,0,False
Australia,Fuzzy Logic,2018,12,True
Panama,Fuzzy Logic,2016,0,True
Croatia,Fuzzy Logic,2019,0,True
Netherlands,Fuzzy Logic,2022,1,False
Switzerland,Fuzzy Logic,2020,0,True
Switzerland,Fuzzy Logic,2021,0,True
South Korea,Fuzzy Logic,2019,32,True
San Marino,Fuzzy Logic,2017,0,True
Luxembourg,Fuzzy Logic,2020,0,True
Sweden,Fuzzy Logic,2023,0,False
Singapore,Fuzzy Logic,2016,0,True
Ukraine,Fuzzy Logic,2021,0,True
Austria,Industry and Manufacturing,2016,1,True
Canada,Industry and Manufacturing,2023,3,False
New Zealand,Industry and Manufacturing,2021,0,True
South Africa,Industry and Manufacturing,2019,1,True
Turkey,Industry and Manufacturing,2025,0,False
France,Industry and Manufacturing,2017,5,True
Turkey,Knowledge Representation,2023,1,False
Hungary,Knowledge Representation,2023,0,False
South Africa,Knowledge Representation,2022,0,False
Philippines,Knowledge Representation,2021,1,True
Canada,Knowledge Representation,2019,49,True
Netherlands,Knowledge Representation,2023,0,False
United Kingdom,Knowledge Representation,2017,13,True
Romania,Knowledge Representation,2016,0,True
Taiwan,Natural Language Processing,2025,5,False
Finland,Natural Language Processing,2024,4,False
Luxembourg,Natural Language Processing,2022,0,False
Norway,Natural Language Processing,2018,0,True
Ukraine,Natural Language Processing,2017,0,True
Greece,Natural Language Processing,2022,2,False
Turkey,Natural Language Processing,2025,0,False
Costa Rica,Natural Language Processing,2019,0,True
Israel,Natural Language Processing,2022,2,False
Mexico,Natural Language Processing,2022,1,False
United States,Natural Language Processing,2019,1648,True
Chile,Life Sciences,2023,1,False
Australia,Life Sciences,2017,101,True
Italy,Life Sciences,2017,9,True
Germany,Life Sciences,2018,70,True
Belgium,Life Sciences,2021,2,True
Hungary,Life Sciences,2022,4,False
Sweden,Life Sciences,2022,5,False
Portugal,Life Sciences,2023,2,False
United States,Logic-Based Knowledge Systems,2021,1979,True
Serbia,Logic-Based Knowledge Systems,2023,0,False
Netherlands,Logic-Based Knowledge Systems,2025,1,False
San Marino,Logic-Based Knowledge Systems,2017,1,True
Morocco,Logic-Based Knowledge Systems,2022,2,False
Sweden,Logic-Based Knowledge Systems,2025,1,False
Tunisia,Logic-Based Knowledge Systems,2020,0,True
South Korea,Logic-Based Knowledge Systems,2018,235,True
Chile,Markov and Bayesian Models,2022,0,False
Norway,Markov and Bayesian Models,2022,0,False
United Kingdom,Markov and Bayesian Models,2022,34,False
United Kingdom,Markov and Bayesian Models,2024,45,False
Taiwan,Markov and Bayesian Models,2019,28,True
Argentina,Markov and Bayesian Models,2020,0,True
Colombia,Markov and Bayesian Models,2017,1,True
South Korea,Markov and Bayesian Models,2019,342,True
Mexico,Markov and Bayesian Models,2018,7,True
Latvia,Markov and Bayesian Models,2020,0,True
Greece,Markov and Bayesian Models,2025,0,False
Peru,Markov and Bayesian Models,2020,0,True
Sweden,Measuring and Testing,2018,6,True
Canada,Measuring and Testing,2018,170,True
Taiwan,Measuring and Testing,2022,69,False
Taiwan,Measuring and Testing,2024,60,False
Peru,Measuring and Testing,2016,2,True
Costa Rica,Measuring and Testing,2021,1,True
Turkey,Measuring and Testing,2021,10,True
India,Measuring and Testing,2017,20,True
Germany,Measuring and Testing,2018,186,True
Estonia,Measuring and Testing,2022,1,False
South Korea,Neural Networks,2018,2635,True
South Korea,Neural Networks,2020,5123,True
South Korea,Neural Networks,2022,7173,False
New Zealand,Neural Networks,2018,10,True
South Africa,Neural Networks,2018,6,True
South Africa,Neural Networks,2023,44,False
Ukraine,Neural Networks,2024,4,False
Serbia,Neural Networks,2021,4,True
Morocco,Neural Networks,2021,1,True
Netherlands,Neural Networks,2017,3,True
France,Neural Networks,2019,174,True
France,Ontology Engineering,2019,3,True
Colombia,Ontology Engineering,2017,0,True
Italy,Ontology Engineering,2018,0,True
Argentina,Ontology Engineering,2023,0,False
Denmark,Ontology Engineering,2023,0,False
China,Ontology Engineering,2026,319,False
Croatia,Ontology Engineering,2023,0,False
Malaysia,Ontology Engineering,2019,1,True
Romania,Ontology Engineering,2016,0,True
Ireland,Other and Unspecified,2023,1,False
Denmark,Other and Unspecified,2019,14,True
Spain,Other and Unspecified,2024,10,False
Norway,Other and Unspecified,2018,4,True
Mexico,Other and Unspecified,2016,35,True
Austria,Other and Unspecified,2022,5,False
Croatia,Other and Unspecified,2022,2,False
New Zealand,Other and Unspecified,2021,2,True
India,Other and Unspecified,2019,2,True
Canada,Other and Unspecified,2024,25,False
Kenya,Personal Devices and Computing,2016,1,True
Portugal,Personal Devices and Computing,2024,1,False
Finland,Personal Devices and Computing,2019,19,True
Belgium,Personal Devices and Computing,2023,5,False
Sweden,Personal Devices and Computing,2020,13,True
Serbia,Personal Devices and Computing,2022,0,False
New Zealand,Personal Devices and Computing,2020,5,True
Ukraine,Physical Sciences and Engineering,2021,0,True
France,Physical Sciences and Engineering,2019,255,True
South Africa,Physical Sciences and Engineering,2020,4,True
Serbia,Physical Sciences and Engineering,2016,2,True
Philippines,Physical Sciences and Engineering,2017,1,True
Croatia,Physical Sciences and Engineering,2024,2,False
Switzerland,Physical Sciences and Engineering,2023,8,False
Poland,Physical Sciences and Engineering,2017,23,True
Hungary,Physical Sciences and Engineering,2022,13,False
Chile,Planning and Scheduling,2019,0,True
Mexico,Planning and Scheduling,2018,12,True
Germany,Planning and Scheduling,2021,55,True
Brazil,Planning and Scheduling,2018,27,True
Brazil,Planning and Scheduling,2019,33,True
United States,Planning and Scheduling,2021,1234,True
Japan,Planning and Scheduling,2018,320,True
Peru,Planning and Scheduling,2019,0,True
Malaysia,Planning and Scheduling,2016,3,True
Hungary,Planning and Scheduling,2020,3,True
Luxembourg,Planning and Scheduling,2022,11,False
Turkey,Planning and Scheduling,2016,1,True
India,Planning and Scheduling,2019,1,True
Greece,Robotics,2021,0,True
Sweden,Robotics,2020,7,True
Denmark,Robotics,2017,2,True
Denmark,Robotics,2019,0,True
Tunisia,Robotics,2021,0,True
Luxembourg,Robotics,2025,3,False
Brazil,Robotics,2017,5,True
Switzerland,Robotics,2023,1,False
Netherlands,Robotics,2022,2,False
Romania,Robotics,2021,1,True
Turkey,Search Methods,2021,1,True
China,Search Methods,2019,247,True
Portugal,Search Methods,2022,1,False
Costa Rica,Search Methods,2025,0,False
India,Search Methods,2019,1,True
United States,Search Methods,2025,8,False
Czechia,Search Methods,2020,0,True
United Kingdom,Search Methods,2018,21,True
Ukraine,Search Methods,2016,0,True
Ukraine,Search Methods,2024,0,False
Taiwan,Security,2021,40,True
Poland,Security,2020,5,True
Mexico,Security,2020,6,True
Colombia,Security,2024,0,False
Switzerland,Spatial and Physical Reasoning,2019,1,True
Slovakia,Spatial and Physical Reasoning,2023,2,False
Australia,Spatial and Physical Reasoning,2017,107,True
Slovenia,Spatial and Physical Reasoning,2019,0,True
Philippines,Spatial and Physical Reasoning,2023,0,False
Brazil,Spatial and Physical Reasoning,2020,53,True
Canada,Spatial and Physical Reasoning,2018,238,True
Cuba,Spatial and Physical Reasoning,2020,0,True
United States,Speech Processing,2020,1167,True
Austria,Speech Processing,2018,0,True
France,Speech Processing,2019,19,True
Turkey,Speech Processing,2023,3,False
Switzerland,Speech Processing,2016,0,True
Colombia,Speech Processing,2023,0,False
Norway,Speech Processing,2021,1,True
Australia,Speech Processing,2021,47,True
Finland,Telecommunications,2020,26,True
Morocco,Telecommunications,2016,0,True
Malaysia,Telecommunications,2018,6,True
Argentina,Telecommunications,2023,4,False
South Africa,Telecommunications,2025,0,False
China,Telecommunications,2021,8577,True
United States,Telecommunications,2022,3260,False
Russia,Telecommunications,2021,6,True
Denmark,Telecommunications,2020,9,True
Oman,Telecommunications,2016,0,True
Turkey,Telecommunications,2023,30,False
India,Transportation,2019,0,True
Hungary,Transportation,2016,4,True
Mexico,Transportation,2024,0,False
Taiwan,Transportation,2019,16,True
Lithuania,Transportation,2016,2,True
Australia,Transportation,2022,23,False
Luxembourg,Transportation,2019,1,True
United Kingdom,Transportation,2022,68,False
Greece,Transportation,2021,0,True
Russia,Agriculture,2017,5,True
Singapore,Agriculture,2021,0,True
Hungary,Agriculture,2019,2,True
Hungary,Agriculture,2020,0,True
Bulgaria,Agriculture,2025,0,False
France,Agriculture,2023,1,False
Norway,Agriculture,2021,1,True
Peru,Agriculture,2020,2,True
Peru,Agriculture,2021,1,True
Malaysia,Agriculture,2022,0,False
Serbia,All,2024,9,False
Italy,All,2022,82,False
Canada,All,2023,165,False
Luxembourg,All,2021,37,True
Switzerland,All,2016,5,True
Bulgaria,All,2024,23,False
India,All,2024,2,False
Taiwan,All,2020,656,True
Australia,Analytics and Algorithms,2017,46,True
Sweden,Analytics and Algorithms,2016,3,True
Canada,Analytics and Algorithms,2024,5,False
Austria,Analytics and Algorithms,2024,4,False
Greece,Analytics and Algorithms,2017,0,True
Serbia,Analytics and Algorithms,2019,0,True
New Zealand,Analytics and Algorithms,2023,0,False
Mexico,Analytics and Algorithms,2020,16,True
Sweden,Banking and Finance,2024,1,False
Sweden,Banking and Finance,2025,0,False
South Korea,Banking and Finance,2025,19,False
Netherlands,Banking and Finance,2021,1,True
Peru,Banking and Finance,2017,0,True
United Kingdom,Banking and Finance,2019,19,True
United Kingdom,Banking and Finance,2021,11,True
Switzerland,Banking and Finance,2023,0,False
Taiwan,Banking and Finance,2021,35,True
Slovenia,Banking and Finance,2022,0,False
Germany,Banking and Finance,2019,47,True
Colombia,Banking and Finance,2023,0,False
San Marino,Banking and Finance,2017,0,True
France,Banking and Finance,2022,16,False
Ireland,Banking and Finance,2021,0,True
Japan,Banking and Finance,2016,53,True
Switzerland,Bio-Inspired Computing,2022,1,False
Greece,Bio-Inspired Computing,2021,0,True
New Zealand,Bio-Inspired Computing,2021,1,True
Luxembourg,Bio-Inspired Computing,2024,55,False
Bulgaria,Bio-Inspired Computing,2024,0,False
United States,Bio-Inspired Computing,2021,559,True
Moldova,Bio-Inspired Computing,2021,0,True
Austria,Bio-Inspired Computing,2018,0,True
Romania,Bio-Inspired Computing,2021,0,True
Colombia,Business,2021,1,True
India,Business,2022,0,False
Israel,Business,2021,4,True
Slovenia,Business,2023,0,False
Netherlands,Business,2019,2,True
Austria,Business,2020,3,True
Australia,Computer Vision,2021,497,True
France,Computer Vision,2020,107,True
France,Computer Vision,2022,117,False
Singapore,Computer Vision,2018,72,True
Greece,Computer Vision,2025,0,False
Luxembourg,Computer Vision,2020,3,True
Luxembourg,Computer Vision,2021,13,True
Norway,Computer Vision,2020,2,True
Norway,Computer Vision,2021,3,True
Norway,Computer Vision,2025,0,False
Israel,Computer Vision,2016,3,True
Russia,Computer Vision,2016,25,True
Italy,Computer Vision,2018,16,True
Ukraine,Computer Vision,2019,1,True
Austria,Computer Vision,2016,1,True
Costa Rica,Computer Vision,2020,1,True
Costa Rica,Computer Vision,2021,1,True
Austria,Computing in Government,2017,0,True
Taiwan,Computing in Government,2023,2,False
Australia,Computing in Government,2021,10,True
Argentina,Computing in Government,2020,0,True
Luxembourg,Computing in Government,2025,7,False
Serbia,Computing in Government,2018,0,True
Morocco,Control Methods,2017,1,True
Bulgaria,Control Methods,2017,0,True
Japan,Control Methods,2025,0,False
Portugal,Control Methods,2019,4,True
Portugal,Control Methods,2021,0,True
Sweden,Control Methods,2017,4,True
Colombia,Control Methods,2023,2,False
Turkey,Control Methods,2021,5,True
Spain,Control Methods,2017,30,True
Norway,Control Methods,2019,2,True
Peru,Control Methods,2016,0,True
Philippines,Control Methods,2017,0,True
South Korea,Distributed AI,2023,159,False
United States,Distributed AI,2024,71,False
Israel,Distributed AI,2016,0,True
Turkey,Distributed AI,2019,0,True
Croatia,Distributed AI,2019,0,True
Chile,Distributed AI,2018,0,True
France,Distributed AI,2022,3,False
Czechia,Distributed AI,2023,0,False
San Marino,Distributed AI,2020,0,True
Mexico,Education,2019,3,True
Brazil,Education,2021,0,True
China,Education,2017,257,True
China,Education,2026,18,False
Peru,Education,2021,0,True
Finland,Education,2018,2,True
Mexico,Energy Management,2025,0,False
Turkey,Energy Management,2017,0,True
Turkey,Energy Management,2020,1,True
Uruguay,Energy Management,2022,1,False
Peru,Energy Management,2016,0,True
India,Energy Management,2020,0,True
Switzerland,Energy Management,2021,0,True
Morocco,Energy Management,2017,0,True
Lithuania,Energy Management,2021,0,True
Australia,Fuzzy Logic,2017,1,True
Norway,Fuzzy Logic,2022,1,False
Chile,Fuzzy Logic,2022,0,False
Turkey,Fuzzy Logic,2024,1,False
Sweden,Fuzzy Logic,2016,0,True
Poland,Fuzzy Logic,2016,1,True
Poland,Fuzzy Logic,2020,0,True
Ukraine,Fuzzy Logic,2016,1,True
Philippines,Fuzzy Logic,2017,0,True
Lithuania,Fuzzy Logic,2017,0,True
Japan,Fuzzy Logic,2017,15,True
Greece,Fuzzy Logic,2018,0,True
South Korea,Industry and Manufacturing,2018,301,True
Canada,Industry and Manufacturing,2020,80,True
Saudi Arabia,Industry and Manufacturing,2018,1,True
New Zealand,Industry and Manufacturing,2019,0,True
Greece,Industry and Manufacturing,2023,0,False
Greece,Industry and Manufacturing,2024,3,False
Morocco,Industry and Manufacturing,2023,1,False
Netherlands,Industry and Manufacturing,2018,0,True
Chile,Industry and Manufacturing,2022,1,False
Paraguay,Knowledge Representation,2021,0,True
Sweden,Knowledge Representation,2016,1,True
Australia,Knowledge Representation,2021,56,True
Australia,Knowledge Representation,2022,14,False
Colombia,Knowledge Representation,2022,0,False
Netherlands,Knowledge Representation,2018,0,True
Ireland,Knowledge Representation,2016,0,True
Ireland,Knowledge Representation,2023,0,False
Belgium,Knowledge Representation,2017,0,True
Czechia,Knowledge Representation,2018,0,True
Malaysia,Natural Language Processing,2021,2,True
South Africa,Natural Language Processing,2023,0,False
Colombia,Natural Language Processing,2023,0,False
Ukraine,Natural Language Processing,2019,0,True
Ukraine,Natural Language Processing,2023,0,False
Serbia,Natural Language Processing,2019,0,True
Morocco,Natural Language Processing,2016,0,True
India,Natural Language Processing,2020,0,True
Canada,Natural Language Processing,2019,51,True
Netherlands,Natural Language Processing,2023,2,False
Italy,Natural Language Processing,2024,0,False
South Korea,Life Sciences,2016,171,True
Finland,Life Sciences,2016,1,True
Greece,Life Sciences,2019,0,True
Greece,Life Sciences,2022,5,False
Luxembourg,Life Sciences,2025,29,False
Slovenia,Life Sciences,2022,0,False
Brazil,Life Sciences,2021,31,True
United Kingdom,Logic-Based Knowledge Systems,2025,4,False
Jordan,Logic-Based Knowledge Systems,2021,0,True
India,Logic-Based Knowledge Systems,2017,84,True
Canada,Logic-Based Knowledge Systems,2018,138,True
Belgium,Logic-Based Knowledge Systems,2019,0,True
Belgium,Logic-Based Knowledge Systems,2023,0,False
Switzerland,Logic-Based Knowledge Systems,2018,0,True
Morocco,Logic-Based Knowledge Systems,2024,0,False
Malaysia,Logic-Based Knowledge Systems,2020,2,True
Ireland,Logic-Based Knowledge Systems,2016,0,True
New Zealand,Logic-Based Knowledge Systems,2023,0,False
Sweden,Markov and Bayesian Models,2018,5,True
United States,Markov and Bayesian Models,2017,1631,True
Canada,Markov and Bayesian Models,2021,86,True
Poland,Markov and Bayesian Models,2024,0,False
Estonia,Markov and Bayesian Models,2022,0,False
Belgium,Markov and Bayesian Models,2016,0,True
Belgium,Markov and Bayesian Models,2022,0,False
Hungary,Markov and Bayesian Models,2022,0,False
Romania,Markov and Bayesian Models,2023,1,False
New Zealand,Markov and Bayesian Models,2021,1,True
Portugal,Markov and Bayesian Models,2022,0,False
China,Markov and Bayesian Models,2025,13945,False
New Zealand,Measuring and Testing,2020,1,True
South Africa,Measuring and Testing,2016,0,True
Hungary,Measuring and Testing,2021,4,True
Costa Rica,Measuring and Testing,2019,0,True
Turkey,Measuring and Testing,2017,1,True
Ukraine,Measuring and Testing,2017,0,True
Austria,Measuring and Testing,2023,8,False
Sweden,Neural Networks,2025,0,False
Finland,Neural Networks,2022,18,False
South Korea,Neural Networks,2021,6165,True
Argentina,Neural Networks,2023,10,False
United States,Neural Networks,2020,10099,True
United States,Neural Networks,2024,3049,False
United States,Neural Networks,2025,128,False
Czechia,Neural Networks,2025,0,False
Luxembourg,Neural Networks,2016,1,True
Australia,Neural Networks,2017,144,True
Slovenia,Neural Networks,2019,1,True
Japan,Neural Networks,2020,2470,True
Morocco,Neural Networks,2022,2,False
Israel,Neural Networks,2020,15,True
Taiwan,Neural Networks,2025,16,False
Denmark,Neural Networks,2021,10,True
Poland,Neural Networks,2016,5,True
Switzerland,Neural Networks,2021,9,True
Switzerland,Neural Networks,2024,2,False
Turkey,Neural Networks,2019,6,True
South Korea,Ontology Engineering,2021,152,True
Israel,Ontology Engineering,2016,1,True
Australia,Ontology Engineering,2020,14,True
Canada,Ontology Engineering,2019,21,True
Serbia,Ontology Engineering,2016,0,True
Austria,Ontology Engineering,2023,0,False
Morocco,Ontology Engineering,2016,0,True
Norway,Ontology Engineering,2018,0,True
Belgium,Ontology Engineering,2020,0,True
Croatia,Ontology Engineering,2018,1,True
United States,Ontology Engineering,2024,203,False
Greece,Ontology Engineering,2024,1,False
Australia,Other and Unspecified,2022,213,False
Serbia,Other and Unspecified,2021,2,True
Serbia,Other and Unspecified,2025,0,False
Romania,Other and Unspecified,2022,6,False
Argentina,Other and Unspecified,2017,0,True
Poland,Other and Unspecified,2021,11,True
Croatia,Other and Unspecified,2021,1,True
New Zealand,Other and Unspecified,2023,1,False
India,Other and Unspecified,2020,7,True
Hungary,Other and Unspecified,2024,2,False
Finland,Other and Unspecified,2016,5,True
France,Personal Devices and Computing,2020,149,True
Morocco,Personal Devices and Computing,2020,1,True
Philippines,Personal Devices and Computing,2022,3,False
Moldova,Personal Devices and Computing,2021,1,True
South Korea,Personal Devices and Computing,2025,188,False
Norway,Personal Devices and Computing,2021,3,True
Israel,Personal Devices and Computing,2021,18,True
Japan,Personal Devices and Computing,2023,929,False
United Kingdom,Physical Sciences and Engineering,2016,200,True
Ukraine,Physical Sciences and Engineering,2019,2,True
Malaysia,Physical Sciences and Engineering,2016,14,True
Netherlands,Physical Sciences and Engineering,2021,45,True
Australia,Physical Sciences and Engineering,2017,300,True
Taiwan,Physical Sciences and Engineering,2024,568,False
Taiwan,Physical Sciences and Engineering,2025,60,False
Turkey,Physical Sciences and Engineering,2021,60,True
Belgium,Planning and Scheduling,2018,1,True
Belgium,Planning and Scheduling,2024,1,False
Belgium,Planning and Scheduling,2025,3,False
South Korea,Planning and Scheduling,2018,287,True
Portugal,Planning and Scheduling,2020,2,True
Tunisia,Planning and Scheduling,2022,0,False
Japan,Planning and Scheduling,2025,0,False
Romania,Planning and Scheduling,2021,1,True
Ukraine,Planning and Scheduling,2017,0,True
Ukraine,Planning and Scheduling,2019,0,True
Iran,Planning and Scheduling,2018,0,True
Poland,Planning and Scheduling,2022,1,False
China,Planning and Scheduling,2017,1496,True
Canada,Robotics,2017,34,True
Colombia,Robotics,2019,0,True
Bulgaria,Robotics,2017,0,True
China,Robotics,2017,889,True
Turkey,Robotics,2019,2,True
Brazil,Robotics,2020,6,True
Indonesia,Robotics,2016,0,True
Netherlands,Robotics,2018,2,True
Slovakia,Search Methods,2021,0,True
Argentina,Search Methods,2021,0,True
Malaysia,Search Methods,2021,0,True
Colombia,Search Methods,2021,0,True
Colombia,Search Methods,2022,1,False
Norway,Search Methods,2016,0,True
Greece,Search Methods,2019,0,True
Chile,Search Methods,2024,0,False
France,Search Methods,2024,8,False
Austria,Security,2024,1,False
China,Security,2017,482,True
New Zealand,Security,2018,2,True
Saudi Arabia,Security,2021,0,True
Taiwan,Security,2022,38,False
Greece,Security,2024,0,False
Brazil,Security,2019,13,True
Brazil,Security,2021,7,True
Lithuania,Security,2019,0,True
Czechia,Security,2022,0,False
Luxembourg,Security,2023,7,False
Belgium,Spatial and Physical Reasoning,2024,2,False
United States,Spatial and Physical Reasoning,2020,5782,True
China,Spatial and Physical Reasoning,2022,49366,False
Panama,Spatial and Physical Reasoning,2016,0,True
Germany,Spatial and Physical Reasoning,2021,507,True
Germany,Spatial and Physical Reasoning,2023,549,False
Australia,Spatial and Physical Reasoning,2016,79,True
Norway,Spatial and Physical Reasoning,2020,3,True
Norway,Spatial and Physical Reasoning,2023,4,False
Turkey,Spatial and Physical Reasoning,2019,4,True
Czechia,Spatial and Physical Reasoning,2018,1,True
Morocco,Spatial and Physical Reasoning,2022,0,False
Jordan,Spatial and Physical Reasoning,2021,0,True
Netherlands,Spatial and Physical Reasoning,2023,11,False
Chile,Speech Processing,2019,0,True
Japan,Speech Processing,2023,111,False
Austria,Speech Processing,2021,0,True
Ukraine,Speech Processing,2023,0,False
South Korea,Speech Processing,2019,700,True
Taiwan,Speech Processing,2017,16,True
Norway,Speech Processing,2018,1,True
Chile,Telecommunications,2024,0,False
Portugal,Telecommunications,2017,3,True
Netherlands,Telecommunications,2022,6,False
Thailand,Telecommunications,2017,0,True
United States,Telecommunications,2020,4389,True
United States,Telecommunications,2024,1143,False
Russia,Telecommunications,2020,27,True
Ukraine,Telecommunications,2023,0,False
South Korea,Telecommunications,2018,929,True
India,Telecommunications,2022,1,False
Costa Rica,Telecommunications,2021,0,True
Saudi Arabia,Transportation,2019,0,True
Denmark,Transportation,2024,0,False
France,Transportation,2024,44,False
Portugal,Transportation,2017,2,True
Bulgaria,Transportation,2020,0,True
Australia,Transportation,2019,35,True
Argentina,Transportation,2022,0,False
Ukraine,Agriculture,2021,0,True
Slovenia,Agriculture,2022,0,False
Canada,Agriculture,2018,40,True
Australia,Agriculture,2023,29,False
China,Agriculture,2020,840,True
Romania,All,2016,2,True
Hungary,All,2020,10,True
Costa Rica,All,2023,1,False
San Marino,All,2018,2,True
Italy,All,2017,31,True
Philippines,All,2023,3,False
Greece,All,2017,13,True
Uruguay,All,2020,1,True
Belgium,All,2021,9,True
Bulgaria,All,2025,7,False
United States,All,2016,6870,True
Taiwan,All,2022,638,False
Spain,All,2021,111,True
Finland,All,2016,8,True
Finland,All,2022,29,False
Australia,Analytics and Algorithms,2023,87,False
Czechia,Analytics and Algorithms,2024,0,False
Brazil,Analytics and Algorithms,2020,21,True
Norway,Analytics and Algorithms,2017,0,True
Slovenia,Analytics and Algorithms,2023,1,False
Denmark,Analytics and Algorithms,2018,8,True
Malaysia,Analytics and Algorithms,2021,0,True
Greece,Analytics and Algorithms,2025,0,False
United States,Banking and Finance,2024,245,False
Thailand,Banking and Finance,2017,0,True
Spain,Banking and Finance,2018,12,True
Spain,Banking and Finance,2019,8,True
Hungary,Banking and Finance,2019,0,True
Serbia,Banking and Finance,2022,0,False
France,Banking and Finance,2017,9,True
Czechia,Banking and Finance,2019,0,True
Japan,Banking and Finance,2020,140,True
Turkey,Bio-Inspired Computing,2019,0,True
Switzerland,Bio-Inspired Computing,2020,0,True
Colombia,Bio-Inspired Computing,2023,0,False
Czechia,Bio-Inspired Computing,2022,0,False
Israel,Bio-Inspired Computing,2020,0,True
China,Bio-Inspired Computing,2025,13212,False
Belgium,Bio-Inspired Computing,2016,1,True
Poland,Business,2021,4,True
Peru,Business,2017,0,True
Netherlands,Business,2024,5,False
Greece,Business,2020,0,True
Japan,Business,2016,169,True
Japan,Business,2018,424,True
Denmark,Computer Vision,2023,0,False
Belgium,Computer Vision,2019,0,True
Croatia,Computer Vision,2017,1,True
South Korea,Computer Vision,2025,125,False
Jordan,Computing in Government,2021,0,True
Bulgaria,Computing in Government,2024,0,False
United Kingdom,Computing in Government,2021,2,True
Brazil,Computing in Government,2022,0,False
South Korea,Computing in Government,2026,0,False
Taiwan,Computing in Government,2021,2,True
Australia,Computing in Government,2023,13,False
Argentina,Computing in Government,2016,0,True
United States,Computing in Government,2021,63,True
Tunisia,Computing in Government,2021,0,True
Portugal,Computing in Government,2016,0,True
Latvia,Computing in Government,2017,0,True
Ukraine,Computing in Government,2018,0,True
Bulgaria,Control Methods,2023,1,False
Argentina,Control Methods,2020,2,True
China,Control Methods,2024,6600,False
Singapore,Control Methods,2019,13,True
United Kingdom,Control Methods,2025,12,False
Czechia,Control Methods,2017,0,True
Hungary,Distributed AI,2020,0,True
Iran,Distributed AI,2018,0,True
Switzerland,Distributed AI,2019,0,True
United States,Distributed AI,2020,395,True
Israel,Distributed AI,2023,1,False
Belgium,Distributed AI,2020,0,True
Colombia,Distributed AI,2024,0,False
Taiwan,Distributed AI,2021,1,True
Mexico,Distributed AI,2017,1,True
Malaysia,Distributed AI,2020,0,True
Greece,Education,2021,0,True
South Korea,Education,2021,304,True
Kenya,Education,2016,0,True
France,Education,2023,3,False
Canada,Education,2017,10,True
Canada,Education,2022,18,False
United Kingdom,Education,2024,7,False
Singapore,Education,2020,1,True
Finland,Energy Management,2020,1,True
Croatia,Energy Management,2018,0,True
Romania,Energy Management,2017,1,True
Australia,Energy Management,2023,21,False
Singapore,Energy Management,2017,0,True
Saudi Arabia,Energy Management,2018,1,True
India,Energy Management,2016,2,True
Poland,Energy Management,2021,4,True
Israel,Energy Management,2016,0,True
Israel,Energy Management,2022,0,False
Switzerland,Energy Management,2024,1,False
Costa Rica,Energy Management,2020,0,True
Argentina,Fuzzy Logic,2018,0,True
Hungary,Fuzzy Logic,2018,1,True
New Zealand,Fuzzy Logic,2021,0,True
Norway,Fuzzy Logic,2016,0,True
Slovenia,Fuzzy Logic,2019,1,True
Switzerland,Fuzzy Logic,2018,0,True
South Korea,Fuzzy Logic,2023,16,False
Denmark,Fuzzy Logic,2019,1,True
Saudi Arabia,Fuzzy Logic,2021,0,True
Mexico,Fuzzy Logic,2018,2,True
Oman,Fuzzy Logic,2016,0,True
Jordan,Fuzzy Logic,2017,0,True
Jordan,Fuzzy Logic,2023,0,False
Bulgaria,Fuzzy Logic,2020,0,True
Colombia,Industry and Manufacturing,2019,0,True
Serbia,Industry and Manufacturing,2020,1,True
Argentina,Industry and Manufacturing,2021,0,True
South Africa,Industry and Manufacturing,2021,0,True
United States,Industry and Manufacturing,2025,8,False
Turkey,Knowledge Representation,2020,1,True
Brazil,Knowledge Representation,2017,4,True
Serbia,Knowledge Representation,2023,0,False
China,Knowledge Representation,2016,200,True
Taiwan,Knowledge Representation,2018,8,True
Taiwan,Knowledge Representation,2023,9,False
Saudi Arabia,Knowledge Representation,2022,0,False
Chile,Knowledge Representation,2022,0,False
United Kingdom,Knowledge Representation,2023,13,False
Switzerland,Knowledge Representation,2017,0,True
India,Knowledge Representation,2022,0,False
South Korea,Knowledge Representation,2026,0,False
Lithuania,Knowledge Representation,2017,0,True
Denmark,Natural Language Processing,2023,0,False
Slovakia,Natural Language Processing,2020,0,True
Colombia,Natural Language Processing,2024,0,False
Finland,Natural Language Processing,2019,0,True
Canada,Natural Language Processing,2024,12,False
Bulgaria,Natural Language Processing,2019,0,True
Netherlands,Natural Language Processing,2018,0,True
Croatia,Natural Language Processing,2018,0,True
Argentina,Life Sciences,2017,0,True
Netherlands,Life Sciences,2018,4,True
United States,Life Sciences,2017,1413,True
United States,Life Sciences,2023,947,False
South Africa,Life Sciences,2022,0,False
Chile,Life Sciences,2019,0,True
New Zealand,Life Sciences,2016,2,True
Romania,Life Sciences,2024,0,False
Hungary,Life Sciences,2018,4,True
Sweden,Life Sciences,2016,1,True
Saudi Arabia,Life Sciences,2022,1,False
Croatia,Logic-Based Knowledge Systems,2017,1,True
Netherlands,Logic-Based Knowledge Systems,2018,1,True
Netherlands,Logic-Based Knowledge Systems,2020,1,True
Argentina,Logic-Based Knowledge Systems,2017,0,True
Argentina,Logic-Based Knowledge Systems,2019,2,True
Norway,Logic-Based Knowledge Systems,2023,0,False
Denmark,Logic-Based Knowledge Systems,2016,0,True
Germany,Logic-Based Knowledge Systems,2018,73,True
Philippines,Logic-Based Knowledge Systems,2020,1,True
Japan,Logic-Based Knowledge Systems,2016,214,True
Mexico,Logic-Based Knowledge Systems,2023,2,False
Israel,Logic-Based Knowledge Systems,2024,0,False
Morocco,Logic-Based Knowledge Systems,2020,0,True
Sweden,Logic-Based Knowledge Systems,2021,1,True
Czechia,Logic-Based Knowledge Systems,2017,0,True
Serbia,Markov and Bayesian Models,2024,0,False
Canada,Markov and Bayesian Models,2023,9,False
India,Markov and Bayesian Models,2023,0,False
India,Markov and Bayesian Models,2024,0,False
Hungary,Markov and Bayesian Models,2021,1,True
South Korea,Markov and Bayesian Models,2025,3,False
Greece,Markov and Bayesian Models,2023,1,False
Peru,Markov and Bayesian Models,2022,0,False
France,Measuring and Testing,2023,63,False
Canada,Measuring and Testing,2023,15,False
Canada,Measuring and Testing,2024,5,False
Spain,Measuring and Testing,2024,7,False
Poland,Measuring and Testing,2017,3,True
Italy,Measuring and Testing,2016,4,True
Italy,Measuring and Testing,2019,20,True
Singapore,Measuring and Testing,2020,5,True
China,Measuring and Testing,2024,17422,False
Morocco,Measuring and Testing,2016,0,True
Morocco,Measuring and Testing,2023,3,False
Israel,Measuring and Testing,2024,4,False
Czechia,Neural Networks,2022,2,False
Mexico,Neural Networks,2019,56,True
Ukraine,Neural Networks,2025,6,False
Japan,Neural Networks,2024,715,False
Saudi Arabia,Neural Networks,2018,1,True
Portugal,Neural Networks,2021,3,True
Ireland,Neural Networks,2021,0,True
Denmark,Neural Networks,2023,3,False
Colombia,Neural Networks,2019,1,True
Singapore,Ontology Engineering,2017,5,True
Philippines,Ontology Engineering,2019,0,True
Sweden,Ontology Engineering,2020,1,True
Italy,Ontology Engineering,2024,0,False
Belgium,Ontology Engineering,2016,1,True
United States,Ontology Engineering,2018,452,True
Ukraine,Ontology Engineering,2017,0,True
Lithuania,Other and Unspecified,2018,5,True
Serbia,Other and Unspecified,2023,3,False
Tunisia,Other and Unspecified,2022,2,False
Chile,Other and Unspecified,2023,0,False
Singapore,Other and Unspecified,2016,30,True
Croatia,Other and Unspecified,2018,0,True
Luxembourg,Other and Unspecified,2025,30,False
Hungary,Other and Unspecified,2020,4,True
Czechia,Other and Unspecified,2020,1,True
Jordan,Other and Unspecified,2017,0,True
United States,Personal Devices and Computing,2017,7134,True
South Korea,Personal Devices and Computing,2021,3612,True
South Korea,Personal Devices and Computing,2024,2471,False
Russia,Personal Devices and Computing,2016,80,True
Poland,Personal Devices and Computing,2023,6,False
Argentina,Personal Devices and Computing,2020,4,True
Luxembourg,Personal Devices and Computing,2023,35,False
Taiwan,Personal Devices and Computing,2019,300,True
Argentina,Physical Sciences and Engineering,2019,8,True
Spain,Physical Sciences and Engineering,2022,84,False
United Kingdom,Physical Sciences and Engineering,2018,398,True
Ukraine,Physical Sciences and Engineering,2018,7,True
Colombia,Physical Sciences and Engineering,2022,9,False
Netherlands,Physical Sciences and Engineering,2017,5,True
Portugal,Physical Sciences and Engineering,2017,9,True
Canada,Physical Sciences and Engineering,2019,792,True
Azerbaijan,Physical Sciences and Engineering,2018,1,True
Denmark,Physical Sciences and Engineering,2019,36,True
Denmark,Physical Sciences and Engineering,2024,1,False
Turkey,Physical Sciences and Engineering,2019,25,True
Spain,Planning and Scheduling,2017,10,True
South Korea,Planning and Scheduling,2017,151,True
Mexico,Planning and Scheduling,2024,2,False
Denmark,Planning and Scheduling,2016,1,True
Philippines,Planning and Scheduling,2019,3,True
Philippines,Planning and Scheduling,2021,4,True
Japan,Planning and Scheduling,2019,381,True
Norway,Planning and Scheduling,2025,0,False
Luxembourg,Planning and Scheduling,2023,19,False
Netherlands,Planning and Scheduling,2016,0,True
Morocco,Planning and Scheduling,2020,1,True
New Zealand,Robotics,2019,1,True
Mexico,Robotics,2022,1,False
Thailand,Robotics,2017,0,True
Paraguay,Robotics,2021,0,True
Finland,Robotics,2023,0,False
Peru,Robotics,2020,1,True
Moldova,Robotics,2021,0,True
Netherlands,Robotics,2021,3,True
United Kingdom,Robotics,2020,13,True
Italy,Robotics,2018,3,True
Malaysia,Robotics,2018,0,True
Argentina,Search Methods,2018,1,True
Argentina,Search Methods,2023,1,False
Italy,Search Methods,2019,2,True
Bulgaria,Search Methods,2025,0,False
Norway,Search Methods,2018,0,True
Greece,Search Methods,2025,0,False
Portugal,Search Methods,2020,1,True
Netherlands,Search Methods,2019,1,True
Ukraine,Search Methods,2018,2,True
China,Security,2016,238,True
China,Security,2023,6704,False
Japan,Security,2019,186,True
Malaysia,Security,2019,2,True
Saudi Arabia,Security,2018,0,True
Belgium,Security,2021,1,True
Bulgaria,Security,2017,0,True
Argentina,Security,2022,0,False
South Korea,Spatial and Physical Reasoning,2018,1016,True
China,Spatial and Physical Reasoning,2026,1117,False
South Africa,Spatial and Physical Reasoning,2023,0,False
Czechia,Spatial and Physical Reasoning,2022,1,False
Bulgaria,Spatial and Physical Reasoning,2023,0,False
Mexico,Spatial and Physical Reasoning,2021,45,True
Croatia,Spatial and Physical Reasoning,2023,0,False
Israel,Spatial and Physical Reasoning,2018,10,True
Malaysia,Speech Processing,2021,1,True
Austria,Speech Processing,2022,0,False
South Africa,Speech Processing,2020,0,True
South Africa,Speech Processing,2021,0,True
South Africa,Speech Processing,2025,0,False
Croatia,Speech Processing,2021,0,True
Hungary,Speech Processing,2022,0,False
Peru,Speech Processing,2016,0,True
Argentina,Speech Processing,2023,0,False
Netherlands,Speech Processing,2020,0,True
Brazil,Telecommunications,2022,2,False
Australia,Telecommunications,2022,95,False
Mexico,Telecommunications,2018,18,True
Mexico,Telecommunications,2021,38,True
Greece,Telecommunications,2019,0,True
Germany,Telecommunications,2020,157,True
Denmark,Telecommunications,2017,11,True
Japan,Telecommunications,2025,17,False
Ireland,Telecommunications,2016,0,True
Turkey,Telecommunications,2019,6,True
Turkey,Telecommunications,2022,8,False
Ireland,Transportation,2018,0,True
Germany,Transportation,2022,325,False
Portugal,Transportation,2022,0,False
Taiwan,Transportation,2016,12,True
Luxembourg,Transportation,2021,1,True
Singapore,Transportation,2017,12,True
Brazil,Transportation,2019,23,True
Romania,Transportation,2020,1,True
Switzerland,Transportation,2023,0,False
Sweden,Agriculture,2019,4,True
Philippines,Agriculture,2017,0,True
Hungary,Agriculture,2016,0,True
Chile,Agriculture,2022,0,False
Tunisia,Agriculture,2023,0,False
Colombia,Agriculture,2019,0,True
Netherlands,Agriculture,2024,6,False
India,Agriculture,2022,0,False
Austria,Agriculture,2021,1,True
Malaysia,Agriculture,2019,0,True
New Zealand,Agriculture,2018,3,True
France,All,2021,316,True
Norway,All,2024,7,False
Croatia,All,2024,2,False
New Zealand,All,2019,14,True
Germany,All,2018,736,True
Morocco,All,2017,5,True
Morocco,All,2024,12,False
Australia,All,2016,262,True
Mexico,All,2023,17,False
Japan,All,2022,4300,False
Argentina,All,2020,11,True
Japan,Analytics and Algorithms,2023,247,False
United States,Analytics and Algorithms,2016,517,True
United States,Analytics and Algorithms,2022,1688,False
Norway,Analytics and Algorithms,2019,0,True
Switzerland,Analytics and Algorithms,2021,2,True
Croatia,Analytics and Algorithms,2018,0,True
Saudi Arabia,Analytics and Algorithms,2018,0,True
Saudi Arabia,Analytics and Algorithms,2021,0,True
Turkey,Analytics and Algorithms,2019,2,True
Spain,Analytics and Algorithms,2018,28,True
Netherlands,Analytics and Algorithms,2022,11,False
Ireland,Analytics and Algorithms,2021,0,True
Morocco,Analytics and Algorithms,2017,0,True
Brazil,Banking and Finance,2021,5,True
Hungary,Banking and Finance,2018,1,True
Serbia,Banking and Finance,2019,0,True
Serbia,Banking and Finance,2023,0,False
New Zealand,Banking and Finance,2021,0,True
Argentina,Banking and Finance,2019,0,True
India,Banking and Finance,2018,13,True
San Marino,Banking and Finance,2020,0,True
France,Banking and Finance,2020,12,True
Philippines,Bio-Inspired Computing,2017,0,True
Philippines,Bio-Inspired Computing,2023,1,False
Argentina,Bio-Inspired Computing,2017,1,True
Romania,Bio-Inspired Computing,2023,0,False
Netherlands,Bio-Inspired Computing,2024,5,False
Chile,Bio-Inspired Computing,2018,1,True
India,Business,2020,0,True
Turkey,Business,2025,1,False
Bulgaria,Business,2019,0,True
Belgium,Business,2024,1,False
China,Business,2022,13980,False
Malaysia,Business,2021,1,True
Finland,Business,2020,9,True
Finland,Business,2024,2,False
South Africa,Business,2022,0,False
Japan,Business,2019,538,True
Australia,Computer Vision,2023,173,False
Sweden,Computer Vision,2017,1,True
India,Computer Vision,2018,93,True
Lithuania,Computer Vision,2019,1,True
Malaysia,Computer Vision,2021,4,True
Malaysia,Computer Vision,2022,1,False
Serbia,Computer Vision,2021,3,True
Finland,Computer Vision,2016,5,True
Finland,Computer Vision,2021,10,True
Argentina,Computer Vision,2018,5,True
Austria,Computer Vision,2020,5,True
Kenya,Computer Vision,2016,1,True
San Marino,Computing in Government,2020,0,True
Norway,Computing in Government,2023,0,False
Israel,Computing in Government,2016,0,True
Romania,Computing in Government,2019,0,True
Canada,Computing in Government,2018,10,True
China,Computing in Government,2019,710,True
Saudi Arabia,Computing in Government,2019,0,True
Italy,Computing in Government,2019,0,True
Austria,Control Methods,2017,8,True
Belgium,Control Methods,2017,2,True
Belgium,Control Methods,2019,0,True
South Africa,Control Methods,2019,0,True
Mexico,Control Methods,2020,19,True
New Zealand,Control Methods,2021,4,True
Chile,Control Methods,2022,0,False
Costa Rica,Control Methods,2025,0,False
Poland,Control Methods,2016,4,True
Peru,Control Methods,2023,2,False
Switzerland,Control Methods,2024,0,False
Germany,Distributed AI,2017,5,True
Singapore,Distributed AI,2019,4,True
Norway,Distributed AI,2020,0,True
Norway,Distributed AI,2022,0,False
Ukraine,Distributed AI,2017,0,True
Ukraine,Distributed AI,2018,0,True
Austria,Distributed AI,2016,0,True
Austria,Distributed AI,2021,0,True
Saudi Arabia,Distributed AI,2022,0,False
Spain,Distributed AI,2024,0,False
Turkey,Distributed AI,2016,0,True
Chile,Distributed AI,2019,0,True
Ireland,Distributed AI,2018,0,True
San Marino,Distributed AI,2018,0,True
Poland,Distributed AI,2019,1,True
Greece,Education,2018,0,True
Slovenia,Education,2023,0,False
South Africa,Education,2018,0,True
Netherlands,Education,2020,1,True
China,Education,2018,451,True
France,Education,2024,0,False
Taiwan,Education,2018,2,True
Taiwan,Education,2025,4,False
Serbia,Education,2021,0,True
Serbia,Education,2024,0,False
Germany,Education,2018,7,True
Greece,Energy Management,2019,1,True
Saudi Arabia,Energy Management,2022,0,False
Slovenia,Energy Management,2023,0,False
Serbia,Energy Management,2017,0,True
United Kingdom,Energy Management,2023,20,False
Philippines,Energy Management,2018,0,True
Lithuania,Energy Management,2022,0,False
Morocco,Fuzzy Logic,2017,1,True
Croatia,Fuzzy Logic,2024,0,False
Tunisia,Fuzzy Logic,2023,0,False
Slovenia,Fuzzy Logic,2018,1,True
China,Fuzzy Logic,2017,455,True
Bulgaria,Fuzzy Logic,2024,0,False
United Kingdom,Fuzzy Logic,2020,6,True
Bulgaria,Industry and Manufacturing,2019,0,True
United Kingdom,Industry and Manufacturing,2019,14,True
Israel,Industry and Manufacturing,2016,1,True
Slovakia,Industry and Manufacturing,2025,0,False
United States,Industry and Manufacturing,2022,467,False
United States,Industry and Manufacturing,2023,253,False
Mexico,Industry and Manufacturing,2017,10,True
Turkey,Knowledge Representation,2025,0,False
New Zealand,Knowledge Representation,2021,0,True
South Africa,Knowledge Representation,2019,0,True
Taiwan,Knowledge Representation,2024,7,False
Bulgaria,Knowledge Representation,2019,0,True
Croatia,Knowledge Representation,2020,0,True
France,Knowledge Representation,2021,6,True
Switzerland,Knowledge Representation,2022,0,False
Slovenia,Knowledge Representation,2023,0,False
India,Knowledge Representation,2024,0,False
Lithuania,Knowledge Representation,2021,0,True
Malaysia,Natural Language Processing,2019,1,True
United Kingdom,Natural Language Processing,2024,37,False
Philippines,Natural Language Processing,2019,1,True
Chile,Natural Language Processing,2019,0,True
Ukraine,Natural Language Processing,2024,0,False
Netherlands,Natural Language Processing,2025,0,False
Italy,Life Sciences,2019,15,True
Philippines,Life Sciences,2017,0,True
Romania,Life Sciences,2019,1,True
Romania,Life Sciences,2021,2,True
Luxembourg,Life Sciences,2022,7,False
Taiwan,Life Sciences,2016,17,True
Portugal,Life Sciences,2016,2,True
Netherlands,Logic-Based Knowledge Systems,2023,1,False
Costa Rica,Logic-Based Knowledge Systems,2019,0,True
Slovenia,Logic-Based Knowledge Systems,2018,1,True
India,Logic-Based Knowledge Systems,2020,0,True
Canada,Logic-Based Knowledge Systems,2022,52,False
Finland,Logic-Based Knowledge Systems,2022,1,False
Israel,Logic-Based Knowledge Systems,2021,2,True
China,Logic-Based Knowledge Systems,2025,26218,False
Sweden,Logic-Based Knowledge Systems,2023,2,False
Luxembourg,Logic-Based Knowledge Systems,2016,0,True
Serbia,Markov and Bayesian Models,2022,0,False
Serbia,Markov and Bayesian Models,2025,0,False
Japan,Markov and Bayesian Models,2018,372,True
Italy,Markov and Bayesian Models,2019,4,True
Italy,Markov and Bayesian Models,2020,1,True
Mexico,Markov and Bayesian Models,2022,0,False
Austria,Markov and Bayesian Models,2021,0,True
Saudi Arabia,Markov and Bayesian Models,2018,0,True
Netherlands,Markov and Bayesian Models,2017,1,True
Denmark,Markov and Bayesian Models,2017,3,True
Denmark,Markov and Bayesian Models,2024,0,False
Spain,Measuring and Testing,2021,29,True
United Kingdom,Measuring and Testing,2023,82,False
Finland,Measuring and Testing,2020,8,True
Brazil,Neural Networks,2016,21,True
Ukraine,Neural Networks,2021,6,True
Israel,Neural Networks,2023,37,False
Malaysia,Neural Networks,2018,8,True
Germany,Neural Networks,2017,214,True
Germany,Neural Networks,2019,689,True
Netherlands,Neural Networks,2021,34,True
Lithuania,Neural Networks,2019,3,True
Bulgaria,Neural Networks,2020,0,True
Hungary,Neural Networks,2016,0,True
Peru,Ontology Engineering,2018,0,True
Hungary,Ontology Engineering,2019,0,True
Chile,Ontology Engineering,2024,0,False
Australia,Ontology Engineering,2017,9,True
New Zealand,Ontology Engineering,2019,0,True
South Africa,Ontology Engineering,2017,0,True
Japan,Ontology Engineering,2023,24,False
Norway,Ontology Engineering,2023,0,False
Belgium,Ontology Engineering,2017,0,True
Luxembourg,Ontology Engineering,2018,0,True
Luxembourg,Ontology Engineering,2021,1,True
Taiwan,Ontology Engineering,2023,18,False
Germany,Ontology Engineering,2021,20,True
Denmark,Other and Unspecified,2017,22,True
Germany,Other and Unspecified,2021,335,True
United Kingdom,Other and Unspecified,2018,180,True
Belgium,Other and Unspecified,2023,3,False
Luxembourg,Other and Unspecified,2024,42,False
Hungary,Other and Unspecified,2021,4,True
Turkey,Other and Unspecified,2018,6,True
San Marino,Personal Devices and Computing,2017,1,True
Switzerland,Personal Devices and Computing,2018,3,True
United States,Personal Devices and Computing,2018,9552,True
Canada,Personal Devices and Computing,2022,245,False
Chile,Personal Devices and Computing,2022,1,False
Denmark,Personal Devices and Computing,2019,22,True
Malaysia,Personal Devices and Computing,2017,16,True
Cuba,Personal Devices and Computing,2020,0,True
Greece,Personal Devices and Computing,2018,6,True
Netherlands,Personal Devices and Computing,2023,10,False
Costa Rica,Personal Devices and Computing,2025,0,False
Colombia,Personal Devices and Computing,2017,0,True
Austria,Physical Sciences and Engineering,2017,13,True
Austria,Physical Sciences and Engineering,2018,12,True
Iran,Physical Sciences and Engineering,2018,1,True
Ukraine,Physical Sciences and Engineering,2023,0,False
France,Physical Sciences and Engineering,2020,298,True
Morocco,Physical Sciences and Engineering,2016,3,True
Hungary,Physical Sciences and Engineering,2019,11,True
Taiwan,Physical Sciences and Engineering,2021,684,True
Italy,Physical Sciences and Engineering,2021,106,True
United Kingdom,Planning and Scheduling,2021,31,True
Greece,Planning and Scheduling,2024,3,False
Croatia,Planning and Scheduling,2023,3,False
Switzerland,Planning and Scheduling,2023,4,False
Japan,Planning and Scheduling,2021,299,True
Ireland,Planning and Scheduling,2016,0,True
Norway,Planning and Scheduling,2016,0,True
Norway,Planning and Scheduling,2019,2,True
Austria,Planning and Scheduling,2021,1,True
Panama,Planning and Scheduling,2016,0,True
Taiwan,Planning and Scheduling,2024,49,False
Netherlands,Planning and Scheduling,2024,4,False
China,Planning and Scheduling,2018,2763,True
Slovakia,Planning and Scheduling,2025,0,False
Slovenia,Robotics,2016,0,True
Bulgaria,Robotics,2024,1,False
China,Robotics,2026,62,False
India,Robotics,2020,0,True
San Marino,Robotics,2017,0,True
Lithuania,Robotics,2020,0,True
Taiwan,Robotics,2020,19,True
Spain,Robotics,2023,2,False
United States,Robotics,2022,445,False
Kenya,Robotics,2016,0,True
Finland,Robotics,2019,1,True
Peru,Robotics,2022,0,False
Austria,Robotics,2016,0,True
Italy,Robotics,2017,0,True
China,Search Methods,2021,701,True
Belgium,Search Methods,2020,2,True
Belgium,Search Methods,2023,0,False
South Africa,Search Methods,2025,0,False
Greece,Search Methods,2022,1,False
Panama,Search Methods,2016,0,True
India,Search Methods,2018,20,True
Sweden,Search Methods,2025,0,False
South Korea,Security,2016,70,True
Taiwan,Security,2025,5,False
Chile,Security,2023,0,False
France,Security,2017,7,True
Greece,Security,2022,1,False
Poland,Security,2024,0,False
Netherlands,Security,2022,2,False
Lithuania,Security,2016,1,True
Lithuania,Security,2018,0,True
United States,Security,2021,1435,True
Bulgaria,Security,2018,0,True
Australia,Security,2017,30,True
Spain,Security,2016,2,True
Germany,Security,2025,22,False
Norway,Security,2023,0,False
Colombia,Security,2023,0,False
China,Spatial and Physical Reasoning,2023,69816,False
Denmark,Spatial and Physical Reasoning,2018,14,True
Tunisia,Spatial and Physical Reasoning,2023,0,False
Spain,Spatial and Physical Reasoning,2022,34,False
Mexico,Spatial and Physical Reasoning,2019,40,True
Colombia,Spatial and Physical Reasoning,2017,0,True
Finland,Spatial and Physical Reasoning,2019,10,True
France,Spatial and Physical Reasoning,2020,90,True
Croatia,Spatial and Physical Reasoning,2018,1,True
Czechia,Speech Processing,2017,0,True
Tunisia,Speech Processing,2020,0,True
Tunisia,Speech Processing,2022,0,False
France,Speech Processing,2023,14,False
New Zealand,Speech Processing,2023,0,False
Ukraine,Speech Processing,2022,0,False
Kenya,Speech Processing,2016,0,True
Singapore,Speech Processing,2019,7,True
Finland,Speech Processing,2021,1,True
Romania,Speech Processing,2016,0,True
Argentina,Telecommunications,2016,0,True
Israel,Telecommunications,2019,8,True
United States,Telecommunications,2021,4035,True
Ireland,Telecommunications,2021,0,True
Ireland,Telecommunications,2022,0,False
Hungary,Telecommunications,2021,2,True
United Kingdom,Telecommunications,2019,93,True
Turkey,Telecommunications,2018,4,True
Denmark,Transportation,2020,3,True
Kenya,Transportation,2016,1,True
Morocco,Transportation,2018,0,True
Serbia,Transportation,2021,0,True
Canada,Transportation,2022,33,False
Israel,Transportation,2018,1,True
Germany,Agriculture,2016,1,True
Denmark,Agriculture,2021,1,True
Moldova,Agriculture,2021,0,True
Sweden,Agriculture,2020,4,True
South Korea,Agriculture,2026,0,False
Brazil,Agriculture,2019,27,True
Australia,Agriculture,2020,58,True
Turkey,Agriculture,2020,1,True
Netherlands,Agriculture,2018,0,True
Luxembourg,Agriculture,2018,0,True
Luxembourg,Agriculture,2024,5,False
Portugal,Agriculture,2018,1,True
Portugal,Agriculture,2023,0,False
Italy,Agriculture,2023,3,False
Saudi Arabia,Agriculture,2021,0,True
Belgium,Agriculture,2020,0,True
Spain,Agriculture,2019,10,True
Turkey,All,2025,3,False
Colombia,All,2021,3,True
Brazil,All,2021,116,True
Philippines,All,2017,1,True
United Kingdom,All,2018,428,True
Slovakia,All,2020,4,True
Belgium,All,2025,8,False
Russia,Analytics and Algorithms,2021,0,True
Hungary,Analytics and Algorithms,2021,1,True
Norway,Analytics and Algorithms,2021,2,True
Slovenia,Analytics and Algorithms,2018,3,True
Colombia,Analytics and Algorithms,2022,1,False
Philippines,Analytics and Algorithms,2020,3,True
Bulgaria,Analytics and Algorithms,2025,0,False
China,Analytics and Algorithms,2021,8157,True
New Zealand,Analytics and Algorithms,2019,2,True
Argentina,Analytics and Algorithms,2020,2,True
Morocco,Analytics and Algorithms,2024,0,False
United Kingdom,Analytics and Algorithms,2022,76,False
Turkey,Banking and Finance,2022,8,False
Morocco,Banking and Finance,2024,0,False
Spain,Banking and Finance,2020,5,True
Germany,Banking and Finance,2024,45,False
Canada,Banking and Finance,2016,20,True
Argentina,Banking and Finance,2018,0,True
Luxembourg,Banking and Finance,2018,0,True
Turkey,Bio-Inspired Computing,2017,0,True
Germany,Bio-Inspired Computing,2017,20,True
Serbia,Bio-Inspired Computing,2016,0,True
Serbia,Bio-Inspired Computing,2025,0,False
Hungary,Bio-Inspired Computing,2017,0,True
Czechia,Bio-Inspired Computing,2021,0,True
United States,Bio-Inspired Computing,2022,412,False
China,Bio-Inspired Computing,2023,7165,False
Mexico,Bio-Inspired Computing,2016,1,True
Israel,Business,2016,0,True
Israel,Business,2017,3,True
Ireland,Business,2016,0,True
Turkey,Business,2016,1,True
Denmark,Business,2019,2,True
Philippines,Business,2016,0,True
Portugal,Business,2018,1,True
South Africa,Business,2017,2,True
Sweden,Business,2018,2,True
Poland,Computer Vision,2016,4,True
Denmark,Computer Vision,2018,13,True
Indonesia,Computer Vision,2016,0,True
Czechia,Computer Vision,2025,0,False
Slovenia,Computing in Government,2022,0,False
Israel,Computing in Government,2022,0,False
Germany,Computing in Government,2022,2,False
Slovakia,Computing in Government,2023,0,False
Taiwan,Computing in Government,2024,4,False
Malaysia,Computing in Government,2017,0,True
South Africa,Computing in Government,2024,0,False
Ukraine,Computing in Government,2021,0,True
Slovenia,Control Methods,2022,0,False
Singapore,Control Methods,2020,3,True
United Kingdom,Control Methods,2023,46,False
South Africa,Control Methods,2020,0,True
Mexico,Control Methods,2024,1,False
Serbia,Control Methods,2020,1,True
Romania,Control Methods,2023,2,False
Costa Rica,Control Methods,2020,0,True
Tunisia,Control Methods,2021,1,True
Greece,Distributed AI,2023,0,False
Belgium,Distributed AI,2024,0,False
Turkey,Distributed AI,2023,1,False
South Africa,Distributed AI,2019,0,True
Japan,Distributed AI,2022,71,False
Sweden,Education,2025,0,False
Ireland,Education,2016,0,True
China,Education,2020,1005,True
Israel,Education,2018,1,True
Taiwan,Education,2023,7,False
Australia,Education,2018,11,True
Serbia,Education,2019,1,True
South Korea,Energy Management,2018,246,True
Croatia,Energy Management,2019,1,True
Turkey,Energy Management,2023,6,False
Uruguay,Energy Management,2020,0,True
United Kingdom,Energy Management,2019,20,True
Portugal,Energy Management,2024,0,False
Belgium,Energy Management,2019,0,True
Austria,Energy Management,2016,3,True
Slovakia,Energy Management,2025,0,False
Costa Rica,Fuzzy Logic,2023,0,False
Slovakia,Fuzzy Logic,2025,0,False
Peru,Fuzzy Logic,2018,0,True
Australia,Fuzzy Logic,2021,57,True
Austria,Fuzzy Logic,2016,1,True
Tunisia,Fuzzy Logic,2021,0,True
Norway,Fuzzy Logic,2025,0,False
Portugal,Fuzzy Logic,2021,0,True
Netherlands,Fuzzy Logic,2019,0,True
Netherlands,Fuzzy Logic,2020,0,True
Chile,Fuzzy Logic,2023,0,False
Poland,Fuzzy Logic,2017,1,True
China,Fuzzy Logic,2021,1279,True
Ukraine,Fuzzy Logic,2022,2,False
Ukraine,Fuzzy Logic,2025,2,False
Colombia,Fuzzy Logic,2019,0,True
Japan,Fuzzy Logic,2019,22,True
Uruguay,Fuzzy Logic,2020,0,True
Lithuania,Industry and Manufacturing,2018,0,True
Austria,Industry and Manufacturing,2022,2,False
Austria,Industry and Manufacturing,2024,0,False
San Marino,Industry and Manufacturing,2018,0,True
Norway,Industry and Manufacturing,2019,3,True
New Zealand,Industry and Manufacturing,2022,0,False
United Kingdom,Industry and Manufacturing,2022,30,False
India,Industry and Manufacturing,2019,0,True
Israel,Industry and Manufacturing,2017,3,True
Germany,Industry and Manufacturing,2023,141,False
Luxembourg,Knowledge Representation,2023,0,False
Serbia,Knowledge Representation,2017,0,True
Moldova,Knowledge Representation,2021,0,True
Peru,Knowledge Representation,2016,0,True
Peru,Knowledge Representation,2018,0,True
Taiwan,Knowledge Representation,2019,7,True
Philippines,Knowledge Representation,2023,0,False
Morocco,Knowledge Representation,2018,0,True
Italy,Knowledge Representation,2016,0,True
Lithuania,Knowledge Representation,2019,0,True
Russia,Knowledge Representation,2017,8,True
Denmark,Natural Language Processing,2018,1,True
Chile,Natural Language Processing,2024,0,False
Luxembourg,Natural Language Processing,2019,1,True
Peru,Natural Language Processing,2017,0,True
Switzerland,Natural Language Processing,2024,1,False
Portugal,Natural Language Processing,2018,0,True
Belgium,Natural Language Processing,2023,0,False
Costa Rica,Natural Language Processing,2020,0,True
United States,Natural Language Processing,2022,1069,False
Poland,Life Sciences,2020,9,True
Netherlands,Life Sciences,2017,3,True
New Zealand,Life Sciences,2019,8,True
Italy,Life Sciences,2020,19,True
Japan,Life Sciences,2025,2,False
Tunisia,Life Sciences,2021,1,True
Czechia,Life Sciences,2021,1,True
Czechia,Life Sciences,2024,2,False
Portugal,Life Sciences,2024,1,False
Canada,Life Sciences,2021,351,True
Serbia,Logic-Based Knowledge Systems,2022,0,False
Spain,Logic-Based Knowledge Systems,2020,9,True
India,Logic-Based Knowledge Systems,2022,0,False
Finland,Logic-Based Knowledge Systems,2024,1,False
Philippines,Logic-Based Knowledge Systems,2023,0,False
Slovakia,Logic-Based Knowledge Systems,2020,0,True
Mexico,Logic-Based Knowledge Systems,2020,9,True
Morocco,Logic-Based Knowledge Systems,2018,0,True
Turkey,Logic-Based Knowledge Systems,2019,4,True
Austria,Logic-Based Knowledge Systems,2017,1,True
Austria,Logic-Based Knowledge Systems,2022,0,False
New Zealand,Logic-Based Knowledge Systems,2019,0,True
New Zealand,Logic-Based Knowledge Systems,2020,0,True
Taiwan,Logic-Based Knowledge Systems,2020,25,True
Australia,Logic-Based Knowledge Systems,2019,78,True
Sweden,Markov and Bayesian Models,2016,2,True
Philippines,Markov and Bayesian Models,2019,2,True
United States,Markov and Bayesian Models,2022,969,False
Norway,Markov and Bayesian Models,2020,1,True
India,Markov and Bayesian Models,2019,4,True
Hungary,Markov and Bayesian Models,2020,0,True
Colombia,Markov and Bayesian Models,2021,1,True
South Korea,Markov and Bayesian Models,2022,360,False
Luxembourg,Markov and Bayesian Models,2019,1,True
Greece,Markov and Bayesian Models,2021,0,True
Peru,Markov and Bayesian Models,2018,0,True
Belgium,Measuring and Testing,2023,1,False
Thailand,Measuring and Testing,2017,0,True
Canada,Measuring and Testing,2022,153,False
Luxembourg,Measuring and Testing,2023,20,False
South Africa,Measuring and Testing,2017,0,True
South Africa,Measuring and Testing,2025,0,False
Peru,Measuring and Testing,2018,2,True
Netherlands,Measuring and Testing,2024,18,False
Argentina,Measuring and Testing,2017,1,True
India,Measuring and Testing,2022,0,False
Germany,Measuring and Testing,2022,343,False
Norway,Measuring and Testing,2016,2,True
South Korea,Measuring and Testing,2024,864,False
South Korea,Neural Networks,2023,7808,False
Russia,Neural Networks,2021,41,True
Slovenia,Neural Networks,2022,0,False
Philippines,Neural Networks,2016,3,True
Poland,Neural Networks,2024,1,False
Belgium,Neural Networks,2023,4,False
Germany,Neural Networks,2022,935,False
Bulgaria,Neural Networks,2017,0,True
Mexico,Ontology Engineering,2020,2,True
Sweden,Ontology Engineering,2018,0,True
Poland,Ontology Engineering,2016,0,True
South Africa,Ontology Engineering,2022,1,False
Austria,Ontology Engineering,2017,0,True
Japan,Ontology Engineering,2017,31,True
Norway,Ontology Engineering,2016,1,True
Luxembourg,Ontology Engineering,2016,1,True
China,Ontology Engineering,2016,263,True
China,Ontology Engineering,2017,622,True
China,Ontology Engineering,2025,19479,False
United States,Ontology Engineering,2017,365,True
India,Ontology Engineering,2017,20,True
India,Ontology Engineering,2019,2,True
Iran,Ontology Engineering,2018,0,True
Germany,Ontology Engineering,2020,22,True
Romania,Ontology Engineering,2021,1,True
Denmark,Other and Unspecified,2021,6,True
Denmark,Other and Unspecified,2023,4,False
United Kingdom,Other and Unspecified,2024,255,False
Australia,Other and Unspecified,2024,23,False
South Korea,Other and Unspecified,2016,535,True
Argentina,Other and Unspecified,2023,4,False
United States,Other and Unspecified,2021,4962,True
Italy,Other and Unspecified,2024,17,False
Hungary,Other and Unspecified,2017,3,True
Morocco,Personal Devices and Computing,2023,0,False
Brazil,Personal Devices and Computing,2020,69,True
Mexico,Personal Devices and Computing,2016,22,True
Mexico,Personal Devices and Computing,2017,36,True
Russia,Personal Devices and Computing,2021,15,True
Poland,Personal Devices and Computing,2024,0,False
Luxembourg,Personal Devices and Computing,2025,85,False
Italy,Personal Devices and Computing,2019,20,True
Greece,Personal Devices and Computing,2020,3,True
Azerbaijan,Personal Devices and Computing,2018,1,True
New Zealand,Personal Devices and Computing,2023,1,False
Austria,Personal Devices and Computing,2022,3,False
Austria,Personal Devices and Computing,2024,5,False
Spain,Personal Devices and Computing,2016,43,True
Japan,Physical Sciences and Engineering,2016,1530,True
United States,Physical Sciences and Engineering,2021,15629,True
Spain,Physical Sciences and Engineering,2024,26,False
Sweden,Physical Sciences and Engineering,2022,36,False
Serbia,Physical Sciences and Engineering,2018,6,True
Croatia,Physical Sciences and Engineering,2018,3,True
Croatia,Physical Sciences and Engineering,2019,2,True
Costa Rica,Physical Sciences and Engineering,2025,1,False
South Korea,Physical Sciences and Engineering,2016,1293,True
South Korea,Physical Sciences and Engineering,2025,458,False
Turkey,Physical Sciences and Engineering,2023,112,False
Finland,Planning and Scheduling,2016,1,True
Tunisia,Planning and Scheduling,2021,0,True
Peru,Planning and Scheduling,2016,0,True
Israel,Planning and Scheduling,2020,2,True
Czechia,Planning and Scheduling,2017,0,True
Norway,Planning and Scheduling,2020,0,True
Austria,Planning and Scheduling,2016,0,True
Austria,Planning and Scheduling,2023,2,False
India,Planning and Scheduling,2018,38,True
Australia,Planning and Scheduling,2016,55,True
Colombia,Robotics,2024,0,False
Hungary,Robotics,2021,0,True
China,Robotics,2019,1584,True
India,Robotics,2022,0,False
Luxembourg,Robotics,2018,0,True
Lithuania,Robotics,2022,0,False
Peru,Robotics,2017,0,True
Netherlands,Robotics,2023,2,False
Taiwan,Search Methods,2019,5,True
Taiwan,Search Methods,2023,8,False
Italy,Search Methods,2020,1,True
Morocco,Search Methods,2016,0,True
Morocco,Search Methods,2018,0,True
Mexico,Search Methods,2016,0,True
Lithuania,Search Methods,2017,0,True
Canada,Search Methods,2017,28,True
Switzerland,Search Methods,2024,0,False
Portugal,Search Methods,2024,0,False
Sweden,Search Methods,2017,0,True
United Kingdom,Search Methods,2021,17,True
Austria,Security,2020,1,True
China,Security,2022,5441,False
Croatia,Security,2025,0,False
Greece,Security,2018,0,True
Portugal,Security,2020,1,True
Finland,Security,2017,1,True
Bulgaria,Security,2024,0,False
Peru,Security,2020,2,True
Italy,Security,2017,1,True
Argentina,Spatial and Physical Reasoning,2023,5,False
Denmark,Spatial and Physical Reasoning,2021,3,True
Hungary,Spatial and Physical Reasoning,2020,1,True
Mexico,Spatial and Physical Reasoning,2024,1,False
Chile,Spatial and Physical Reasoning,2023,0,False
Greece,Spatial and Physical Reasoning,2020,3,True
Jordan,Spatial and Physical Reasoning,2017,0,True
Netherlands,Spatial and Physical Reasoning,2017,1,True
India,Spatial and Physical Reasoning,2017,70,True
Portugal,Speech Processing,2024,0,False
France,Speech Processing,2024,21,False
Italy,Speech Processing,2017,2,True
Poland,Speech Processing,2019,1,True
Poland,Speech Processing,2022,1,False
Switzerland,Speech Processing,2021,0,True
Jordan,Speech Processing,2021,0,True
Netherlands,Speech Processing,2023,1,False
Netherlands,Speech Processing,2024,0,False
Romania,Speech Processing,2021,0,True
Portugal,Telecommunications,2020,2,True
Argentina,Telecommunications,2017,0,True
Spain,Telecommunications,2020,24,True
Israel,Telecommunications,2021,11,True
Peru,Telecommunications,2023,0,False
Mexico,Telecommunications,2017,13,True
Ukraine,Telecommunications,2017,0,True
Greece,Telecommunications,2017,1,True
Czechia,Telecommunications,2021,0,True
Sweden,Telecommunications,2017,6,True
Colombia,Telecommunications,2017,1,True
Hungary,Telecommunications,2017,5,True
Hungary,Telecommunications,2023,0,False
United Kingdom,Telecommunications,2022,125,False
India,Transportation,2022,2,False
South Korea,Transportation,2020,779,True
Spain,Transportation,2016,9,True
Ukraine,Transportation,2024,0,False
Australia,Transportation,2021,78,True
Greece,Transportation,2025,0,False
Chile,Agriculture,2021,0,True
Poland,Agriculture,2023,2,False
Taiwan,Agriculture,2022,8,False
Greece,Agriculture,2021,1,True
Turkey,Agriculture,2021,5,True
Lithuania,Agriculture,2016,0,True
Portugal,Agriculture,2016,1,True
United States,Agriculture,2017,137,True
United States,Agriculture,2021,157,True
United States,Agriculture,2023,77,False
Morocco,Agriculture,2018,1,True
Kenya,Agriculture,2016,0,True
Serbia,All,2019,6,True
Philippines,All,2016,4,True
Luxembourg,All,2019,10,True
Luxembourg,All,2022,77,False
Malaysia,All,2016,14,True
Russia,All,2017,192,True
Spain,All,2019,154,True
Japan,Analytics and Algorithms,2025,1,False
Sweden,Analytics and Algorithms,2021,2,True
Canada,Analytics and Algorithms,2018,85,True
Slovenia,Analytics and Algorithms,2016,1,True
Italy,Analytics and Algorithms,2019,10,True
Bulgaria,Analytics and Algorithms,2020,0,True
Germany,Analytics and Algorithms,2019,113,True
France,Analytics and Algorithms,2016,10,True
Serbia,Analytics and Algorithms,2021,0,True
Serbia,Analytics and Algorithms,2024,0,False
United Kingdom,Analytics and Algorithms,2020,46,True
United Kingdom,Analytics and Algorithms,2024,106,False
Finland,Banking and Finance,2019,0,True
Netherlands,Banking and Finance,2019,0,True
Tunisia,Banking and Finance,2023,0,False
Italy,Banking and Finance,2019,3,True
Singapore,Banking and Finance,2020,8,True
Philippines,Banking and Finance,2022,0,False
Czechia,Banking and Finance,2018,0,True
Czechia,Banking and Finance,2020,0,True
Sweden,Bio-Inspired Computing,2019,2,True
Germany,Bio-Inspired Computing,2022,62,False
New Zealand,Bio-Inspired Computing,2022,0,False
Azerbaijan,Bio-Inspired Computing,2018,0,True
United Kingdom,Bio-Inspired Computing,2020,18,True
United Kingdom,Bio-Inspired Computing,2023,16,False
France,Bio-Inspired Computing,2020,11,True
Spain,Bio-Inspired Computing,2023,4,False
Austria,Bio-Inspired Computing,2016,0,True
Mexico,Business,2019,23,True
Poland,Business,2022,3,False
United States,Business,2024,568,False
Bulgaria,Business,2021,0,True
Serbia,Business,2025,0,False
Netherlands,Business,2017,0,True
South Korea,Business,2021,2056,True
South Korea,Business,2022,2797,False
Argentina,Business,2018,3,True
Lithuania,Business,2019,0,True
Malaysia,Business,2020,7,True
Finland,Business,2018,5,True
France,Business,2023,38,False
New Zealand,Business,2017,4,True
Brazil,Business,2016,11,True
Bulgaria,Computer Vision,2023,1,False
United Kingdom,Computer Vision,2023,183,False
Denmark,Computer Vision,2016,5,True
Mexico,Computer Vision,2023,4,False
Portugal,Computer Vision,2021,2,True
Turkey,Computer Vision,2022,19,False
Taiwan,Computer Vision,2023,193,False
San Marino,Computing in Government,2018,0,True
Belgium,Computing in Government,2017,0,True
Russia,Computing in Government,2018,0,True
South Korea,Computing in Government,2020,173,True
Hungary,Computing in Government,2023,0,False
Mexico,Computing in Government,2018,1,True
Philippines,Computing in Government,2017,0,True
Lithuania,Computing in Government,2016,0,True
Turkey,Computing in Government,2016,0,True
United States,Control Methods,2019,2441,True
Slovakia,Control Methods,2025,0,False
Portugal,Control Methods,2020,0,True
Serbia,Control Methods,2016,0,True
Chile,Control Methods,2018,1,True
Chile,Control Methods,2019,1,True
Australia,Control Methods,2023,48,False
Lithuania,Control Methods,2016,0,True
Croatia,Control Methods,2022,0,False
Poland,Control Methods,2021,4,True
Germany,Control Methods,2024,221,False
Norway,Control Methods,2022,5,False
Germany,Distributed AI,2016,4,True
Philippines,Distributed AI,2016,0,True
Canada,Distributed AI,2017,8,True
Belgium,Distributed AI,2018,0,True
Denmark,Distributed AI,2018,1,True
France,Distributed AI,2023,3,False
Brazil,Distributed AI,2019,6,True
China,Distributed AI,2023,1387,False
Netherlands,Distributed AI,2024,1,False
Luxembourg,Education,2017,0,True
Saudi Arabia,Education,2018,0,True
China,Education,2023,1066,False
Philippines,Education,2022,1,False
Norway,Education,2021,0,True
Argentina,Education,2019,0,True
Russia,Education,2016,2,True
Germany,Education,2023,5,False
South Korea,Energy Management,2016,87,True
Romania,Energy Management,2016,0,True
Turkey,Energy Management,2025,1,False
Latvia,Energy Management,2017,0,True
Sweden,Energy Management,2020,4,True
Sweden,Energy Management,2023,4,False
Serbia,Energy Management,2020,1,True
Costa Rica,Fuzzy Logic,2021,0,True
Taiwan,Fuzzy Logic,2021,7,True
Australia,Fuzzy Logic,2022,3,False
Austria,Fuzzy Logic,2022,0,False
Brazil,Fuzzy Logic,2018,2,True
Turkey,Fuzzy Logic,2023,2,False
Sweden,Fuzzy Logic,2017,0,True
Greece,Fuzzy Logic,2016,0,True
Czechia,Fuzzy Logic,2021,0,True
Sweden,Industry and Manufacturing,2017,2,True
South Korea,Industry and Manufacturing,2019,717,True
Austria,Industry and Manufacturing,2019,0,True
China,Industry and Manufacturing,2026,138,False
Philippines,Industry and Manufacturing,2021,1,True
Ireland,Industry and Manufacturing,2021,0,True
Japan,Industry and Manufacturing,2020,497,True
Romania,Industry and Manufacturing,2019,0,True
Germany,Industry and Manufacturing,2022,131,False
Japan,Knowledge Representation,2018,149,True
South Africa,Knowledge Representation,2016,0,True
Taiwan,Knowledge Representation,2025,2,False
Norway,Knowledge Representation,2022,0,False
Netherlands,Knowledge Representation,2019,1,True
Netherlands,Knowledge Representation,2024,0,False
Slovakia,Knowledge Representation,2025,0,False
South Korea,Knowledge Representation,2022,73,False
Czechia,Knowledge Representation,2021,0,True
United Kingdom,Natural Language Processing,2018,23,True
Czechia,Natural Language Processing,2020,0,True
Canada,Natural Language Processing,2020,59,True
Austria,Natural Language Processing,2018,0,True
Indonesia,Natural Language Processing,2016,0,True
Panama,Natural Language Processing,2016,0,True
China,Natural Language Processing,2016,436,True
Slovenia,Natural Language Processing,2023,0,False
Spain,Natural Language Processing,2020,1,True
Mexico,Natural Language Processing,2025,0,False
Mexico,Life Sciences,2019,33,True
Jordan,Life Sciences,2023,1,False
Israel,Life Sciences,2017,2,True
Ireland,Life Sciences,2022,0,False
India,Life Sciences,2021,0,True
Serbia,Logic-Based Knowledge Systems,2021,0,True
Bulgaria,Logic-Based Knowledge Systems,2020,0,True
Croatia,Logic-Based Knowledge Systems,2018,0,True
Romania,Logic-Based Knowledge Systems,2022,0,False
Denmark,Logic-Based Knowledge Systems,2020,2,True
Russia,Logic-Based Knowledge Systems,2016,27,True
Russia,Logic-Based Knowledge Systems,2018,31,True
Israel,Logic-Based Knowledge Systems,2020,2,True
Morocco,Logic-Based Knowledge Systems,2016,0,True
Morocco,Logic-Based Knowledge Systems,2017,0,True
Oman,Logic-Based Knowledge Systems,2016,0,True
Greece,Logic-Based Knowledge Systems,2017,0,True
France,Logic-Based Knowledge Systems,2017,13,True
France,Logic-Based Knowledge Systems,2023,13,False
Chile,Logic-Based Knowledge Systems,2019,0,True
Portugal,Logic-Based Knowledge Systems,2019,1,True
Poland,Logic-Based Knowledge Systems,2022,2,False
Luxembourg,Logic-Based Knowledge Systems,2020,2,True
Serbia,Markov and Bayesian Models,2019,0,True
United Kingdom,Markov and Bayesian Models,2023,38,False
Malaysia,Markov and Bayesian Models,2020,0,True
Taiwan,Markov and Bayesian Models,2020,31,True
Mexico,Markov and Bayesian Models,2019,11,True
Brazil,Markov and Bayesian Models,2022,0,False
Ireland,Markov and Bayesian Models,2016,0,True
France,Markov and Bayesian Models,2017,11,True
Peru,Markov and Bayesian Models,2019,0,True
Denmark,Markov and Bayesian Models,2018,3,True
South Africa,Markov and Bayesian Models,2024,2,False
Finland,Markov and Bayesian Models,2017,1,True
Belgium,Measuring and Testing,2020,1,True
France,Measuring and Testing,2018,35,True
France,Measuring and Testing,2022,72,False
Lithuania,Measuring and Testing,2017,0,True
Luxembourg,Measuring and Testing,2016,0,True
Poland,Measuring and Testing,2020,10,True
Philippines,Measuring and Testing,2020,6,True
Japan,Measuring and Testing,2022,696,False
China,Measuring and Testing,2025,20003,False
United States,Measuring and Testing,2017,1335,True
United States,Measuring and Testing,2019,1890,True
South Korea,Neural Networks,2024,4397,False
Italy,Neural Networks,2016,9,True
Chile,Neural Networks,2017,1,True
Slovakia,Neural Networks,2023,4,False
Canada,Neural Networks,2018,375,True
Colombia,Neural Networks,2022,5,False
United Kingdom,Neural Networks,2018,208,True
Switzerland,Neural Networks,2022,5,False
Slovenia,Ontology Engineering,2019,0,True
Bulgaria,Ontology Engineering,2019,0,True
New Zealand,Ontology Engineering,2022,0,False
South Africa,Ontology Engineering,2025,4,False
Italy,Ontology Engineering,2021,0,True
Belgium,Ontology Engineering,2018,0,True
Taiwan,Other and Unspecified,2017,76,True
Taiwan,Other and Unspecified,2024,288,False
Spain,Other and Unspecified,2022,30,False
United Kingdom,Other and Unspecified,2017,126,True
United Kingdom,Other and Unspecified,2023,251,False
Latvia,Other and Unspecified,2020,0,True
Ukraine,Other and Unspecified,2022,0,False
South Korea,Other and Unspecified,2017,985,True
Jordan,Other and Unspecified,2021,2,True
Mexico,Personal Devices and Computing,2024,5,False
Turkey,Personal Devices and Computing,2019,8,True
New Zealand,Personal Devices and Computing,2019,6,True
Czechia,Personal Devices and Computing,2020,1,True
Netherlands,Personal Devices and Computing,2017,2,True
Spain,Physical Sciences and Engineering,2025,10,False
Czechia,Physical Sciences and Engineering,2020,4,True
Denmark,Physical Sciences and Engineering,2017,37,True
Hungary,Physical Sciences and Engineering,2018,7,True
Taiwan,Physical Sciences and Engineering,2018,370,True
Turkey,Physical Sciences and Engineering,2018,18,True
Denmark,Planning and Scheduling,2018,3,True
Philippines,Planning and Scheduling,2017,1,True
Italy,Planning and Scheduling,2016,0,True
Italy,Planning and Scheduling,2017,4,True
Romania,Planning and Scheduling,2022,2,False
Malaysia,Planning and Scheduling,2017,8,True
Poland,Planning and Scheduling,2017,2,True
Luxembourg,Planning and Scheduling,2019,2,True
Bulgaria,Planning and Scheduling,2020,0,True
Jordan,Planning and Scheduling,2017,0,True
Canada,Robotics,2024,1,False
Panama,Robotics,2016,0,True
Australia,Robotics,2018,33,True
Jordan,Robotics,2017,0,True
Denmark,Robotics,2020,0,True
Spain,Robotics,2017,12,True
Slovakia,Robotics,2021,1,True
Germany,Robotics,2022,79,False
Switzerland,Robotics,2017,0,True
Switzerland,Robotics,2021,0,True
Israel,Robotics,2019,1,True
Austria,Robotics,2021,0,True
New Zealand,Search Methods,2017,2,True
Belgium,Search Methods,2024,0,False
Lithuania,Search Methods,2016,0,True
South Korea,Search Methods,2022,60,False
Singapore,Search Methods,2016,2,True
Russia,Search Methods,2016,1,True
Sweden,Search Methods,2024,0,False
Hungary,Search Methods,2016,0,True
United Kingdom,Search Methods,2022,16,False
Germany,Search Methods,2019,28,True
United Kingdom,Security,2024,31,False
Slovenia,Security,2016,0,True
United States,Security,2022,1146,False
India,Security,2019,2,True
Romania,Security,2016,0,True
Australia,Security,2021,155,True
Argentina,Spatial and Physical Reasoning,2022,5,False
United States,Spatial and Physical Reasoning,2016,1914,True
Romania,Spatial and Physical Reasoning,2017,0,True
Poland,Spatial and Physical Reasoning,2017,11,True
Poland,Spatial and Physical Reasoning,2022,7,False
Malaysia,Spatial and Physical Reasoning,2021,2,True
Spain,Spatial and Physical Reasoning,2019,42,True
Spain,Spatial and Physical Reasoning,2024,4,False
Chile,Spatial and Physical Reasoning,2017,0,True
Chile,Spatial and Physical Reasoning,2019,0,True
Netherlands,Spatial and Physical Reasoning,2016,2,True
United States,Speech Processing,2017,984,True
New Zealand,Speech Processing,2017,0,True
Germany,Speech Processing,2025,14,False
South Korea,Speech Processing,2023,757,False
Morocco,Speech Processing,2024,1,False
Bulgaria,Speech Processing,2018,0,True
Norway,Speech Processing,2019,0,True
Luxembourg,Speech Processing,2023,1,False
United Kingdom,Speech Processing,2019,21,True
Malaysia,Telecommunications,2021,1,True
Brazil,Telecommunications,2016,20,True
South Africa,Telecommunications,2020,1,True
United States,Telecommunications,2025,60,False
Germany,Telecommunications,2025,29,False
France,Telecommunications,2024,45,False
Mexico,Transportation,2021,6,True
Japan,Transportation,2018,567,True
China,Transportation,2026,94,False
Australia,Transportation,2016,22,True
Turkey,Transportation,2022,5,False
Luxembourg,Transportation,2025,6,False
Russia,Transportation,2019,18,True
Norway,Transportation,2019,2,True
