country,field,year,num_articles,complete
United Kingdom,AI Safety,2019,248,True
Switzerland,AI Safety,2017,23,True
South Africa,AI Safety,2020,11,True
France,AI Safety,2022,206,True
Portugal,AI Safety,2024,56,True
Maldives,AI Safety,2025,2,False
Malaysia,AI Safety,2020,11,True
Papua New Guinea,AI Safety,2024,1,True
Poland,AI Safety,2016,7,True
Democratic Republic of the Congo,AI Safety,2024,3,True
Malta,AI Safety,2024,7,True
Cyprus,AI Safety,2021,8,True
Czechia,All,2016,749,True
Venezuela,All,2020,40,True
Poland,All,2024,2277,True
Madagascar,All,2018,3,True
Uruguay,All,2020,54,True
Europe,All,2023,81487,True
Mauritius,All,2021,33,True
Zambia,All,2025,13,False
China,All,2026,4625,False
Ireland,All,2017,428,True
Yemen,All,2020,86,True
South Korea,All,2019,5171,True
Indonesia,All,2016,1178,True
Nepal,All,2022,130,True
Malawi,All,2017,1,True
EU,All,2017,28000,True
EU,All,2023,55940,True
Cambodia,All,2016,5,True
Asia,All,2026,5312,False
Bulgaria,All,2024,470,True
Italy,All,2017,4044,True
United States,All,2025,32838,False
Democratic Republic of the Congo,All,2023,35,True
India,All,2023,43664,True
Vietnam,All,2026,2,False
South Africa,All,2025,628,False
Hungary,All,2017,297,True
Serbia,All,2016,244,True
Oman,All,2022,252,True
Brunei,All,2021,53,True
Sweden,All,2017,1063,True
Somalia,All,2019,4,True
Luxembourg,All,2016,128,True
Kazakhstan,All,2024,617,True
Chad,All,2017,1,True
Peru,All,2018,158,True
Slovakia,All,2016,276,True
Andorra,All,2023,1,True
Kyrgyzstan,All,2021,25,True
Japan,All,2017,7084,True
Philippines,All,2019,454,True
Philippines,All,2022,741,True
Taiwan,All,2023,4123,True
Tunisia,All,2023,927,True
Austria,Computer Vision,2019,278,True
Egypt,Computer Vision,2021,640,True
Slovakia,Computer Vision,2020,74,True
Guatemala,Computer Vision,2025,1,False
Rwanda,Computer Vision,2024,25,True
South Korea,Computer Vision,2023,3621,True
Afghanistan,Computer Vision,2017,1,True
Sudan,Computer Vision,2019,26,True
Burkina Faso,Computer Vision,2022,3,True
Georgia,Computer Vision,2017,1,True
Singapore,Computer Vision,2026,56,False
EU,Computer Vision,2017,6647,True
Europe,Computer Vision,2019,13418,True
Hungary,Computer Vision,2016,72,True
Ukraine,Computer Vision,2021,268,True
Portugal,Computer Vision,2020,294,True
Uzbekistan,Computer Vision,2024,107,True
Iceland,Computer Vision,2016,42,True
Asia,Computer Vision,2021,58863,True
Bulgaria,Computer Vision,2016,25,True
Montenegro,Computer Vision,2020,7,True
Pakistan,Computer Vision,2022,1076,True
Liberia,Computer Vision,2023,1,True
Laos,Computer Vision,2020,1,True
Laos,Computer Vision,2025,5,False
Jordan,Computer Vision,2019,72,True
United Arab Emirates,Computer Vision,2026,1,False
Malta,Computer Vision,2019,20,True
Norway,Computer Vision,2020,285,True
Ethiopia,Computer Vision,2016,6,True
New Zealand,Computer Vision,2022,204,True
Iraq,Large language models,2021,4,True
Denmark,Large language models,2025,66,False
Qatar,Large language models,2020,9,True
Tunisia,Large language models,2021,10,True
South Korea,Large language models,2022,526,True
Italy,Large language models,2020,84,True
Asia,Large language models,2026,5,False
EU,Large language models,2019,482,True
Nigeria,Large language models,2024,14,True
Germany,Large language models,2025,656,False
Turkey,Large language models,2023,134,True
Swaziland,Large language models,2024,1,True
Mauritius,Large language models,2025,3,False
Singapore,Large language models,2016,12,True
Singapore,Large language models,2025,490,False
Peru,Large language models,2025,3,False
Poland,Large language models,2021,49,True
Uruguay,Natural Language Processing,2016,7,True
United Arab Emirates,Natural Language Processing,2022,132,True
Rwanda,Natural Language Processing,2016,1,True
Rwanda,Natural Language Processing,2022,2,True
Canada,Natural Language Processing,2017,407,True
Moldova,Natural Language Processing,2018,1,True
Lebanon,Natural Language Processing,2016,13,True
Chile,Natural Language Processing,2020,61,True
Russia,Natural Language Processing,2020,467,True
Norway,Natural Language Processing,2020,137,True
Iceland,Natural Language Processing,2016,4,True
Albania,Natural Language Processing,2022,5,True
Albania,Natural Language Processing,2024,8,True
Liechtenstein,Natural Language Processing,2022,1,True
Kosovo,Natural Language Processing,2025,2,False
Brazil,Natural Language Processing,2017,228,True
Egypt,Natural Language Processing,2021,155,True
Indonesia,Natural Language Processing,2019,459,True
Singapore,Natural Language Processing,2026,14,False
Yemen,Natural Language Processing,2019,22,True
Timor-Leste,Natural Language Processing,2022,1,True
Cuba,Natural Language Processing,2024,1,True
Bosnia and Herzegovina,Natural Language Processing,2019,10,True
Jordan,Natural Language Processing,2020,85,True
Sri Lanka,Natural Language Processing,2019,47,True
Angola,Natural Language Processing,2025,1,False
Madagascar,Natural Language Processing,2023,2,True
Eritrea,Robotics,2023,1,True
Ghana,Robotics,2020,3,True
Italy,Robotics,2019,1542,True
Serbia,Robotics,2023,64,True
Paraguay,Robotics,2020,4,True
Bosnia and Herzegovina,Robotics,2023,24,True
Fiji,Robotics,2024,6,True
Algeria,Robotics,2021,92,True
Belarus,Robotics,2025,10,False
Peru,Robotics,2018,38,True
South and Central America,Robotics,2025,512,False
South and Central America,Robotics,2026,7,False
Swaziland,Robotics,2021,1,True
Senegal,Robotics,2021,1,True
Senegal,Robotics,2023,2,True
Grenada,Robotics,2018,3,True
Philippines,Robotics,2019,58,True
Quad,Robotics,2018,10795,True
France,Robotics,2016,1027,True
Luxembourg,Robotics,2018,38,True
Luxembourg,Robotics,2020,36,True
Slovakia,Robotics,2019,99,True
Cyprus,Robotics,2021,50,True
Botswana,Robotics,2016,2,True
China,Robotics,2021,10761,True
Spain,Robotics,2016,599,True
Malaysia,Robotics,2021,364,True
Norway,Robotics,2018,173,True
Pakistan,AI Safety,2020,12,True
South and Central America,AI Safety,2019,44,True
South Africa,AI Safety,2021,12,True
Slovenia,AI Safety,2018,2,True
Asia,AI Safety,2019,912,True
Estonia,AI Safety,2022,5,True
Ukraine,AI Safety,2018,1,True
France,AI Safety,2017,58,True
Argentina,AI Safety,2018,3,True
Malaysia,AI Safety,2026,1,False
Finland,AI Safety,2022,24,True
Austria,AI Safety,2023,94,True
Malta,AI Safety,2021,7,True
Croatia,AI Safety,2022,1,True
Tunisia,AI Safety,2023,9,True
OECD,AI Safety,2017,1163,True
Australia,AI Safety,2016,41,True
Czechia,All,2023,1118,True
Belize,All,2024,2,True
Five Eyes,All,2022,66681,True
Eritrea,All,2024,8,True
Kuwait,All,2023,254,True
Republic of the Congo,All,2017,2,True
Quad,All,2019,64505,True
Europe,All,2026,1302,False
Global Partnership on Artificial Intelligence,All,2017,79165,True
Indonesia,All,2019,3280,True
Indonesia,All,2025,2000,False
Saint Lucia,All,2017,1,True
United Arab Emirates,All,2021,1354,True
Mongolia,All,2023,30,True
EU,All,2021,48049,True
Bulgaria,All,2019,269,True
Netherlands,All,2022,3868,True
OECD,All,2026,3127,False
Switzerland,All,2024,3153,True
North Macedonia,All,2023,116,True
Nicaragua,All,2016,2,True
Cyprus,All,2017,158,True
Chile,All,2020,414,True
Vietnam,All,2022,1736,True
Iceland,All,2022,96,True
Belgium,All,2017,992,True
Liberia,All,2022,11,True
NATO,All,2018,68132,True
Oceania,All,2023,8559,True
Benin,All,2022,30,True
Guatemala,All,2016,2,True
Philippines,All,2016,109,True
Taiwan,All,2021,3701,True
Sierra Leone,All,2020,3,True
Burkina Faso,All,2019,4,True
Austria,Computer Vision,2020,285,True
Mexico,Computer Vision,2022,313,True
Republic of the Congo,Computer Vision,2018,1,True
Argentina,Computer Vision,2017,51,True
Democratic Republic of the Congo,Computer Vision,2025,7,False
Colombia,Computer Vision,2018,154,True
Venezuela,Computer Vision,2021,8,True
Taiwan,Computer Vision,2025,821,False
Iraq,Computer Vision,2016,136,True
Iraq,Computer Vision,2018,236,True
Kosovo,Computer Vision,2023,4,True
Sweden,Computer Vision,2020,314,True
Five Eyes,Computer Vision,2020,15839,True
Five Eyes,Computer Vision,2023,19124,True
Mauritania,Computer Vision,2019,1,True
Burundi,Computer Vision,2018,1,True
Algeria,Computer Vision,2016,191,True
Japan,Computer Vision,2025,1609,False
Switzerland,Computer Vision,2016,417,True
Uruguay,Computer Vision,2018,8,True
Thailand,Computer Vision,2017,241,True
Benin,Computer Vision,2018,4,True
Cambodia,Computer Vision,2018,8,True
Lithuania,Computer Vision,2017,30,True
Azerbaijan,Computer Vision,2023,16,True
Côte d'Ivoire,Computer Vision,2024,9,True
Oman,Computer Vision,2024,120,True
France,Large language models,2019,75,True
Montenegro,Large language models,2023,1,True
Netherlands,Large language models,2019,53,True
Zambia,Large language models,2022,1,True
Bulgaria,Large language models,2018,1,True
Australia,Large language models,2022,416,True
Botswana,Large language models,2023,2,True
Ghana,Large language models,2021,1,True
Israel,Large language models,2018,24,True
Kenya,Large language models,2020,1,True
Kenya,Large language models,2024,12,True
United Kingdom,Large language models,2020,390,True
Brazil,Large language models,2025,98,False
Global Partnership on Artificial Intelligence,Large language models,2020,4197,True
Norway,Large language models,2020,11,True
Greece,Large language models,2023,79,True
Colombia,Large language models,2019,1,True
Nepal,Large language models,2021,3,True
Poland,Large language models,2019,19,True
Lithuania,Large language models,2024,8,True
Canada,Natural Language Processing,2026,12,False
Romania,Natural Language Processing,2022,128,True
North Macedonia,Natural Language Processing,2017,11,True
Colombia,Natural Language Processing,2022,28,True
Portugal,Natural Language Processing,2024,132,True
Malta,Natural Language Processing,2017,16,True
Lebanon,Natural Language Processing,2022,15,True
Iraq,Natural Language Processing,2021,86,True
Iraq,Natural Language Processing,2023,186,True
Ireland,Natural Language Processing,2019,138,True
Tunisia,Natural Language Processing,2018,91,True
Tunisia,Natural Language Processing,2020,51,True
Saudi Arabia,Natural Language Processing,2019,207,True
India,Natural Language Processing,2019,1463,True
Kenya,Natural Language Processing,2018,5,True
Azerbaijan,Natural Language Processing,2022,5,True
Indonesia,Natural Language Processing,2017,210,True
New Zealand,Natural Language Processing,2020,81,True
Five Eyes,Natural Language Processing,2017,4174,True
Denmark,Natural Language Processing,2019,147,True
Poland,Natural Language Processing,2023,273,True
Guinea,Natural Language Processing,2023,1,True
Taiwan,Natural Language Processing,2022,266,True
Serbia,Natural Language Processing,2017,25,True
Spain,Natural Language Processing,2020,534,True
Luxembourg,Natural Language Processing,2016,7,True
Cameroon,Natural Language Processing,2022,4,True
Slovakia,Natural Language Processing,2024,33,True
Africa,Robotics,2021,639,True
Africa,Robotics,2024,677,True
Africa,Robotics,2026,2,False
NATO,Robotics,2019,16057,True
Tunisia,Robotics,2018,77,True
Uzbekistan,Robotics,2019,1,True
Italy,Robotics,2018,1549,True
Nepal,Robotics,2025,9,False
Jamaica,Robotics,2022,1,True
Peru,Robotics,2024,97,True
Iceland,Robotics,2023,6,True
Greece,Robotics,2026,3,False
Dominica,Robotics,2024,1,True
Jordan,Robotics,2017,21,True
Taiwan,Robotics,2025,317,False
Cameroon,Robotics,2024,2,True
Panama,Robotics,2023,8,True
Sudan,Robotics,2022,3,True
EU,Robotics,2018,7819,True
South Africa,Robotics,2019,69,True
Cyprus,Robotics,2022,45,True
Cyprus,Robotics,2025,24,False
Portugal,Robotics,2018,296,True
Europe,Robotics,2023,13840,True
El Salvador,Robotics,2018,3,True
South Korea,Robotics,2025,1016,False
Singapore,Robotics,2021,478,True
Nicaragua,Robotics,2016,2,True
Bulgaria,Robotics,2024,75,True
Quad,AI Safety,2017,731,True
Indonesia,AI Safety,2025,38,False
Iraq,AI Safety,2025,26,False
Sweden,AI Safety,2026,2,False
Slovenia,AI Safety,2019,3,True
Czechia,AI Safety,2018,8,True
Cameroon,AI Safety,2023,3,True
Cameroon,AI Safety,2024,2,True
Latvia,AI Safety,2021,1,True
Namibia,AI Safety,2024,1,True
NATO,AI Safety,2024,4733,True
Poland,AI Safety,2022,17,True
Spain,AI Safety,2017,24,True
Croatia,AI Safety,2019,1,True
Denmark,AI Safety,2020,25,True
Denmark,AI Safety,2021,35,True
Iran,AI Safety,2023,28,True
Cyprus,AI Safety,2022,10,True
Jordan,AI Safety,2025,54,False
Swaziland,AI Safety,2023,1,True
Australia,AI Safety,2022,191,True
Czechia,All,2026,3,False
North Korea,All,2019,7,True
Grenada,All,2021,3,True
Quad,All,2022,87728,True
Togo,All,2024,8,True
Zambia,All,2022,18,True
Bosnia and Herzegovina,All,2019,117,True
Bosnia and Herzegovina,All,2022,117,True
Global Partnership on Artificial Intelligence,All,2026,3242,False
New Zealand,All,2026,20,False
Panama,All,2025,15,False
Malawi,All,2023,29,True
Papua New Guinea,All,2022,13,True
Asia,All,2024,221862,True
Lebanon,All,2018,199,True
Zimbabwe,All,2021,18,True
Dominica,All,2017,1,True
Dominica,All,2019,2,True
Austria,All,2026,19,False
Democratic Republic of the Congo,All,2020,4,True
Malta,All,2018,54,True
Armenia,All,2023,94,True
Bolivia,All,2016,2,True
Bolivia,All,2024,23,True
Dominican Republic,All,2019,5,True
India,All,2017,11381,True
Jamaica,All,2021,4,True
Iceland,All,2017,81,True
Burundi,All,2022,2,True
Mali,All,2016,3,True
Hungary,All,2018,429,True
Trinidad and Tobago,All,2024,33,True
Niger,All,2022,5,True
Sweden,All,2023,2650,True
South and Central America,All,2017,3562,True
Maldives,All,2019,2,True
Mozambique,All,2025,8,False
Oceania,All,2018,4405,True
Belarus,All,2016,76,True
Africa,All,2019,4441,True
Rwanda,All,2021,41,True
Guatemala,All,2023,31,True
Bahamas,All,2025,2,False
North America and the Caribbean,All,2017,27628,True
Algeria,All,2020,698,True
Spain,All,2018,3665,True
Liechtenstein,All,2016,2,True
Colombia,All,2017,492,True
Argentina,All,2025,164,False
France,Computer Vision,2026,22,False
Austria,Computer Vision,2021,342,True
Kuwait,Computer Vision,2016,9,True
Namibia,Computer Vision,2019,1,True
Chad,Computer Vision,2025,3,False
Rwanda,Computer Vision,2023,29,True
Monaco,Computer Vision,2024,1,True
Canada,Computer Vision,2017,1008,True
Kosovo,Computer Vision,2022,4,True
Italy,Computer Vision,2020,1219,True
Trinidad and Tobago,Computer Vision,2018,2,True
Ireland,Computer Vision,2017,67,True
Mongolia,Computer Vision,2019,8,True
Serbia,Computer Vision,2018,60,True
Five Eyes,Computer Vision,2018,11187,True
Sri Lanka,Computer Vision,2021,152,True
Nigeria,Computer Vision,2024,221,True
Iran,Computer Vision,2023,793,True
Mali,Computer Vision,2022,2,True
Panama,Computer Vision,2022,13,True
Timor-Leste,Computer Vision,2021,2,True
India,Computer Vision,2023,16373,True
North Macedonia,Computer Vision,2022,14,True
Syria,Computer Vision,2016,4,True
Syria,Computer Vision,2024,17,True
Spain,Computer Vision,2024,1192,True
Armenia,Computer Vision,2020,9,True
Côte d'Ivoire,Computer Vision,2023,12,True
Bolivia,Computer Vision,2018,1,True
Bolivia,Computer Vision,2025,3,False
Oman,Computer Vision,2018,16,True
Five Eyes,Large language models,2020,2800,True
Five Eyes,Large language models,2022,4500,True
Five Eyes,Large language models,2023,7463,True
Five Eyes,Large language models,2024,7204,True
Africa,Large language models,2017,8,True
Uganda,Large language models,2021,1,True
Spain,Large language models,2016,15,True
Kazakhstan,Large language models,2021,9,True
Canada,Large language models,2017,37,True
Ethiopia,Large language models,2025,9,False
Ireland,Large language models,2021,44,True
Italy,Large language models,2021,130,True
Hungary,Large language models,2024,33,True
Asia,Large language models,2016,229,True
South Africa,Large language models,2025,41,False
Azerbaijan,Large language models,2021,1,True
Rwanda,Large language models,2025,3,False
South and Central America,Large language models,2020,50,True
India,Large language models,2024,1264,True
Senegal,Large language models,2020,1,True
Iran,Large language models,2019,7,True
Syria,Large language models,2022,1,True
Canada,Natural Language Processing,2022,720,True
Lebanon,Natural Language Processing,2018,21,True
Global Partnership on Artificial Intelligence,Natural Language Processing,2022,14357,True
Tunisia,Natural Language Processing,2024,85,True
Brunei,Natural Language Processing,2025,4,False
Lithuania,Natural Language Processing,2019,22,True
Kenya,Natural Language Processing,2022,19,True
United Kingdom,Natural Language Processing,2018,1107,True
Georgia,Natural Language Processing,2020,1,True
Brazil,Natural Language Processing,2019,301,True
Indonesia,Natural Language Processing,2018,352,True
Singapore,Natural Language Processing,2022,321,True
Uganda,Natural Language Processing,2019,1,True
EU,Natural Language Processing,2016,3757,True
New Zealand,Natural Language Processing,2018,52,True
Peru,Natural Language Processing,2022,29,True
Bulgaria,Natural Language Processing,2025,13,False
Malawi,Natural Language Processing,2021,1,True
Philippines,Natural Language Processing,2019,43,True
Poland,Natural Language Processing,2026,1,False
Bosnia and Herzegovina,Natural Language Processing,2016,5,True
Australia,Natural Language Processing,2020,471,True
Libya,Natural Language Processing,2023,13,True
Taiwan,Natural Language Processing,2020,241,True
Botswana,Natural Language Processing,2022,7,True
North America and the Caribbean,Natural Language Processing,2022,5633,True
Oman,Robotics,2022,18,True
Yemen,Robotics,2025,5,False
Slovenia,Robotics,2023,67,True
San Marino,Robotics,2025,1,False
United States,Robotics,2026,161,False
Croatia,Robotics,2026,1,False
Kosovo,Robotics,2023,2,True
Afghanistan,Robotics,2024,2,True
United Arab Emirates,Robotics,2019,100,True
Costa Rica,Robotics,2021,7,True
Costa Rica,Robotics,2024,8,True
Guyana,Robotics,2023,1,True
Germany,Robotics,2018,1954,True
Gabon,Robotics,2023,1,True
Switzerland,Robotics,2018,478,True
Switzerland,Robotics,2021,558,True
Panama,Robotics,2018,8,True
Ethiopia,Robotics,2017,3,True
Asia,Robotics,2020,18410,True
Kuwait,Robotics,2025,21,False
Zimbabwe,Robotics,2020,3,True
Austria,Robotics,2016,208,True
Austria,Robotics,2021,310,True
Ecuador,Robotics,2019,92,True
Portugal,Robotics,2020,294,True
Israel,Robotics,2025,96,False
Bulgaria,Robotics,2021,67,True
Bangladesh,Robotics,2025,47,False
Madagascar,AI Safety,2022,1,True
North America and the Caribbean,AI Safety,2024,2812,True
New Zealand,AI Safety,2016,7,True
Hungary,AI Safety,2020,4,True
Armenia,AI Safety,2025,1,False
Switzerland,AI Safety,2018,41,True
Switzerland,AI Safety,2019,57,True
Switzerland,AI Safety,2024,107,True
EU,AI Safety,2019,725,True
Asia,AI Safety,2016,238,True
China,AI Safety,2021,920,True
Greece,AI Safety,2019,11,True
Estonia,AI Safety,2017,1,True
Estonia,AI Safety,2020,1,True
Turkey,AI Safety,2023,54,True
Ireland,AI Safety,2025,54,False
Canada,AI Safety,2019,156,True
Portugal,AI Safety,2025,40,False
Serbia,AI Safety,2020,3,True
Finland,AI Safety,2018,11,True
Kenya,AI Safety,2021,2,True
Kenya,AI Safety,2025,5,False
Austria,AI Safety,2016,7,True
Japan,AI Safety,2021,161,True
Spain,AI Safety,2020,73,True
Oceania,AI Safety,2016,48,True
Ecuador,AI Safety,2017,1,True
Russia,AI Safety,2018,12,True
Russia,AI Safety,2019,5,True
Malawi,AI Safety,2024,1,True
United States,AI Safety,2021,2031,True
North Korea,All,2022,16,True
Grenada,All,2024,12,True
Poland,All,2023,2558,True
Paraguay,All,2018,22,True
Guyana,All,2017,2,True
New Zealand,All,2022,775,True
Kenya,All,2016,35,True
Ecuador,All,2019,369,True
United Arab Emirates,All,2022,1773,True
Cape Verde,All,2019,1,True
Namibia,All,2017,5,True
Namibia,All,2018,7,True
Brazil,All,2016,1996,True
Brazil,All,2023,3620,True
Asia,All,2019,103215,True
Zimbabwe,All,2020,12,True
Italy,All,2022,7629,True
Netherlands,All,2019,2749,True
Netherlands,All,2024,3795,True
United States,All,2022,43440,True
Tajikistan,All,2024,6,True
Haiti,All,2022,3,True
Haiti,All,2025,2,False
Ukraine,All,2016,420,True
Vietnam,All,2016,559,True
Burundi,All,2024,1,True
Qatar,All,2024,598,True
Estonia,All,2023,296,True
Australia,All,2020,5801,True
Oman,All,2019,96,True
Montenegro,All,2017,10,True
Belgium,All,2026,43,False
Honduras,All,2019,13,True
Bahrain,All,2020,62,True
Croatia,All,2024,429,True
Angola,All,2025,10,False
Japan,All,2023,10956,True
Barbados,All,2023,7,True
Algeria,All,2024,1209,True
France,All,2020,6806,True
Spain,All,2021,5132,True
Germany,All,2022,12257,True
Taiwan,All,2022,3810,True
Senegal,All,2021,39,True
Botswana,Computer Vision,2022,9,True
Libya,Computer Vision,2025,8,False
Madagascar,Computer Vision,2019,3,True
Greece,Computer Vision,2019,255,True
Netherlands,Computer Vision,2026,17,False
Mozambique,Computer Vision,2021,3,True
Saudi Arabia,Computer Vision,2020,666,True
Venezuela,Computer Vision,2025,2,False
Czechia,Computer Vision,2019,229,True
Kazakhstan,Computer Vision,2020,44,True
Afghanistan,Computer Vision,2019,2,True
Afghanistan,Computer Vision,2023,9,True
Sudan,Computer Vision,2021,25,True
Maldives,Computer Vision,2023,2,True
Mongolia,Computer Vision,2023,10,True
Cuba,Computer Vision,2016,25,True
North Korea,Computer Vision,2024,3,True
Singapore,Computer Vision,2017,534,True
EU,Computer Vision,2021,11267,True
Turkey,Computer Vision,2020,764,True
Hungary,Computer Vision,2018,100,True
Hungary,Computer Vision,2023,166,True
Algeria,Computer Vision,2018,257,True
Denmark,Computer Vision,2025,199,False
Iceland,Computer Vision,2022,31,True
Uruguay,Computer Vision,2019,6,True
Thailand,Computer Vision,2020,311,True
Benin,Computer Vision,2021,6,True
Jordan,Computer Vision,2025,165,False
Estonia,Computer Vision,2020,26,True
Dominican Republic,Computer Vision,2018,1,True
Cyprus,Computer Vision,2019,60,True
Ethiopia,Computer Vision,2022,205,True
Armenia,Computer Vision,2021,6,True
Romania,Computer Vision,2020,343,True
Iraq,Large language models,2023,26,True
Europe,Large language models,2019,748,True
Philippines,Large language models,2024,36,True
Canada,Large language models,2020,240,True
Algeria,Large language models,2025,20,False
Kyrgyzstan,Large language models,2022,1,True
Italy,Large language models,2024,463,True
Asia,Large language models,2020,3866,True
Japan,Large language models,2020,355,True
Japan,Large language models,2022,464,True
Finland,Large language models,2018,14,True
Jordan,Large language models,2020,7,True
Ecuador,Large language models,2024,12,True
China,Large language models,2016,119,True
Turkey,Large language models,2017,7,True
Georgia,Large language models,2022,2,True
Côte d'Ivoire,Large language models,2025,1,False
Barbados,Large language models,2018,1,True
Nepal,Large language models,2020,2,True
Argentina,Large language models,2024,18,True
Quad,Large language models,2016,268,True
Quad,Large language models,2018,836,True
Uruguay,Natural Language Processing,2018,6,True
Namibia,Natural Language Processing,2023,1,True
United States,Natural Language Processing,2020,4791,True
Oman,Natural Language Processing,2019,9,True
Belarus,Natural Language Processing,2025,5,False
Vietnam,Natural Language Processing,2018,103,True
Togo,Natural Language Processing,2023,1,True
Indonesia,Natural Language Processing,2020,479,True
Belgium,Natural Language Processing,2020,174,True
Bhutan,Natural Language Processing,2017,1,True
Malaysia,Natural Language Processing,2019,156,True
Uganda,Natural Language Processing,2024,13,True
New Zealand,Natural Language Processing,2022,78,True
Denmark,Natural Language Processing,2017,106,True
Denmark,Natural Language Processing,2026,5,False
Malawi,Natural Language Processing,2024,3,True
Oceania,Natural Language Processing,2016,248,True
Turkey,Natural Language Processing,2024,363,True
Vatican City,Natural Language Processing,2019,1,True
Taiwan,Natural Language Processing,2024,310,True
Israel,Natural Language Processing,2021,218,True
Afghanistan,Natural Language Processing,2020,2,True
Afghanistan,Natural Language Processing,2022,6,True
Serbia,Natural Language Processing,2024,36,True
Uzbekistan,Natural Language Processing,2017,2,True
Africa,Natural Language Processing,2019,520,True
Switzerland,Natural Language Processing,2020,278,True
Czechia,Natural Language Processing,2020,138,True
Trinidad and Tobago,Natural Language Processing,2021,1,True
Trinidad and Tobago,Natural Language Processing,2024,2,True
Algeria,Natural Language Processing,2016,36,True
Slovakia,Natural Language Processing,2023,52,True
Guatemala,Robotics,2016,1,True
Bhutan,Robotics,2019,1,True
Trinidad and Tobago,Robotics,2025,1,False
Slovenia,Robotics,2018,65,True
Serbia,Robotics,2019,59,True
Bosnia and Herzegovina,Robotics,2018,25,True
Fiji,Robotics,2019,4,True
Fiji,Robotics,2021,13,True
United Arab Emirates,Robotics,2024,276,True
Mauritius,Robotics,2021,3,True
Peru,Robotics,2016,23,True
Peru,Robotics,2023,104,True
Colombia,Robotics,2022,115,True
United Kingdom,Robotics,2018,1587,True
Vietnam,Robotics,2018,92,True
Lebanon,Robotics,2019,40,True
Ireland,Robotics,2021,111,True
Gabon,Robotics,2019,1,True
Quad,Robotics,2021,12744,True
Brunei,Robotics,2017,3,True
Brunei,Robotics,2021,5,True
Kazakhstan,Robotics,2024,66,True
Portugal,Robotics,2016,280,True
Europe,Robotics,2026,221,False
Gambia,Robotics,2023,1,True
Lithuania,Robotics,2022,27,True
Kenya,Robotics,2023,17,True
Spain,Robotics,2021,811,True
Malaysia,Robotics,2025,217,False
Montenegro,Robotics,2023,1,True
Peru,AI Safety,2018,1,True
Azerbaijan,AI Safety,2017,1,True
Pakistan,AI Safety,2025,38,False
Kuwait,AI Safety,2019,1,True
Hungary,AI Safety,2025,15,False
Switzerland,AI Safety,2016,14,True
Switzerland,AI Safety,2022,84,True
China,AI Safety,2019,484,True
Estonia,AI Safety,2021,6,True
Ireland,AI Safety,2017,7,True
South Korea,AI Safety,2023,198,True
Iceland,AI Safety,2024,1,True
NATO,AI Safety,2022,3246,True
Afghanistan,AI Safety,2023,2,True
Iran,AI Safety,2022,9,True
Cyprus,AI Safety,2025,13,False
Russia,AI Safety,2020,16,True
Pakistan,All,2024,3350,True
Ireland,All,2026,15,False
Yemen,All,2018,33,True
Yemen,All,2023,203,True
Global Partnership on Artificial Intelligence,All,2016,73441,True
Indonesia,All,2023,7148,True
New Zealand,All,2018,556,True
Panama,All,2018,19,True
United Arab Emirates,All,2019,732,True
Mongolia,All,2025,32,False
Mexico,All,2025,845,False
Norway,All,2022,1714,True
Asia,All,2018,82376,True
Saudi Arabia,All,2023,5240,True
Bolivia,All,2017,3,True
Sudan,All,2020,56,True
Hungary,All,2022,848,True
Australia,All,2022,6349,True
Malaysia,All,2023,3902,True
Oman,All,2017,47,True
Maldives,All,2025,27,False
Guinea,All,2024,1,True
Singapore,All,2016,1606,True
Bangladesh,All,2018,651,True
Africa,All,2024,10031,True
Guatemala,All,2025,6,False
Japan,All,2016,6688,True
Liechtenstein,All,2017,4,True
Liechtenstein,All,2019,3,True
Portugal,All,2020,1417,True
Republic of the Congo,Computer Vision,2017,1,True
Netherlands,Computer Vision,2018,441,True
Egypt,Computer Vision,2020,519,True
Democratic Republic of the Congo,Computer Vision,2021,5,True
Guatemala,Computer Vision,2024,4,True
Colombia,Computer Vision,2024,183,True
Ghana,Computer Vision,2017,8,True
Rwanda,Computer Vision,2021,17,True
North America and the Caribbean,Computer Vision,2016,6135,True
North America and the Caribbean,Computer Vision,2017,6610,True
ASEAN,Computer Vision,2019,3439,True
ASEAN,Computer Vision,2026,66,False
Uganda,Computer Vision,2016,4,True
Italy,Computer Vision,2016,817,True
Trinidad and Tobago,Computer Vision,2021,5,True
South and Central America,Computer Vision,2016,737,True
Afghanistan,Computer Vision,2022,16,True
Myanmar,Computer Vision,2016,5,True
Burkina Faso,Computer Vision,2020,1,True
Jamaica,Computer Vision,2019,1,True
Serbia,Computer Vision,2017,61,True
Serbia,Computer Vision,2021,94,True
North Korea,Computer Vision,2021,2,True
Singapore,Computer Vision,2018,635,True
Peru,Computer Vision,2022,93,True
Europe,Computer Vision,2022,17622,True
Vietnam,Computer Vision,2025,257,False
Japan,Computer Vision,2019,2401,True
Denmark,Computer Vision,2021,311,True
Switzerland,Computer Vision,2021,779,True
Panama,Computer Vision,2018,6,True
Bahamas,Computer Vision,2025,1,False
Jordan,Computer Vision,2016,48,True
Germany,Computer Vision,2023,3661,True
Spain,Computer Vision,2022,1225,True
Ethiopia,Computer Vision,2024,139,True
Romania,Computer Vision,2018,227,True
Romania,Computer Vision,2025,174,False
Oman,Computer Vision,2017,15,True
Mauritius,Computer Vision,2022,14,True
Switzerland,Large language models,2019,67,True
Spain,Large language models,2017,12,True
Costa Rica,Large language models,2023,4,True
Costa Rica,Large language models,2024,4,True
Europe,Large language models,2025,3492,False
Saudi Arabia,Large language models,2016,2,True
Kazakhstan,Large language models,2024,28,True
Denmark,Large language models,2018,13,True
Algeria,Large language models,2016,1,True
Angola,Large language models,2023,2,True
Cuba,Large language models,2021,1,True
Israel,Large language models,2025,105,False
Nigeria,Large language models,2019,2,True
Portugal,Large language models,2016,2,True
United Kingdom,Large language models,2018,137,True
United States,Large language models,2017,289,True
United States,Large language models,2019,1309,True
Colombia,Large language models,2025,24,False
Morocco,Large language models,2019,3,True
Argentina,Large language models,2020,4,True
Nepal,Natural Language Processing,2017,5,True
Argentina,Natural Language Processing,2018,35,True
North Macedonia,Natural Language Processing,2018,12,True
OECD,Natural Language Processing,2025,7716,False
Mongolia,Natural Language Processing,2022,11,True
Qatar,Natural Language Processing,2017,59,True
South and Central America,Natural Language Processing,2016,330,True
Ireland,Natural Language Processing,2023,206,True
Vietnam,Natural Language Processing,2024,138,True
Georgia,Natural Language Processing,2016,4,True
Honduras,Natural Language Processing,2021,3,True
Dominican Republic,Natural Language Processing,2020,1,True
Dominican Republic,Natural Language Processing,2025,1,False
Egypt,Natural Language Processing,2020,139,True
South Africa,Natural Language Processing,2022,80,True
Belgium,Natural Language Processing,2024,162,True
Singapore,Natural Language Processing,2023,530,True
EU,Natural Language Processing,2023,5891,True
EU,Natural Language Processing,2025,2478,False
New Zealand,Natural Language Processing,2017,54,True
Europe,Natural Language Processing,2020,6836,True
Poland,Natural Language Processing,2016,148,True
Cyprus,Natural Language Processing,2023,22,True
China,Natural Language Processing,2022,6008,True
Serbia,Natural Language Processing,2019,32,True
Uzbekistan,Natural Language Processing,2022,52,True
Mauritius,Natural Language Processing,2019,3,True
Armenia,Natural Language Processing,2019,3,True
Finland,Natural Language Processing,2018,119,True
North America and the Caribbean,Natural Language Processing,2023,6929,True
Pakistan,Robotics,2022,202,True
ASEAN,Robotics,2024,1780,True
Antigua and Barbuda,Robotics,2024,2,True
Global Partnership on Artificial Intelligence,Robotics,2017,18767,True
Afghanistan,Robotics,2022,3,True
Algeria,Robotics,2024,123,True
Morocco,Robotics,2017,31,True
Hungary,Robotics,2022,163,True
North America and the Caribbean,Robotics,2018,7053,True
Panama,Robotics,2016,3,True
Luxembourg,Robotics,2023,70,True
Sudan,Robotics,2020,3,True
EU,Robotics,2017,6944,True
Iran,Robotics,2020,333,True
Albania,Robotics,2024,4,True
Ecuador,Robotics,2025,43,False
Portugal,Robotics,2022,317,True
Portugal,Robotics,2024,318,True
Iraq,Robotics,2023,167,True
Botswana,Robotics,2025,3,False
Europe,Robotics,2017,9468,True
El Salvador,Robotics,2019,2,True
El Salvador,Robotics,2023,7,True
Czechia,Robotics,2025,75,False
Nigeria,Robotics,2021,73,True
Belize,Robotics,2024,1,True
Canada,Robotics,2016,789,True
Bangladesh,Robotics,2018,54,True
Azerbaijan,AI Safety,2024,4,True
Belize,AI Safety,2025,1,False
Bulgaria,AI Safety,2025,7,False
Greece,AI Safety,2024,78,True
Romania,AI Safety,2025,25,False
Algeria,AI Safety,2020,2,True
Latvia,AI Safety,2025,1,False
Philippines,AI Safety,2022,3,True
Ukraine,AI Safety,2023,4,True
France,AI Safety,2026,1,False
Portugal,AI Safety,2021,26,True
Argentina,AI Safety,2025,4,False
Five Eyes,AI Safety,2023,3085,True
Vietnam,AI Safety,2019,1,True
Iran,AI Safety,2025,25,False
Tunisia,AI Safety,2019,4,True
Qatar,AI Safety,2023,11,True
Singapore,AI Safety,2020,105,True
North Korea,All,2018,10,True
North Korea,All,2020,6,True
Madagascar,All,2025,8,False
Quad,All,2021,89564,True
Togo,All,2022,5,True
Europe,All,2018,45655,True
Indonesia,All,2026,1,False
Sri Lanka,All,2022,556,True
Ecuador,All,2018,331,True
Mongolia,All,2019,15,True
Mongolia,All,2021,36,True
Malawi,All,2021,8,True
Lithuania,All,2019,142,True
Lithuania,All,2022,245,True
Papua New Guinea,All,2025,16,False
Namibia,All,2020,8,True
Namibia,All,2022,9,True
Bhutan,All,2017,3,True
ASEAN,All,2022,15364,True
Thailand,All,2022,1358,True
Greece,All,2025,1387,False
Finland,All,2025,788,False
Slovenia,All,2021,410,True
Malta,All,2023,91,True
Iceland,All,2025,52,False
Qatar,All,2020,363,True
Vanuatu,All,2024,1,True
Saint Kitts and Nevis,All,2023,4,True
Israel,All,2026,36,False
Monaco,All,2021,2,True
Singapore,All,2017,1637,True
Mozambique,All,2018,1,True
Africa,All,2017,3325,True
Lesotho,All,2017,1,True
Lesotho,All,2019,1,True
Angola,All,2023,28,True
Vatican City,All,2022,1,True
France,All,2018,5844,True
Germany,All,2024,12207,True
Taiwan,All,2018,2000,True
Afghanistan,All,2021,16,True
France,Computer Vision,2020,1698,True
Austria,Computer Vision,2025,195,False
Finland,Computer Vision,2025,159,False
Mexico,Computer Vision,2023,333,True
Argentina,Computer Vision,2026,1,False
Swaziland,Computer Vision,2020,1,True
Cameroon,Computer Vision,2017,3,True
Cameroon,Computer Vision,2021,15,True
Ghana,Computer Vision,2022,83,True
Equatorial Guinea,Computer Vision,2023,1,True
Poland,Computer Vision,2022,494,True
Poland,Computer Vision,2026,7,False
Maldives,Computer Vision,2020,1,True
OECD,Computer Vision,2018,21805,True
Serbia,Computer Vision,2023,94,True
Quad,Computer Vision,2020,22132,True
Vietnam,Computer Vision,2020,381,True
Philippines,Computer Vision,2020,181,True
Asia,Computer Vision,2018,32207,True
Oceania,Computer Vision,2017,1155,True
Benin,Computer Vision,2016,6,True
Fiji,Computer Vision,2022,5,True
Russia,Computer Vision,2016,344,True
Russia,Computer Vision,2026,9,False
United Arab Emirates,Computer Vision,2024,664,True
Africa,Large language models,2023,266,True
Africa,Large language models,2024,290,True
Switzerland,Large language models,2022,207,True
Denmark,Large language models,2023,145,True
Australia,Large language models,2016,13,True
Australia,Large language models,2018,46,True
Tunisia,Large language models,2020,3,True
South Korea,Large language models,2020,237,True
Sri Lanka,Large language models,2023,24,True
South and Central America,Large language models,2023,173,True
Greece,Large language models,2025,74,False
Colombia,Large language models,2017,1,True
Latvia,Large language models,2023,6,True
Thailand,Large language models,2020,12,True
Libya,Large language models,2021,1,True
United Arab Emirates,Natural Language Processing,2019,67,True
Argentina,Natural Language Processing,2020,48,True
ASEAN,Natural Language Processing,2021,1529,True
Kuwait,Natural Language Processing,2017,12,True
Belarus,Natural Language Processing,2016,9,True
Belarus,Natural Language Processing,2022,6,True
Iraq,Natural Language Processing,2020,63,True
Pakistan,Natural Language Processing,2021,240,True
Bangladesh,Natural Language Processing,2016,45,True
Lithuania,Natural Language Processing,2021,30,True
Iceland,Natural Language Processing,2018,6,True
Netherlands,Natural Language Processing,2022,499,True
Hungary,Natural Language Processing,2018,50,True
Philippines,Natural Language Processing,2021,48,True
Syria,Natural Language Processing,2016,2,True
Syria,Natural Language Processing,2022,4,True
Australia,Natural Language Processing,2026,14,False
Libya,Natural Language Processing,2022,7,True
Slovenia,Natural Language Processing,2022,60,True
Myanmar,Natural Language Processing,2024,19,True
Estonia,Natural Language Processing,2016,13,True
Africa,Natural Language Processing,2018,454,True
Bahrain,Natural Language Processing,2023,11,True
Luxembourg,Natural Language Processing,2018,22,True
Democratic Republic of the Congo,Natural Language Processing,2021,1,True
Guatemala,Robotics,2020,7,True
Indonesia,Robotics,2022,416,True
Ghana,Robotics,2019,4,True
Ghana,Robotics,2021,3,True
Russia,Robotics,2017,635,True
Turkey,Robotics,2021,539,True
Mexico,Robotics,2016,274,True
Taiwan,Robotics,2019,506,True
Lebanon,Robotics,2021,36,True
Bolivia,Robotics,2021,3,True
Estonia,Robotics,2018,20,True
Tajikistan,Robotics,2021,1,True
Iran,Robotics,2026,1,False
Belgium,Robotics,2024,272,True
Namibia,Robotics,2020,2,True
Europe,Robotics,2025,7257,False
Nigeria,Robotics,2022,77,True
Rwanda,Robotics,2018,1,True
Israel,Robotics,2019,171,True
Bangladesh,Robotics,2022,79,True
Montenegro,Robotics,2020,3,True
Europe,AI Safety,2025,2059,False
Belgium,AI Safety,2022,55,True
New Zealand,AI Safety,2021,7,True
Hungary,AI Safety,2023,5,True
South and Central America,AI Safety,2017,31,True
Greece,AI Safety,2016,5,True
Czechia,AI Safety,2020,17,True
Czechia,AI Safety,2022,18,True
Turkey,AI Safety,2020,10,True
South Korea,AI Safety,2022,134,True
Brazil,AI Safety,2025,76,False
Five Eyes,AI Safety,2021,2747,True
Five Eyes,AI Safety,2024,3477,True
Luxembourg,AI Safety,2024,18,True
Norway,AI Safety,2022,42,True
Cyprus,AI Safety,2018,3,True
Cyprus,AI Safety,2024,11,True
Jordan,AI Safety,2019,1,True
North Macedonia,AI Safety,2020,2,True
OECD,AI Safety,2016,982,True
Singapore,AI Safety,2024,223,True
Belize,All,2025,2,False
Poland,All,2020,1903,True
Palau,All,2019,1,True
Canada,All,2016,3398,True
Egypt,All,2024,2346,True
Cameroon,All,2016,10,True
Cameroon,All,2023,90,True
Pakistan,All,2025,1664,False
Global Partnership on Artificial Intelligence,All,2023,181798,True
Indonesia,All,2022,5065,True
Nepal,All,2017,15,True
Moldova,All,2018,6,True
Moldova,All,2025,9,False
Turkmenistan,All,2023,1,True
Albania,All,2021,34,True
Mongolia,All,2022,46,True
Morocco,All,2017,602,True
Morocco,All,2020,920,True
Georgia,All,2024,69,True
Asia,All,2016,54952,True
Zimbabwe,All,2016,8,True
United States,All,2016,21143,True
Switzerland,All,2016,1365,True
Slovenia,All,2026,8,False
Kosovo,All,2022,25,True
Trinidad and Tobago,All,2022,26,True
Saint Kitts and Nevis,All,2020,1,True
Luxembourg,All,2023,327,True
Honduras,All,2025,10,False
Benin,All,2017,7,True
Benin,All,2018,12,True
Chad,All,2021,3,True
Chad,All,2023,5,True
Romania,All,2016,823,True
Peru,All,2023,533,True
North America and the Caribbean,All,2019,42249,True
Nigeria,All,2022,842,True
France,All,2021,7166,True
Afghanistan,All,2025,72,False
Austria,Computer Vision,2024,328,True
Israel,Computer Vision,2021,335,True
Honduras,Computer Vision,2019,1,True
Mozambique,Computer Vision,2022,1,True
Democratic Republic of the Congo,Computer Vision,2024,1,True
Cameroon,Computer Vision,2024,27,True
North America and the Caribbean,Computer Vision,2018,8512,True
Latvia,Computer Vision,2017,14,True
United Kingdom,Computer Vision,2019,2608,True
Mongolia,Computer Vision,2022,15,True
Jamaica,Computer Vision,2024,1,True
South Africa,Computer Vision,2019,124,True
Hungary,Computer Vision,2019,113,True
Iran,Computer Vision,2016,394,True
Uzbekistan,Computer Vision,2021,37,True
Iceland,Computer Vision,2021,24,True
Panama,Computer Vision,2016,1,True
Timor-Leste,Computer Vision,2023,4,True
Oceania,Computer Vision,2026,57,False
Cambodia,Computer Vision,2022,5,True
Montenegro,Computer Vision,2023,12,True
Malaysia,Computer Vision,2017,552,True
North Macedonia,Computer Vision,2024,9,True
Russia,Computer Vision,2025,410,False
United Arab Emirates,Computer Vision,2022,529,True
Cyprus,Computer Vision,2023,96,True
Lithuania,Computer Vision,2018,24,True
Sierra Leone,Computer Vision,2020,1,True
Azerbaijan,Computer Vision,2022,19,True
Gabon,Computer Vision,2022,5,True
Romania,Computer Vision,2026,1,False
Brunei,Computer Vision,2021,16,True
Mauritius,Computer Vision,2025,2,False
Iraq,Large language models,2020,2,True
Vietnam,Large language models,2019,19,True
Vietnam,Large language models,2023,161,True
Mexico,Large language models,2020,10,True
Pakistan,Large language models,2017,1,True
North Macedonia,Large language models,2019,1,True
Liechtenstein,Large language models,2023,1,True
Canada,Large language models,2022,410,True
Ireland,Large language models,2019,18,True
ASEAN,Large language models,2025,849,False
Hungary,Large language models,2020,9,True
Myanmar,Large language models,2021,2,True
Slovakia,Large language models,2016,1,True
Sri Lanka,Large language models,2022,15,True
Serbia,Large language models,2021,6,True
New Zealand,Large language models,2025,39,False
Portugal,Large language models,2018,3,True
Russia,Large language models,2017,7,True
Global Partnership on Artificial Intelligence,Large language models,2021,6624,True
Colombia,Large language models,2023,21,True
India,Large language models,2021,445,True
Barbados,Large language models,2025,2,False
Syria,Large language models,2021,1,True
Saint Lucia,Large language models,2025,7,False
Argentina,Large language models,2017,1,True
Nigeria,Natural Language Processing,2024,95,True
Malta,Natural Language Processing,2018,6,True
France,Natural Language Processing,2018,682,True
Qatar,Natural Language Processing,2022,52,True
Qatar,Natural Language Processing,2025,21,False
Chile,Natural Language Processing,2025,41,False
Tunisia,Natural Language Processing,2017,76,True
Norway,Natural Language Processing,2023,176,True
Bangladesh,Natural Language Processing,2019,167,True
Zimbabwe,Natural Language Processing,2022,4,True
Zambia,Natural Language Processing,2025,1,False
Kenya,Natural Language Processing,2024,21,True
Kosovo,Natural Language Processing,2017,5,True
Indonesia,Natural Language Processing,2021,636,True
Ghana,Natural Language Processing,2024,18,True
Malaysia,Natural Language Processing,2017,139,True
Denmark,Natural Language Processing,2020,142,True
Niger,Natural Language Processing,2016,1,True
Kyrgyzstan,Natural Language Processing,2018,1,True
China,Natural Language Processing,2016,1678,True
Slovenia,Natural Language Processing,2020,59,True
Germany,Natural Language Processing,2023,1686,True
Uzbekistan,Natural Language Processing,2021,77,True
Switzerland,Natural Language Processing,2022,342,True
Bahrain,Natural Language Processing,2017,1,True
Oman,Robotics,2017,5,True
Slovenia,Robotics,2025,26,False
Latvia,Robotics,2025,12,False
United States,Robotics,2016,5197,True
Poland,Robotics,2025,204,False
United Arab Emirates,Robotics,2025,146,False
Cape Verde,Robotics,2018,1,True
Mauritius,Robotics,2018,5,True
India,Robotics,2018,1311,True
Morocco,Robotics,2023,76,True
Cameroon,Robotics,2018,4,True
Libya,Robotics,2016,1,True
Honduras,Robotics,2025,4,False
Panama,Robotics,2021,3,True
Luxembourg,Robotics,2021,30,True
Kuwait,Robotics,2020,18,True
El Salvador,Robotics,2025,2,False
Côte d'Ivoire,Robotics,2022,1,True
Argentina,Robotics,2023,49,True
Cuba,Robotics,2019,8,True
Israel,Robotics,2020,173,True
Canada,Robotics,2019,976,True
Bangladesh,Robotics,2017,62,True
Syria,Robotics,2017,2,True
Peru,AI Safety,2021,2,True
Uganda,AI Safety,2025,3,False
Italy,AI Safety,2017,44,True
United Kingdom,AI Safety,2021,448,True
Indonesia,AI Safety,2021,8,True
Armenia,AI Safety,2018,1,True
Sweden,AI Safety,2022,76,True
Nigeria,AI Safety,2022,5,True
Philippines,AI Safety,2016,1,True
Brazil,AI Safety,2022,64,True
India,AI Safety,2019,81,True
Five Eyes,AI Safety,2022,2430,True
Finland,AI Safety,2016,6,True
Luxembourg,AI Safety,2023,14,True
Norway,AI Safety,2019,14,True
Colombia,AI Safety,2019,3,True
Sri Lanka,AI Safety,2020,4,True
Global Partnership on Artificial Intelligence,AI Safety,2024,6563,True
Jamaica,AI Safety,2022,1,True
Iran,AI Safety,2024,63,True
Lebanon,AI Safety,2024,6,True
Malawi,AI Safety,2023,1,True
Australia,AI Safety,2020,184,True
Denmark,All,2023,2097,True
Jordan,All,2018,282,True
Pakistan,All,2019,1690,True
Pakistan,All,2021,2755,True
Uruguay,All,2021,77,True
Ireland,All,2023,1444,True
South Korea,All,2025,6532,False
Sri Lanka,All,2018,240,True
Azerbaijan,All,2023,127,True
Albania,All,2022,37,True
Malawi,All,2025,18,False
Lithuania,All,2017,106,True
Syria,All,2021,47,True
Norway,All,2020,1180,True
Georgia,All,2017,11,True
Bhutan,All,2021,13,True
Italy,All,2025,5980,False
Netherlands,All,2018,2279,True
Democratic Republic of the Congo,All,2019,4,True
Tajikistan,All,2023,5,True
Tajikistan,All,2025,6,False
Armenia,All,2024,68,True
Haiti,All,2018,1,True
Dominican Republic,All,2016,2,True
India,All,2025,24726,False
Estonia,All,2020,204,True
Tanzania,All,2019,21,True
Tanzania,All,2022,80,True
Brunei,All,2022,96,True
Kazakhstan,All,2017,108,True
Ghana,All,2026,1,False
Bangladesh,All,2021,1967,True
Bangladesh,All,2026,3,False
Romania,All,2025,757,False
Iraq,All,2018,498,True
Ethiopia,All,2021,268,True
Ethiopia,All,2025,307,False
Laos,All,2016,2,True
Latvia,All,2018,64,True
Nigeria,All,2020,545,True
Spain,All,2023,5849,True
Mauritania,All,2023,8,True
Sierra Leone,All,2023,3,True
Tunisia,All,2020,771,True
Finland,Computer Vision,2017,156,True
Kuwait,Computer Vision,2017,8,True
Greece,Computer Vision,2024,393,True
Greece,Computer Vision,2025,229,False
Slovakia,Computer Vision,2016,61,True
Argentina,Computer Vision,2024,59,True
Taiwan,Computer Vision,2021,1363,True
Taiwan,Computer Vision,2026,27,False
Qatar,Computer Vision,2016,47,True
Chile,Computer Vision,2017,59,True
Iraq,Computer Vision,2019,354,True
Ecuador,Computer Vision,2022,85,True
Somalia,Computer Vision,2025,3,False
ASEAN,Computer Vision,2016,1869,True
ASEAN,Computer Vision,2024,5766,True
Equatorial Guinea,Computer Vision,2020,1,True
Bosnia and Herzegovina,Computer Vision,2019,29,True
Latvia,Computer Vision,2019,9,True
Sweden,Computer Vision,2023,511,True
United States,Computer Vision,2019,8785,True
Cuba,Computer Vision,2021,24,True
Australia,Computer Vision,2025,1379,False
Hungary,Computer Vision,2022,173,True
Uzbekistan,Computer Vision,2022,39,True
Kyrgyzstan,Computer Vision,2020,1,True
Tanzania,Computer Vision,2022,27,True
Panama,Computer Vision,2017,4,True
Thailand,Computer Vision,2023,516,True
Benin,Computer Vision,2019,6,True
Benin,Computer Vision,2020,3,True
Pakistan,Computer Vision,2020,680,True
Samoa,Computer Vision,2023,1,True
Indonesia,Computer Vision,2018,856,True
Indonesia,Computer Vision,2023,2092,True
Albania,Computer Vision,2019,6,True
Gabon,Computer Vision,2023,6,True
France,Large language models,2016,27,True
Vietnam,Large language models,2021,80,True
Austria,Large language models,2017,1,True
Mexico,Large language models,2016,1,True
Mexico,Large language models,2021,18,True
Spain,Large language models,2020,63,True
Gabon,Large language models,2025,1,False
Luxembourg,Large language models,2020,4,True
Pakistan,Large language models,2023,101,True
Tunisia,Large language models,2017,1,True
Tunisia,Large language models,2022,15,True
Chile,Large language models,2022,10,True
Afghanistan,Large language models,2022,1,True
South Africa,Large language models,2020,6,True
Somalia,Large language models,2023,2,True
Egypt,Large language models,2016,1,True
Portugal,Large language models,2021,33,True
United Kingdom,Large language models,2025,890,False
Oceania,Large language models,2022,449,True
Norway,Large language models,2019,5,True
OECD,Large language models,2020,4042,True
Cameroon,Large language models,2024,2,True
Greece,Large language models,2022,59,True
Japan,Natural Language Processing,2023,957,True
ASEAN,Natural Language Processing,2026,14,False
Senegal,Natural Language Processing,2016,2,True
Senegal,Natural Language Processing,2022,4,True
Chile,Natural Language Processing,2023,45,True
Austria,Natural Language Processing,2025,96,False
Pakistan,Natural Language Processing,2020,211,True
Tunisia,Natural Language Processing,2023,78,True
Brunei,Natural Language Processing,2016,1,True
Mexico,Natural Language Processing,2022,98,True
Kenya,Natural Language Processing,2025,6,False
Belgium,Natural Language Processing,2016,148,True
Singapore,Natural Language Processing,2025,246,False
Ghana,Natural Language Processing,2022,15,True
EU,Natural Language Processing,2019,4270,True
Peru,Natural Language Processing,2018,11,True
Kyrgyzstan,Natural Language Processing,2022,4,True
Sudan,Natural Language Processing,2021,12,True
Sweden,Natural Language Processing,2024,162,True
NATO,Natural Language Processing,2017,6966,True
NATO,Natural Language Processing,2023,13361,True
Germany,Natural Language Processing,2021,1373,True
Serbia,Natural Language Processing,2018,28,True
Benin,Natural Language Processing,2019,2,True
Mauritius,Natural Language Processing,2018,1,True
Madagascar,Natural Language Processing,2019,1,True
Morocco,Natural Language Processing,2024,153,True
Algeria,Natural Language Processing,2025,25,False
Slovakia,Natural Language Processing,2019,40,True
Denmark,Robotics,2022,342,True
Pakistan,Robotics,2016,108,True
NATO,Robotics,2022,17897,True
Tunisia,Robotics,2022,98,True
Yemen,Robotics,2018,1,True
Indonesia,Robotics,2025,85,False
Slovenia,Robotics,2026,2,False
Latvia,Robotics,2021,18,True
Nepal,Robotics,2022,2,True
Peru,Robotics,2021,83,True
Sweden,Robotics,2022,450,True
Turkey,Robotics,2016,339,True
Lebanon,Robotics,2022,39,True
Finland,Robotics,2016,85,True
Luxembourg,Robotics,2017,44,True
Kyrgyzstan,Robotics,2020,2,True
Chile,Robotics,2021,65,True
South Africa,Robotics,2023,110,True
Saudi Arabia,Robotics,2025,163,False
Nigeria,Robotics,2019,34,True
Malaysia,Robotics,2018,318,True
Democratic Republic of the Congo,Robotics,2025,1,False
Syria,Robotics,2023,10,True
Germany,AI Safety,2022,452,True
Italy,AI Safety,2022,188,True
Slovakia,AI Safety,2023,4,True
Hungary,AI Safety,2021,7,True
South and Central America,AI Safety,2023,92,True
Sweden,AI Safety,2020,68,True
Sweden,AI Safety,2025,113,False
South Africa,AI Safety,2024,27,True
Mexico,AI Safety,2018,6,True
Africa,AI Safety,2019,19,True
Asia,AI Safety,2023,3088,True
Czechia,AI Safety,2016,5,True
South Korea,AI Safety,2021,139,True
Cuba,AI Safety,2019,1,True
Argentina,AI Safety,2019,1,True
Five Eyes,AI Safety,2025,2942,False
Finland,AI Safety,2020,26,True
Austria,AI Safety,2017,17,True
Austria,AI Safety,2025,58,False
Poland,AI Safety,2026,1,False
Malta,AI Safety,2019,2,True
Zimbabwe,AI Safety,2024,1,True
Saudi Arabia,AI Safety,2020,22,True
Thailand,AI Safety,2021,3,True
Singapore,AI Safety,2021,128,True
Venezuela,All,2018,38,True
Paraguay,All,2022,21,True
Cameroon,All,2019,36,True
Bosnia and Herzegovina,All,2017,82,True
Botswana,All,2020,15,True
Indonesia,All,2021,4563,True
Ecuador,All,2023,408,True
EU,All,2026,844,False
San Marino,All,2022,1,True
OECD,All,2024,140685,True
Austria,All,2017,931,True
Greece,All,2018,1031,True
Libya,All,2018,27,True
Bolivia,All,2018,5,True
Iran,All,2019,2220,True
Sudan,All,2019,66,True
Sudan,All,2024,79,True
Ukraine,All,2025,422,False
Chile,All,2017,232,True
Chile,All,2022,458,True
Vietnam,All,2017,516,True
Cuba,All,2023,28,True
Kosovo,All,2016,19,True
Serbia,All,2018,269,True
Israel,All,2025,899,False
Montenegro,All,2024,43,True
South and Central America,All,2021,6207,True
Gambia,All,2021,4,True
NATO,All,2019,81313,True
NATO,All,2020,93995,True
Singapore,All,2024,3992,True
Kyrgyzstan,All,2022,29,True
Bahamas,All,2021,3,True
Taiwan,All,2025,2470,False
Liechtenstein,All,2024,11,True
Togo,Computer Vision,2020,2,True
Libya,Computer Vision,2022,43,True
Mozambique,Computer Vision,2023,6,True
Saudi Arabia,Computer Vision,2017,243,True
Slovakia,Computer Vision,2023,122,True
Venezuela,Computer Vision,2024,3,True
Canada,Computer Vision,2026,48,False
Czechia,Computer Vision,2016,183,True
Uganda,Computer Vision,2019,7,True
Kosovo,Computer Vision,2017,3,True
Yemen,Computer Vision,2023,72,True
South Korea,Computer Vision,2025,2126,False
South and Central America,Computer Vision,2024,1281,True
Afghanistan,Computer Vision,2020,4,True
Afghanistan,Computer Vision,2024,20,True
Afghanistan,Computer Vision,2025,16,False
Poland,Computer Vision,2020,482,True
United Kingdom,Computer Vision,2017,1849,True
United Kingdom,Computer Vision,2020,2929,True
Croatia,Computer Vision,2016,83,True
Croatia,Computer Vision,2018,65,True
Australia,Computer Vision,2019,1506,True
Quad,Computer Vision,2016,11940,True
Angola,Computer Vision,2025,4,False
Tanzania,Computer Vision,2019,9,True
Thailand,Computer Vision,2022,450,True
Benin,Computer Vision,2022,10,True
Pakistan,Computer Vision,2017,351,True
Russia,Computer Vision,2024,733,True
Jordan,Computer Vision,2020,82,True
Cyprus,Computer Vision,2017,51,True
Sierra Leone,Computer Vision,2017,1,True
Albania,Computer Vision,2021,4,True
France,Large language models,2024,498,True
Trinidad and Tobago,Large language models,2024,2,True
Luxembourg,Large language models,2016,2,True
Albania,Large language models,2022,1,True
Togo,Large language models,2022,1,True
Botswana,Large language models,2024,4,True
Yemen,Large language models,2022,7,True
EU,Large language models,2021,1449,True
Germany,Large language models,2021,447,True
Germany,Large language models,2022,555,True
New Zealand,Large language models,2017,5,True
Portugal,Large language models,2022,54,True
Oceania,Large language models,2020,217,True
Latvia,Large language models,2025,3,False
Benin,Large language models,2024,1,True
Estonia,Large language models,2024,10,True
Libya,Large language models,2024,2,True
Libya,Large language models,2025,1,False
Nepal,Natural Language Processing,2018,6,True
Rwanda,Natural Language Processing,2021,2,True
Canada,Natural Language Processing,2019,518,True
Paraguay,Natural Language Processing,2021,2,True
OECD,Natural Language Processing,2024,12134,True
Oman,Natural Language Processing,2020,13,True
Oman,Natural Language Processing,2021,12,True
Mongolia,Natural Language Processing,2017,5,True
Lebanon,Natural Language Processing,2023,41,True
Costa Rica,Natural Language Processing,2017,7,True
Chile,Natural Language Processing,2019,32,True
Brunei,Natural Language Processing,2022,12,True
Iceland,Natural Language Processing,2020,20,True
Burkina Faso,Natural Language Processing,2018,1,True
Mexico,Natural Language Processing,2019,121,True
Georgia,Natural Language Processing,2019,2,True
Georgia,Natural Language Processing,2023,6,True
Brazil,Natural Language Processing,2021,400,True
Quad,Natural Language Processing,2024,9572,True
Indonesia,Natural Language Processing,2024,919,True
South Africa,Natural Language Processing,2024,85,True
Bhutan,Natural Language Processing,2021,1,True
Peru,Natural Language Processing,2021,25,True
Denmark,Natural Language Processing,2018,113,True
Afghanistan,Natural Language Processing,2024,2,True
Switzerland,Natural Language Processing,2016,154,True
Armenia,Natural Language Processing,2023,15,True
Finland,Natural Language Processing,2020,159,True
Luxembourg,Natural Language Processing,2025,8,False
Morocco,Natural Language Processing,2021,152,True
Algeria,Natural Language Processing,2024,85,True
Guatemala,Robotics,2019,8,True
Papua New Guinea,Robotics,2018,2,True
Tunisia,Robotics,2024,85,True
Croatia,Robotics,2018,59,True
Italy,Robotics,2025,1261,False
Italy,Robotics,2026,58,False
Serbia,Robotics,2022,53,True
Togo,Robotics,2021,1,True
Fiji,Robotics,2023,13,True
Benin,Robotics,2020,1,True
Benin,Robotics,2024,1,True
Global Partnership on Artificial Intelligence,Robotics,2016,17860,True
Sweden,Robotics,2020,427,True
Sweden,Robotics,2026,8,False
United Kingdom,Robotics,2017,1463,True
India,Robotics,2026,9,False
Mexico,Robotics,2017,264,True
Lebanon,Robotics,2024,27,True
Ireland,Robotics,2023,147,True
Honduras,Robotics,2019,5,True
Switzerland,Robotics,2022,646,True
Malta,Robotics,2025,4,False
Brazil,Robotics,2016,420,True
Kazakhstan,Robotics,2016,33,True
Liechtenstein,Robotics,2024,3,True
Japan,Robotics,2019,3215,True
Australia,Robotics,2018,600,True
Ecuador,Robotics,2018,90,True
Portugal,Robotics,2021,294,True
Egypt,Robotics,2016,118,True
Lithuania,Robotics,2016,10,True
North Macedonia,Robotics,2020,5,True
Bulgaria,Robotics,2022,91,True
Venezuela,Robotics,2025,5,False
Syria,Robotics,2018,9,True
Syria,Robotics,2022,9,True
Uganda,AI Safety,2023,5,True
Europe,AI Safety,2022,1687,True
Italy,AI Safety,2026,2,False
Botswana,AI Safety,2024,2,True
Belgium,AI Safety,2024,66,True
Slovenia,AI Safety,2025,6,False
Algeria,AI Safety,2022,7,True
South Korea,AI Safety,2024,254,True
Iceland,AI Safety,2020,2,True
Brazil,AI Safety,2017,25,True
Finland,AI Safety,2026,1,False
Malta,AI Safety,2020,4,True
Spain,AI Safety,2026,1,False
Saudi Arabia,AI Safety,2026,1,False
Belarus,AI Safety,2020,1,True
Jordan,AI Safety,2022,5,True
Singapore,AI Safety,2016,22,True
Five Eyes,All,2020,63421,True
Jordan,All,2024,1152,True
Madagascar,All,2020,10,True
Republic of the Congo,All,2021,1,True
Djibouti,All,2025,1,False
Mauritius,All,2024,47,True
China,All,2016,21920,True
New Zealand,All,2017,546,True
Sri Lanka,All,2023,591,True
Albania,All,2020,19,True
Uzbekistan,All,2019,66,True
United Arab Emirates,All,2017,380,True
United Arab Emirates,All,2023,2567,True
Lebanon,All,2025,198,False
Netherlands,All,2026,81,False
United States,All,2017,23637,True
Switzerland,All,2022,3534,True
Finland,All,2020,1147,True
North Macedonia,All,2017,71,True
Nicaragua,All,2024,1,True
Malta,All,2022,84,True
Haiti,All,2024,2,True
Vietnam,All,2024,1794,True
South Africa,All,2017,311,True
South Africa,All,2021,804,True
Jamaica,All,2025,8,False
Qatar,All,2026,1,False
South and Central America,All,2023,6132,True
Saint Vincent and the Grenadines,All,2023,1,True
Saint Vincent and the Grenadines,All,2025,2,False
Belgium,All,2025,1151,False
Kazakhstan,All,2025,399,False
Liberia,All,2024,6,True
Bahrain,All,2018,34,True
Iraq,All,2019,754,True
Rwanda,All,2017,2,True
Costa Rica,All,2018,48,True
Germany,All,2017,6300,True
Germany,All,2023,13936,True
Argentina,All,2017,220,True
Mexico,Computer Vision,2024,337,True
Libya,Computer Vision,2024,28,True
Madagascar,Computer Vision,2020,3,True
Moldova,Computer Vision,2020,5,True
Honduras,Computer Vision,2018,1,True
Egypt,Computer Vision,2025,384,False
Malawi,Computer Vision,2024,2,True
Rwanda,Computer Vision,2019,5,True
Rwanda,Computer Vision,2022,17,True
Eritrea,Computer Vision,2025,2,False
Italy,Computer Vision,2022,1662,True
South Korea,Computer Vision,2020,2479,True
Ireland,Computer Vision,2020,155,True
Tunisia,Computer Vision,2016,303,True
Sweden,Computer Vision,2022,435,True
United Kingdom,Computer Vision,2016,1673,True
Burkina Faso,Computer Vision,2018,1,True
Nepal,Computer Vision,2023,74,True
Georgia,Computer Vision,2024,6,True
Jamaica,Computer Vision,2022,3,True
Australia,Computer Vision,2020,1850,True
Singapore,Computer Vision,2022,1093,True
Turkey,Computer Vision,2024,1317,True
South Africa,Computer Vision,2025,118,False
Japan,Computer Vision,2020,2502,True
Denmark,Computer Vision,2016,127,True
Switzerland,Computer Vision,2022,928,True
Switzerland,Computer Vision,2025,483,False
Africa,Computer Vision,2026,5,False
India,Computer Vision,2022,12015,True
Liechtenstein,Computer Vision,2022,4,True
Russia,Computer Vision,2022,806,True
Laos,Computer Vision,2024,2,True
Estonia,Computer Vision,2017,21,True
Malta,Computer Vision,2021,37,True
Albania,Computer Vision,2025,8,False
Saint Lucia,Computer Vision,2024,12,True
NATO,Large language models,2016,356,True
Ethiopia,Large language models,2019,1,True
Ireland,Large language models,2022,70,True
Romania,Large language models,2023,46,True
Hungary,Large language models,2016,2,True
Asia,Large language models,2023,14923,True
Finland,Large language models,2017,4,True
Jordan,Large language models,2025,40,False
Azerbaijan,Large language models,2018,1,True
Rwanda,Large language models,2023,4,True
Slovakia,Large language models,2022,5,True
Israel,Large language models,2017,12,True
Guinea,Large language models,2023,1,True
Serbia,Large language models,2022,6,True
Egypt,Large language models,2018,5,True
Greece,Large language models,2021,36,True
Latvia,Large language models,2024,2,True
Nepal,Large language models,2022,4,True
Quad,Large language models,2023,7332,True
Nepal,Natural Language Processing,2019,9,True
Japan,Natural Language Processing,2022,696,True
Romania,Natural Language Processing,2021,121,True
Portugal,Natural Language Processing,2017,97,True
Malta,Natural Language Processing,2024,10,True
Lebanon,Natural Language Processing,2025,13,False
South and Central America,Natural Language Processing,2024,372,True
Vietnam,Natural Language Processing,2023,232,True
India,Natural Language Processing,2024,3797,True
Burkina Faso,Natural Language Processing,2024,3,True
Albania,Natural Language Processing,2023,12,True
Yemen,Natural Language Processing,2018,10,True
Papua New Guinea,Natural Language Processing,2025,1,False
Ethiopia,Natural Language Processing,2020,30,True
Timor-Leste,Natural Language Processing,2021,1,True
Oceania,Natural Language Processing,2020,548,True
China,Natural Language Processing,2023,7855,True
Sudan,Natural Language Processing,2017,7,True
Slovenia,Natural Language Processing,2016,45,True
Myanmar,Natural Language Processing,2020,45,True
Serbia,Natural Language Processing,2025,27,False
Estonia,Natural Language Processing,2023,34,True
Côte d'Ivoire,Natural Language Processing,2023,3,True
Finland,Natural Language Processing,2016,90,True
Botswana,Natural Language Processing,2019,1,True
Africa,Robotics,2022,742,True
Slovenia,Robotics,2017,64,True
Qatar,Robotics,2017,25,True
Croatia,Robotics,2016,51,True
Poland,Robotics,2026,1,False
OECD,Robotics,2019,21361,True
Mongolia,Robotics,2020,4,True
Algeria,Robotics,2025,47,False
Germany,Robotics,2019,2007,True
Georgia,Robotics,2018,1,True
Angola,Robotics,2016,1,True
Myanmar,Robotics,2020,13,True
Malta,Robotics,2019,8,True
Sri Lanka,Robotics,2025,26,False
New Zealand,Robotics,2026,5,False
Luxembourg,Robotics,2025,22,False
Sudan,Robotics,2017,11,True
Slovakia,Robotics,2021,112,True
Kuwait,Robotics,2016,3,True
Albania,Robotics,2019,1,True
Armenia,Robotics,2020,2,True
Zimbabwe,Robotics,2022,1,True
Cyprus,Robotics,2016,25,True
Botswana,Robotics,2020,4,True
South Korea,Robotics,2019,1154,True
Argentina,Robotics,2022,31,True
Barbados,Robotics,2019,2,True
Spain,Robotics,2018,725,True
Montenegro,AI Safety,2025,1,False
Italy,AI Safety,2016,30,True
United Kingdom,AI Safety,2017,123,True
United Kingdom,AI Safety,2023,556,True
North America and the Caribbean,AI Safety,2023,2453,True
Trinidad and Tobago,AI Safety,2024,1,True
Sweden,AI Safety,2019,39,True
Israel,AI Safety,2017,26,True
Nigeria,AI Safety,2017,3,True
Kazakhstan,AI Safety,2018,1,True
Egypt,AI Safety,2019,2,True
India,AI Safety,2020,104,True
Argentina,AI Safety,2021,7,True
United Arab Emirates,AI Safety,2021,15,True
Malaysia,AI Safety,2016,5,True
Malaysia,AI Safety,2018,5,True
Five Eyes,AI Safety,2020,2530,True
Chile,AI Safety,2016,5,True
Chile,AI Safety,2020,6,True
Bahrain,AI Safety,2022,1,True
Norway,AI Safety,2024,58,True
Colombia,AI Safety,2021,5,True
Croatia,AI Safety,2024,7,True
Saudi Arabia,AI Safety,2021,29,True
Ecuador,AI Safety,2022,2,True
Russia,AI Safety,2023,20,True
Kuwait,All,2022,192,True
Zambia,All,2019,14,True
Bosnia and Herzegovina,All,2016,63,True
Lithuania,All,2020,180,True
Papua New Guinea,All,2021,15,True
Morocco,All,2025,738,False
Brazil,All,2019,3327,True
Brazil,All,2022,3253,True
Greece,All,2017,781,True
Democratic Republic of the Congo,All,2017,1,True
Iran,All,2017,1750,True
Sudan,All,2016,43,True
Russia,All,2019,3735,True
Ukraine,All,2021,1077,True
South Africa,All,2022,841,True
Kazakhstan,All,2016,89,True
Myanmar,All,2017,46,True
Mozambique,All,2022,6,True
Equatorial Guinea,All,2020,1,True
Equatorial Guinea,All,2022,1,True
Croatia,All,2021,417,True
El Salvador,All,2023,14,True
Nigeria,All,2024,1350,True
Spain,All,2024,5346,True
Germany,All,2021,11870,True
Taiwan,All,2024,3909,True
Colombia,All,2023,722,True
Afghanistan,All,2023,46,True
France,Computer Vision,2018,1604,True
Mexico,Computer Vision,2026,5,False
Kuwait,Computer Vision,2023,44,True
Honduras,Computer Vision,2023,9,True
Cameroon,Computer Vision,2025,9,False
Somalia,Computer Vision,2021,5,True
Uganda,Computer Vision,2017,3,True
Tunisia,Computer Vision,2022,289,True
OECD,Computer Vision,2024,34144,True
Mongolia,Computer Vision,2020,5,True
Nepal,Computer Vision,2019,16,True
United States,Computer Vision,2026,246,False
Australia,Computer Vision,2026,56,False
Singapore,Computer Vision,2025,830,False
Five Eyes,Computer Vision,2026,423,False
Turkey,Computer Vision,2019,714,True
Iran,Computer Vision,2025,397,False
Uruguay,Computer Vision,2021,13,True
Morocco,Computer Vision,2022,294,True
Bulgaria,Computer Vision,2019,44,True
Russia,Computer Vision,2020,974,True
Slovenia,Computer Vision,2020,55,True
Slovenia,Computer Vision,2026,2,False
Indonesia,Computer Vision,2019,1085,True
Paraguay,Computer Vision,2016,3,True
Paraguay,Computer Vision,2017,4,True
Belarus,Computer Vision,2022,49,True
Ethiopia,Computer Vision,2021,90,True
Armenia,Computer Vision,2019,6,True
Côte d'Ivoire,Computer Vision,2017,5,True
Niger,Computer Vision,2022,1,True
Albania,Computer Vision,2020,6,True
Romania,Computer Vision,2016,212,True
Global Partnership on Artificial Intelligence,Computer Vision,2016,20708,True
Bahrain,Computer Vision,2020,12,True
Bahrain,Computer Vision,2021,22,True
Austria,Large language models,2023,99,True
Mexico,Large language models,2025,38,False
Spain,Large language models,2022,157,True
Liechtenstein,Large language models,2022,1,True
Ethiopia,Large language models,2021,7,True
South Korea,Large language models,2025,728,False
Malta,Large language models,2025,5,False
Slovakia,Large language models,2020,2,True
Sri Lanka,Large language models,2019,1,True
North America and the Caribbean,Large language models,2024,5642,True
New Zealand,Large language models,2019,7,True
Bangladesh,Large language models,2016,2,True
Bangladesh,Large language models,2018,2,True
Iran,Large language models,2024,106,True
Argentina,Large language models,2021,7,True
Namibia,Large language models,2022,1,True
Romania,Natural Language Processing,2019,103,True
Oman,Natural Language Processing,2016,8,True
North Korea,Natural Language Processing,2020,1,True
Portugal,Natural Language Processing,2018,130,True
Mongolia,Natural Language Processing,2019,2,True
Costa Rica,Natural Language Processing,2024,2,True
France,Natural Language Processing,2016,712,True
Global Partnership on Artificial Intelligence,Natural Language Processing,2024,14948,True
Iraq,Natural Language Processing,2019,50,True
Austria,Natural Language Processing,2023,193,True
Iran,Natural Language Processing,2022,160,True
Bangladesh,Natural Language Processing,2024,351,True
Brunei,Natural Language Processing,2023,10,True
Burkina Faso,Natural Language Processing,2021,3,True
Mexico,Natural Language Processing,2016,84,True
Yemen,Natural Language Processing,2025,15,False
Venezuela,Natural Language Processing,2020,1,True
Poland,Natural Language Processing,2018,195,True
Poland,Natural Language Processing,2019,177,True
Bosnia and Herzegovina,Natural Language Processing,2020,8,True
Turkey,Natural Language Processing,2022,269,True
Tanzania,Natural Language Processing,2022,1,True
Panama,Natural Language Processing,2022,3,True
NATO,Natural Language Processing,2026,180,False
Italy,Natural Language Processing,2018,411,True
Italy,Natural Language Processing,2022,522,True
Swaziland,Natural Language Processing,2017,1,True
Mauritania,Natural Language Processing,2021,1,True
Sierra Leone,Natural Language Processing,2025,1,False
Czechia,Natural Language Processing,2022,141,True
Sri Lanka,Natural Language Processing,2020,77,True
Mauritius,Natural Language Processing,2020,2,True
Armenia,Natural Language Processing,2021,11,True
Guatemala,Robotics,2022,1,True
Paraguay,Robotics,2021,3,True
Mauritius,Robotics,2020,2,True
Turkmenistan,Robotics,2024,1,True
Colombia,Robotics,2018,155,True
Germany,Robotics,2026,26,False
Jordan,Robotics,2018,26,True
Taiwan,Robotics,2022,530,True
Bolivia,Robotics,2016,1,True
Cameroon,Robotics,2016,1,True
Estonia,Robotics,2025,25,False
Philippines,Robotics,2022,68,True
Myanmar,Robotics,2019,12,True
Malta,Robotics,2022,8,True
France,Robotics,2026,20,False
Cambodia,Robotics,2018,1,True
Slovakia,Robotics,2024,74,True
Dominican Republic,Robotics,2018,1,True
Portugal,Robotics,2019,380,True
Portugal,Robotics,2025,165,False
South Korea,Robotics,2023,1578,True
South Korea,Robotics,2026,55,False
Rwanda,Robotics,2023,9,True
Israel,Robotics,2022,201,True
Azerbaijan,Robotics,2022,12,True
Cambodia,AI Safety,2025,1,False
North America and the Caribbean,AI Safety,2020,2119,True
Armenia,AI Safety,2023,1,True
Sweden,AI Safety,2017,31,True
Slovenia,AI Safety,2023,12,True
China,AI Safety,2026,164,False
Turkey,AI Safety,2018,9,True
Algeria,AI Safety,2018,3,True
South Korea,AI Safety,2026,14,False
Rwanda,AI Safety,2026,1,False
Tajikistan,AI Safety,2019,1,True
Poland,AI Safety,2020,13,True
Vietnam,AI Safety,2018,2,True
Vietnam,AI Safety,2022,11,True
Oceania,AI Safety,2019,112,True
Ecuador,AI Safety,2019,2,True
Malawi,AI Safety,2025,1,False
Jordan,AI Safety,2020,2,True
Angola,AI Safety,2023,1,True
United States,AI Safety,2016,518,True
Kyrgyzstan,AI Safety,2024,2,True
Czechia,All,2022,1026,True
Venezuela,All,2017,57,True
Denmark,All,2017,696,True
Eritrea,All,2025,4,False
Europe,All,2025,45586,False
Ireland,All,2022,1091,True
Botswana,All,2016,13,True
Global Partnership on Artificial Intelligence,All,2022,150518,True
South Korea,All,2026,272,False
Nepal,All,2021,87,True
Malawi,All,2019,4,True
Lithuania,All,2016,92,True
EU,All,2020,41704,True
Brazil,All,2017,2139,True
Netherlands,All,2020,3232,True
Austria,All,2022,1859,True
Finland,All,2021,1397,True
Finland,All,2026,19,False
Dominican Republic,All,2018,5,True
Kosovo,All,2020,9,True
Iceland,All,2016,69,True
Samoa,All,2023,3,True
Serbia,All,2019,345,True
Serbia,All,2020,346,True
Trinidad and Tobago,All,2019,13,True
Niger,All,2019,2,True
Malaysia,All,2020,2318,True
NATO,All,2021,106378,True
Myanmar,All,2024,102,True
Latvia,All,2017,71,True
Nigeria,All,2019,431,True
Sierra Leone,All,2025,3,False
Portugal,All,2026,24,False
Colombia,All,2022,603,True
Argentina,All,2021,310,True
Burkina Faso,All,2021,13,True
France,Computer Vision,2021,1919,True
Finland,Computer Vision,2022,342,True
Madagascar,Computer Vision,2016,1,True
Namibia,Computer Vision,2017,2,True
Czechia,Computer Vision,2022,232,True
Kosovo,Computer Vision,2019,4,True
Italy,Computer Vision,2026,54,False
South Korea,Computer Vision,2021,2927,True
Ireland,Computer Vision,2023,316,True
Sudan,Computer Vision,2025,11,False
Burkina Faso,Computer Vision,2025,5,False
United States,Computer Vision,2020,10211,True
Hungary,Computer Vision,2020,129,True
Sri Lanka,Computer Vision,2025,66,False
Ukraine,Computer Vision,2022,240,True
Denmark,Computer Vision,2024,379,True
Kyrgyzstan,Computer Vision,2023,7,True
Timor-Leste,Computer Vision,2017,1,True
India,Computer Vision,2017,5302,True
Malaysia,Computer Vision,2026,10,False
China,Computer Vision,2024,45376,True
Jordan,Computer Vision,2022,160,True
Ethiopia,Computer Vision,2019,23,True
Côte d'Ivoire,Computer Vision,2019,2,True
Romania,Computer Vision,2017,229,True
Mauritius,Computer Vision,2016,1,True
Mauritius,Computer Vision,2019,4,True
Five Eyes,Large language models,2026,2,False
Mexico,Large language models,2019,2,True
Uganda,Large language models,2023,6,True
Uzbekistan,Large language models,2023,2,True
Switzerland,Large language models,2025,222,False
Luxembourg,Large language models,2021,5,True
Denmark,Large language models,2021,57,True
NATO,Large language models,2017,504,True
NATO,Large language models,2024,9188,True
Indonesia,Large language models,2016,2,True
Romania,Large language models,2025,32,False
Australia,Large language models,2017,25,True
Guyana,Large language models,2023,1,True
Hungary,Large language models,2021,14,True
Finland,Large language models,2016,3,True
Ecuador,Large language models,2019,1,True
Turkey,Large language models,2025,217,False
OECD,Large language models,2021,6267,True
Kuwait,Large language models,2022,4,True
Kuwait,Large language models,2025,12,False
Croatia,Large language models,2016,1,True
Tanzania,Large language models,2023,2,True
Tajikistan,Large language models,2025,1,False
Nepal,Large language models,2024,12,True
Nigeria,Natural Language Processing,2018,27,True
Uruguay,Natural Language Processing,2019,7,True
Uruguay,Natural Language Processing,2021,9,True
Namibia,Natural Language Processing,2022,1,True
Japan,Natural Language Processing,2021,830,True
Moldova,Natural Language Processing,2023,1,True
Senegal,Natural Language Processing,2025,1,False
Portugal,Natural Language Processing,2020,148,True
Belarus,Natural Language Processing,2021,5,True
Pakistan,Natural Language Processing,2024,255,True
Russia,Natural Language Processing,2016,243,True
Russia,Natural Language Processing,2024,351,True
Vietnam,Natural Language Processing,2020,129,True
Vietnam,Natural Language Processing,2021,208,True
Burkina Faso,Natural Language Processing,2023,4,True
United Kingdom,Natural Language Processing,2023,1938,True
Croatia,Natural Language Processing,2018,44,True
Azerbaijan,Natural Language Processing,2017,4,True
Azerbaijan,Natural Language Processing,2018,16,True
Kosovo,Natural Language Processing,2019,4,True
Kosovo,Natural Language Processing,2020,1,True
Honduras,Natural Language Processing,2022,1,True
Belgium,Natural Language Processing,2022,220,True
Belgium,Natural Language Processing,2023,213,True
Europe,Natural Language Processing,2019,6028,True
Five Eyes,Natural Language Processing,2026,148,False
Malawi,Natural Language Processing,2018,1,True
Kyrgyzstan,Natural Language Processing,2021,6,True
Australia,Natural Language Processing,2019,383,True
Libya,Natural Language Processing,2017,1,True
Jordan,Natural Language Processing,2018,55,True
Taiwan,Natural Language Processing,2023,241,True
Myanmar,Natural Language Processing,2016,10,True
Serbia,Natural Language Processing,2016,27,True
Bahrain,Natural Language Processing,2018,3,True
Bahrain,Natural Language Processing,2020,6,True
Armenia,Natural Language Processing,2024,7,True
Madagascar,Natural Language Processing,2022,2,True
NATO,Robotics,2025,11060,False
Monaco,Robotics,2021,1,True
Bahrain,Robotics,2017,5,True
Bahrain,Robotics,2020,4,True
Croatia,Robotics,2019,58,True
Ghana,Robotics,2023,3,True
Serbia,Robotics,2025,34,False
Mongolia,Robotics,2017,1,True
Global Partnership on Artificial Intelligence,Robotics,2021,23930,True
Russia,Robotics,2021,1132,True
Cape Verde,Robotics,2017,1,True
Turkey,Robotics,2024,500,True
Thailand,Robotics,2017,101,True
Germany,Robotics,2021,2266,True
Vietnam,Robotics,2021,272,True
Myanmar,Robotics,2024,8,True
Hungary,Robotics,2016,84,True
Brunei,Robotics,2019,4,True
France,Robotics,2019,1245,True
New Zealand,Robotics,2020,107,True
Ethiopia,Robotics,2018,4,True
Tajikistan,Robotics,2024,1,True
Asia,Robotics,2021,21806,True
Chile,Robotics,2024,81,True
Albania,Robotics,2020,2,True
Maldives,Robotics,2025,1,False
Saint Vincent and the Grenadines,Robotics,2023,1,True
Botswana,Robotics,2022,3,True
Europe,Robotics,2019,11418,True
North Macedonia,Robotics,2016,8,True
Kenya,Robotics,2022,11,True
Indonesia,AI Safety,2023,40,True
New Zealand,AI Safety,2018,4,True
Hungary,AI Safety,2019,1,True
Armenia,AI Safety,2024,2,True
Uzbekistan,AI Safety,2024,9,True
Romania,AI Safety,2016,3,True
Nigeria,AI Safety,2024,34,True
Lithuania,AI Safety,2024,5,True
Ukraine,AI Safety,2021,2,True
Ethiopia,AI Safety,2025,4,False
Bangladesh,AI Safety,2019,3,True
Bangladesh,AI Safety,2020,6,True
India,AI Safety,2023,551,True
Serbia,AI Safety,2021,5,True
Five Eyes,AI Safety,2018,1300,True
Five Eyes,AI Safety,2026,67,False
Finland,AI Safety,2017,10,True
Global Partnership on Artificial Intelligence,AI Safety,2026,103,False
Japan,AI Safety,2025,228,False
Malta,AI Safety,2023,1,True
Denmark,AI Safety,2016,8,True
Netherlands,AI Safety,2025,166,False
Iran,AI Safety,2016,3,True
Cyprus,AI Safety,2023,15,True
Qatar,AI Safety,2022,15,True
Thailand,AI Safety,2023,11,True
Moldova,AI Safety,2024,1,True
OECD,AI Safety,2024,5562,True
Australia,AI Safety,2025,304,False
Canada,All,2022,7806,True
Kuwait,All,2016,47,True
Togo,All,2023,7,True
Ireland,All,2021,1047,True
South Korea,All,2021,8199,True
Côte d'Ivoire,All,2023,28,True
Malawi,All,2018,2,True
Papua New Guinea,All,2023,16,True
EU,All,2018,32133,True
EU,All,2025,30658,False
Bhutan,All,2022,11,True
Saudi Arabia,All,2019,1539,True
Libya,All,2016,17,True
Libya,All,2017,22,True
Russia,All,2023,3638,True
India,All,2026,37,False
Australia,All,2024,7071,True
Montenegro,All,2016,13,True
Luxembourg,All,2024,296,True
Maldives,All,2017,1,True
Mozambique,All,2021,9,True
Oceania,All,2025,5712,False
Romania,All,2023,1327,True
Peru,All,2022,368,True
Croatia,All,2018,260,True
Angola,All,2019,6,True
Costa Rica,All,2022,58,True
Costa Rica,All,2023,46,True
Kyrgyzstan,All,2019,13,True
Mexico,Computer Vision,2020,350,True
Israel,Computer Vision,2019,208,True
Kuwait,Computer Vision,2025,24,False
Honduras,Computer Vision,2024,7,True
Mozambique,Computer Vision,2025,2,False
Tajikistan,Computer Vision,2020,1,True
Belgium,Computer Vision,2019,291,True
Belgium,Computer Vision,2025,247,False
Lebanon,Computer Vision,2020,45,True
Guatemala,Computer Vision,2023,2,True
Bangladesh,Computer Vision,2019,402,True
Cameroon,Computer Vision,2022,14,True
Iraq,Computer Vision,2020,503,True
Ecuador,Computer Vision,2021,82,True
South Korea,Computer Vision,2024,3229,True
Haiti,Computer Vision,2023,1,True
Sweden,Computer Vision,2017,191,True
OECD,Computer Vision,2016,16799,True
Nepal,Computer Vision,2025,24,False
Cape Verde,Computer Vision,2017,2,True
Gambia,Computer Vision,2022,1,True
Iran,Computer Vision,2019,677,True
Uzbekistan,Computer Vision,2018,5,True
Asia,Computer Vision,2024,80792,True
Thailand,Computer Vision,2019,324,True
Brazil,Computer Vision,2017,566,True
Liberia,Computer Vision,2019,1,True
Jordan,Computer Vision,2024,243,True
Sierra Leone,Computer Vision,2019,1,True
Gabon,Computer Vision,2020,1,True
Sweden,Large language models,2023,148,True
Oman,Large language models,2022,4,True
Saudi Arabia,Large language models,2023,223,True
Philippines,Large language models,2023,35,True
NATO,Large language models,2018,981,True
Togo,Large language models,2023,1,True
South Korea,Large language models,2019,122,True
South Korea,Large language models,2023,882,True
Uruguay,Large language models,2023,4,True
Asia,Large language models,2021,6622,True
Rwanda,Large language models,2024,2,True
Iceland,Large language models,2020,1,True
Zimbabwe,Large language models,2024,1,True
South and Central America,Large language models,2016,1,True
Ukraine,Large language models,2021,13,True
Nepal,Natural Language Processing,2021,8,True
Colombia,Natural Language Processing,2018,25,True
Moldova,Natural Language Processing,2022,3,True
OECD,Natural Language Processing,2016,8251,True
OECD,Natural Language Processing,2022,12488,True
Portugal,Natural Language Processing,2019,124,True
Costa Rica,Natural Language Processing,2021,1,True
France,Natural Language Processing,2024,756,True
Global Partnership on Artificial Intelligence,Natural Language Processing,2017,8870,True
Chile,Natural Language Processing,2021,51,True
Pakistan,Natural Language Processing,2025,141,False
Tunisia,Natural Language Processing,2019,74,True
Netherlands,Natural Language Processing,2026,2,False
Kazakhstan,Natural Language Processing,2016,18,True
Kazakhstan,Natural Language Processing,2020,52,True
Brazil,Natural Language Processing,2025,137,False
Latvia,Natural Language Processing,2021,14,True
Uganda,Natural Language Processing,2023,12,True
Ethiopia,Natural Language Processing,2021,37,True
Syria,Natural Language Processing,2023,9,True
Cyprus,Natural Language Processing,2019,10,True
Myanmar,Natural Language Processing,2018,21,True
Serbia,Natural Language Processing,2022,40,True
Bahrain,Natural Language Processing,2021,8,True
El Salvador,Natural Language Processing,2018,1,True
Romania,Robotics,2017,201,True
Romania,Robotics,2022,243,True
NATO,Robotics,2024,17953,True
Tunisia,Robotics,2016,75,True
Latvia,Robotics,2023,20,True
Italy,Robotics,2017,1325,True
Paraguay,Robotics,2017,5,True
Bosnia and Herzegovina,Robotics,2019,21,True
Bosnia and Herzegovina,Robotics,2021,20,True
Fiji,Robotics,2016,4,True
Fiji,Robotics,2022,11,True
Mongolia,Robotics,2023,1,True
South and Central America,Robotics,2016,691,True
Oceania,Robotics,2019,814,True
Sweden,Robotics,2019,369,True
India,Robotics,2017,1044,True
Morocco,Robotics,2018,25,True
Bolivia,Robotics,2020,1,True
Ireland,Robotics,2017,54,True
Niger,Robotics,2024,1,True
Malta,Robotics,2020,6,True
North America and the Caribbean,Robotics,2020,8335,True
Panama,Robotics,2017,6,True
Sudan,Robotics,2018,3,True
Sudan,Robotics,2019,3,True
EU,Robotics,2022,9445,True
Albania,Robotics,2023,2,True
Saudi Arabia,Robotics,2023,263,True
Armenia,Robotics,2018,1,True
Singapore,Robotics,2020,459,True
Lithuania,Robotics,2020,26,True
Barbados,Robotics,2025,1,False
Germany,AI Safety,2025,419,False
United Kingdom,AI Safety,2016,114,True
Indonesia,AI Safety,2024,60,True
Slovakia,AI Safety,2020,1,True
Sweden,AI Safety,2024,113,True
Greece,AI Safety,2021,28,True
Burkina Faso,AI Safety,2022,1,True
Tanzania,AI Safety,2024,4,True
Lithuania,AI Safety,2023,4,True
Morocco,AI Safety,2025,35,False
France,AI Safety,2021,172,True
Bangladesh,AI Safety,2022,9,True
United Arab Emirates,AI Safety,2025,72,False
Malaysia,AI Safety,2017,5,True
Libya,AI Safety,2024,1,True
Sri Lanka,AI Safety,2019,3,True
Taiwan,AI Safety,2021,44,True
Malta,AI Safety,2017,2,True
Malta,AI Safety,2018,4,True
Senegal,AI Safety,2023,2,True
Iran,AI Safety,2021,16,True
Russia,AI Safety,2016,5,True
Cape Verde,AI Safety,2024,1,True
Czechia,All,2024,825,True
Venezuela,All,2019,62,True
Canada,All,2019,5520,True
Cameroon,All,2018,27,True
Pakistan,All,2020,1951,True
Europe,All,2017,39191,True
Europe,All,2019,53399,True
China,All,2023,104292,True
Indonesia,All,2017,1791,True
New Zealand,All,2024,872,True
Fiji,All,2022,34,True
Panama,All,2016,8,True
ASEAN,All,2018,8408,True
Brazil,All,2018,2913,True
Asia,All,2022,166504,True
OECD,All,2025,90202,False
Austria,All,2025,1022,False
Slovenia,All,2025,253,False
Democratic Republic of the Congo,All,2025,22,False
Cyprus,All,2023,430,True
Bolivia,All,2022,11,True
Sudan,All,2021,97,True
Jamaica,All,2023,8,True
Burundi,All,2019,11,True
Malaysia,All,2016,1537,True
South and Central America,All,2018,4593,True
Benin,All,2023,32,True
Romania,All,2019,1096,True
Slovakia,All,2018,291,True
Slovakia,All,2022,443,True
Croatia,All,2020,360,True
Rwanda,All,2024,89,True
Andorra,All,2025,1,False
Guatemala,All,2019,15,True
Barbados,All,2020,2,True
Israel,Computer Vision,2017,156,True
Greece,Computer Vision,2017,179,True
Netherlands,Computer Vision,2023,964,True
Egypt,Computer Vision,2019,365,True
Belgium,Computer Vision,2018,274,True
Argentina,Computer Vision,2019,49,True
Chile,Computer Vision,2023,119,True
Ghana,Computer Vision,2021,55,True
Somalia,Computer Vision,2022,1,True
Czechia,Computer Vision,2018,224,True
South Korea,Computer Vision,2022,3196,True
Haiti,Computer Vision,2022,2,True
Haiti,Computer Vision,2025,2,False
Tunisia,Computer Vision,2024,293,True
Tunisia,Computer Vision,2025,147,False
Sudan,Computer Vision,2022,20,True
Myanmar,Computer Vision,2017,19,True
OECD,Computer Vision,2019,26322,True
United Kingdom,Computer Vision,2018,2109,True
Costa Rica,Computer Vision,2024,14,True
United States,Computer Vision,2017,5499,True
Australia,Computer Vision,2021,2023,True
EU,Computer Vision,2018,7567,True
Turkey,Computer Vision,2023,1295,True
Algeria,Computer Vision,2017,183,True
Nigeria,Computer Vision,2019,102,True
Japan,Computer Vision,2017,1608,True
Uruguay,Computer Vision,2024,15,True
Panama,Computer Vision,2025,4,False
Africa,Computer Vision,2025,1190,False
Malaysia,Computer Vision,2022,1081,True
Brazil,Computer Vision,2018,725,True
Papua New Guinea,Computer Vision,2019,3,True
Papua New Guinea,Computer Vision,2024,1,True
Cyprus,Computer Vision,2020,79,True
Ethiopia,Computer Vision,2018,19,True
Armenia,Computer Vision,2016,3,True
Armenia,Computer Vision,2023,16,True
Mauritius,Computer Vision,2021,9,True
New Zealand,Computer Vision,2021,206,True
New Zealand,Computer Vision,2023,239,True
Vietnam,Large language models,2018,5,True
Europe,Large language models,2016,174,True
Saudi Arabia,Large language models,2021,53,True
Canada,Large language models,2019,137,True
Italy,Large language models,2019,34,True
Cyprus,Large language models,2021,3,True
North Korea,Large language models,2022,1,True
Japan,Large language models,2017,66,True
Ecuador,Large language models,2021,3,True
Oceania,Large language models,2016,16,True
Oceania,Large language models,2023,761,True
United States,Large language models,2022,3189,True
United Arab Emirates,Natural Language Processing,2020,80,True
Argentina,Natural Language Processing,2025,14,False
ASEAN,Natural Language Processing,2023,2253,True
ASEAN,Natural Language Processing,2025,881,False
Colombia,Natural Language Processing,2025,28,False
Senegal,Natural Language Processing,2018,2,True
Senegal,Natural Language Processing,2019,6,True
OECD,Natural Language Processing,2023,15793,True
Lebanon,Natural Language Processing,2017,22,True
Costa Rica,Natural Language Processing,2025,1,False
South and Central America,Natural Language Processing,2021,586,True
Saudi Arabia,Natural Language Processing,2016,95,True
Bangladesh,Natural Language Processing,2018,102,True
Kazakhstan,Natural Language Processing,2017,13,True
Liechtenstein,Natural Language Processing,2023,5,True
Azerbaijan,Natural Language Processing,2021,14,True
Georgia,Natural Language Processing,2018,6,True
Brazil,Natural Language Processing,2018,350,True
South Africa,Natural Language Processing,2017,35,True
Singapore,Natural Language Processing,2018,209,True
Venezuela,Natural Language Processing,2018,3,True
EU,Natural Language Processing,2018,3935,True
Peru,Natural Language Processing,2023,22,True
Bulgaria,Natural Language Processing,2022,32,True
Oceania,Natural Language Processing,2026,14,False
Australia,Natural Language Processing,2025,463,False
Botswana,Natural Language Processing,2023,7,True
El Salvador,Natural Language Processing,2019,1,True
ASEAN,Robotics,2019,1460,True
Romania,Robotics,2018,266,True
Romania,Robotics,2020,269,True
Oman,Robotics,2021,12,True
Yemen,Robotics,2017,1,True
Yemen,Robotics,2021,5,True
Yemen,Robotics,2024,8,True
Italy,Robotics,2020,1701,True
Poland,Robotics,2019,366,True
Algeria,Robotics,2023,129,True
Costa Rica,Robotics,2022,8,True
Belarus,Robotics,2019,25,True
Burkina Faso,Robotics,2019,1,True
Greece,Robotics,2025,168,False
Uruguay,Robotics,2016,6,True
Mexico,Robotics,2020,346,True
Bolivia,Robotics,2022,2,True
Estonia,Robotics,2024,56,True
Honduras,Robotics,2024,13,True
Sri Lanka,Robotics,2017,45,True
Sri Lanka,Robotics,2020,58,True
EU,Robotics,2016,6617,True
Belgium,Robotics,2022,370,True
Liechtenstein,Robotics,2016,1,True
South Africa,Robotics,2025,36,False
South Africa,Robotics,2026,1,False
Cyprus,Robotics,2020,35,True
Namibia,Robotics,2023,3,True
Botswana,Robotics,2021,12,True
Europe,Robotics,2022,13101,True
Nigeria,Robotics,2017,16,True
Nigeria,Robotics,2024,71,True
Azerbaijan,Robotics,2017,1,True
Norway,Robotics,2023,271,True
Europe,AI Safety,2020,1363,True
Bulgaria,AI Safety,2024,10,True
South Africa,AI Safety,2019,6,True
Uzbekistan,AI Safety,2023,4,True
Zambia,AI Safety,2023,1,True
Cuba,AI Safety,2024,1,True
Bangladesh,AI Safety,2021,6,True
India,AI Safety,2018,51,True
Kenya,AI Safety,2020,1,True
Colombia,AI Safety,2016,1,True
Sri Lanka,AI Safety,2022,2,True
Taiwan,AI Safety,2025,62,False
Senegal,AI Safety,2024,1,True
Senegal,AI Safety,2025,5,False
ASEAN,AI Safety,2021,162,True
Iran,AI Safety,2018,7,True
Thailand,AI Safety,2019,4,True
Madagascar,All,2017,2,True
Madagascar,All,2022,6,True
Pakistan,All,2023,3474,True
Uruguay,All,2023,71,True
Botswana,All,2021,45,True
Global Partnership on Artificial Intelligence,All,2025,108001,False
South Korea,All,2016,3079,True
Nepal,All,2025,89,False
Panama,All,2019,19,True
Panama,All,2020,18,True
Malawi,All,2020,4,True
Papua New Guinea,All,2016,1,True
Georgia,All,2018,20,True
Saudi Arabia,All,2026,32,False
Thailand,All,2020,866,True
United States,All,2023,50230,True
Switzerland,All,2021,3124,True
Finland,All,2024,1408,True
Libya,All,2022,100,True
Russia,All,2025,1943,False
Ukraine,All,2026,2,False
Dominican Republic,All,2022,6,True
India,All,2022,31239,True
Cuba,All,2016,80,True
Jamaica,All,2016,9,True
Hungary,All,2016,338,True
Trinidad and Tobago,All,2016,8,True
Turkey,All,2016,1482,True
Malaysia,All,2021,3269,True
Timor-Leste,All,2017,1,True
Timor-Leste,All,2024,3,True
Ghana,All,2020,79,True
Africa,All,2018,3889,True
Iraq,All,2025,1103,False
Slovakia,All,2025,216,False
Latvia,All,2020,128,True
Spain,All,2016,3027,True
Tunisia,All,2025,403,False
Senegal,All,2023,71,True
Burkina Faso,All,2025,22,False
Austria,Computer Vision,2017,227,True
Israel,Computer Vision,2023,357,True
Republic of the Congo,Computer Vision,2023,1,True
Moldova,Computer Vision,2018,1,True
Democratic Republic of the Congo,Computer Vision,2022,4,True
Ghana,Computer Vision,2018,19,True
ASEAN,Computer Vision,2022,5000,True
Uganda,Computer Vision,2020,15,True
Ireland,Computer Vision,2016,92,True
Grenada,Computer Vision,2024,1,True
Maldives,Computer Vision,2022,3,True
OECD,Computer Vision,2022,33549,True
Georgia,Computer Vision,2018,1,True
United States,Computer Vision,2023,11681,True
United States,Computer Vision,2024,10939,True
Serbia,Computer Vision,2020,82,True
South Africa,Computer Vision,2023,223,True
Hungary,Computer Vision,2025,120,False
Uzbekistan,Computer Vision,2025,97,False
Philippines,Computer Vision,2018,128,True
Philippines,Computer Vision,2021,221,True
Iceland,Computer Vision,2024,24,True
Oceania,Computer Vision,2018,1394,True
Morocco,Computer Vision,2025,133,False
Pakistan,Computer Vision,2016,250,True
Germany,Computer Vision,2026,49,False
Papua New Guinea,Computer Vision,2025,7,False
Spain,Computer Vision,2018,915,True
Malta,Computer Vision,2016,20,True
Malta,Computer Vision,2018,18,True
Armenia,Computer Vision,2024,15,True
Bolivia,Computer Vision,2021,1,True
Sweden,Large language models,2020,33,True
Mexico,Large language models,2018,1,True
Mexico,Large language models,2023,28,True
Uganda,Large language models,2024,7,True
Spain,Large language models,2025,186,False
Kazakhstan,Large language models,2020,4,True
Ethiopia,Large language models,2020,3,True
ASEAN,Large language models,2016,23,True
Japan,Large language models,2019,243,True
Iceland,Large language models,2021,1,True
Oceania,Large language models,2017,29,True
Ukraine,Large language models,2020,5,True
United States,Large language models,2016,208,True
Armenia,Large language models,2020,1,True
Morocco,Large language models,2022,25,True
Morocco,Large language models,2023,38,True
Panama,Large language models,2024,1,True
Montenegro,Natural Language Processing,2024,3,True
Canada,Natural Language Processing,2016,371,True
Romania,Natural Language Processing,2020,149,True
Senegal,Natural Language Processing,2024,5,True
Oman,Natural Language Processing,2024,35,True
South Korea,Natural Language Processing,2022,513,True
South Korea,Natural Language Processing,2025,397,False
Belarus,Natural Language Processing,2018,4,True
Costa Rica,Natural Language Processing,2016,1,True
Qatar,Natural Language Processing,2023,65,True
Russia,Natural Language Processing,2019,454,True
Ecuador,Natural Language Processing,2018,22,True
Norway,Natural Language Processing,2016,80,True
Iran,Natural Language Processing,2016,79,True
Iran,Natural Language Processing,2018,109,True
Brunei,Natural Language Processing,2021,6,True
Zambia,Natural Language Processing,2023,7,True
Netherlands,Natural Language Processing,2019,430,True
Netherlands,Natural Language Processing,2020,487,True
Haiti,Natural Language Processing,2021,1,True
Ukraine,Natural Language Processing,2023,161,True
EU,Natural Language Processing,2021,4957,True
Oceania,Natural Language Processing,2024,693,True
Asia,Natural Language Processing,2017,5658,True
Asia,Natural Language Processing,2026,225,False
Cyprus,Natural Language Processing,2021,14,True
Cuba,Natural Language Processing,2020,8,True
Cuba,Natural Language Processing,2022,1,True
Tanzania,Natural Language Processing,2025,6,False
Sweden,Natural Language Processing,2020,193,True
Panama,Natural Language Processing,2023,1,True
Spain,Natural Language Processing,2022,501,True
Spain,Natural Language Processing,2024,477,True
Trinidad and Tobago,Natural Language Processing,2016,1,True
Angola,Natural Language Processing,2022,1,True
Africa,Robotics,2016,386,True
Denmark,Robotics,2018,253,True
NATO,Robotics,2023,19344,True
Oman,Robotics,2016,5,True
Qatar,Robotics,2016,22,True
United States,Robotics,2019,6407,True
Croatia,Robotics,2022,79,True
Kosovo,Robotics,2025,3,False
Uzbekistan,Robotics,2021,12,True
Uzbekistan,Robotics,2024,22,True
Poland,Robotics,2021,298,True
United Kingdom,Robotics,2025,1445,False
Philippines,Robotics,2021,68,True
Honduras,Robotics,2018,2,True
Ethiopia,Robotics,2024,25,True
Kazakhstan,Robotics,2021,56,True
Albania,Robotics,2016,1,True
South Africa,Robotics,2016,50,True
Zimbabwe,Robotics,2021,5,True
Netherlands,Robotics,2018,439,True
South Korea,Robotics,2018,1114,True
Singapore,Robotics,2024,545,True
Ukraine,Robotics,2023,221,True
Lithuania,Robotics,2025,25,False
Malaysia,Robotics,2016,316,True
Norway,Robotics,2019,166,True
Syria,Robotics,2020,7,True
Italy,AI Safety,2024,274,True
United Kingdom,AI Safety,2022,384,True
Belgium,AI Safety,2018,15,True
Pakistan,AI Safety,2017,1,True
North America and the Caribbean,AI Safety,2021,2252,True
South Africa,AI Safety,2023,15,True
China,AI Safety,2020,735,True
Romania,AI Safety,2024,24,True
Ireland,AI Safety,2020,22,True
Cuba,AI Safety,2021,2,True
Bangladesh,AI Safety,2023,33,True
Serbia,AI Safety,2026,1,False
Taiwan,AI Safety,2018,18,True
Saudi Arabia,AI Safety,2016,6,True
Costa Rica,AI Safety,2021,2,True
Lebanon,AI Safety,2021,1,True
United States,AI Safety,2024,2480,True
Five Eyes,All,2024,73872,True
Swaziland,All,2017,1,True
Kuwait,All,2025,175,False
Republic of the Congo,All,2018,2,True
Uruguay,All,2019,48,True
Botswana,All,2019,13,True
New Zealand,All,2025,550,False
Kenya,All,2018,42,True
Fiji,All,2017,24,True
Côte d'Ivoire,All,2025,10,False
Ecuador,All,2020,368,True
Ecuador,All,2025,239,False
Mongolia,All,2020,15,True
Syria,All,2019,29,True
Georgia,All,2022,39,True
Bhutan,All,2016,1,True
ASEAN,All,2019,10200,True
Lebanon,All,2017,135,True
Thailand,All,2026,1,False
San Marino,All,2017,1,True
Libya,All,2023,125,True
Cyprus,All,2019,205,True
Sudan,All,2023,88,True
Russia,All,2026,25,False
Chile,All,2019,336,True
Dominican Republic,All,2017,1,True
Dominican Republic,All,2025,14,False
India,All,2021,29077,True
South Africa,All,2020,692,True
Trinidad and Tobago,All,2023,33,True
Australia,All,2025,5208,False
Turkey,All,2017,1763,True
Oman,All,2024,600,True
Brunei,All,2024,100,True
Monaco,All,2024,1,True
Belgium,All,2022,1882,True
Belgium,All,2024,1742,True
Africa,All,2022,8241,True
Africa,All,2023,9463,True
Romania,All,2021,1271,True
Costa Rica,All,2017,22,True
Costa Rica,All,2024,70,True
El Salvador,All,2017,3,True
Nigeria,All,2025,466,False
Philippines,All,2025,472,False
France,All,2022,7257,True
Liechtenstein,All,2023,16,True
Portugal,All,2021,1748,True
Argentina,All,2020,317,True
Mexico,Computer Vision,2016,266,True
Greece,Computer Vision,2021,385,True
Honduras,Computer Vision,2020,21,True
Mozambique,Computer Vision,2019,4,True
Argentina,Computer Vision,2021,72,True
Taiwan,Computer Vision,2023,1501,True
Bangladesh,Computer Vision,2017,182,True
Ecuador,Computer Vision,2019,82,True
Ecuador,Computer Vision,2023,78,True
Rwanda,Computer Vision,2026,1,False
Canada,Computer Vision,2021,2193,True
Yemen,Computer Vision,2018,3,True
OECD,Computer Vision,2017,17875,True
Australia,Computer Vision,2022,1913,True
Quad,Computer Vision,2024,32918,True
Algeria,Computer Vision,2025,115,False
Portugal,Computer Vision,2017,235,True
Angola,Computer Vision,2019,1,True
Tanzania,Computer Vision,2025,7,False
Asia,Computer Vision,2017,24618,True
Morocco,Computer Vision,2024,385,True
Benin,Computer Vision,2017,2,True
Fiji,Computer Vision,2019,2,True
Fiji,Computer Vision,2024,4,True
Jordan,Computer Vision,2021,132,True
NATO,Computer Vision,2021,26091,True
Paraguay,Computer Vision,2019,9,True
Luxembourg,Computer Vision,2016,18,True
Armenia,Computer Vision,2022,9,True
Niger,Computer Vision,2019,1,True
Global Partnership on Artificial Intelligence,Computer Vision,2024,49532,True
Austria,Large language models,2016,1,True
Taiwan,Large language models,2018,37,True
Pakistan,Large language models,2024,140,True
Europe,Large language models,2020,1342,True
Philippines,Large language models,2021,7,True
Canada,Large language models,2016,23,True
Italy,Large language models,2025,412,False
Yemen,Large language models,2020,1,True
Ghana,Large language models,2020,1,True
Afghanistan,Large language models,2025,2,False
Jordan,Large language models,2024,47,True
Germany,Large language models,2017,49,True
Egypt,Large language models,2021,30,True
Lebanon,Large language models,2019,2,True
China,Large language models,2023,10607,True
Honduras,Large language models,2025,1,False
Mauritius,Large language models,2018,1,True
OECD,Large language models,2024,11648,True
Cameroon,Large language models,2022,1,True
Greece,Large language models,2017,2,True
Latvia,Large language models,2019,1,True
Iran,Large language models,2021,36,True
Quad,Large language models,2017,392,True
Malawi,Large language models,2022,2,True
United States,Natural Language Processing,2026,101,False
Romania,Natural Language Processing,2017,118,True
Tajikistan,Natural Language Processing,2023,1,True
Portugal,Natural Language Processing,2023,173,True
France,Natural Language Processing,2017,627,True
Lesotho,Natural Language Processing,2024,1,True
Pakistan,Natural Language Processing,2019,145,True
Norway,Natural Language Processing,2025,85,False
Iran,Natural Language Processing,2019,139,True
Saudi Arabia,Natural Language Processing,2026,1,False
Vietnam,Natural Language Processing,2016,91,True
Vietnam,Natural Language Processing,2022,200,True
India,Natural Language Processing,2025,1746,False
Lithuania,Natural Language Processing,2016,17,True
Lithuania,Natural Language Processing,2023,30,True
Iceland,Natural Language Processing,2021,5,True
Kazakhstan,Natural Language Processing,2022,44,True
Albania,Natural Language Processing,2017,5,True
Egypt,Natural Language Processing,2024,151,True
Hungary,Natural Language Processing,2019,58,True
Hungary,Natural Language Processing,2023,100,True
Bahamas,Natural Language Processing,2024,1,True
Yemen,Natural Language Processing,2017,8,True
New Zealand,Natural Language Processing,2023,89,True
South Sudan,Natural Language Processing,2022,1,True
Five Eyes,Natural Language Processing,2018,5016,True
Bulgaria,Natural Language Processing,2018,27,True
Malawi,Natural Language Processing,2020,1,True
Fiji,Natural Language Processing,2022,3,True
Philippines,Natural Language Processing,2020,33,True
Poland,Natural Language Processing,2017,178,True
Poland,Natural Language Processing,2020,180,True
Bosnia and Herzegovina,Natural Language Processing,2023,14,True
Marshall Islands,Natural Language Processing,2017,1,True
Turkey,Natural Language Processing,2023,306,True
Sudan,Natural Language Processing,2024,4,True
Tanzania,Natural Language Processing,2023,11,True
Jordan,Natural Language Processing,2023,111,True
Myanmar,Natural Language Processing,2019,34,True
Israel,Natural Language Processing,2017,125,True
Africa,Natural Language Processing,2016,360,True
Czechia,Natural Language Processing,2025,52,False
Pakistan,Robotics,2019,174,True
Papua New Guinea,Robotics,2021,2,True
Five Eyes,Robotics,2019,9491,True
Tunisia,Robotics,2020,80,True
Tunisia,Robotics,2021,62,True
Monaco,Robotics,2020,1,True
Indonesia,Robotics,2020,434,True
Latvia,Robotics,2018,13,True
United States,Robotics,2023,7273,True
United States,Robotics,2025,4583,False
United Arab Emirates,Robotics,2023,279,True
Costa Rica,Robotics,2025,7,False
Colombia,Robotics,2016,111,True
Moldova,Robotics,2022,3,True
Thailand,Robotics,2021,137,True
Uruguay,Robotics,2020,2,True
Ireland,Robotics,2019,77,True
Philippines,Robotics,2017,29,True
Quad,Robotics,2022,12474,True
Honduras,Robotics,2020,12,True
France,Robotics,2025,578,False
New Zealand,Robotics,2025,56,False
Luxembourg,Robotics,2022,43,True
Ethiopia,Robotics,2016,4,True
Belgium,Robotics,2025,188,False
Netherlands,Robotics,2017,366,True
El Salvador,Robotics,2020,7,True
South Korea,Robotics,2020,1216,True
South Korea,Robotics,2022,1438,True
Singapore,Robotics,2017,356,True
Czechia,Robotics,2023,185,True
Argentina,Robotics,2017,53,True
Azerbaijan,Robotics,2016,3,True
Europe,AI Safety,2024,2549,True
Italy,AI Safety,2025,253,False
Switzerland,AI Safety,2020,83,True
Mexico,AI Safety,2019,5,True
South Korea,AI Safety,2018,35,True
Bangladesh,AI Safety,2026,1,False
Argentina,AI Safety,2020,2,True
Malaysia,AI Safety,2022,12,True
Malaysia,AI Safety,2025,75,False
Norway,AI Safety,2025,46,False
Taiwan,AI Safety,2019,19,True
Denmark,AI Safety,2018,10,True
Netherlands,AI Safety,2024,164,True
Tunisia,AI Safety,2017,2,True
Qatar,AI Safety,2016,2,True
Qatar,AI Safety,2018,5,True
North Macedonia,AI Safety,2017,2,True
Liechtenstein,AI Safety,2023,3,True
Oman,AI Safety,2023,3,True
Benin,AI Safety,2025,1,False
Five Eyes,All,2016,32495,True
Swaziland,All,2016,1,True
Poland,All,2026,23,False
Canada,All,2017,3665,True
Egypt,All,2019,1087,True
Cameroon,All,2024,111,True
Uruguay,All,2018,36,True
Bosnia and Herzegovina,All,2021,118,True
Botswana,All,2017,11,True
Papua New Guinea,All,2018,5,True
Papua New Guinea,All,2024,19,True
Brazil,All,2026,59,False
Cambodia,All,2020,10,True
Austria,All,2023,1953,True
Bolivia,All,2019,3,True
Sudan,All,2022,79,True
Haiti,All,2016,1,True
Iceland,All,2021,63,True
Turkey,All,2024,4906,True
Honduras,All,2018,6,True
NATO,All,2026,2361,False
Belarus,All,2023,107,True
Belarus,All,2024,113,True
Romania,All,2020,1228,True
Iraq,All,2017,380,True
Slovakia,All,2021,419,True
Barbados,All,2017,1,True
France,All,2024,7342,True
Germany,All,2019,8550,True
Mauritania,All,2017,1,True
Portugal,All,2016,1066,True
Tunisia,All,2016,765,True
Argentina,All,2024,288,True
Kuwait,Computer Vision,2024,64,True
Botswana,Computer Vision,2024,12,True
Lebanon,Computer Vision,2025,40,False
ASEAN,Computer Vision,2023,6301,True
Kosovo,Computer Vision,2024,4,True
Trinidad and Tobago,Computer Vision,2023,6,True
Ireland,Computer Vision,2022,217,True
Tunisia,Computer Vision,2021,307,True
Maldives,Computer Vision,2019,1,True
Georgia,Computer Vision,2021,3,True
Singapore,Computer Vision,2019,762,True
Five Eyes,Computer Vision,2021,17730,True
Europe,Computer Vision,2018,11186,True
Algeria,Computer Vision,2020,258,True
Uzbekistan,Computer Vision,2017,3,True
Kyrgyzstan,Computer Vision,2024,8,True
Africa,Computer Vision,2024,2657,True
Cambodia,Computer Vision,2025,6,False
Bulgaria,Computer Vision,2020,46,True
Montenegro,Computer Vision,2021,6,True
Spain,Computer Vision,2021,1169,True
Indonesia,Computer Vision,2021,1476,True
Belarus,Computer Vision,2018,26,True
Côte d'Ivoire,Computer Vision,2021,6,True
Kenya,Computer Vision,2016,9,True
Brunei,Computer Vision,2023,39,True
Mauritius,Computer Vision,2018,2,True
Global Partnership on Artificial Intelligence,Computer Vision,2019,31727,True
Uganda,Large language models,2022,4,True
Oman,Large language models,2024,13,True
Uzbekistan,Large language models,2025,15,False
Malaysia,Large language models,2024,141,True
NATO,Large language models,2020,3266,True
Albania,Large language models,2025,2,False
Indonesia,Large language models,2021,59,True
ASEAN,Large language models,2023,1284,True
Yemen,Large language models,2019,1,True
Japan,Large language models,2018,124,True
Jordan,Large language models,2023,28,True
Slovakia,Large language models,2017,2,True
Iceland,Large language models,2023,8,True
EU,Large language models,2020,860,True
Brunei,Large language models,2024,2,True
China,Large language models,2019,1545,True
Slovenia,Large language models,2024,18,True
United Kingdom,Large language models,2024,1235,True
United Kingdom,Large language models,2026,1,False
Brazil,Large language models,2023,107,True
Ukraine,Large language models,2023,32,True
Iran,Large language models,2023,90,True
Montenegro,Natural Language Processing,2019,2,True
Japan,Natural Language Processing,2024,697,True
ASEAN,Natural Language Processing,2022,1665,True
Senegal,Natural Language Processing,2021,1,True
Malta,Natural Language Processing,2021,11,True
Global Partnership on Artificial Intelligence,Natural Language Processing,2026,232,False
Ecuador,Natural Language Processing,2025,17,False
Iran,Natural Language Processing,2020,174,True
Thailand,Natural Language Processing,2022,104,True
Guyana,Natural Language Processing,2024,1,True
India,Natural Language Processing,2016,1029,True
Iceland,Natural Language Processing,2022,10,True
Azerbaijan,Natural Language Processing,2016,9,True
Brazil,Natural Language Processing,2016,248,True
Quad,Natural Language Processing,2017,4686,True
Indonesia,Natural Language Processing,2023,1007,True
Europe,Natural Language Processing,2021,7395,True
Europe,Natural Language Processing,2023,8690,True
Denmark,Natural Language Processing,2022,212,True
Papua New Guinea,Natural Language Processing,2016,1,True
Cuba,Natural Language Processing,2019,11,True
Bosnia and Herzegovina,Natural Language Processing,2022,8,True
Australia,Natural Language Processing,2018,331,True
Afghanistan,Natural Language Processing,2021,2,True
Switzerland,Natural Language Processing,2017,165,True
Czechia,Natural Language Processing,2017,121,True
Sri Lanka,Natural Language Processing,2016,24,True
Sri Lanka,Natural Language Processing,2022,72,True
Mauritius,Natural Language Processing,2022,5,True
Côte d'Ivoire,Natural Language Processing,2020,1,True
Côte d'Ivoire,Natural Language Processing,2025,1,False
Romania,Robotics,2023,264,True
Slovenia,Robotics,2024,62,True
United States,Robotics,2021,6976,True
Serbia,Robotics,2021,44,True
Algeria,Robotics,2018,107,True
Algeria,Robotics,2020,86,True
United Arab Emirates,Robotics,2026,2,False
Costa Rica,Robotics,2017,4,True
Peru,Robotics,2017,41,True
Colombia,Robotics,2024,84,True
Oceania,Robotics,2026,35,False
Sweden,Robotics,2025,251,False
Uruguay,Robotics,2024,12,True
Germany,Robotics,2023,2568,True
India,Robotics,2023,2663,True
Mexico,Robotics,2023,339,True
Jordan,Robotics,2024,76,True
Estonia,Robotics,2022,46,True
Philippines,Robotics,2016,13,True
Sri Lanka,Robotics,2019,51,True
Kyrgyzstan,Robotics,2017,1,True
Belgium,Robotics,2018,256,True
Belgium,Robotics,2019,261,True
Kazakhstan,Robotics,2018,52,True
South Africa,Robotics,2020,67,True
Maldives,Robotics,2024,1,True
South Korea,Robotics,2017,1110,True
Argentina,Robotics,2024,49,True
Kenya,Robotics,2025,2,False
Spain,Robotics,2023,962,True
Spain,Robotics,2024,901,True
Azerbaijan,Robotics,2020,4,True
Tanzania,Robotics,2025,1,False
Pakistan,AI Safety,2023,40,True
Estonia,AI Safety,2018,2,True
South Korea,AI Safety,2017,16,True
Niger,AI Safety,2019,1,True
Brazil,AI Safety,2023,59,True
United Arab Emirates,AI Safety,2018,11,True
Serbia,AI Safety,2023,7,True
Chile,AI Safety,2019,4,True
Norway,AI Safety,2017,8,True
Norway,AI Safety,2018,9,True
Colombia,AI Safety,2023,12,True
Global Partnership on Artificial Intelligence,AI Safety,2017,1166,True
Lebanon,AI Safety,2017,1,True
Lebanon,AI Safety,2019,3,True
United States,AI Safety,2022,1817,True
Singapore,AI Safety,2025,170,False
Belize,All,2019,1,True
Swaziland,All,2019,1,True
Eritrea,All,2023,4,True
Poland,All,2022,2114,True
Egypt,All,2026,11,False
Kuwait,All,2019,73,True
Paraguay,All,2017,13,True
South Sudan,All,2024,1,True
Mauritius,All,2020,26,True
China,All,2022,82800,True
Global Partnership on Artificial Intelligence,All,2024,179593,True
New Zealand,All,2016,484,True
Côte d'Ivoire,All,2021,15,True
Uzbekistan,All,2024,477,True
Cape Verde,All,2017,3,True
ASEAN,All,2017,6381,True
ASEAN,All,2023,19712,True
Gabon,All,2024,6,True
Netherlands,All,2025,2537,False
Thailand,All,2023,1595,True
Slovenia,All,2022,356,True
Haiti,All,2019,1,True
Australia,All,2026,283,False
Montenegro,All,2023,35,True
Monaco,All,2023,1,True
Antigua and Barbuda,All,2024,6,True
NATO,All,2025,72283,False
Singapore,All,2025,2707,False
Singapore,All,2026,187,False
Iraq,All,2020,1063,True
Peru,All,2025,211,False
Rwanda,All,2020,32,True
Bahamas,All,2022,3,True
Japan,All,2026,174,False
Tunisia,All,2019,610,True
Colombia,All,2016,409,True
France,Computer Vision,2024,1825,True
South Sudan,Computer Vision,2025,1,False
Kuwait,Computer Vision,2018,20,True
Greece,Computer Vision,2023,443,True
Argentina,Computer Vision,2022,47,True
Venezuela,Computer Vision,2022,7,True
Chile,Computer Vision,2025,56,False
Iraq,Computer Vision,2022,740,True
ASEAN,Computer Vision,2017,2160,True
Italy,Computer Vision,2018,875,True
Kazakhstan,Computer Vision,2017,25,True
Yemen,Computer Vision,2017,13,True
Sudan,Computer Vision,2020,26,True
Burkina Faso,Computer Vision,2023,4,True
Croatia,Computer Vision,2023,115,True
Georgia,Computer Vision,2023,7,True
Cuba,Computer Vision,2020,20,True
Bhutan,Computer Vision,2021,2,True
Ukraine,Computer Vision,2018,200,True
Iran,Computer Vision,2021,838,True
Denmark,Computer Vision,2022,332,True
Angola,Computer Vision,2024,3,True
Tanzania,Computer Vision,2021,19,True
Fiji,Computer Vision,2016,3,True
India,Computer Vision,2025,8348,False
Brazil,Computer Vision,2023,878,True
Liechtenstein,Computer Vision,2021,3,True
Russia,Computer Vision,2018,647,True
Slovenia,Computer Vision,2019,60,True
Slovenia,Computer Vision,2022,72,True
Malta,Computer Vision,2024,12,True
Belarus,Computer Vision,2020,38,True
Romania,Computer Vision,2019,283,True
New Zealand,Computer Vision,2018,154,True
France,Large language models,2020,171,True
France,Large language models,2021,245,True
Uzbekistan,Large language models,2022,1,True
Switzerland,Large language models,2020,101,True
Costa Rica,Large language models,2025,1,False
NATO,Large language models,2019,1919,True
Qatar,Large language models,2024,22,True
Romania,Large language models,2018,3,True
ASEAN,Large language models,2020,250,True
Australia,Large language models,2025,585,False
South Korea,Large language models,2017,22,True
Hungary,Large language models,2023,24,True
Asia,Large language models,2024,17358,True
Malta,Large language models,2023,6,True
Yemen,Large language models,2023,7,True
Israel,Large language models,2021,118,True
New Zealand,Large language models,2016,3,True
South and Central America,Large language models,2018,25,True
Bangladesh,Large language models,2021,48,True
Singapore,Large language models,2020,172,True
India,Large language models,2025,812,False
Syria,Large language models,2023,2,True
Belgium,Large language models,2019,11,True
Saint Lucia,Large language models,2024,2,True
Poland,Large language models,2016,3,True
Thailand,Large language models,2024,78,True
Cambodia,Large language models,2020,1,True
Nigeria,Natural Language Processing,2016,17,True
Argentina,Natural Language Processing,2017,26,True
Canada,Natural Language Processing,2020,649,True
Paraguay,Natural Language Processing,2020,5,True
Belarus,Natural Language Processing,2019,6,True
Qatar,Natural Language Processing,2018,43,True
Austria,Natural Language Processing,2024,160,True
Thailand,Natural Language Processing,2020,88,True
Guyana,Natural Language Processing,2023,1,True
Netherlands,Natural Language Processing,2021,523,True
United Kingdom,Natural Language Processing,2017,939,True
Azerbaijan,Natural Language Processing,2025,9,False
Dominican Republic,Natural Language Processing,2019,1,True
Ghana,Natural Language Processing,2018,7,True
Uganda,Natural Language Processing,2018,6,True
Bulgaria,Natural Language Processing,2021,37,True
Jamaica,Natural Language Processing,2020,1,True
Bosnia and Herzegovina,Natural Language Processing,2024,6,True
China,Natural Language Processing,2018,2857,True
Eritrea,Natural Language Processing,2024,2,True
Sudan,Natural Language Processing,2022,5,True
Libya,Natural Language Processing,2021,12,True
Greece,Natural Language Processing,2018,67,True
Greece,Natural Language Processing,2024,137,True
Jordan,Natural Language Processing,2021,107,True
Jordan,Natural Language Processing,2025,77,False
Taiwan,Natural Language Processing,2026,5,False
Uzbekistan,Natural Language Processing,2018,5,True
Uzbekistan,Natural Language Processing,2020,29,True
Uzbekistan,Natural Language Processing,2025,33,False
Africa,Natural Language Processing,2025,342,False
Sri Lanka,Natural Language Processing,2023,68,True
Mauritius,Natural Language Processing,2016,3,True
Luxembourg,Natural Language Processing,2021,13,True
Cameroon,Natural Language Processing,2019,4,True
Algeria,Natural Language Processing,2020,55,True
Slovakia,Natural Language Processing,2022,55,True
Pakistan,Robotics,2020,140,True
Romania,Robotics,2016,232,True
Five Eyes,Robotics,2018,8682,True
Kosovo,Robotics,2020,1,True
Bosnia and Herzegovina,Robotics,2020,28,True
Benin,Robotics,2018,2,True
Global Partnership on Artificial Intelligence,Robotics,2022,24243,True
Algeria,Robotics,2022,122,True
Greece,Robotics,2017,159,True
Moldova,Robotics,2020,1,True
Germany,Robotics,2017,1778,True
Germany,Robotics,2024,2370,True
Estonia,Robotics,2016,18,True
Finland,Robotics,2019,181,True
Laos,Robotics,2020,1,True
Hungary,Robotics,2024,153,True
Uganda,Robotics,2023,4,True
Cambodia,Robotics,2019,1,True
New Zealand,Robotics,2021,120,True
Kazakhstan,Robotics,2025,43,False
Iraq,Robotics,2022,174,True
Botswana,Robotics,2024,2,True
Cuba,Robotics,2024,2,True
North Macedonia,Robotics,2025,6,False
Pakistan,AI Safety,2024,68,True
New Zealand,AI Safety,2020,13,True
New Zealand,AI Safety,2023,25,True
Slovakia,AI Safety,2021,5,True
Slovakia,AI Safety,2022,4,True
Africa,AI Safety,2021,43,True
Africa,AI Safety,2024,249,True
Morocco,AI Safety,2024,43,True
Philippines,AI Safety,2023,20,True
NATO,AI Safety,2025,3885,False
Albania,AI Safety,2023,1,True
Global Partnership on Artificial Intelligence,AI Safety,2019,2659,True
Costa Rica,AI Safety,2025,1,False
Russia,AI Safety,2017,7,True
Thailand,AI Safety,2020,3,True
Grenada,All,2018,3,True
Kuwait,All,2018,66,True
Europe,All,2020,60830,True
China,All,2024,110110,True
Bosnia and Herzegovina,All,2018,103,True
Côte d'Ivoire,All,2019,6,True
Syria,All,2018,21,True
Papua New Guinea,All,2020,6,True
Bhutan,All,2025,5,False
Nicaragua,All,2025,1,False
Tajikistan,All,2019,4,True
Tajikistan,All,2021,8,True
Cyprus,All,2022,328,True
Cuba,All,2020,84,True
Kosovo,All,2021,24,True
Jamaica,All,2018,5,True
Australia,All,2019,4794,True
Turkey,All,2018,2118,True
Israel,All,2016,728,True
Antigua and Barbuda,All,2025,1,False
Belgium,All,2016,998,True
Bahrain,All,2016,18,True
Laos,All,2022,2,True
Kyrgyzstan,All,2017,1,True
North America and the Caribbean,All,2020,49944,True
Spain,All,2025,3096,False
Mauritania,All,2024,7,True
Sierra Leone,All,2021,3,True
Senegal,All,2025,24,False
Namibia,Computer Vision,2016,1,True
Netherlands,Computer Vision,2020,661,True
Saudi Arabia,Computer Vision,2022,1411,True
Kazakhstan,Computer Vision,2018,26,True
OECD,Computer Vision,2020,29389,True
Croatia,Computer Vision,2021,114,True
Georgia,Computer Vision,2020,3,True
Serbia,Computer Vision,2019,97,True
Vietnam,Computer Vision,2024,530,True
Sri Lanka,Computer Vision,2019,73,True
El Salvador,Computer Vision,2021,1,True
Denmark,Computer Vision,2017,119,True
Uruguay,Computer Vision,2020,13,True
Morocco,Computer Vision,2016,225,True
Cambodia,Computer Vision,2021,5,True
Pakistan,Computer Vision,2021,973,True
Syria,Computer Vision,2018,3,True
Syria,Computer Vision,2021,15,True
Germany,Computer Vision,2020,2417,True
Germany,Computer Vision,2024,3048,True
Papua New Guinea,Computer Vision,2023,4,True
Malta,Computer Vision,2017,20,True
Luxembourg,Computer Vision,2024,47,True
Kenya,Computer Vision,2018,7,True
Bahrain,Computer Vision,2018,7,True
Five Eyes,Large language models,2017,401,True
Five Eyes,Large language models,2019,1633,True
Five Eyes,Large language models,2025,5214,False
Sweden,Large language models,2019,22,True
Sweden,Large language models,2024,122,True
Africa,Large language models,2025,262,False
Switzerland,Large language models,2016,5,True
Saudi Arabia,Large language models,2024,260,True
Myanmar,Large language models,2023,6,True
Azerbaijan,Large language models,2024,6,True
EU,Large language models,2024,3152,True
Germany,Large language models,2018,82,True
Slovenia,Large language models,2017,1,True
Russia,Large language models,2018,12,True
Czechia,Large language models,2017,1,True
Czechia,Large language models,2019,15,True
South and Central America,Large language models,2017,8,True
Norway,Large language models,2018,1,True
OECD,Large language models,2017,613,True
Croatia,Large language models,2022,5,True
Belgium,Large language models,2016,4,True
Namibia,Large language models,2021,1,True
Estonia,Large language models,2025,9,False
Nigeria,Natural Language Processing,2022,67,True
Nepal,Natural Language Processing,2023,16,True
Rwanda,Natural Language Processing,2023,6,True
United States,Natural Language Processing,2017,2826,True
United States,Natural Language Processing,2018,3402,True
United States,Natural Language Processing,2023,6177,True
OECD,Natural Language Processing,2021,13437,True
France,Natural Language Processing,2019,712,True
Iraq,Natural Language Processing,2018,29,True
Iraq,Natural Language Processing,2024,157,True
Pakistan,Natural Language Processing,2016,70,True
Ireland,Natural Language Processing,2018,142,True
Ireland,Natural Language Processing,2020,177,True
Thailand,Natural Language Processing,2018,89,True
Saudi Arabia,Natural Language Processing,2023,465,True
Togo,Natural Language Processing,2022,1,True
Iceland,Natural Language Processing,2023,15,True
Netherlands,Natural Language Processing,2017,352,True
Mexico,Natural Language Processing,2020,142,True
Mexico,Natural Language Processing,2021,121,True
Kazakhstan,Natural Language Processing,2019,38,True
Azerbaijan,Natural Language Processing,2019,10,True
Latvia,Natural Language Processing,2024,6,True
Hungary,Natural Language Processing,2025,40,False
EU,Natural Language Processing,2026,61,False
Five Eyes,Natural Language Processing,2020,6786,True
Denmark,Natural Language Processing,2025,91,False
Papua New Guinea,Natural Language Processing,2022,2,True
Oceania,Natural Language Processing,2017,311,True
Cuba,Natural Language Processing,2018,8,True
Turkey,Natural Language Processing,2021,261,True
Greece,Natural Language Processing,2021,146,True
NATO,Natural Language Processing,2019,9055,True
Italy,Natural Language Processing,2017,369,True
Cambodia,Natural Language Processing,2020,1,True
Bahrain,Natural Language Processing,2019,2,True
Guatemala,Natural Language Processing,2020,1,True
Sri Lanka,Natural Language Processing,2024,87,True
Côte d'Ivoire,Natural Language Processing,2022,4,True
Finland,Natural Language Processing,2019,136,True
Finland,Natural Language Processing,2022,148,True
Denmark,Robotics,2026,3,False
Guatemala,Robotics,2021,4,True
Yemen,Robotics,2020,4,True
Latvia,Robotics,2019,20,True
Italy,Robotics,2016,1273,True
Italy,Robotics,2022,1888,True
Poland,Robotics,2023,366,True
OECD,Robotics,2022,23515,True
Colombia,Robotics,2023,117,True
Thailand,Robotics,2022,148,True
Uruguay,Robotics,2023,16,True
Germany,Robotics,2016,1716,True
India,Robotics,2025,1253,False
Morocco,Robotics,2022,71,True
Cameroon,Robotics,2017,5,True
Estonia,Robotics,2017,11,True
Finland,Robotics,2020,162,True
Finland,Robotics,2026,3,False
Switzerland,Robotics,2017,423,True
Sri Lanka,Robotics,2018,62,True
Brunei,Robotics,2023,10,True
Brazil,Robotics,2025,319,False
Panama,Robotics,2020,5,True
Iran,Robotics,2025,97,False
Chile,Robotics,2017,42,True
Chile,Robotics,2019,54,True
Chile,Robotics,2020,64,True
Kazakhstan,Robotics,2020,71,True
Kazakhstan,Robotics,2022,65,True
Saudi Arabia,Robotics,2026,1,False
Japan,Robotics,2026,45,False
Netherlands,Robotics,2023,678,True
Egypt,Robotics,2017,122,True
Singapore,Robotics,2016,369,True
Czechia,Robotics,2020,159,True
Argentina,Robotics,2016,45,True
Kenya,Robotics,2019,4,True
Bulgaria,Robotics,2018,57,True
Republic of the Congo,Robotics,2017,1,True
Republic of the Congo,Robotics,2022,1,True
Venezuela,Robotics,2018,9,True
North America and the Caribbean,AI Safety,2025,2299,False
New Zealand,AI Safety,2022,14,True
Bulgaria,AI Safety,2019,1,True
Switzerland,AI Safety,2026,1,False
Mexico,AI Safety,2017,3,True
EU,AI Safety,2021,1156,True
Africa,AI Safety,2023,125,True
Greece,AI Safety,2022,29,True
Algeria,AI Safety,2021,7,True
Philippines,AI Safety,2020,4,True
Ethiopia,AI Safety,2024,4,True
Argentina,AI Safety,2024,7,True
United Arab Emirates,AI Safety,2019,12,True
United Arab Emirates,AI Safety,2023,69,True
Five Eyes,AI Safety,2017,811,True
Norway,AI Safety,2021,35,True
Colombia,AI Safety,2017,1,True
Global Partnership on Artificial Intelligence,AI Safety,2022,3810,True
Spain,AI Safety,2025,129,False
Saudi Arabia,AI Safety,2018,8,True
Oceania,AI Safety,2018,95,True
Cyprus,AI Safety,2020,6,True
Lebanon,AI Safety,2022,6,True
Qatar,AI Safety,2020,7,True
Liechtenstein,AI Safety,2022,5,True
Liechtenstein,AI Safety,2025,1,False
Kuwait,All,2024,329,True
Quad,All,2020,76607,True
Uruguay,All,2024,78,True
Uruguay,All,2025,37,False
Zambia,All,2024,25,True
Nepal,All,2023,174,True
Albania,All,2018,21,True
Mongolia,All,2024,42,True
Malawi,All,2022,15,True
Morocco,All,2023,1320,True
Bhutan,All,2019,3,True
Saudi Arabia,All,2018,1013,True
Switzerland,All,2019,2161,True
Finland,All,2023,1570,True
Libya,All,2020,55,True
Malta,All,2020,73,True
Iran,All,2021,2940,True
Russia,All,2024,3371,True
Chile,All,2023,547,True
Vietnam,All,2021,1751,True
Iceland,All,2019,82,True
Qatar,All,2019,264,True
Serbia,All,2022,537,True
Trinidad and Tobago,All,2025,14,False
Brunei,All,2017,16,True
Montenegro,All,2019,14,True
Monaco,All,2018,1,True
Monaco,All,2020,2,True
Maldives,All,2023,5,True
NATO,All,2022,103919,True
Bangladesh,All,2024,3150,True
Ethiopia,All,2018,47,True
Lesotho,All,2021,2,True
Costa Rica,All,2020,55,True
North America and the Caribbean,All,2022,50921,True
Liechtenstein,All,2025,6,False
Senegal,All,2024,62,True
Burkina Faso,All,2020,10,True
Djibouti,Computer Vision,2017,1,True
Saudi Arabia,Computer Vision,2016,206,True
Slovakia,Computer Vision,2019,73,True
Lebanon,Computer Vision,2017,34,True
Colombia,Computer Vision,2021,225,True
Bangladesh,Computer Vision,2023,998,True
Qatar,Computer Vision,2026,1,False
Ecuador,Computer Vision,2018,71,True
ASEAN,Computer Vision,2018,2830,True
Canada,Computer Vision,2025,1165,False
Yemen,Computer Vision,2022,54,True
South and Central America,Computer Vision,2020,1584,True
Bosnia and Herzegovina,Computer Vision,2016,15,True
Sudan,Computer Vision,2016,15,True
Jamaica,Computer Vision,2023,3,True
Singapore,Computer Vision,2020,857,True
Comoros,Computer Vision,2023,1,True
EU,Computer Vision,2026,217,False
South Africa,Computer Vision,2018,101,True
Peru,Computer Vision,2021,97,True
Algeria,Computer Vision,2019,219,True
Nigeria,Computer Vision,2021,152,True
Iran,Computer Vision,2020,733,True
Angola,Computer Vision,2023,10,True
Switzerland,Computer Vision,2017,429,True
China,Computer Vision,2018,16756,True
Jordan,Computer Vision,2023,221,True
Germany,Computer Vision,2022,3178,True
Spain,Computer Vision,2020,1076,True
United Arab Emirates,Computer Vision,2017,87,True
Cyprus,Computer Vision,2018,57,True
Ethiopia,Computer Vision,2023,121,True
Ethiopia,Computer Vision,2025,77,False
Kenya,Computer Vision,2025,27,False
Nicaragua,Computer Vision,2020,1,True
Bahrain,Computer Vision,2024,43,True
Netherlands,Large language models,2023,287,True
Taiwan,Large language models,2025,205,False
Malaysia,Large language models,2020,9,True
Philippines,Large language models,2025,16,False
Bulgaria,Large language models,2022,3,True
Uruguay,Large language models,2021,2,True
Slovakia,Large language models,2023,15,True
Belarus,Large language models,2021,2,True
Russia,Large language models,2016,4,True
South and Central America,Large language models,2025,171,False
Burundi,Large language models,2023,1,True
Ukraine,Large language models,2018,2,True
OECD,Large language models,2022,6963,True
Kuwait,Large language models,2020,1,True
Peru,Large language models,2018,1,True
Poland,Large language models,2020,13,True
Estonia,Large language models,2019,3,True
Montenegro,Natural Language Processing,2018,2,True
Portugal,Natural Language Processing,2022,132,True
Mongolia,Natural Language Processing,2024,6,True
Lebanon,Natural Language Processing,2020,16,True
Costa Rica,Natural Language Processing,2018,3,True
France,Natural Language Processing,2021,726,True
Chile,Natural Language Processing,2022,46,True
Austria,Natural Language Processing,2018,91,True
Russia,Natural Language Processing,2026,1,False
Norway,Natural Language Processing,2026,3,False
Lithuania,Natural Language Processing,2018,17,True
Albania,Natural Language Processing,2018,13,True
Kenya,Natural Language Processing,2017,1,True
Kosovo,Natural Language Processing,2024,6,True
South Africa,Natural Language Processing,2020,63,True
Singapore,Natural Language Processing,2019,213,True
Denmark,Natural Language Processing,2023,248,True
Malawi,Natural Language Processing,2023,1,True
Asia,Natural Language Processing,2016,5091,True
Philippines,Natural Language Processing,2025,40,False
Cuba,Natural Language Processing,2023,1,True
China,Natural Language Processing,2026,185,False
Sweden,Natural Language Processing,2019,156,True
Taiwan,Natural Language Processing,2021,268,True
Cambodia,Natural Language Processing,2021,4,True
Africa,Natural Language Processing,2023,918,True
Switzerland,Natural Language Processing,2025,235,False
Guatemala,Natural Language Processing,2021,1,True
Sri Lanka,Natural Language Processing,2021,82,True
Côte d'Ivoire,Natural Language Processing,2024,2,True
Finland,Natural Language Processing,2025,76,False
Cameroon,Natural Language Processing,2020,4,True
Cameroon,Natural Language Processing,2025,2,False
North America and the Caribbean,Natural Language Processing,2016,3228,True
North America and the Caribbean,Natural Language Processing,2025,3628,False
Guatemala,Robotics,2024,3,True
NATO,Robotics,2018,15037,True
NATO,Robotics,2020,17076,True
Five Eyes,Robotics,2016,7654,True
Oman,Robotics,2023,36,True
Trinidad and Tobago,Robotics,2017,1,True
Monaco,Robotics,2022,1,True
Croatia,Robotics,2025,67,False
Bosnia and Herzegovina,Robotics,2017,22,True
Nepal,Robotics,2023,8,True
Peru,Robotics,2020,47,True
South and Central America,Robotics,2017,788,True
Philippines,Robotics,2018,47,True
Quad,Robotics,2025,8057,False
France,Robotics,2022,1214,True
Iran,Robotics,2021,361,True
South Africa,Robotics,2017,55,True
Japan,Robotics,2022,3165,True
Australia,Robotics,2025,584,False
Egypt,Robotics,2019,152,True
Egypt,Robotics,2021,204,True
South Korea,Robotics,2016,1035,True
Kenya,Robotics,2017,4,True
Israel,Robotics,2026,8,False
Montenegro,Robotics,2017,1,True
Azerbaijan,AI Safety,2023,3,True
Belgium,AI Safety,2021,42,True
Slovenia,AI Safety,2020,3,True
Estonia,AI Safety,2023,13,True
Kazakhstan,AI Safety,2021,1,True
Latvia,AI Safety,2019,1,True
NATO,AI Safety,2023,4175,True
France,AI Safety,2024,291,True
Luxembourg,AI Safety,2016,4,True
Luxembourg,AI Safety,2018,4,True
Jamaica,AI Safety,2018,1,True
Spain,AI Safety,2019,52,True
ASEAN,AI Safety,2025,339,False
Venezuela,All,2023,34,True
Swaziland,All,2021,5,True
Grenada,All,2022,1,True
Jordan,All,2016,204,True
Kuwait,All,2017,48,True
Quad,All,2018,54054,True
Uruguay,All,2022,64,True
Mauritius,All,2022,42,True
Zambia,All,2017,3,True
Zambia,All,2021,15,True
Yemen,All,2024,186,True
Sri Lanka,All,2016,124,True
Sri Lanka,All,2019,275,True
Azerbaijan,All,2017,24,True
United Arab Emirates,All,2025,1273,False
Cape Verde,All,2018,2,True
Syria,All,2025,56,False
Cambodia,All,2023,35,True
Saudi Arabia,All,2022,4803,True
Gabon,All,2025,10,False
Thailand,All,2016,583,True
Austria,All,2021,1667,True
Austria,All,2024,1684,True
Slovenia,All,2018,259,True
Slovenia,All,2024,379,True
Cyprus,All,2025,253,False
Kosovo,All,2018,19,True
Hungary,All,2021,688,True
Tanzania,All,2016,10,True
Tanzania,All,2020,35,True
Australia,All,2021,6602,True
Saint Kitts and Nevis,All,2025,2,False
Malaysia,All,2025,2144,False
Brunei,All,2019,29,True
Montenegro,All,2020,32,True
Montenegro,All,2021,32,True
Gambia,All,2020,1,True
Honduras,All,2021,20,True
Liberia,All,2023,3,True
Guinea,All,2021,1,True
Belarus,All,2017,55,True
Ethiopia,All,2019,65,True
Slovakia,All,2020,355,True
Taiwan,All,2026,73,False
Colombia,All,2019,669,True
Finland,Computer Vision,2019,280,True
Namibia,Computer Vision,2024,7,True
Egypt,Computer Vision,2018,331,True
Lebanon,Computer Vision,2023,150,True
Colombia,Computer Vision,2025,95,False
Qatar,Computer Vision,2020,89,True
Haiti,Computer Vision,2016,1,True
South and Central America,Computer Vision,2026,11,False
Bosnia and Herzegovina,Computer Vision,2018,21,True
Poland,Computer Vision,2023,570,True
Tunisia,Computer Vision,2019,206,True
Sudan,Computer Vision,2023,25,True
Quad,Computer Vision,2021,26596,True
Quad,Computer Vision,2022,26189,True
Denmark,Computer Vision,2023,393,True
Kyrgyzstan,Computer Vision,2019,4,True
Bulgaria,Computer Vision,2023,79,True
Montenegro,Computer Vision,2022,13,True
Fiji,Computer Vision,2023,3,True
India,Computer Vision,2018,6197,True
North Macedonia,Computer Vision,2020,10,True
China,Computer Vision,2020,25471,True
China,Computer Vision,2026,1540,False
Estonia,Computer Vision,2021,25,True
Lithuania,Computer Vision,2019,31,True
Lithuania,Computer Vision,2021,67,True
Norway,Computer Vision,2026,4,False
Azerbaijan,Computer Vision,2019,5,True
Albania,Computer Vision,2017,7,True
Albania,Computer Vision,2018,6,True
Sweden,Large language models,2017,3,True
Sweden,Large language models,2022,89,True
Africa,Large language models,2022,140,True
Taiwan,Large language models,2024,323,True
Malaysia,Large language models,2022,44,True
Spain,Large language models,2024,278,True
Europe,Large language models,2026,1,False
North Macedonia,Large language models,2020,1,True
Denmark,Large language models,2024,165,True
Uruguay,Large language models,2025,4,False
Chile,Large language models,2021,8,True
Japan,Large language models,2023,762,True
Germany,Large language models,2016,36,True
Germany,Large language models,2024,915,True
North America and the Caribbean,Large language models,2017,319,True
Slovenia,Large language models,2016,2,True
South and Central America,Large language models,2019,18,True
Bangladesh,Large language models,2017,2,True
Greece,Large language models,2020,15,True
Colombia,Large language models,2024,16,True
Kuwait,Large language models,2021,1,True
Croatia,Large language models,2017,1,True
Belgium,Large language models,2024,98,True
Thailand,Large language models,2019,7,True
United Arab Emirates,Large language models,2018,4,True
Uruguay,Natural Language Processing,2017,6,True
Japan,Natural Language Processing,2019,829,True
Cape Verde,Natural Language Processing,2017,1,True
South Korea,Natural Language Processing,2021,467,True
Mozambique,Natural Language Processing,2016,1,True
Global Partnership on Artificial Intelligence,Natural Language Processing,2025,8972,False
South and Central America,Natural Language Processing,2020,646,True
Iran,Natural Language Processing,2024,149,True
Thailand,Natural Language Processing,2021,121,True
Bangladesh,Natural Language Processing,2021,256,True
Brazil,Natural Language Processing,2024,217,True
Egypt,Natural Language Processing,2018,99,True
Egypt,Natural Language Processing,2025,98,False
Quad,Natural Language Processing,2023,11089,True
Quad,Natural Language Processing,2026,122,False
Malaysia,Natural Language Processing,2022,245,True
Malaysia,Natural Language Processing,2025,143,False
New Zealand,Natural Language Processing,2019,55,True
Kyrgyzstan,Natural Language Processing,2023,3,True
Timor-Leste,Natural Language Processing,2018,1,True
Cyprus,Natural Language Processing,2020,18,True
Tanzania,Natural Language Processing,2017,1,True
Taiwan,Natural Language Processing,2017,133,True
Slovenia,Natural Language Processing,2019,48,True
Germany,Natural Language Processing,2016,924,True
Afghanistan,Natural Language Processing,2023,3,True
Spain,Natural Language Processing,2023,592,True
Spain,Natural Language Processing,2026,9,False
Africa,Natural Language Processing,2024,802,True
Mauritius,Natural Language Processing,2023,6,True
Angola,Natural Language Processing,2024,2,True
Finland,Natural Language Processing,2021,156,True
El Salvador,Natural Language Processing,2024,1,True
Africa,Robotics,2017,431,True
Africa,Robotics,2020,567,True
Pakistan,Robotics,2017,111,True
NATO,Robotics,2016,12879,True
NATO,Robotics,2021,17567,True
Indonesia,Robotics,2021,488,True
Qatar,Robotics,2022,42,True
Uzbekistan,Robotics,2023,27,True
Nepal,Robotics,2021,3,True
Algeria,Robotics,2019,99,True
Russia,Robotics,2018,724,True
Iceland,Robotics,2024,7,True
Thailand,Robotics,2018,103,True
Taiwan,Robotics,2020,496,True
Finland,Robotics,2017,114,True
Uganda,Robotics,2024,6,True
North America and the Caribbean,Robotics,2016,6159,True
Sri Lanka,Robotics,2021,48,True
Kuwait,Robotics,2018,13,True
Dominican Republic,Robotics,2020,1,True
Saudi Arabia,Robotics,2019,107,True
Australia,Robotics,2020,729,True
Australia,Robotics,2021,797,True
Australia,Robotics,2024,719,True
Austria,Robotics,2019,242,True
Iraq,Robotics,2019,97,True
China,Robotics,2024,16017,True
North Macedonia,Robotics,2019,11,True
Israel,Robotics,2018,123,True
Malaysia,Robotics,2019,290,True
Azerbaijan,Robotics,2025,8,False
Bangladesh,Robotics,2019,89,True
Italy,AI Safety,2021,159,True
Quad,AI Safety,2019,1728,True
Belgium,AI Safety,2016,11,True
Kuwait,AI Safety,2025,5,False
Bulgaria,AI Safety,2021,1,True
Switzerland,AI Safety,2023,110,True
Iraq,AI Safety,2020,2,True
South Africa,AI Safety,2016,6,True
Asia,AI Safety,2020,1302,True
Kazakhstan,AI Safety,2019,1,True
Canada,AI Safety,2024,363,True
France,AI Safety,2023,264,True
Brazil,AI Safety,2016,17,True
Bangladesh,AI Safety,2024,70,True
India,AI Safety,2025,646,False
Portugal,AI Safety,2019,14,True
Finland,AI Safety,2021,31,True
Global Partnership on Artificial Intelligence,AI Safety,2020,3587,True
Spain,AI Safety,2023,149,True
Denmark,AI Safety,2017,9,True
ASEAN,AI Safety,2016,35,True
Thailand,AI Safety,2022,8,True
OECD,AI Safety,2019,2629,True
OECD,AI Safety,2021,3991,True
Belize,All,2023,3,True
North Korea,All,2017,3,True
Grenada,All,2020,4,True
Jordan,All,2020,421,True
Egypt,All,2021,1948,True
Egypt,All,2023,2647,True
United Kingdom,All,2025,9734,False
Paraguay,All,2019,20,True
Republic of the Congo,All,2020,3,True
Republic of the Congo,All,2022,2,True
Europe,All,2022,70898,True
Mauritius,All,2018,21,True
Ireland,All,2018,597,True
Indonesia,All,2020,3832,True
Côte d'Ivoire,All,2018,9,True
Moldova,All,2016,6,True
Norway,All,2016,532,True
Morocco,All,2018,671,True
Uganda,All,2017,12,True
Malta,All,2017,62,True
Armenia,All,2021,42,True
Jamaica,All,2024,7,True
Mali,All,2017,5,True
Tanzania,All,2025,43,False
Oman,All,2016,52,True
Brunei,All,2020,34,True
Sweden,All,2026,73,False
Somalia,All,2018,2,True
Saint Vincent and the Grenadines,All,2024,1,True
Luxembourg,All,2018,169,True
Antigua and Barbuda,All,2023,2,True
Guinea,All,2023,4,True
Guinea,All,2025,2,False
Bangladesh,All,2017,464,True
Romania,All,2017,802,True
Ethiopia,All,2017,39,True
Ethiopia,All,2020,129,True
Rwanda,All,2026,2,False
Angola,All,2024,16,True
Costa Rica,All,2021,53,True
El Salvador,All,2020,8,True
El Salvador,All,2021,7,True
Colombia,All,2024,678,True
Finland,Computer Vision,2024,296,True
Israel,Computer Vision,2026,7,False
Honduras,Computer Vision,2025,3,False
Chad,Computer Vision,2023,1,True
Saudi Arabia,Computer Vision,2021,955,True
Venezuela,Computer Vision,2018,10,True
Bangladesh,Computer Vision,2020,469,True
Qatar,Computer Vision,2022,125,True
Cameroon,Computer Vision,2019,11,True
Chile,Computer Vision,2018,67,True
Malawi,Computer Vision,2017,1,True
Malawi,Computer Vision,2023,10,True
Rwanda,Computer Vision,2018,1,True
Italy,Computer Vision,2025,1166,False
Trinidad and Tobago,Computer Vision,2022,2,True
Sudan,Computer Vision,2024,16,True
Peru,Computer Vision,2025,45,False
Vietnam,Computer Vision,2023,619,True
Sri Lanka,Computer Vision,2024,169,True
Portugal,Computer Vision,2023,451,True
Morocco,Computer Vision,2019,228,True
Brazil,Computer Vision,2019,922,True
China,Computer Vision,2023,43603,True
Estonia,Computer Vision,2018,24,True
Indonesia,Computer Vision,2017,615,True
Norway,Computer Vision,2024,409,True
Five Eyes,Large language models,2016,273,True
Austria,Large language models,2020,11,True
Austria,Large language models,2022,44,True
Uzbekistan,Large language models,2021,2,True
Philippines,Large language models,2020,6,True
NATO,Large language models,2022,5571,True
ASEAN,Large language models,2017,25,True
Yemen,Large language models,2021,2,True
Democratic Republic of the Congo,Large language models,2023,2,True
Iceland,Large language models,2025,1,False
Nigeria,Large language models,2025,13,False
North America and the Caribbean,Large language models,2026,1,False
Serbia,Large language models,2018,2,True
Egypt,Large language models,2023,83,True
Slovenia,Large language models,2022,15,True
Brazil,Large language models,2024,138,True
Czechia,Large language models,2021,29,True
Morocco,Large language models,2020,11,True
Syria,Large language models,2024,6,True
Poland,Large language models,2023,96,True
Lithuania,Large language models,2022,4,True
United Arab Emirates,Large language models,2023,159,True
Rwanda,Natural Language Processing,2025,3,False
Colombia,Natural Language Processing,2023,32,True
Oman,Natural Language Processing,2023,32,True
Mongolia,Natural Language Processing,2016,2,True
Russia,Natural Language Processing,2025,168,False
Ireland,Natural Language Processing,2017,123,True
Bangladesh,Natural Language Processing,2020,177,True
Zimbabwe,Natural Language Processing,2017,1,True
Zambia,Natural Language Processing,2021,3,True
Mexico,Natural Language Processing,2026,3,False
Kosovo,Natural Language Processing,2022,5,True
Belgium,Natural Language Processing,2019,155,True
New Zealand,Natural Language Processing,2021,68,True
Europe,Natural Language Processing,2017,4945,True
Five Eyes,Natural Language Processing,2021,7736,True
Denmark,Natural Language Processing,2024,244,True
Papua New Guinea,Natural Language Processing,2024,1,True
Ethiopia,Natural Language Processing,2018,4,True
Maldives,Natural Language Processing,2025,3,False
Libya,Natural Language Processing,2025,3,False
Sweden,Natural Language Processing,2016,159,True
Greece,Natural Language Processing,2025,83,False
NATO,Natural Language Processing,2022,10674,True
Slovenia,Natural Language Processing,2021,67,True
Myanmar,Natural Language Processing,2022,3,True
Mauritania,Natural Language Processing,2024,1,True
Benin,Natural Language Processing,2023,5,True
Botswana,Natural Language Processing,2016,4,True
Morocco,Natural Language Processing,2023,165,True
ASEAN,Robotics,2021,1765,True
Romania,Robotics,2021,267,True
NATO,Robotics,2026,382,False
Indonesia,Robotics,2019,417,True
Paraguay,Robotics,2025,1,False
Nepal,Robotics,2024,16,True
Costa Rica,Robotics,2016,3,True
Peru,Robotics,2022,85,True
Greece,Robotics,2024,251,True
Colombia,Robotics,2019,151,True
Oceania,Robotics,2020,844,True
Thailand,Robotics,2025,83,False
Zambia,Robotics,2024,1,True
Vietnam,Robotics,2016,80,True
Vietnam,Robotics,2023,316,True
Estonia,Robotics,2019,22,True
Uganda,Robotics,2021,3,True
North America and the Caribbean,Robotics,2026,195,False
Luxembourg,Robotics,2019,33,True
Ethiopia,Robotics,2025,18,False
EU,Robotics,2023,9911,True
Kuwait,Robotics,2021,14,True
Liechtenstein,Robotics,2018,5,True
Armenia,Robotics,2023,9,True
Japan,Robotics,2017,3028,True
Australia,Robotics,2026,30,False
Nigeria,Robotics,2025,19,False
Rwanda,Robotics,2020,1,True
Burundi,Robotics,2019,1,True
Bangladesh,Robotics,2016,44,True
Venezuela,Robotics,2019,11,True
Peru,AI Safety,2023,3,True
Bosnia and Herzegovina,AI Safety,2025,4,False
Greece,AI Safety,2017,7,True
Turkey,AI Safety,2017,8,True
Ireland,AI Safety,2019,17,True
Latvia,AI Safety,2023,2,True
Morocco,AI Safety,2016,2,True
Namibia,AI Safety,2023,1,True
Iceland,AI Safety,2019,1,True
India,AI Safety,2017,24,True
Argentina,AI Safety,2017,3,True
Rwanda,AI Safety,2024,2,True
Chile,AI Safety,2025,10,False
Poland,AI Safety,2018,11,True
Global Partnership on Artificial Intelligence,AI Safety,2016,990,True
Global Partnership on Artificial Intelligence,AI Safety,2018,1861,True
Japan,AI Safety,2019,104,True
Croatia,AI Safety,2020,3,True
Oceania,AI Safety,2017,81,True
ASEAN,AI Safety,2020,131,True
Tunisia,AI Safety,2025,18,False
Ghana,AI Safety,2024,3,True
Liechtenstein,AI Safety,2018,1,True
North Korea,All,2021,9,True
United Kingdom,All,2019,9836,True
Republic of the Congo,All,2024,5,True
Pakistan,All,2026,1,False
Zambia,All,2018,4,True
China,All,2017,26566,True
Moldova,All,2023,16,True
Ecuador,All,2016,150,True
Ecuador,All,2021,377,True
Albania,All,2023,66,True
Uzbekistan,All,2025,295,False
Switzerland,All,2017,1525,True
Bolivia,All,2023,16,True
Chile,All,2026,6,False
Jamaica,All,2017,7,True
Saint Kitts and Nevis,All,2021,2,True
Sweden,All,2024,2385,True
Montenegro,All,2022,33,True
Timor-Leste,All,2022,3,True
Monaco,All,2025,2,False
South and Central America,All,2020,5912,True
Belgium,All,2019,1286,True
Ghana,All,2019,72,True
Honduras,All,2023,38,True
Oceania,All,2020,6529,True
Benin,All,2021,11,True
Peru,All,2017,122,True
Algeria,All,2019,640,True
Mauritania,All,2018,1,True
Portugal,All,2023,2004,True
Finland,Computer Vision,2021,343,True
Republic of the Congo,Computer Vision,2016,1,True
Madagascar,Computer Vision,2017,1,True
Chad,Computer Vision,2017,1,True
Lebanon,Computer Vision,2018,56,True
Guatemala,Computer Vision,2018,1,True
Colombia,Computer Vision,2020,235,True
Malawi,Computer Vision,2020,1,True
Czechia,Computer Vision,2024,188,True
Uganda,Computer Vision,2023,22,True
Kazakhstan,Computer Vision,2021,76,True
Bosnia and Herzegovina,Computer Vision,2017,22,True
Tunisia,Computer Vision,2018,255,True
Croatia,Computer Vision,2020,100,True
Singapore,Computer Vision,2023,1505,True
Five Eyes,Computer Vision,2017,8933,True
Five Eyes,Computer Vision,2019,13803,True
Five Eyes,Computer Vision,2025,10878,False
Mauritania,Computer Vision,2020,1,True
Senegal,Computer Vision,2020,8,True
Europe,Computer Vision,2023,19684,True
Sri Lanka,Computer Vision,2020,100,True
Ukraine,Computer Vision,2017,147,True
Portugal,Computer Vision,2025,241,False
Mali,Computer Vision,2025,1,False
Philippines,Computer Vision,2022,305,True
Philippines,Computer Vision,2024,438,True
Switzerland,Computer Vision,2026,28,False
Africa,Computer Vision,2020,1802,True
Morocco,Computer Vision,2021,270,True
Fiji,Computer Vision,2020,4,True
Fiji,Computer Vision,2021,4,True
North Macedonia,Computer Vision,2016,5,True
Dominican Republic,Computer Vision,2024,2,True
NATO,Computer Vision,2018,16900,True
Indonesia,Computer Vision,2020,1237,True
Norway,Computer Vision,2017,166,True
Norway,Computer Vision,2023,531,True
Belarus,Computer Vision,2023,39,True
Kenya,Computer Vision,2020,18,True
New Zealand,Computer Vision,2019,186,True
New Zealand,Computer Vision,2020,208,True
Bahrain,Computer Vision,2017,4,True
France,Large language models,2023,496,True
Africa,Large language models,2020,49,True
Taiwan,Large language models,2023,215,True
Malaysia,Large language models,2025,86,False
Canada,Large language models,2023,668,True
ASEAN,Large language models,2024,1374,True
Asia,Large language models,2022,8807,True
Cyprus,Large language models,2025,10,False
Ghana,Large language models,2023,6,True
Ghana,Large language models,2024,6,True
Japan,Large language models,2016,46,True
Nigeria,Large language models,2022,3,True
Lebanon,Large language models,2025,4,False
Czechia,Large language models,2023,78,True
Norway,Large language models,2022,43,True
OECD,Large language models,2026,2,False
Bangladesh,Large language models,2023,151,True
Croatia,Large language models,2021,6,True
Peru,Large language models,2021,6,True
Argentina,Large language models,2023,8,True
United Arab Emirates,Large language models,2020,18,True
United Arab Emirates,Natural Language Processing,2016,43,True
Canada,Natural Language Processing,2025,435,False
North Korea,Natural Language Processing,2021,1,True
Tajikistan,Natural Language Processing,2019,1,True
Costa Rica,Natural Language Processing,2019,9,True
Mozambique,Natural Language Processing,2023,2,True
Chile,Natural Language Processing,2017,19,True
Ecuador,Natural Language Processing,2024,23,True
Thailand,Natural Language Processing,2025,60,False
Saudi Arabia,Natural Language Processing,2022,441,True
Belgium,Natural Language Processing,2017,142,True
Belgium,Natural Language Processing,2025,112,False
Latvia,Natural Language Processing,2023,18,True
Bulgaria,Natural Language Processing,2017,30,True
Syria,Natural Language Processing,2018,4,True
Poland,Natural Language Processing,2025,105,False
Cyprus,Natural Language Processing,2018,11,True
Libya,Natural Language Processing,2018,4,True
Myanmar,Natural Language Processing,2025,8,False
Germany,Natural Language Processing,2018,1019,True
Switzerland,Natural Language Processing,2026,9,False
Bahrain,Natural Language Processing,2024,16,True
North America and the Caribbean,Natural Language Processing,2021,6092,True
Slovakia,Natural Language Processing,2016,30,True
Slovakia,Natural Language Processing,2021,45,True
ASEAN,Robotics,2023,2017,True
Yemen,Robotics,2023,9,True
Latvia,Robotics,2020,14,True
Algeria,Robotics,2016,87,True
North Korea,Robotics,2016,1,True
Colombia,Robotics,2025,37,False
Sweden,Robotics,2024,414,True
Thailand,Robotics,2024,166,True
Grenada,Robotics,2021,2,True
United Kingdom,Robotics,2026,69,False
Estonia,Robotics,2020,39,True
Philippines,Robotics,2025,31,False
Finland,Robotics,2024,162,True
Slovakia,Robotics,2025,50,False
Belgium,Robotics,2017,189,True
Kuwait,Robotics,2023,28,True
Saudi Arabia,Robotics,2024,262,True
Zimbabwe,Robotics,2019,6,True
Japan,Robotics,2021,3136,True
Netherlands,Robotics,2021,584,True
Singapore,Robotics,2019,443,True
Singapore,Robotics,2026,29,False
Ukraine,Robotics,2018,97,True
Rwanda,Robotics,2024,7,True
Barbados,Robotics,2024,2,True
Nicaragua,Robotics,2025,1,False
Saint Lucia,Robotics,2024,1,True
Saint Lucia,Robotics,2025,1,False
Canada,Robotics,2023,1279,True
Spain,Robotics,2025,477,False
Syria,Robotics,2021,8,True
Montenegro,Robotics,2022,1,True
Germany,AI Safety,2024,562,True
Indonesia,AI Safety,2020,6,True
South and Central America,AI Safety,2021,79,True
South and Central America,AI Safety,2022,81,True
South and Central America,AI Safety,2025,105,False
South Africa,AI Safety,2025,19,False
Asia,AI Safety,2025,3982,False
Fiji,AI Safety,2017,1,True
Uzbekistan,AI Safety,2025,10,False
Israel,AI Safety,2018,31,True
Turkey,AI Safety,2024,63,True
Ireland,AI Safety,2022,34,True
Egypt,AI Safety,2023,26,True
India,AI Safety,2021,160,True
Portugal,AI Safety,2016,8,True
Bolivia,AI Safety,2024,1,True
Serbia,AI Safety,2017,3,True
Syria,AI Safety,2025,3,False
Taiwan,AI Safety,2023,48,True
Croatia,AI Safety,2016,1,True
Netherlands,AI Safety,2016,40,True
Netherlands,AI Safety,2020,95,True
Tunisia,AI Safety,2018,5,True
Qatar,AI Safety,2021,8,True
Czechia,All,2025,459,False
Denmark,All,2016,659,True
Canada,All,2025,5309,False
Quad,All,2024,113368,True
Mauritius,All,2023,49,True
South Korea,All,2022,8880,True
Sri Lanka,All,2020,409,True
Albania,All,2025,36,False
Uzbekistan,All,2023,309,True
Mongolia,All,2016,7,True
Mexico,All,2020,1361,True
Kiribati,All,2024,1,True
Lebanon,All,2016,116,True
Thailand,All,2018,794,True
Greece,All,2022,1852,True
Democratic Republic of the Congo,All,2016,1,True
Armenia,All,2018,18,True
Chile,All,2018,286,True
India,All,2016,10234,True
Qatar,All,2021,437,True
Serbia,All,2017,256,True
Timor-Leste,All,2021,4,True
Somalia,All,2024,28,True
Honduras,All,2024,32,True
Singapore,All,2020,2838,True
Myanmar,All,2021,54,True
Romania,All,2026,2,False
Iraq,All,2021,1447,True
North America and the Caribbean,All,2023,58848,True
Barbados,All,2018,2,True
Burkina Faso,All,2018,5,True
France,Computer Vision,2016,1432,True
Belgium,Computer Vision,2022,461,True
Lebanon,Computer Vision,2019,51,True
Democratic Republic of the Congo,Computer Vision,2016,1,True
Cameroon,Computer Vision,2018,9,True
Rwanda,Computer Vision,2016,1,True
Eritrea,Computer Vision,2023,2,True
Yemen,Computer Vision,2016,11,True
United Kingdom,Computer Vision,2023,4327,True
Costa Rica,Computer Vision,2022,16,True
Croatia,Computer Vision,2025,81,False
United States,Computer Vision,2018,7212,True
United States,Computer Vision,2022,10466,True
Cuba,Computer Vision,2023,7,True
Europe,Computer Vision,2021,17112,True
Switzerland,Computer Vision,2019,553,True
Uruguay,Computer Vision,2022,17,True
Estonia,Computer Vision,2019,23,True
United Arab Emirates,Computer Vision,2019,274,True
Cyprus,Computer Vision,2021,113,True
NATO,Computer Vision,2023,28714,True
Luxembourg,Computer Vision,2021,40,True
Lesotho,Computer Vision,2023,1,True
Global Partnership on Artificial Intelligence,Computer Vision,2017,22164,True
France,Large language models,2018,47,True
Spain,Large language models,2021,108,True
Fiji,Large language models,2022,1,True
Indonesia,Large language models,2025,125,False
Tunisia,Large language models,2023,25,True
Cyprus,Large language models,2023,9,True
Angola,Large language models,2025,1,False
Chile,Large language models,2024,23,True
Malta,Large language models,2024,4,True
Sri Lanka,Large language models,2021,15,True
North America and the Caribbean,Large language models,2023,5731,True
China,Large language models,2017,285,True
Turkey,Large language models,2016,4,True
Turkey,Large language models,2019,9,True
South and Central America,Large language models,2022,111,True
Ukraine,Large language models,2016,1,True
Ukraine,Large language models,2024,41,True
OECD,Large language models,2019,2361,True
OECD,Large language models,2023,11542,True
Syria,Large language models,2025,5,False
Cambodia,Large language models,2023,4,True
United States,Natural Language Processing,2019,4094,True
North Macedonia,Natural Language Processing,2020,18,True
Kuwait,Natural Language Processing,2020,7,True
Moldova,Natural Language Processing,2017,6,True
OECD,Natural Language Processing,2018,9490,True
OECD,Natural Language Processing,2019,10689,True
OECD,Natural Language Processing,2026,222,False
South Korea,Natural Language Processing,2023,703,True
South Korea,Natural Language Processing,2024,550,True
Mongolia,Natural Language Processing,2020,1,True
Malta,Natural Language Processing,2016,16,True
Malta,Natural Language Processing,2019,9,True
France,Natural Language Processing,2025,279,False
Pakistan,Natural Language Processing,2018,123,True
Ireland,Natural Language Processing,2016,139,True
Thailand,Natural Language Processing,2017,55,True
Croatia,Natural Language Processing,2019,29,True
Croatia,Natural Language Processing,2023,44,True
South Africa,Natural Language Processing,2019,44,True
Hungary,Natural Language Processing,2024,67,True
Ukraine,Natural Language Processing,2019,88,True
Yemen,Natural Language Processing,2016,13,True
EU,Natural Language Processing,2024,4375,True
Ethiopia,Natural Language Processing,2025,18,False
Asia,Natural Language Processing,2022,13565,True
Australia,Natural Language Processing,2017,260,True
Turkey,Natural Language Processing,2020,206,True
Tanzania,Natural Language Processing,2024,8,True
NATO,Natural Language Processing,2025,6380,False
Slovenia,Natural Language Processing,2018,39,True
Germany,Natural Language Processing,2019,1110,True
Israel,Natural Language Processing,2020,206,True
Uzbekistan,Natural Language Processing,2019,13,True
Switzerland,Natural Language Processing,2018,202,True
Morocco,Natural Language Processing,2022,139,True
Algeria,Natural Language Processing,2019,58,True
Algeria,Natural Language Processing,2022,80,True
Africa,Robotics,2025,331,False
Denmark,Robotics,2024,313,True
Papua New Guinea,Robotics,2022,4,True
Qatar,Robotics,2021,30,True
Kosovo,Robotics,2022,3,True
Ghana,Robotics,2025,1,False
Bosnia and Herzegovina,Robotics,2024,9,True
Nepal,Robotics,2020,4,True
Fiji,Robotics,2017,9,True
Fiji,Robotics,2025,1,False
Global Partnership on Artificial Intelligence,Robotics,2023,26317,True
Belarus,Robotics,2018,5,True
Greece,Robotics,2023,327,True
Sweden,Robotics,2021,408,True
Vietnam,Robotics,2022,280,True
Myanmar,Robotics,2023,5,True
Quad,Robotics,2023,13630,True
Hungary,Robotics,2019,113,True
Malta,Robotics,2018,11,True
North America and the Caribbean,Robotics,2019,7627,True
France,Robotics,2018,1211,True
Brazil,Robotics,2020,575,True
New Zealand,Robotics,2022,126,True
Ethiopia,Robotics,2020,11,True
Slovakia,Robotics,2020,81,True
Iran,Robotics,2023,420,True
Chile,Robotics,2018,47,True
Botswana,Robotics,2017,1,True
Egypt,Robotics,2018,143,True
Lithuania,Robotics,2021,37,True
Israel,Robotics,2024,170,True
Malaysia,Robotics,2024,356,True
Bulgaria,Robotics,2016,20,True
Democratic Republic of the Congo,Robotics,2023,3,True
Bangladesh,Robotics,2024,113,True
Quad,AI Safety,2024,4149,True
Slovakia,AI Safety,2017,1,True
Bulgaria,AI Safety,2023,6,True
South and Central America,AI Safety,2016,29,True
Sweden,AI Safety,2016,16,True
Israel,AI Safety,2026,1,False
Turkey,AI Safety,2019,18,True
Algeria,AI Safety,2016,1,True
Latvia,AI Safety,2024,2,True
Canada,AI Safety,2016,52,True
Canada,AI Safety,2018,96,True
Iceland,AI Safety,2021,1,True
Ukraine,AI Safety,2019,1,True
Chile,AI Safety,2022,7,True
Japan,AI Safety,2023,200,True
Croatia,AI Safety,2023,8,True
Croatia,AI Safety,2026,1,False
United States,AI Safety,2020,1979,True
Liechtenstein,AI Safety,2021,3,True
Czechia,All,2017,751,True
Five Eyes,All,2023,78223,True
Eritrea,All,2022,2,True
Canada,All,2026,216,False
Republic of the Congo,All,2025,4,False
Suriname,All,2021,1,True
Ireland,All,2020,888,True
South Korea,All,2017,3352,True
Kenya,All,2017,29,True
Kenya,All,2020,98,True
Moldova,All,2017,8,True
Moldova,All,2021,13,True
Syria,All,2022,63,True
Mexico,All,2017,907,True
Morocco,All,2024,1517,True
Bulgaria,All,2020,279,True
OECD,All,2022,129762,True
United States,All,2026,1147,False
Uganda,All,2016,8,True
Uganda,All,2022,55,True
South Africa,All,2023,1113,True
Qatar,All,2025,351,False
Estonia,All,2016,71,True
Mali,All,2019,2,True
Tanzania,All,2021,52,True
Niger,All,2016,1,True
Niger,All,2024,5,True
Turkey,All,2023,4596,True
Oman,All,2025,325,False
Monaco,All,2017,2,True
Singapore,All,2019,2369,True
Belarus,All,2020,94,True
Ethiopia,All,2016,25,True
Laos,All,2024,5,True
El Salvador,All,2024,20,True
Japan,All,2018,8185,True
Algeria,All,2016,515,True
France,All,2023,7844,True
France,All,2025,3486,False
Burkina Faso,All,2024,33,True
France,Computer Vision,2017,1484,True
Botswana,Computer Vision,2016,2,True
Libya,Computer Vision,2017,9,True
Mozambique,Computer Vision,2024,5,True
Tajikistan,Computer Vision,2025,1,False
Belgium,Computer Vision,2016,262,True
Guatemala,Computer Vision,2022,1,True
Bangladesh,Computer Vision,2018,256,True
Chile,Computer Vision,2019,75,True
Malawi,Computer Vision,2019,1,True
Iraq,Computer Vision,2021,611,True
Ecuador,Computer Vision,2020,64,True
Czechia,Computer Vision,2017,185,True
Kosovo,Computer Vision,2016,1,True
Sweden,Computer Vision,2024,474,True
Myanmar,Computer Vision,2024,43,True
Nepal,Computer Vision,2018,8,True
Cuba,Computer Vision,2025,2,False
Peru,Computer Vision,2020,102,True
Vietnam,Computer Vision,2018,226,True
Iran,Computer Vision,2017,565,True
Denmark,Computer Vision,2018,150,True
Asia,Computer Vision,2016,21295,True
Asia,Computer Vision,2026,1727,False
Cambodia,Computer Vision,2019,2,True
Liechtenstein,Computer Vision,2020,1,True
Estonia,Computer Vision,2025,8,False
Spain,Computer Vision,2025,677,False
Cyprus,Computer Vision,2025,51,False
Paraguay,Computer Vision,2020,10,True
Côte d'Ivoire,Computer Vision,2020,8,True
Gabon,Computer Vision,2021,1,True
Nicaragua,Computer Vision,2017,1,True
Oman,Computer Vision,2016,11,True
Oman,Computer Vision,2019,22,True
New Zealand,Computer Vision,2026,1,False
Qatar,Large language models,2016,2,True
Qatar,Large language models,2025,33,False
Paraguay,Large language models,2025,1,False
South Korea,Large language models,2016,8,True
Chile,Large language models,2018,2,True
Jordan,Large language models,2017,1,True
Germany,Large language models,2020,263,True
Russia,Large language models,2019,29,True
Czechia,Large language models,2018,9,True
Cameroon,Large language models,2021,1,True
Singapore,Large language models,2023,761,True
Greece,Large language models,2024,99,True
Kuwait,Large language models,2024,12,True
Belgium,Large language models,2022,81,True
Thailand,Large language models,2025,54,False
Nigeria,Natural Language Processing,2020,49,True
Namibia,Natural Language Processing,2018,2,True
Romania,Natural Language Processing,2025,56,False
Colombia,Natural Language Processing,2017,25,True
Kuwait,Natural Language Processing,2023,24,True
Iraq,Natural Language Processing,2017,34,True
South and Central America,Natural Language Processing,2018,480,True
Saudi Arabia,Natural Language Processing,2017,118,True
Brunei,Natural Language Processing,2019,1,True
Burkina Faso,Natural Language Processing,2020,2,True
Burkina Faso,Natural Language Processing,2025,2,False
Egypt,Natural Language Processing,2023,228,True
Latvia,Natural Language Processing,2019,19,True
Uganda,Natural Language Processing,2021,6,True
Kyrgyzstan,Natural Language Processing,2019,2,True
Cyprus,Natural Language Processing,2025,10,False
Maldives,Natural Language Processing,2024,1,True
Sudan,Natural Language Processing,2025,5,False
Sweden,Natural Language Processing,2018,156,True
NATO,Natural Language Processing,2016,7077,True
Germany,Natural Language Processing,2017,936,True
Italy,Natural Language Processing,2021,516,True
Estonia,Natural Language Processing,2018,20,True
Benin,Natural Language Processing,2017,1,True
Africa,Robotics,2019,510,True
Romania,Robotics,2025,105,False
Five Eyes,Robotics,2020,10347,True
Bahrain,Robotics,2022,13,True
Tonga,Robotics,2020,1,True
Mongolia,Robotics,2018,2,True
Global Partnership on Artificial Intelligence,Robotics,2019,21783,True
United Arab Emirates,Robotics,2022,193,True
Sweden,Robotics,2018,341,True
Senegal,Robotics,2024,4,True
Turkey,Robotics,2017,343,True
Mexico,Robotics,2019,377,True
Jordan,Robotics,2020,33,True
Jordan,Robotics,2021,35,True
Georgia,Robotics,2022,2,True
Vietnam,Robotics,2020,217,True
Bolivia,Robotics,2025,2,False
Libya,Robotics,2025,4,False
Myanmar,Robotics,2018,13,True
Quad,Robotics,2017,9863,True
Quad,Robotics,2026,242,False
Honduras,Robotics,2017,1,True
Laos,Robotics,2024,1,True
North America and the Caribbean,Robotics,2025,5330,False
Sudan,Robotics,2016,2,True
Saint Kitts and Nevis,Robotics,2024,3,True
Slovakia,Robotics,2022,90,True
Cyprus,Robotics,2017,33,True
Australia,Robotics,2023,780,True
Ecuador,Robotics,2021,72,True
South Korea,Robotics,2021,1396,True
Argentina,Robotics,2021,38,True
Nigeria,Robotics,2018,25,True
Ukraine,Robotics,2017,83,True
Ukraine,Robotics,2020,156,True
North Macedonia,Robotics,2021,7,True
Kenya,Robotics,2020,7,True
Kenya,Robotics,2024,7,True
Azerbaijan,Robotics,2023,23,True
Norway,Robotics,2025,122,False
Republic of the Congo,Robotics,2025,1,False
Venezuela,Robotics,2024,5,True
United Kingdom,AI Safety,2018,205,True
New Zealand,AI Safety,2026,2,False
South and Central America,AI Safety,2026,1,False
Iraq,AI Safety,2022,4,True
EU,AI Safety,2024,1912,True
Greece,AI Safety,2020,19,True
Turkey,AI Safety,2021,23,True
Egypt,AI Safety,2025,37,False
Brazil,AI Safety,2019,34,True
Poland,AI Safety,2025,31,False
Jamaica,AI Safety,2024,1,True
Oceania,AI Safety,2021,200,True
Netherlands,AI Safety,2021,102,True
Russia,AI Safety,2021,17,True
Australia,AI Safety,2018,91,True
Czechia,All,2020,918,True
Czechia,All,2021,1070,True
North Korea,All,2016,3,True
North Korea,All,2025,2,False
Swaziland,All,2018,2,True
Quad,All,2016,39866,True
Djibouti,All,2023,2,True
New Zealand,All,2019,671,True
Kenya,All,2021,118,True
Fiji,All,2023,37,True
Nepal,All,2020,78,True
Azerbaijan,All,2019,47,True
EU,All,2016,27253,True
Mexico,All,2018,1174,True
Mexico,All,2022,1241,True
Italy,All,2023,9074,True
Netherlands,All,2016,1855,True
Netherlands,All,2017,1821,True
North Macedonia,All,2022,104,True
Uganda,All,2018,20,True
Uganda,All,2019,21,True
Uganda,All,2024,137,True
Nicaragua,All,2023,1,True
Malta,All,2025,49,False
Armenia,All,2020,32,True
Iran,All,2022,2776,True
Iran,All,2026,31,False
Russia,All,2018,2775,True
Vietnam,All,2018,701,True
Kosovo,All,2019,23,True
Burundi,All,2018,2,True
Estonia,All,2022,248,True
Israel,All,2017,798,True
Timor-Leste,All,2023,6,True
Somalia,All,2020,2,True
Luxembourg,All,2020,220,True
Bangladesh,All,2020,1313,True
Myanmar,All,2019,132,True
Bahrain,All,2019,35,True
Benin,All,2020,20,True
Iraq,All,2023,2440,True
Barbados,All,2021,3,True
Algeria,All,2025,400,False
Philippines,All,2021,526,True
Afghanistan,All,2019,8,True
Madagascar,Computer Vision,2023,4,True
Venezuela,Computer Vision,2023,4,True
Guyana,Computer Vision,2017,1,True
Taiwan,Computer Vision,2019,977,True
Ecuador,Computer Vision,2025,32,False
Kosovo,Computer Vision,2025,3,False
Trinidad and Tobago,Computer Vision,2019,2,True
Ireland,Computer Vision,2019,151,True
Ireland,Computer Vision,2024,314,True
Latvia,Computer Vision,2018,13,True
Poland,Computer Vision,2016,450,True
Myanmar,Computer Vision,2022,13,True
OECD,Computer Vision,2021,33802,True
United Kingdom,Computer Vision,2022,3599,True
Costa Rica,Computer Vision,2019,15,True
Kyrgyzstan,Computer Vision,2022,6,True
Asia,Computer Vision,2020,46572,True
India,Computer Vision,2021,11518,True
Jordan,Computer Vision,2018,87,True
Estonia,Computer Vision,2023,39,True
Dominican Republic,Computer Vision,2022,2,True
Dominican Republic,Computer Vision,2023,1,True
Indonesia,Computer Vision,2022,1577,True
Malta,Computer Vision,2022,24,True
Paraguay,Computer Vision,2018,7,True
Luxembourg,Computer Vision,2022,46,True
Côte d'Ivoire,Computer Vision,2016,3,True
Niger,Computer Vision,2024,2,True
Brunei,Computer Vision,2019,12,True
Global Partnership on Artificial Intelligence,Computer Vision,2018,26718,True
France,Large language models,2022,302,True
Iraq,Large language models,2022,10,True
Vietnam,Large language models,2016,5,True
Sweden,Large language models,2021,65,True
Taiwan,Large language models,2017,14,True
Malaysia,Large language models,2023,91,True
Saudi Arabia,Large language models,2018,3,True
Denmark,Large language models,2016,4,True
Bulgaria,Large language models,2017,1,True
Bulgaria,Large language models,2021,5,True
Ireland,Large language models,2020,26,True
Finland,Large language models,2023,70,True
South Africa,Large language models,2024,37,True
El Salvador,Large language models,2023,1,True
Nigeria,Large language models,2017,1,True
Sri Lanka,Large language models,2020,5,True
Ecuador,Large language models,2018,1,True
Ecuador,Large language models,2022,4,True
Lebanon,Large language models,2020,3,True
Portugal,Large language models,2023,70,True
Oceania,Large language models,2025,618,False
Bahrain,Large language models,2025,4,False
Belgium,Large language models,2023,101,True
Nepal,Large language models,2023,2,True
Poland,Large language models,2018,5,True
Thailand,Large language models,2023,53,True
Estonia,Large language models,2018,1,True
Estonia,Large language models,2023,14,True
Cambodia,Large language models,2024,4,True
Namibia,Natural Language Processing,2020,1,True
Argentina,Natural Language Processing,2024,35,True
Romania,Natural Language Processing,2023,141,True
Portugal,Natural Language Processing,2016,125,True
Russia,Natural Language Processing,2017,282,True
Ecuador,Natural Language Processing,2022,14,True
Saudi Arabia,Natural Language Processing,2018,170,True
Saudi Arabia,Natural Language Processing,2024,438,True
Iceland,Natural Language Processing,2024,4,True
Netherlands,Natural Language Processing,2018,405,True
Mexico,Natural Language Processing,2017,82,True
Yemen,Natural Language Processing,2020,11,True
New Zealand,Natural Language Processing,2016,37,True
Bulgaria,Natural Language Processing,2024,25,True
China,Natural Language Processing,2021,5998,True
Sudan,Natural Language Processing,2019,11,True
Greece,Natural Language Processing,2019,89,True
Slovenia,Natural Language Processing,2023,67,True
Cambodia,Natural Language Processing,2023,4,True
Switzerland,Natural Language Processing,2019,225,True
North America and the Caribbean,Natural Language Processing,2019,4620,True
Latvia,Robotics,2016,6,True
Poland,Robotics,2018,397,True
Serbia,Robotics,2020,39,True
Bosnia and Herzegovina,Robotics,2025,7,False
Mauritania,Robotics,2018,1,True
Peru,Robotics,2019,48,True
South and Central America,Robotics,2022,925,True
Senegal,Robotics,2019,1,True
Grenada,Robotics,2023,2,True
Germany,Robotics,2025,1383,False
India,Robotics,2022,2246,True
Mexico,Robotics,2018,363,True
Morocco,Robotics,2016,35,True
Georgia,Robotics,2019,1,True
Lebanon,Robotics,2016,28,True
Ireland,Robotics,2024,126,True
Ireland,Robotics,2025,66,False
Philippines,Robotics,2020,55,True
Libya,Robotics,2022,19,True
Switzerland,Robotics,2020,465,True
North America and the Caribbean,Robotics,2023,8682,True
Brunei,Robotics,2025,2,False
Austria,Robotics,2017,200,True
Egypt,Robotics,2023,251,True
Singapore,Robotics,2025,404,False
Ukraine,Robotics,2022,169,True
Spain,Robotics,2026,8,False
Bulgaria,Robotics,2020,64,True
Democratic Republic of the Congo,Robotics,2018,1,True
Norway,Robotics,2022,215,True
Yemen,AI Safety,2019,1,True
Indonesia,AI Safety,2016,3,True
Indonesia,AI Safety,2022,11,True
Hungary,AI Safety,2017,4,True
South and Central America,AI Safety,2020,59,True
South and Central America,AI Safety,2024,126,True
Sweden,AI Safety,2021,58,True
Slovenia,AI Safety,2017,2,True
Asia,AI Safety,2022,1672,True
Asia,AI Safety,2024,4907,True
Sudan,AI Safety,2025,3,False
Greece,AI Safety,2025,54,False
Morocco,AI Safety,2022,8,True
United Arab Emirates,AI Safety,2020,20,True
Chile,AI Safety,2023,7,True
Bahrain,AI Safety,2019,1,True
Luxembourg,AI Safety,2019,1,True
Kenya,AI Safety,2024,3,True
Colombia,AI Safety,2022,6,True
Taiwan,AI Safety,2016,10,True
Uruguay,AI Safety,2024,1,True
ASEAN,AI Safety,2022,141,True
Ecuador,AI Safety,2021,2,True
Brunei,AI Safety,2017,1,True
Singapore,AI Safety,2017,24,True
Eritrea,All,2021,1,True
Madagascar,All,2016,1,True
United Kingdom,All,2023,16454,True
Ireland,All,2019,744,True
Fiji,All,2025,8,False
Norway,All,2023,2002,True
Georgia,All,2019,17,True
Cambodia,All,2019,10,True
Asia,All,2017,63706,True
United States,All,2018,29526,True
United States,All,2021,46801,True
United States,All,2024,48876,True
Slovenia,All,2023,426,True
Libya,All,2019,27,True
North Macedonia,All,2018,69,True
Nicaragua,All,2017,1,True
Nicaragua,All,2022,2,True
Democratic Republic of the Congo,All,2018,4,True
Iran,All,2023,3093,True
Iran,All,2024,2950,True
Haiti,All,2023,1,True
Dominican Republic,All,2020,5,True
Vietnam,All,2020,1445,True
Qatar,All,2023,687,True
Montenegro,All,2025,27,False
Timor-Leste,All,2018,3,True
Luxembourg,All,2022,236,True
Belgium,All,2020,1556,True
NATO,All,2016,53099,True
Oceania,All,2024,7884,True
Chad,All,2024,5,True
Laos,All,2021,1,True
Japan,All,2020,9668,True
Philippines,All,2023,989,True
Afghanistan,All,2022,47,True
Austria,Computer Vision,2023,446,True
Netherlands,Computer Vision,2025,532,False
Slovakia,Computer Vision,2018,56,True
Belgium,Computer Vision,2024,396,True
Cameroon,Computer Vision,2020,15,True
Iraq,Computer Vision,2025,290,False
Ghana,Computer Vision,2019,27,True
North America and the Caribbean,Computer Vision,2019,10434,True
Italy,Computer Vision,2017,860,True
Italy,Computer Vision,2021,1533,True
Kazakhstan,Computer Vision,2016,21,True
Georgia,Computer Vision,2016,2,True
Serbia,Computer Vision,2022,119,True
Australia,Computer Vision,2024,1991,True
Peru,Computer Vision,2018,54,True
Senegal,Computer Vision,2021,10,True
Japan,Computer Vision,2026,36,False
Denmark,Computer Vision,2026,18,False
Uzbekistan,Computer Vision,2019,25,True
Kyrgyzstan,Computer Vision,2016,1,True
Morocco,Computer Vision,2020,263,True
Brazil,Computer Vision,2024,756,True
China,Computer Vision,2021,31861,True
Estonia,Computer Vision,2022,40,True
Germany,Computer Vision,2016,1394,True
Cyprus,Computer Vision,2016,39,True
Slovenia,Computer Vision,2018,50,True
Luxembourg,Computer Vision,2018,26,True
Azerbaijan,Computer Vision,2017,1,True
Azerbaijan,Computer Vision,2020,3,True
Belarus,Computer Vision,2017,19,True
Côte d'Ivoire,Computer Vision,2025,3,False
Bahrain,Computer Vision,2019,7,True
Netherlands,Large language models,2016,11,True
Netherlands,Large language models,2020,93,True
Malaysia,Large language models,2017,1,True
Spain,Large language models,2023,239,True
Luxembourg,Large language models,2025,16,False
Pakistan,Large language models,2025,108,False
Fiji,Large language models,2024,1,True
NATO,Large language models,2021,5048,True
Ethiopia,Large language models,2023,19,True
South Korea,Large language models,2018,50,True
Italy,Large language models,2018,29,True
Uruguay,Large language models,2019,1,True
Asia,Large language models,2025,12632,False
Chile,Large language models,2025,27,False
Myanmar,Large language models,2019,3,True
Finland,Large language models,2019,19,True
Portugal,Large language models,2019,8,True
Turkey,Large language models,2024,210,True
Bahrain,Large language models,2023,2,True
Global Partnership on Artificial Intelligence,Large language models,2022,7423,True
Norway,Large language models,2021,17,True
Mauritius,Large language models,2023,1,True
India,Large language models,2022,602,True
Estonia,Large language models,2020,8,True
Nepal,Natural Language Processing,2016,4,True
United States,Natural Language Processing,2021,5339,True
Kuwait,Natural Language Processing,2025,18,False
Belarus,Natural Language Processing,2020,7,True
Qatar,Natural Language Processing,2021,56,True
Austria,Natural Language Processing,2021,138,True
Thailand,Natural Language Processing,2024,158,True
Saudi Arabia,Natural Language Processing,2020,259,True
India,Natural Language Processing,2018,1485,True
Zambia,Natural Language Processing,2022,1,True
Albania,Natural Language Processing,2016,5,True
Kenya,Natural Language Processing,2021,17,True
Kosovo,Natural Language Processing,2018,1,True
Republic of the Congo,Natural Language Processing,2022,1,True
Brazil,Natural Language Processing,2023,333,True
Egypt,Natural Language Processing,2019,145,True
Ghana,Natural Language Processing,2019,4,True
Yemen,Natural Language Processing,2024,38,True
Uganda,Natural Language Processing,2022,6,True
Peru,Natural Language Processing,2020,24,True
Malawi,Natural Language Processing,2025,3,False
Asia,Natural Language Processing,2019,9335,True
Bosnia and Herzegovina,Natural Language Processing,2025,3,False
Saint Lucia,Natural Language Processing,2024,5,True
Saint Lucia,Natural Language Processing,2025,3,False
Turkey,Natural Language Processing,2016,116,True
Italy,Natural Language Processing,2023,694,True
Angola,Natural Language Processing,2023,3,True
Finland,Natural Language Processing,2024,145,True
Luxembourg,Natural Language Processing,2020,20,True
Luxembourg,Natural Language Processing,2024,23,True
Five Eyes,Robotics,2026,287,False
Trinidad and Tobago,Robotics,2021,1,True
Slovenia,Robotics,2022,64,True
Bahrain,Robotics,2019,4,True
Kosovo,Robotics,2017,7,True
Uzbekistan,Robotics,2022,15,True
OECD,Robotics,2018,20252,True
United Arab Emirates,Robotics,2017,97,True
Russia,Robotics,2024,642,True
Belarus,Robotics,2021,15,True
Mauritius,Robotics,2023,3,True
North Korea,Robotics,2024,2,True
Greece,Robotics,2019,182,True
Uruguay,Robotics,2022,14,True
India,Robotics,2021,2139,True
Morocco,Robotics,2019,41,True
Morocco,Robotics,2020,46,True
Taiwan,Robotics,2017,365,True
Quad,Robotics,2024,13459,True
Brazil,Robotics,2026,7,False
Ethiopia,Robotics,2021,13,True
Asia,Robotics,2023,28240,True
Iran,Robotics,2022,345,True
Vatican City,Robotics,2024,1,True
Japan,Robotics,2018,3207,True
Rwanda,Robotics,2025,5,False
Nicaragua,Robotics,2020,2,True
Spain,Robotics,2019,875,True
Bulgaria,Robotics,2017,29,True
Azerbaijan,Robotics,2018,3,True
Democratic Republic of the Congo,Robotics,2021,3,True
Tanzania,Robotics,2022,2,True
Montenegro,Robotics,2018,6,True
Europe,AI Safety,2018,738,True
Belgium,AI Safety,2020,46,True
Pakistan,AI Safety,2016,3,True
Indonesia,AI Safety,2019,2,True
Iraq,AI Safety,2023,15,True
Mexico,AI Safety,2020,8,True
EU,AI Safety,2018,543,True
Africa,AI Safety,2022,48,True
South Korea,AI Safety,2016,17,True
Myanmar,AI Safety,2024,2,True
Brazil,AI Safety,2024,81,True
India,AI Safety,2024,1299,True
Argentina,AI Safety,2023,7,True
Norway,AI Safety,2020,25,True
Global Partnership on Artificial Intelligence,AI Safety,2021,4048,True
Taiwan,AI Safety,2026,2,False
Malta,AI Safety,2022,3,True
Spain,AI Safety,2024,151,True
Vietnam,AI Safety,2023,32,True
Denmark,AI Safety,2022,42,True
Denmark,AI Safety,2024,76,True
Oceania,AI Safety,2026,15,False
Netherlands,AI Safety,2026,2,False
Russia,AI Safety,2024,33,True
United States,AI Safety,2018,995,True
Australia,AI Safety,2026,14,False
Czechia,All,2019,882,True
Venezuela,All,2016,48,True
Five Eyes,All,2019,53774,True
Denmark,All,2021,1622,True
North Korea,All,2024,8,True
Egypt,All,2018,900,True
Cameroon,All,2022,63,True
South Sudan,All,2022,1,True
China,All,2019,48935,True
Panama,All,2021,20,True
Côte d'Ivoire,All,2016,7,True
Azerbaijan,All,2025,85,False
Mongolia,All,2018,9,True
EU,All,2024,51226,True
Mexico,All,2021,1460,True
Georgia,All,2016,13,True
Namibia,All,2023,26,True
ASEAN,All,2020,11577,True
Asia,All,2025,137702,False
Bulgaria,All,2021,338,True
Lebanon,All,2023,591,True
Thailand,All,2017,652,True
San Marino,All,2024,1,True
Austria,All,2016,902,True
Greece,All,2023,2210,True
Finland,All,2022,1412,True
Slovenia,All,2016,191,True
North Macedonia,All,2016,48,True
Cyprus,All,2021,340,True
Dominican Republic,All,2024,16,True
South Africa,All,2019,469,True
Seychelles,All,2022,1,True
Sweden,All,2022,2333,True
Kazakhstan,All,2022,307,True
Myanmar,All,2025,25,False
Mozambique,All,2024,14,True
Rwanda,All,2022,52,True
Guatemala,All,2020,12,True
Philippines,All,2018,320,True
Portugal,All,2017,1125,True
Portugal,All,2019,1446,True
Colombia,All,2018,579,True
Burkina Faso,All,2016,2,True
Mexico,Computer Vision,2018,293,True
Israel,Computer Vision,2016,185,True
Israel,Computer Vision,2025,183,False
Namibia,Computer Vision,2025,2,False
Moldova,Computer Vision,2025,1,False
Venezuela,Computer Vision,2017,5,True
Somalia,Computer Vision,2023,4,True
Canada,Computer Vision,2020,1801,True
Trinidad and Tobago,Computer Vision,2024,4,True
Trinidad and Tobago,Computer Vision,2025,2,False
Bosnia and Herzegovina,Computer Vision,2022,24,True
Mongolia,Computer Vision,2018,5,True
Croatia,Computer Vision,2019,94,True
Bhutan,Computer Vision,2020,2,True
Australia,Computer Vision,2017,999,True
EU,Computer Vision,2024,11519,True
Vietnam,Computer Vision,2019,297,True
Burundi,Computer Vision,2019,2,True
Algeria,Computer Vision,2021,298,True
Iran,Computer Vision,2024,723,True
Denmark,Computer Vision,2020,220,True
Panama,Computer Vision,2023,4,True
Africa,Computer Vision,2022,2527,True
Oceania,Computer Vision,2024,2211,True
Thailand,Computer Vision,2016,190,True
Thailand,Computer Vision,2025,260,False
Cambodia,Computer Vision,2023,12,True
North Macedonia,Computer Vision,2025,3,False
Liberia,Computer Vision,2024,3,True
Russia,Computer Vision,2023,811,True
China,Computer Vision,2016,9900,True
Paraguay,Computer Vision,2021,16,True
Norway,Computer Vision,2021,418,True
Dominica,Computer Vision,2023,1,True
Brunei,Computer Vision,2020,10,True
Saudi Arabia,Large language models,2019,12,True
Kazakhstan,Large language models,2025,35,False
Ireland,Large language models,2016,8,True
Australia,Large language models,2021,340,True
Cyprus,Large language models,2018,1,True
Finland,Large language models,2022,50,True
Nigeria,Large language models,2021,5,True
Nigeria,Large language models,2023,21,True
Serbia,Large language models,2023,16,True
United Kingdom,Large language models,2023,1468,True
Iran,Large language models,2017,4,True
Iran,Large language models,2025,65,False
Cambodia,Large language models,2022,1,True
Uruguay,Natural Language Processing,2023,8,True
Gabon,Natural Language Processing,2022,1,True
North Macedonia,Natural Language Processing,2024,16,True
ASEAN,Natural Language Processing,2024,1962,True
Lebanon,Natural Language Processing,2019,19,True
Costa Rica,Natural Language Processing,2020,4,True
France,Natural Language Processing,2020,789,True
France,Natural Language Processing,2022,766,True
Austria,Natural Language Processing,2016,71,True
Ireland,Natural Language Processing,2024,130,True
Iran,Natural Language Processing,2023,184,True
Bangladesh,Natural Language Processing,2025,171,False
India,Natural Language Processing,2026,1,False
Brunei,Natural Language Processing,2017,1,True
Lithuania,Natural Language Processing,2022,39,True
Albania,Natural Language Processing,2021,5,True
Azerbaijan,Natural Language Processing,2023,19,True
Egypt,Natural Language Processing,2022,216,True
Latvia,Natural Language Processing,2018,19,True
Hungary,Natural Language Processing,2016,49,True
Ghana,Natural Language Processing,2017,5,True
Peru,Natural Language Processing,2019,15,True
Five Eyes,Natural Language Processing,2023,9051,True
Five Eyes,Natural Language Processing,2024,6896,True
Fiji,Natural Language Processing,2024,2,True
Kyrgyzstan,Natural Language Processing,2025,3,False
Asia,Natural Language Processing,2021,13743,True
Greece,Natural Language Processing,2023,170,True
Serbia,Natural Language Processing,2021,38,True
Grenada,Natural Language Processing,2021,1,True
Mauritania,Natural Language Processing,2023,1,True
Five Eyes,Robotics,2023,11103,True
Five Eyes,Robotics,2024,10643,True
Indonesia,Robotics,2017,273,True
Slovenia,Robotics,2021,64,True
United States,Robotics,2022,6700,True
Poland,Robotics,2022,365,True
United Arab Emirates,Robotics,2020,130,True
United Arab Emirates,Robotics,2021,130,True
South and Central America,Robotics,2019,1073,True
Turkey,Robotics,2025,283,False
Thailand,Robotics,2019,141,True
Uruguay,Robotics,2017,7,True
North America and the Caribbean,Robotics,2024,8299,True
Ethiopia,Robotics,2023,25,True
Slovakia,Robotics,2017,62,True
Iran,Robotics,2024,314,True
Belgium,Robotics,2016,188,True
Albania,Robotics,2017,1,True
South Africa,Robotics,2024,62,True
Iraq,Robotics,2018,90,True
Côte d'Ivoire,Robotics,2019,1,True
North Macedonia,Robotics,2022,6,True
Peru,AI Safety,2016,1,True
Montenegro,AI Safety,2024,3,True
Germany,AI Safety,2021,423,True
Germany,AI Safety,2026,2,False
Quad,AI Safety,2020,2302,True
United Kingdom,AI Safety,2026,13,False
Mexico,AI Safety,2016,4,True
Slovenia,AI Safety,2022,4,True
Israel,AI Safety,2025,51,False
Nigeria,AI Safety,2020,2,True
Estonia,AI Safety,2019,4,True
Estonia,AI Safety,2025,7,False
Algeria,AI Safety,2019,3,True
Algeria,AI Safety,2024,33,True
Egypt,AI Safety,2017,3,True
Egypt,AI Safety,2022,11,True
Morocco,AI Safety,2020,2,True
Cuba,AI Safety,2016,1,True
Ethiopia,AI Safety,2023,2,True
Portugal,AI Safety,2023,44,True
Bahrain,AI Safety,2025,6,False
Poland,AI Safety,2019,14,True
Japan,AI Safety,2024,234,True
Saudi Arabia,AI Safety,2024,116,True
ASEAN,AI Safety,2019,101,True
Brunei,AI Safety,2023,2,True
Tunisia,AI Safety,2021,5,True
Swaziland,All,2023,4,True
Jordan,All,2023,1041,True
Canada,All,2021,8251,True
Egypt,All,2016,685,True
United Kingdom,All,2024,14636,True
Kuwait,All,2020,115,True
Ireland,All,2016,472,True
Global Partnership on Artificial Intelligence,All,2020,130740,True
Kenya,All,2025,124,False
Nepal,All,2019,54,True
Panama,All,2023,25,True
Moldova,All,2019,5,True
EU,All,2019,36957,True
Namibia,All,2021,21,True
Nicaragua,All,2019,3,True
Serbia,All,2021,458,True
South and Central America,All,2026,71,False
Bangladesh,All,2023,2558,True
Belarus,All,2025,70,False
Latvia,All,2021,109,True
Latvia,All,2023,126,True
Rwanda,All,2023,112,True
Taiwan,All,2016,1580,True
Sierra Leone,All,2024,6,True
Kuwait,Computer Vision,2022,45,True
Greece,Computer Vision,2018,259,True
Moldova,Computer Vision,2016,2,True
Chad,Computer Vision,2024,2,True
Slovakia,Computer Vision,2025,43,False
Argentina,Computer Vision,2016,41,True
Taiwan,Computer Vision,2016,601,True
Bosnia and Herzegovina,Computer Vision,2025,11,False
Maldives,Computer Vision,2025,2,False
Mongolia,Computer Vision,2021,8,True
Georgia,Computer Vision,2025,8,False
Quad,Computer Vision,2019,18913,True
Burundi,Computer Vision,2021,1,True
Ukraine,Computer Vision,2026,1,False
Timor-Leste,Computer Vision,2019,1,True
India,Computer Vision,2024,18249,True
Brazil,Computer Vision,2016,478,True
China,Computer Vision,2022,35321,True
Germany,Computer Vision,2025,1658,False
Paraguay,Computer Vision,2022,10,True
Belarus,Computer Vision,2019,38,True
Gabon,Computer Vision,2019,1,True
Romania,Computer Vision,2021,364,True
Iraq,Large language models,2024,52,True
Austria,Large language models,2018,3,True
Europe,Large language models,2023,4808,True
Philippines,Large language models,2019,1,True
Canada,Large language models,2024,645,True
Qatar,Large language models,2017,6,True
Bulgaria,Large language models,2025,9,False
Ireland,Large language models,2025,66,False
Comoros,Large language models,2024,1,True
Tunisia,Large language models,2024,25,True
Cyprus,Large language models,2024,16,True
Ghana,Large language models,2022,3,True
Myanmar,Large language models,2025,3,False
Japan,Large language models,2024,900,True
Japan,Large language models,2025,522,False
South Africa,Large language models,2017,2,True
North America and the Caribbean,Large language models,2019,1406,True
Ecuador,Large language models,2025,9,False
Egypt,Large language models,2019,9,True
Egypt,Large language models,2022,56,True
Portugal,Large language models,2025,58,False
United Kingdom,Large language models,2017,83,True
Global Partnership on Artificial Intelligence,Large language models,2023,12348,True
Bangladesh,Large language models,2020,23,True
Colombia,Large language models,2018,1,True
Colombia,Large language models,2021,8,True
Armenia,Large language models,2025,1,False
India,Large language models,2018,60,True
Nepal,Large language models,2019,1,True
Quad,Large language models,2024,7642,True
United Arab Emirates,Natural Language Processing,2023,243,True
Argentina,Natural Language Processing,2019,38,True
Argentina,Natural Language Processing,2026,3,False
Kuwait,Natural Language Processing,2024,27,True
Austria,Natural Language Processing,2022,141,True
Ecuador,Natural Language Processing,2019,13,True
Norway,Natural Language Processing,2019,120,True
Norway,Natural Language Processing,2022,163,True
Norway,Natural Language Processing,2024,148,True
Thailand,Natural Language Processing,2023,132,True
Vietnam,Natural Language Processing,2025,71,False
Mexico,Natural Language Processing,2018,118,True
Kazakhstan,Natural Language Processing,2023,59,True
Indonesia,Natural Language Processing,2025,319,False
Latvia,Natural Language Processing,2025,9,False
Europe,Natural Language Processing,2016,5051,True
Jamaica,Natural Language Processing,2016,2,True
Ethiopia,Natural Language Processing,2017,9,True
Asia,Natural Language Processing,2018,7587,True
Bosnia and Herzegovina,Natural Language Processing,2018,4,True
Tanzania,Natural Language Processing,2021,2,True
Sweden,Natural Language Processing,2026,5,False
Slovenia,Natural Language Processing,2017,27,True
Uzbekistan,Natural Language Processing,2016,2,True
Bahrain,Natural Language Processing,2022,14,True
Czechia,Natural Language Processing,2016,135,True
Trinidad and Tobago,Natural Language Processing,2023,1,True
Botswana,Natural Language Processing,2024,14,True
North America and the Caribbean,Natural Language Processing,2020,5443,True
Denmark,Robotics,2020,252,True
Croatia,Robotics,2024,67,True
Kosovo,Robotics,2016,10,True
Serbia,Robotics,2016,58,True
Nepal,Robotics,2017,1,True
Mongolia,Robotics,2019,3,True
Iceland,Robotics,2022,9,True
Greece,Robotics,2016,172,True
Uruguay,Robotics,2018,3,True
Grenada,Robotics,2020,4,True
United Kingdom,Robotics,2022,2031,True
India,Robotics,2020,1666,True
Jordan,Robotics,2022,45,True
Taiwan,Robotics,2018,386,True
Vietnam,Robotics,2025,84,False
Lebanon,Robotics,2020,47,True
Libya,Robotics,2019,3,True
Libya,Robotics,2020,7,True
Switzerland,Robotics,2023,558,True
Hungary,Robotics,2021,150,True
Brunei,Robotics,2018,4,True
Brazil,Robotics,2021,598,True
New Zealand,Robotics,2016,141,True
New Zealand,Robotics,2024,83,True
Mozambique,Robotics,2019,2,True
Kazakhstan,Robotics,2017,38,True
Armenia,Robotics,2022,6,True
Zimbabwe,Robotics,2025,2,False
Iraq,Robotics,2017,57,True
China,Robotics,2026,817,False
Argentina,Robotics,2020,52,True
North Macedonia,Robotics,2024,8,True
Canada,Robotics,2017,825,True
Canada,Robotics,2020,1061,True
Spain,Robotics,2022,883,True
Norway,Robotics,2020,199,True
Bangladesh,Robotics,2021,89,True
Montenegro,Robotics,2016,3,True
Montenegro,Robotics,2025,2,False
Pakistan,AI Safety,2019,6,True
Slovakia,AI Safety,2024,13,True
Hungary,AI Safety,2018,1,True
Israel,AI Safety,2022,61,True
Mongolia,AI Safety,2023,1,True
Canada,AI Safety,2023,314,True
Philippines,AI Safety,2021,2,True
NATO,AI Safety,2019,2333,True
France,AI Safety,2019,146,True
France,AI Safety,2020,144,True
Argentina,AI Safety,2016,3,True
United Arab Emirates,AI Safety,2017,1,True
Rwanda,AI Safety,2025,1,False
Malaysia,AI Safety,2021,8,True
Syria,AI Safety,2024,3,True
Kenya,AI Safety,2023,4,True
Poland,AI Safety,2017,7,True
Japan,AI Safety,2020,120,True
Vietnam,AI Safety,2020,2,True
Ecuador,AI Safety,2025,3,False
Jordan,AI Safety,2024,28,True
Oman,AI Safety,2025,6,False
Swaziland,AI Safety,2025,1,False
Grenada,All,2025,9,False
Jordan,All,2021,583,True
Jordan,All,2022,713,True
Pakistan,All,2022,3237,True
Mauritius,All,2016,7,True
Zambia,All,2023,41,True
Global Partnership on Artificial Intelligence,All,2018,94893,True
Azerbaijan,All,2018,52,True
Azerbaijan,All,2024,133,True
Albania,All,2017,25,True
Papua New Guinea,All,2017,1,True
Norway,All,2025,840,False
Morocco,All,2021,1025,True
Gabon,All,2019,2,True
OECD,All,2017,71792,True
Sudan,All,2018,65,True
Kosovo,All,2023,50,True
Trinidad and Tobago,All,2020,21,True
Malaysia,All,2017,1639,True
Oman,All,2021,190,True
Ghana,All,2025,105,False
Bahrain,All,2021,110,True
El Salvador,All,2018,7,True
Guatemala,All,2022,4,True
Nigeria,All,2016,158,True
Germany,All,2026,189,False
Taiwan,All,2019,2616,True
Portugal,All,2018,1232,True
Colombia,All,2025,404,False
Argentina,All,2022,237,True
Egypt,Computer Vision,2016,251,True
Colombia,Computer Vision,2016,107,True
Colombia,Computer Vision,2019,201,True
Colombia,Computer Vision,2023,186,True
Taiwan,Computer Vision,2024,1332,True
Qatar,Computer Vision,2024,136,True
Malawi,Computer Vision,2021,3,True
Haiti,Computer Vision,2021,1,True
Kiribati,Computer Vision,2024,1,True
Sudan,Computer Vision,2017,27,True
Mongolia,Computer Vision,2025,11,False
North Korea,Computer Vision,2016,2,True
Vietnam,Computer Vision,2021,511,True
Nigeria,Computer Vision,2022,187,True
Iran,Computer Vision,2026,10,False
Portugal,Computer Vision,2016,198,True
Portugal,Computer Vision,2019,334,True
Benin,Computer Vision,2025,3,False
Bulgaria,Computer Vision,2025,65,False
Malaysia,Computer Vision,2018,697,True
Pakistan,Computer Vision,2018,469,True
Liberia,Computer Vision,2022,6,True
Vanuatu,Computer Vision,2024,1,True
Syria,Computer Vision,2017,4,True
Syria,Computer Vision,2023,15,True
Slovenia,Computer Vision,2016,29,True
Slovenia,Computer Vision,2024,77,True
NATO,Computer Vision,2019,20446,True
Belarus,Computer Vision,2021,40,True
Ethiopia,Computer Vision,2020,37,True
Barbados,Computer Vision,2023,2,True
Oman,Computer Vision,2020,32,True
Global Partnership on Artificial Intelligence,Computer Vision,2022,42695,True
Vatican City,Computer Vision,2018,1,True
Luxembourg,Large language models,2023,22,True
Europe,Large language models,2017,252,True
NATO,Large language models,2026,2,False
Burkina Faso,Large language models,2024,1,True
Romania,Large language models,2024,55,True
Australia,Large language models,2023,725,True
South Korea,Large language models,2021,424,True
South Korea,Large language models,2026,1,False
Uruguay,Large language models,2024,4,True
Malta,Large language models,2020,1,True
Slovakia,Large language models,2021,3,True
Israel,Large language models,2019,39,True
Sri Lanka,Large language models,2025,27,False
Serbia,Large language models,2020,1,True
New Zealand,Large language models,2020,11,True
Slovenia,Large language models,2021,17,True
Russia,Large language models,2025,89,False
Czechia,Large language models,2016,4,True
Senegal,Large language models,2023,2,True
Iran,Large language models,2016,4,True
Iran,Large language models,2018,4,True
Belgium,Large language models,2021,51,True
Peru,Large language models,2020,3,True
Poland,Large language models,2022,40,True
United Arab Emirates,Large language models,2017,1,True
Japan,Natural Language Processing,2016,646,True
ASEAN,Natural Language Processing,2016,610,True
ASEAN,Natural Language Processing,2018,939,True
Colombia,Natural Language Processing,2016,17,True
South Korea,Natural Language Processing,2018,260,True
Belarus,Natural Language Processing,2023,6,True
France,Natural Language Processing,2023,804,True
South and Central America,Natural Language Processing,2017,338,True
Tunisia,Natural Language Processing,2016,92,True
Tunisia,Natural Language Processing,2021,65,True
Nicaragua,Natural Language Processing,2019,1,True
Vietnam,Natural Language Processing,2017,66,True
Burkina Faso,Natural Language Processing,2022,2,True
Netherlands,Natural Language Processing,2024,390,True
Georgia,Natural Language Processing,2024,7,True
Belgium,Natural Language Processing,2026,3,False
Latvia,Natural Language Processing,2022,16,True
Ukraine,Natural Language Processing,2022,97,True
EU,Natural Language Processing,2020,4817,True
Ethiopia,Natural Language Processing,2019,13,True
Oceania,Natural Language Processing,2023,823,True
Syria,Natural Language Processing,2017,4,True
Bosnia and Herzegovina,Natural Language Processing,2021,15,True
Greece,Natural Language Processing,2022,121,True
NATO,Natural Language Processing,2018,8032,True
Germany,Natural Language Processing,2020,1290,True
Israel,Natural Language Processing,2024,202,True
Morocco,Natural Language Processing,2018,97,True
Cameroon,Natural Language Processing,2021,7,True
Cameroon,Natural Language Processing,2023,11,True
Slovakia,Natural Language Processing,2017,18,True
Guatemala,Robotics,2018,1,True
ASEAN,Robotics,2018,1340,True
ASEAN,Robotics,2025,895,False
Romania,Robotics,2019,305,True
Trinidad and Tobago,Robotics,2024,2,True
Monaco,Robotics,2017,2,True
Latvia,Robotics,2017,12,True
Bahrain,Robotics,2025,3,False
Italy,Robotics,2024,1923,True
Paraguay,Robotics,2024,2,True
Bosnia and Herzegovina,Robotics,2016,14,True
Algeria,Robotics,2017,87,True
Colombia,Robotics,2020,153,True
Oceania,Robotics,2017,674,True
Oceania,Robotics,2018,714,True
Oceania,Robotics,2023,889,True
Zambia,Robotics,2023,1,True
United Kingdom,Robotics,2021,1975,True
Morocco,Robotics,2025,35,False
Cameroon,Robotics,2021,6,True
Cameroon,Robotics,2022,9,True
Finland,Robotics,2021,195,True
Uganda,Robotics,2020,1,True
Brazil,Robotics,2023,541,True
Ethiopia,Robotics,2019,6,True
Slovakia,Robotics,2016,90,True
Slovakia,Robotics,2018,94,True
Asia,Robotics,2026,950,False
Chile,Robotics,2016,50,True
Belgium,Robotics,2026,10,False
Australia,Robotics,2019,701,True
Austria,Robotics,2018,228,True
Iraq,Robotics,2016,50,True
Egypt,Robotics,2024,203,True
Czechia,Robotics,2018,164,True
Bulgaria,Robotics,2023,88,True
Bulgaria,Robotics,2025,36,False
Mali,Robotics,2017,1,True
Germany,AI Safety,2017,127,True
Quad,AI Safety,2021,2449,True
Quad,AI Safety,2023,3086,True
Belgium,AI Safety,2019,23,True
Kosovo,AI Safety,2021,1,True
Mexico,AI Safety,2026,1,False
Fiji,AI Safety,2024,2,True
Israel,AI Safety,2016,12,True
Greece,AI Safety,2018,9,True
Latvia,AI Safety,2026,1,False
Portugal,AI Safety,2022,30,True
Five Eyes,AI Safety,2019,1890,True
Finland,AI Safety,2024,50,True
Luxembourg,AI Safety,2017,3,True
Austria,AI Safety,2018,24,True
Poland,AI Safety,2023,33,True
Japan,AI Safety,2017,43,True
Vietnam,AI Safety,2025,31,False
Croatia,AI Safety,2021,5,True
Nepal,AI Safety,2018,1,True
Saudi Arabia,AI Safety,2025,115,False
Tunisia,AI Safety,2020,4,True
United States,AI Safety,2017,611,True
United States,AI Safety,2026,35,False
North Macedonia,AI Safety,2024,1,True
OECD,AI Safety,2020,3544,True
Canada,All,2023,9039,True
United Kingdom,All,2021,13484,True
Djibouti,All,2017,1,True
Europe,All,2021,70296,True
Fiji,All,2024,34,True
Ecuador,All,2017,303,True
Albania,All,2024,70,True
United Arab Emirates,All,2016,278,True
Syria,All,2016,13,True
Gabon,All,2021,2,True
Switzerland,All,2018,1829,True
Libya,All,2021,80,True
Uganda,All,2020,33,True
Nicaragua,All,2020,3,True
Ukraine,All,2022,991,True
Chile,All,2024,566,True
Comoros,All,2025,2,False
Sweden,All,2019,1459,True
Israel,All,2019,1062,True
Gambia,All,2025,7,False
Belgium,All,2023,1954,True
Kazakhstan,All,2023,490,True
Mozambique,All,2023,16,True
Chad,All,2022,1,True
Peru,All,2020,285,True
Croatia,All,2023,468,True
Croatia,All,2026,12,False
North America and the Caribbean,All,2016,24997,True
Algeria,All,2021,812,True
Philippines,All,2024,1118,True
Argentina,All,2026,5,False
Senegal,All,2017,18,True
Senegal,All,2018,28,True
Republic of the Congo,Computer Vision,2025,1,False
Netherlands,Computer Vision,2024,830,True
Saudi Arabia,Computer Vision,2026,10,False
Guatemala,Computer Vision,2021,3,True
Qatar,Computer Vision,2025,100,False
Chile,Computer Vision,2016,50,True
Canada,Computer Vision,2016,934,True
Czechia,Computer Vision,2020,240,True
Latvia,Computer Vision,2022,29,True
Sweden,Computer Vision,2021,412,True
Myanmar,Computer Vision,2021,27,True
OECD,Computer Vision,2023,37528,True
Nepal,Computer Vision,2022,47,True
Serbia,Computer Vision,2016,55,True
Cape Verde,Computer Vision,2019,1,True
Bhutan,Computer Vision,2022,1,True
Australia,Computer Vision,2018,1246,True
Australia,Computer Vision,2023,2227,True
Turkey,Computer Vision,2021,1044,True
Vietnam,Computer Vision,2022,574,True
Sri Lanka,Computer Vision,2016,32,True
Sri Lanka,Computer Vision,2018,52,True
Nigeria,Computer Vision,2020,100,True
Japan,Computer Vision,2021,2826,True
Portugal,Computer Vision,2018,257,True
Tanzania,Computer Vision,2017,7,True
Africa,Computer Vision,2018,1301,True
Cambodia,Computer Vision,2016,4,True
Laos,Computer Vision,2019,1,True
Spain,Computer Vision,2019,1061,True
United Arab Emirates,Computer Vision,2021,450,True
Slovenia,Computer Vision,2025,46,False
Norway,Computer Vision,2018,199,True
Azerbaijan,Computer Vision,2024,13,True
Dominica,Computer Vision,2025,1,False
Kenya,Computer Vision,2017,11,True
Bahrain,Computer Vision,2023,32,True
Zimbabwe,Computer Vision,2022,10,True
Five Eyes,Large language models,2021,4194,True
Vietnam,Large language models,2025,82,False
Mexico,Large language models,2022,19,True
Trinidad and Tobago,Large language models,2025,2,False
Taiwan,Large language models,2020,105,True
Saudi Arabia,Large language models,2022,136,True
North Macedonia,Large language models,2022,2,True
Kazakhstan,Large language models,2022,9,True
Kyrgyzstan,Large language models,2024,1,True
Hungary,Large language models,2022,11,True
Japan,Large language models,2021,478,True
Finland,Large language models,2020,34,True
Jordan,Large language models,2022,23,True
Sri Lanka,Large language models,2024,28,True
United Kingdom,Large language models,2021,674,True
Norway,Large language models,2024,95,True
OECD,Large language models,2018,1193,True
OECD,Large language models,2025,8444,False
Armenia,Large language models,2024,2,True
Croatia,Large language models,2018,1,True
Latvia,Large language models,2018,2,True
Argentina,Large language models,2022,5,True
Quad,Large language models,2020,2838,True
United Arab Emirates,Large language models,2019,8,True
Estonia,Large language models,2022,10,True
Montenegro,Natural Language Processing,2025,2,False
United Arab Emirates,Natural Language Processing,2021,105,True
Argentina,Natural Language Processing,2016,35,True
United States,Natural Language Processing,2024,4801,True
Japan,Natural Language Processing,2025,428,False
Moldova,Natural Language Processing,2024,3,True
South Korea,Natural Language Processing,2026,18,False
Global Partnership on Artificial Intelligence,Natural Language Processing,2023,18455,True
Norway,Natural Language Processing,2017,100,True
Iceland,Natural Language Processing,2017,3,True
Kenya,Natural Language Processing,2023,23,True
Croatia,Natural Language Processing,2024,47,True
Azerbaijan,Natural Language Processing,2024,15,True
Brazil,Natural Language Processing,2026,4,False
Singapore,Natural Language Processing,2016,189,True
Ukraine,Natural Language Processing,2018,81,True
Malaysia,Natural Language Processing,2020,152,True
Europe,Natural Language Processing,2018,5543,True
Barbados,Natural Language Processing,2024,2,True
Asia,Natural Language Processing,2023,17570,True
Cyprus,Natural Language Processing,2022,12,True
Cuba,Natural Language Processing,2016,8,True
Turkey,Natural Language Processing,2019,208,True
Greece,Natural Language Processing,2020,112,True
NATO,Natural Language Processing,2020,10408,True
Israel,Natural Language Processing,2022,194,True
Israel,Natural Language Processing,2025,112,False
Spain,Natural Language Processing,2021,582,True
Luxembourg,Natural Language Processing,2019,22,True
Democratic Republic of the Congo,Natural Language Processing,2024,3,True
Africa,Robotics,2018,470,True
Pakistan,Robotics,2021,196,True
Pakistan,Robotics,2025,95,False
Oman,Robotics,2025,17,False
Yemen,Robotics,2019,4,True
Trinidad and Tobago,Robotics,2023,3,True
Serbia,Robotics,2018,62,True
Serbia,Robotics,2024,58,True
United Arab Emirates,Robotics,2016,64,True
Russia,Robotics,2022,945,True
Oceania,Robotics,2024,801,True
Thailand,Robotics,2023,175,True
Taiwan,Robotics,2016,367,True
Taiwan,Robotics,2021,505,True
Switzerland,Robotics,2024,525,True
Malta,Robotics,2021,2,True
South Africa,Robotics,2021,91,True
Japan,Robotics,2016,2951,True
Ecuador,Robotics,2023,96,True
Botswana,Robotics,2023,2,True
Netherlands,Robotics,2020,590,True
China,Robotics,2016,4217,True
Lithuania,Robotics,2024,36,True
Israel,Robotics,2023,199,True
Spain,Robotics,2017,738,True
Venezuela,Robotics,2016,13,True
Yemen,AI Safety,2020,1,True
Europe,AI Safety,2019,997,True
Kuwait,AI Safety,2021,3,True
Kuwait,AI Safety,2023,3,True
Hungary,AI Safety,2022,8,True
EU,AI Safety,2020,1013,True
Fiji,AI Safety,2019,1,True
Romania,AI Safety,2021,8,True
Kazakhstan,AI Safety,2024,12,True
Kazakhstan,AI Safety,2025,5,False
Philippines,AI Safety,2019,4,True
Bahrain,AI Safety,2020,2,True
Colombia,AI Safety,2020,3,True
Vietnam,AI Safety,2016,1,True
Croatia,AI Safety,2018,1,True
Croatia,AI Safety,2025,10,False
Oceania,AI Safety,2025,323,False
Saint Lucia,AI Safety,2025,1,False
United States,AI Safety,2019,1482,True
Ghana,AI Safety,2023,5,True
Mali,AI Safety,2025,1,False
Venezuela,All,2025,10,False
Five Eyes,All,2018,43734,True
Poland,All,2018,1964,True
Pakistan,All,2018,1176,True
Yemen,All,2019,71,True
Sri Lanka,All,2025,291,False
Fiji,All,2019,27,True
Ecuador,All,2022,292,True
Saint Lucia,All,2024,76,True
Bulgaria,All,2016,137,True
Lebanon,All,2021,222,True
Saudi Arabia,All,2020,2312,True
Greece,All,2026,21,False
North Macedonia,All,2019,68,True
Vietnam,All,2023,1980,True
Cuba,All,2025,14,False
Iceland,All,2023,97,True
Iceland,All,2024,87,True
Mali,All,2020,4,True
Hungary,All,2024,903,True
Brunei,All,2025,35,False
Somalia,All,2021,7,True
Somalia,All,2022,4,True
Maldives,All,2022,6,True
Singapore,All,2021,3357,True
Bangladesh,All,2025,1652,False
Bahrain,All,2024,273,True
Mozambique,All,2016,2,True
Oceania,All,2026,301,False
Chad,All,2025,7,False
Iraq,All,2022,1925,True
Latvia,All,2016,42,True
Costa Rica,All,2025,31,False
Guatemala,All,2017,9,True
Barbados,All,2022,5,True
Spain,All,2022,5166,True
Spain,All,2026,62,False
Tunisia,All,2018,672,True
Colombia,All,2026,1,False
Mexico,Computer Vision,2025,186,False
Libya,Computer Vision,2016,4,True
Libya,Computer Vision,2018,9,True
Libya,Computer Vision,2023,28,True
Netherlands,Computer Vision,2017,353,True
Argentina,Computer Vision,2025,40,False
Taiwan,Computer Vision,2020,1096,True
Ecuador,Computer Vision,2017,93,True
Ecuador,Computer Vision,2024,75,True
Ghana,Computer Vision,2023,51,True
North America and the Caribbean,Computer Vision,2020,12035,True
Canada,Computer Vision,2024,1891,True
Ireland,Computer Vision,2026,6,False
Poland,Computer Vision,2025,346,False
Mongolia,Computer Vision,2017,1,True
Croatia,Computer Vision,2017,49,True
United States,Computer Vision,2016,5050,True
Cuba,Computer Vision,2024,15,True
North Korea,Computer Vision,2023,3,True
EU,Computer Vision,2019,8947,True
Mali,Computer Vision,2018,1,True
Panama,Computer Vision,2021,8,True
Panama,Computer Vision,2024,9,True
Asia,Computer Vision,2019,40500,True
Morocco,Computer Vision,2023,326,True
Lithuania,Computer Vision,2016,22,True
Belarus,Computer Vision,2016,32,True
Bolivia,Computer Vision,2020,2,True
Bolivia,Computer Vision,2023,3,True
Romania,Computer Vision,2022,359,True
Mauritius,Computer Vision,2023,18,True
Global Partnership on Artificial Intelligence,Computer Vision,2023,51093,True
Malaysia,Large language models,2021,20,True
Spain,Large language models,2019,37,True
Canada,Large language models,2018,64,True
Romania,Large language models,2022,36,True
Yemen,Large language models,2025,7,False
Finland,Large language models,2025,65,False
Jordan,Large language models,2019,3,True
Germany,Large language models,2019,158,True
North America and the Caribbean,Large language models,2018,696,True
North America and the Caribbean,Large language models,2022,3523,True
New Zealand,Large language models,2024,64,True
Portugal,Large language models,2017,3,True
Slovenia,Large language models,2018,2,True
Eritrea,Large language models,2024,1,True
Brazil,Large language models,2019,10,True
Russia,Large language models,2021,101,True
Singapore,Large language models,2022,416,True
Latvia,Large language models,2020,4,True
Argentina,Large language models,2025,11,False
Quad,Large language models,2021,4236,True
United Arab Emirates,Large language models,2025,127,False
Estonia,Large language models,2016,1,True
United States,Natural Language Processing,2022,4996,True
North Macedonia,Natural Language Processing,2022,20,True
ASEAN,Natural Language Processing,2019,1116,True
Somalia,Natural Language Processing,2023,3,True
Somalia,Natural Language Processing,2024,1,True
Global Partnership on Artificial Intelligence,Natural Language Processing,2020,13775,True
Global Partnership on Artificial Intelligence,Natural Language Processing,2021,15366,True
Ireland,Natural Language Processing,2025,67,False
Burkina Faso,Natural Language Processing,2019,1,True
Croatia,Natural Language Processing,2021,43,True
Croatia,Natural Language Processing,2025,21,False
Quad,Natural Language Processing,2019,6555,True
Latvia,Natural Language Processing,2016,12,True
Singapore,Natural Language Processing,2020,269,True
Five Eyes,Natural Language Processing,2025,4659,False
Denmark,Natural Language Processing,2021,183,True
Oceania,Natural Language Processing,2022,587,True
Oceania,Natural Language Processing,2025,500,False
Philippines,Natural Language Processing,2017,25,True
Philippines,Natural Language Processing,2024,96,True
Cyprus,Natural Language Processing,2016,11,True
Cyprus,Natural Language Processing,2024,20,True
Australia,Natural Language Processing,2023,746,True
Italy,Natural Language Processing,2016,427,True
Spain,Natural Language Processing,2016,472,True
Cambodia,Natural Language Processing,2017,1,True
Armenia,Natural Language Processing,2020,8,True
Five Eyes,Robotics,2025,7043,False
Tunisia,Robotics,2017,92,True
Oman,Robotics,2024,45,True
Kosovo,Robotics,2021,2,True
Paraguay,Robotics,2018,8,True
Mauritius,Robotics,2024,4,True
North Korea,Robotics,2022,2,True
Greece,Robotics,2021,313,True
Moldova,Robotics,2018,1,True
Moldova,Robotics,2024,1,True
Grenada,Robotics,2024,4,True
Georgia,Robotics,2020,1,True
Ireland,Robotics,2018,75,True
Ireland,Robotics,2022,132,True
Libya,Robotics,2023,21,True
Brunei,Robotics,2020,6,True
Cambodia,Robotics,2022,4,True
Sudan,Robotics,2024,2,True
Asia,Robotics,2022,24094,True
Asia,Robotics,2024,27458,True
EU,Robotics,2024,8992,True
Iran,Robotics,2019,405,True
Kazakhstan,Robotics,2019,67,True
Madagascar,Robotics,2024,1,True
El Salvador,Robotics,2022,11,True
China,Robotics,2018,6335,True
Czechia,Robotics,2017,140,True
Tanzania,Robotics,2020,2,True
Syria,Robotics,2025,3,False
Peru,AI Safety,2017,1,True
Europe,AI Safety,2026,27,False
Germany,AI Safety,2023,582,True
North America and the Caribbean,AI Safety,2018,1070,True
Mexico,AI Safety,2023,18,True
Mongolia,AI Safety,2025,2,False
Ireland,AI Safety,2016,6,True
Canada,AI Safety,2022,223,True
Morocco,AI Safety,2017,5,True
Ukraine,AI Safety,2025,8,False
France,AI Safety,2018,92,True
Five Eyes,AI Safety,2016,685,True
Luxembourg,AI Safety,2021,7,True
Kenya,AI Safety,2022,1,True
Malta,AI Safety,2016,1,True
Iran,AI Safety,2019,8,True
Venezuela,All,2022,45,True
Poland,All,2017,1842,True
Cameroon,All,2017,21,True
Guinea-Bissau,All,2018,1,True
Quad,All,2017,43963,True
Quad,All,2025,66118,False
Guyana,All,2020,1,True
Mauritius,All,2025,16,False
Nepal,All,2016,16,True
Uzbekistan,All,2018,13,True
Cape Verde,All,2024,3,True
Syria,All,2024,78,True
Norway,All,2018,797,True
Norway,All,2026,25,False
Italy,All,2024,8772,True
Greece,All,2020,1409,True
Nicaragua,All,2021,3,True
Cyprus,All,2018,180,True
Iran,All,2018,1743,True
Iran,All,2025,1662,False
Haiti,All,2021,2,True
Ukraine,All,2017,520,True
India,All,2018,14100,True
Kosovo,All,2024,53,True
Jamaica,All,2019,4,True
Iceland,All,2018,57,True
Hungary,All,2020,616,True
Sweden,All,2020,1885,True
Sweden,All,2021,2115,True
South and Central America,All,2019,5197,True
South and Central America,All,2022,5266,True
Gambia,All,2016,1,True
Maldives,All,2024,4,True
Ghana,All,2022,230,True
Myanmar,All,2023,72,True
Bahrain,All,2023,193,True
Equatorial Guinea,All,2023,1,True
Kyrgyzstan,All,2020,13,True
El Salvador,All,2019,4,True
Vatican City,All,2019,1,True
Vatican City,All,2024,1,True
Philippines,All,2020,430,True
France,All,2026,77,False
Tunisia,All,2024,918,True
Argentina,All,2019,244,True
France,Computer Vision,2022,1917,True
Libya,Computer Vision,2020,17,True
Madagascar,Computer Vision,2022,2,True
Madagascar,Computer Vision,2024,2,True
Namibia,Computer Vision,2018,3,True
Egypt,Computer Vision,2022,755,True
Slovakia,Computer Vision,2021,88,True
Slovakia,Computer Vision,2022,92,True
Democratic Republic of the Congo,Computer Vision,2020,3,True
Venezuela,Computer Vision,2016,4,True
Qatar,Computer Vision,2019,51,True
Chile,Computer Vision,2021,105,True
Czechia,Computer Vision,2023,245,True
Kosovo,Computer Vision,2020,4,True
Belize,Computer Vision,2024,1,True
Croatia,Computer Vision,2024,87,True
Turkey,Computer Vision,2018,669,True
South Africa,Computer Vision,2022,186,True
Peru,Computer Vision,2024,93,True
Mauritania,Computer Vision,2024,2,True
Hungary,Computer Vision,2017,72,True
Burundi,Computer Vision,2023,2,True
Gambia,Computer Vision,2023,2,True
Portugal,Computer Vision,2024,437,True
Iceland,Computer Vision,2023,37,True
Switzerland,Computer Vision,2024,799,True
Uruguay,Computer Vision,2016,10,True
Uruguay,Computer Vision,2025,7,False
Panama,Computer Vision,2020,3,True
Asia,Computer Vision,2023,78405,True
Benin,Computer Vision,2023,11,True
India,Computer Vision,2016,4922,True
India,Computer Vision,2019,6823,True
Bahamas,Computer Vision,2021,1,True
United Arab Emirates,Computer Vision,2023,731,True
Paraguay,Computer Vision,2023,7,True
Belarus,Computer Vision,2025,23,False
Bolivia,Computer Vision,2024,5,True
Brunei,Computer Vision,2018,3,True
Zimbabwe,Computer Vision,2019,2,True
Austria,Large language models,2024,104,True
Netherlands,Large language models,2022,160,True
Oman,Large language models,2025,8,False
Malaysia,Large language models,2019,7,True
Europe,Large language models,2021,2284,True
Europe,Large language models,2024,4804,True
Philippines,Large language models,2018,1,True
Qatar,Large language models,2022,19,True
ASEAN,Large language models,2018,57,True
Australia,Large language models,2020,207,True
Malta,Large language models,2019,2,True
Yemen,Large language models,2024,11,True
Cuba,Large language models,2023,2,True
Azerbaijan,Large language models,2025,4,False
Slovakia,Large language models,2018,3,True
Iceland,Large language models,2022,2,True
Serbia,Large language models,2024,10,True
Egypt,Large language models,2017,4,True
Egypt,Large language models,2020,13,True
Global Partnership on Artificial Intelligence,Large language models,2025,9011,False
Norway,Large language models,2023,84,True
Georgia,Large language models,2025,1,False
Croatia,Large language models,2024,20,True
Iran,Large language models,2022,64,True
Portugal,Natural Language Processing,2021,155,True
Mongolia,Natural Language Processing,2021,10,True
Qatar,Natural Language Processing,2024,35,True
Mozambique,Natural Language Processing,2018,1,True
Global Partnership on Artificial Intelligence,Natural Language Processing,2016,8914,True
South and Central America,Natural Language Processing,2026,8,False
Saudi Arabia,Natural Language Processing,2025,270,False
Kazakhstan,Natural Language Processing,2025,60,False
Kenya,Natural Language Processing,2016,3,True
United Kingdom,Natural Language Processing,2020,1268,True
Croatia,Natural Language Processing,2026,1,False
Kosovo,Natural Language Processing,2021,6,True
Brazil,Natural Language Processing,2020,465,True
Quad,Natural Language Processing,2018,5759,True
Ukraine,Natural Language Processing,2025,29,False
New Zealand,Natural Language Processing,2024,88,True
Comoros,Natural Language Processing,2024,2,True
China,Natural Language Processing,2025,4755,False
Greece,Natural Language Processing,2016,86,True
Estonia,Natural Language Processing,2025,15,False
Swaziland,Natural Language Processing,2024,1,True
Sri Lanka,Natural Language Processing,2018,51,True
Côte d'Ivoire,Natural Language Processing,2018,1,True
Armenia,Natural Language Processing,2018,4,True
Armenia,Natural Language Processing,2022,14,True
North America and the Caribbean,Natural Language Processing,2024,5369,True
Croatia,Robotics,2020,69,True
Malawi,Robotics,2021,2,True
OECD,Robotics,2016,17736,True
Mongolia,Robotics,2021,2,True
Global Partnership on Artificial Intelligence,Robotics,2025,15205,False
Costa Rica,Robotics,2018,14,True
Turkmenistan,Robotics,2023,1,True
North Korea,Robotics,2018,1,True
Turkey,Robotics,2018,404,True
Thailand,Robotics,2020,115,True
Germany,Robotics,2020,2087,True
United Kingdom,Robotics,2024,2209,True
India,Robotics,2019,1427,True
Mexico,Robotics,2024,302,True
Jordan,Robotics,2025,45,False
Lebanon,Robotics,2017,25,True
Hungary,Robotics,2018,108,True
Luxembourg,Robotics,2016,33,True
Kyrgyzstan,Robotics,2022,3,True
Liechtenstein,Robotics,2023,1,True
Armenia,Robotics,2019,2,True
Iraq,Robotics,2024,183,True
Lithuania,Robotics,2019,25,True
Israel,Robotics,2016,130,True
Nicaragua,Robotics,2022,1,True
Tanzania,Robotics,2016,1,True
Tanzania,Robotics,2023,3,True
Sweden,AI Safety,2023,94,True
China,AI Safety,2024,2267,True
Israel,AI Safety,2019,51,True
Israel,AI Safety,2024,49,True
Romania,AI Safety,2022,8,True
Canada,AI Safety,2025,298,False
NATO,AI Safety,2017,1015,True
Malaysia,AI Safety,2023,39,True
Serbia,AI Safety,2024,14,True
Sri Lanka,AI Safety,2024,21,True
Austria,AI Safety,2021,41,True
Vietnam,AI Safety,2024,47,True
Denmark,AI Safety,2023,59,True
Netherlands,AI Safety,2017,33,True
Mauritius,AI Safety,2023,1,True
Saint Lucia,AI Safety,2024,2,True
Ghana,AI Safety,2018,2,True
Grenada,All,2017,1,True
Egypt,All,2025,1291,False
United Kingdom,All,2017,7151,True
Global Partnership on Artificial Intelligence,All,2021,152128,True
New Zealand,All,2020,739,True
Fiji,All,2018,18,True
Côte d'Ivoire,All,2022,20,True
Moldova,All,2020,16,True
Norway,All,2021,1575,True
Morocco,All,2019,722,True
Georgia,All,2020,33,True
Brazil,All,2020,3757,True
Cambodia,All,2021,19,True
Zimbabwe,All,2017,6,True
Thailand,All,2019,888,True
Russia,All,2017,2135,True
Ukraine,All,2020,1139,True
India,All,2024,51154,True
Iceland,All,2020,69,True
Estonia,All,2021,238,True
Australia,All,2018,3879,True
Malaysia,All,2024,4157,True
Brunei,All,2023,130,True
Israel,All,2022,1462,True
Timor-Leste,All,2019,2,True
Luxembourg,All,2021,236,True
Belgium,All,2018,1213,True
Honduras,All,2022,35,True
Bangladesh,All,2022,1877,True
Myanmar,All,2018,105,True
Myanmar,All,2020,138,True
Croatia,All,2025,333,False
Andorra,All,2024,1,True
Bahamas,All,2018,1,True
Bahamas,All,2019,2,True
Nigeria,All,2018,214,True
Liechtenstein,All,2022,21,True
Mauritania,All,2025,1,False
Tunisia,All,2021,783,True
Tunisia,All,2022,799,True
Colombia,All,2020,759,True
Senegal,All,2019,24,True
Austria,Computer Vision,2016,225,True
Zambia,Computer Vision,2019,7,True
Zambia,Computer Vision,2021,6,True
Israel,Computer Vision,2020,277,True
Israel,Computer Vision,2024,304,True
Saint Kitts and Nevis,Computer Vision,2023,2,True
Botswana,Computer Vision,2018,1,True
Greece,Computer Vision,2016,248,True
Greece,Computer Vision,2020,313,True
Bangladesh,Computer Vision,2025,621,False
Qatar,Computer Vision,2023,167,True
Chile,Computer Vision,2024,101,True
Malawi,Computer Vision,2025,1,False
Ecuador,Computer Vision,2016,34,True
Canada,Computer Vision,2022,2011,True
Czechia,Computer Vision,2025,102,False
Poland,Computer Vision,2019,457,True
Sweden,Computer Vision,2018,219,True
Singapore,Computer Vision,2024,1301,True
Iceland,Computer Vision,2017,56,True
Tanzania,Computer Vision,2016,5,True
Asia,Computer Vision,2025,48125,False
Africa,Computer Vision,2019,1402,True
Africa,Computer Vision,2021,2145,True
Oceania,Computer Vision,2020,2049,True
Bulgaria,Computer Vision,2022,76,True
Pakistan,Computer Vision,2024,997,True
Switzerland,Large language models,2018,26,True
Pakistan,Large language models,2021,31,True
Philippines,Large language models,2017,1,True
Indonesia,Large language models,2020,14,True
Qatar,Large language models,2019,5,True
Australia,Large language models,2019,96,True
Myanmar,Large language models,2020,10,True
Myanmar,Large language models,2022,1,True
Azerbaijan,Large language models,2023,1,True
Germany,Large language models,2023,991,True
North America and the Caribbean,Large language models,2021,3432,True
Ecuador,Large language models,2023,6,True
Kenya,Large language models,2022,4,True
New Zealand,Large language models,2018,3,True
Brazil,Large language models,2021,63,True
Ukraine,Large language models,2019,2,True
United States,Large language models,2025,3625,False
United States,Large language models,2026,1,False
Bangladesh,Large language models,2024,180,True
Quad,Large language models,2022,4456,True
Nigeria,Natural Language Processing,2023,93,True
Montenegro,Natural Language Processing,2021,9,True
United Arab Emirates,Natural Language Processing,2017,63,True
Argentina,Natural Language Processing,2022,36,True
North Macedonia,Natural Language Processing,2016,9,True
North Macedonia,Natural Language Processing,2021,17,True
Kuwait,Natural Language Processing,2021,11,True
Senegal,Natural Language Processing,2020,10,True
Lebanon,Natural Language Processing,2024,25,True
Qatar,Natural Language Processing,2020,43,True
Lesotho,Natural Language Processing,2023,1,True
Austria,Natural Language Processing,2026,1,False
Azerbaijan,Natural Language Processing,2020,12,True
Georgia,Natural Language Processing,2025,3,False
Kosovo,Natural Language Processing,2016,2,True
Malaysia,Natural Language Processing,2018,148,True
Malaysia,Natural Language Processing,2023,290,True
Venezuela,Natural Language Processing,2017,2,True
Five Eyes,Natural Language Processing,2022,7119,True
Timor-Leste,Natural Language Processing,2024,1,True
Oceania,Natural Language Processing,2019,431,True
Australia,Natural Language Processing,2024,617,True
Panama,Natural Language Processing,2024,2,True
Slovenia,Natural Language Processing,2024,45,True
Africa,Natural Language Processing,2017,394,True
Côte d'Ivoire,Natural Language Processing,2016,3,True
Madagascar,Natural Language Processing,2018,1,True
Luxembourg,Natural Language Processing,2023,31,True
Botswana,Natural Language Processing,2018,1,True
Denmark,Robotics,2016,197,True
Pakistan,Robotics,2018,133,True
Trinidad and Tobago,Robotics,2016,1,True
Qatar,Robotics,2024,38,True
Bahrain,Robotics,2016,4,True
OECD,Robotics,2026,528,False
Afghanistan,Robotics,2020,1,True
Belarus,Robotics,2016,14,True
Belarus,Robotics,2022,21,True
Turkey,Robotics,2023,639,True
Morocco,Robotics,2021,46,True
Taiwan,Robotics,2024,470,True
Bolivia,Robotics,2018,2,True
Bolivia,Robotics,2024,5,True
Libya,Robotics,2018,2,True
Libya,Robotics,2024,10,True
Brunei,Robotics,2022,5,True
France,Robotics,2017,1131,True
Brazil,Robotics,2017,430,True
Armenia,Robotics,2024,3,True
Portugal,Robotics,2017,303,True
Portugal,Robotics,2023,321,True
Iraq,Robotics,2020,147,True
El Salvador,Robotics,2024,6,True
Ukraine,Robotics,2021,160,True
Ukraine,Robotics,2025,43,False
North Macedonia,Robotics,2018,9,True
Nicaragua,Robotics,2019,2,True
Malaysia,Robotics,2023,341,True
Bulgaria,Robotics,2019,76,True
Bangladesh,Robotics,2023,106,True
Tanzania,Robotics,2024,1,True
Bosnia and Herzegovina,AI Safety,2023,2,True
Yemen,AI Safety,2024,2,True
Italy,AI Safety,2018,46,True
Botswana,AI Safety,2022,1,True
Quad,AI Safety,2022,2239,True
Kuwait,AI Safety,2024,6,True
South and Central America,AI Safety,2018,46,True
Algeria,AI Safety,2023,13,True
Tanzania,AI Safety,2025,1,False
Philippines,AI Safety,2018,1,True
France,AI Safety,2025,165,False
Malaysia,AI Safety,2024,104,True
Syria,AI Safety,2021,1,True
Luxembourg,AI Safety,2020,8,True
Colombia,AI Safety,2024,11,True
Poland,AI Safety,2021,18,True
Zimbabwe,AI Safety,2023,1,True
Denmark,AI Safety,2025,42,False
Netherlands,AI Safety,2019,73,True
ASEAN,AI Safety,2017,34,True
Ghana,AI Safety,2020,1,True
Ghana,AI Safety,2025,4,False
Singapore,AI Safety,2018,53,True
Singapore,AI Safety,2019,86,True
Swaziland,All,2020,6,True
Madagascar,All,2021,15,True
Egypt,All,2017,734,True
Republic of the Congo,All,2023,4,True
Tonga,All,2024,2,True
Europe,All,2024,74818,True
Mauritius,All,2019,28,True
Zambia,All,2020,9,True
China,All,2025,79698,False
Nepal,All,2018,32,True
Moldova,All,2024,17,True
Uzbekistan,All,2021,216,True
Lithuania,All,2021,245,True
Morocco,All,2016,485,True
San Marino,All,2025,1,False
Finland,All,2017,625,True
North Macedonia,All,2025,59,False
Malta,All,2019,63,True
Russia,All,2016,1660,True
India,All,2020,20777,True
Jamaica,All,2022,8,True
Serbia,All,2025,331,False
Luxembourg,All,2017,139,True
Kazakhstan,All,2021,332,True
Ghana,All,2024,268,True
Liberia,All,2025,6,False
Bahrain,All,2017,15,True
Oceania,All,2022,7071,True
Belarus,All,2022,103,True
Africa,All,2016,3164,True
Romania,All,2024,1311,True
Lesotho,All,2024,4,True
Angola,All,2022,20,True
Costa Rica,All,2019,59,True
Japan,All,2021,10165,True
Algeria,All,2023,929,True
Philippines,All,2026,1,False
Senegal,All,2020,45,True
Mexico,Computer Vision,2021,352,True
Republic of the Congo,Computer Vision,2024,3,True
Venezuela,Computer Vision,2019,27,True
Taiwan,Computer Vision,2022,1357,True
Qatar,Computer Vision,2017,38,True
Uganda,Computer Vision,2018,3,True
Kosovo,Computer Vision,2018,2,True
South and Central America,Computer Vision,2022,1259,True
Bosnia and Herzegovina,Computer Vision,2024,32,True
Poland,Computer Vision,2021,528,True
United Kingdom,Computer Vision,2026,101,False
Costa Rica,Computer Vision,2016,11,True
Croatia,Computer Vision,2026,1,False
Nepal,Computer Vision,2016,7,True
Quad,Computer Vision,2023,32203,True
Five Eyes,Computer Vision,2022,16797,True
Five Eyes,Computer Vision,2024,17347,True
South Africa,Computer Vision,2021,181,True
Nigeria,Computer Vision,2025,71,False
Portugal,Computer Vision,2022,442,True
Iceland,Computer Vision,2018,33,True
Cambodia,Computer Vision,2024,3,True
Bulgaria,Computer Vision,2018,33,True
Malta,Computer Vision,2020,29,True
Gabon,Computer Vision,2024,2,True
Brunei,Computer Vision,2017,3,True
Global Partnership on Artificial Intelligence,Computer Vision,2020,36108,True
Zimbabwe,Computer Vision,2023,8,True
Netherlands,Large language models,2024,251,True
Gabon,Large language models,2022,1,True
Luxembourg,Large language models,2024,26,True
North Macedonia,Large language models,2023,9,True
Algeria,Large language models,2024,26,True
Qatar,Large language models,2023,34,True
Asia,Large language models,2019,2230,True
Ghana,Large language models,2025,5,False
Rwanda,Large language models,2021,1,True
Rwanda,Large language models,2022,1,True
Lebanon,Large language models,2024,16,True
Belarus,Large language models,2025,2,False
Russia,Large language models,2024,121,True
Czechia,Large language models,2022,56,True
Poland,Large language models,2025,63,False
Lithuania,Large language models,2020,6,True
Thailand,Large language models,2018,2,True
United Arab Emirates,Natural Language Processing,2026,1,False
Kuwait,Natural Language Processing,2016,6,True
Oman,Natural Language Processing,2017,7,True
North Korea,Natural Language Processing,2022,1,True
Tajikistan,Natural Language Processing,2020,1,True
Bolivia,Natural Language Processing,2021,1,True
Chile,Natural Language Processing,2016,18,True
Russia,Natural Language Processing,2021,576,True
Brunei,Natural Language Processing,2024,5,True
Honduras,Natural Language Processing,2020,10,True
Bhutan,Natural Language Processing,2023,3,True
Ukraine,Natural Language Processing,2020,114,True
Yemen,Natural Language Processing,2022,36,True
Uganda,Natural Language Processing,2025,4,False
Bulgaria,Natural Language Processing,2016,23,True
Bulgaria,Natural Language Processing,2019,41,True
Philippines,Natural Language Processing,2023,102,True
Jordan,Natural Language Processing,2017,51,True
Cambodia,Natural Language Processing,2018,1,True
Sri Lanka,Natural Language Processing,2025,39,False
ASEAN,Robotics,2020,1560,True
ASEAN,Robotics,2022,1694,True
Slovenia,Robotics,2019,44,True
Qatar,Robotics,2023,48,True
San Marino,Robotics,2021,1,True
Serbia,Robotics,2017,51,True
Mongolia,Robotics,2022,7,True
Global Partnership on Artificial Intelligence,Robotics,2020,22858,True
Global Partnership on Artificial Intelligence,Robotics,2026,547,False
Belarus,Robotics,2017,15,True
Iceland,Robotics,2016,8,True
North Korea,Robotics,2023,4,True
Oceania,Robotics,2016,740,True
Turkey,Robotics,2020,499,True
India,Robotics,2016,990,True
Bolivia,Robotics,2017,1,True
Cameroon,Robotics,2025,1,False
Switzerland,Robotics,2019,431,True
Hungary,Robotics,2020,139,True
Malta,Robotics,2024,8,True
North America and the Caribbean,Robotics,2022,7998,True
EU,Robotics,2020,8357,True
Kazakhstan,Robotics,2023,85,True
Kuwait,Robotics,2024,27,True
Madagascar,Robotics,2019,1,True
Cyprus,Robotics,2024,51,True
Austria,Robotics,2026,6,False
Europe,Robotics,2024,12465,True
China,Robotics,2019,7876,True
South Korea,Robotics,2024,1592,True
Cuba,Robotics,2017,2,True
Cuba,Robotics,2018,9,True
Ukraine,Robotics,2016,63,True
Azerbaijan,Robotics,2019,7,True
Bangladesh,Robotics,2020,79,True
Venezuela,Robotics,2023,4,True
Madagascar,AI Safety,2024,1,True
Germany,AI Safety,2016,102,True
North America and the Caribbean,AI Safety,2026,43,False
New Zealand,AI Safety,2017,7,True
Hungary,AI Safety,2024,23,True
South Africa,AI Safety,2017,4,True
Nigeria,AI Safety,2021,3,True
Ireland,AI Safety,2024,55,True
Zambia,AI Safety,2024,3,True
Lithuania,AI Safety,2021,1,True
Iceland,AI Safety,2023,1,True
Brazil,AI Safety,2020,48,True
Serbia,AI Safety,2016,2,True
Norway,AI Safety,2023,36,True
Austria,AI Safety,2024,78,True
Netherlands,AI Safety,2022,138,True
Iran,AI Safety,2020,3,True
Thailand,AI Safety,2018,1,True
Thailand,AI Safety,2024,22,True
North Macedonia,AI Safety,2023,2,True
Singapore,AI Safety,2022,96,True
Five Eyes,All,2021,70426,True
Denmark,All,2018,905,True
North Korea,All,2023,15,True
United Kingdom,All,2018,8305,True
Paraguay,All,2020,26,True
Djibouti,All,2024,1,True
Tonga,All,2023,1,True
Yemen,All,2022,207,True
South Korea,All,2020,6689,True
Kenya,All,2024,223,True
Saint Lucia,All,2023,5,True
Mongolia,All,2017,12,True
Mexico,All,2016,945,True
Mexico,All,2023,1356,True
Bhutan,All,2023,9,True
ASEAN,All,2026,218,False
Gabon,All,2023,10,True
Netherlands,All,2023,4470,True
San Marino,All,2018,1,True
OECD,All,2020,116773,True
Malta,All,2021,98,True
Dominican Republic,All,2021,3,True
Serbia,All,2024,532,True
Monaco,All,2022,1,True
South and Central America,All,2024,5603,True
Somalia,All,2023,10,True
Maldives,All,2020,4,True
Ghana,All,2017,26,True
Honduras,All,2020,66,True
Singapore,All,2018,2013,True
Belarus,All,2018,56,True
Africa,All,2025,4765,False
Guatemala,All,2018,6,True
North America and the Caribbean,All,2025,37832,False
Japan,All,2025,5902,False
France,Computer Vision,2023,2002,True
Austria,Computer Vision,2018,243,True
Republic of the Congo,Computer Vision,2020,1,True
Madagascar,Computer Vision,2018,1,True
Namibia,Computer Vision,2021,3,True
Namibia,Computer Vision,2023,4,True
Greece,Computer Vision,2026,1,False
Moldova,Computer Vision,2022,4,True
Belgium,Computer Vision,2021,399,True
Argentina,Computer Vision,2018,57,True
Swaziland,Computer Vision,2021,1,True
Canada,Computer Vision,2019,1515,True
Canada,Computer Vision,2023,2232,True
Kazakhstan,Computer Vision,2025,91,False
Trinidad and Tobago,Computer Vision,2020,2,True
South Korea,Computer Vision,2016,1118,True
Nepal,Computer Vision,2021,36,True
EU,Computer Vision,2023,12995,True
Mauritania,Computer Vision,2021,1,True
Mauritania,Computer Vision,2022,1,True
Algeria,Computer Vision,2024,376,True
El Salvador,Computer Vision,2020,1,True
Portugal,Computer Vision,2026,7,False
Uruguay,Computer Vision,2017,15,True
Thailand,Computer Vision,2018,291,True
Fiji,Computer Vision,2017,1,True
Brazil,Computer Vision,2026,9,False
Liechtenstein,Computer Vision,2023,1,True
Dominican Republic,Computer Vision,2025,7,False
NATO,Computer Vision,2017,14023,True
NATO,Computer Vision,2025,15607,False
Luxembourg,Computer Vision,2020,32,True
Belarus,Computer Vision,2024,42,True
Niger,Computer Vision,2023,1,True
Bolivia,Computer Vision,2022,4,True
Mauritius,Computer Vision,2020,6,True
France,Large language models,2017,26,True
Africa,Large language models,2021,99,True
Luxembourg,Large language models,2019,2,True
Pakistan,Large language models,2018,2,True
Bosnia and Herzegovina,Large language models,2024,1,True
Romania,Large language models,2020,28,True
Hungary,Large language models,2025,24,False
Papua New Guinea,Large language models,2025,1,False
North America and the Caribbean,Large language models,2025,4015,False
New Zealand,Large language models,2023,42,True
Lebanon,Large language models,2022,7,True
Lebanon,Large language models,2023,14,True
China,Large language models,2025,9128,False
Ukraine,Large language models,2022,15,True
Ukraine,Large language models,2025,26,False
Cameroon,Large language models,2023,7,True
Greece,Large language models,2019,9,True
Belgium,Large language models,2017,5,True
Argentina,Large language models,2018,3,True
Lithuania,Large language models,2025,8,False
OECD,Natural Language Processing,2017,8125,True
South and Central America,Natural Language Processing,2025,234,False
Russia,Natural Language Processing,2022,391,True
Ireland,Natural Language Processing,2021,173,True
Ireland,Natural Language Processing,2022,159,True
Ecuador,Natural Language Processing,2021,19,True
Nicaragua,Natural Language Processing,2023,1,True
Bangladesh,Natural Language Processing,2017,58,True
Zimbabwe,Natural Language Processing,2024,3,True
Mexico,Natural Language Processing,2024,97,True
Mexico,Natural Language Processing,2025,69,False
Kazakhstan,Natural Language Processing,2018,21,True
Kenya,Natural Language Processing,2019,16,True
United Kingdom,Natural Language Processing,2021,1585,True
Latvia,Natural Language Processing,2017,9,True
Bhutan,Natural Language Processing,2016,1,True
Hungary,Natural Language Processing,2017,45,True
Europe,Natural Language Processing,2022,6893,True
Australia,Natural Language Processing,2016,212,True
Taiwan,Natural Language Processing,2025,138,False
Myanmar,Natural Language Processing,2017,16,True
Germany,Natural Language Processing,2024,1088,True
Benin,Natural Language Processing,2016,3,True
Finland,Natural Language Processing,2026,3,False
Morocco,Natural Language Processing,2020,129,True
Pakistan,Robotics,2023,213,True
Romania,Robotics,2024,242,True
Oman,Robotics,2020,8,True
Indonesia,Robotics,2023,558,True
Qatar,Robotics,2019,30,True
Ghana,Robotics,2022,6,True
Paraguay,Robotics,2019,6,True
OECD,Robotics,2020,22440,True
Jamaica,Robotics,2018,2,True
Oceania,Robotics,2021,923,True
Thailand,Robotics,2016,94,True
Philippines,Robotics,2024,77,True
Libya,Robotics,2021,7,True
Malta,Robotics,2017,7,True
Sri Lanka,Robotics,2023,62,True
France,Robotics,2024,1162,True
EU,Robotics,2019,8185,True
Liechtenstein,Robotics,2017,1,True
Saudi Arabia,Robotics,2016,70,True
Japan,Robotics,2023,3291,True
Cyprus,Robotics,2019,33,True
Côte d'Ivoire,Robotics,2023,1,True
China,Robotics,2025,11258,False
Czechia,Robotics,2016,121,True
Argentina,Robotics,2025,30,False
Cuba,Robotics,2016,1,True
North Macedonia,Robotics,2023,7,True
Malaysia,Robotics,2020,313,True
Syria,Robotics,2024,8,True
Montenegro,Robotics,2024,1,True
Italy,AI Safety,2019,97,True
Sweden,AI Safety,2018,26,True
Mexico,AI Safety,2022,9,True
Slovenia,AI Safety,2021,7,True
EU,AI Safety,2026,12,False
Africa,AI Safety,2017,17,True
Africa,AI Safety,2025,164,False
Canada,AI Safety,2021,270,True
NATO,AI Safety,2026,65,False
Tajikistan,AI Safety,2024,1,True
Global Partnership on Artificial Intelligence,AI Safety,2023,5259,True
Japan,AI Safety,2016,44,True
Uruguay,AI Safety,2023,1,True
Saudi Arabia,AI Safety,2022,23,True
Five Eyes,All,2017,35798,True
Poland,All,2025,1451,False
Quad,All,2023,108749,True
Pakistan,All,2017,849,True
Guyana,All,2023,5,True
Côte d'Ivoire,All,2024,23,True
Moldova,All,2022,26,True
Azerbaijan,All,2016,34,True
Bhutan,All,2024,7,True
ASEAN,All,2021,14350,True
Bulgaria,All,2022,351,True
Dominica,All,2024,3,True
Gabon,All,2017,1,True
Italy,All,2019,5173,True
Italy,All,2020,6210,True
Thailand,All,2021,1179,True
Slovenia,All,2020,325,True
North Macedonia,All,2021,84,True
Armenia,All,2017,25,True
Armenia,All,2019,16,True
Bolivia,All,2021,8,True
Ukraine,All,2019,901,True
Oman,All,2020,117,True
Luxembourg,All,2025,138,False
Singapore,All,2023,4477,True
Myanmar,All,2016,19,True
Mozambique,All,2019,5,True
Benin,All,2019,11,True
Peru,All,2019,215,True
Slovakia,All,2019,366,True
Angola,All,2017,2,True
Kyrgyzstan,All,2023,21,True
Vatican City,All,2021,4,True
Bahamas,All,2023,2,True
Germany,All,2018,7256,True
Taiwan,All,2020,3104,True
Portugal,All,2022,1794,True
Senegal,All,2022,41,True
France,Computer Vision,2019,1784,True
Zambia,Computer Vision,2024,5,True
Zambia,Computer Vision,2025,4,False
Mexico,Computer Vision,2019,351,True
Israel,Computer Vision,2018,216,True
Saint Kitts and Nevis,Computer Vision,2024,4,True
Botswana,Computer Vision,2023,13,True
Netherlands,Computer Vision,2016,409,True
Egypt,Computer Vision,2026,1,False
Colombia,Computer Vision,2017,134,True
Uganda,Computer Vision,2025,19,False
Ireland,Computer Vision,2018,116,True
Sweden,Computer Vision,2025,279,False
United Kingdom,Computer Vision,2025,2287,False
Jamaica,Computer Vision,2016,2,True
North Korea,Computer Vision,2019,2,True
Quad,Computer Vision,2018,16084,True
South Africa,Computer Vision,2020,187,True
Peru,Computer Vision,2023,151,True
Mauritania,Computer Vision,2016,1,True
Europe,Computer Vision,2017,9673,True
Hungary,Computer Vision,2026,2,False
Tanzania,Computer Vision,2020,13,True
Oceania,Computer Vision,2025,1515,False
Morocco,Computer Vision,2018,218,True
Malaysia,Computer Vision,2019,775,True
Brazil,Computer Vision,2021,1023,True
Jordan,Computer Vision,2017,52,True
Luxembourg,Computer Vision,2017,13,True
Azerbaijan,Computer Vision,2016,2,True
Armenia,Computer Vision,2017,6,True
Barbados,Computer Vision,2020,1,True
Oman,Computer Vision,2023,92,True
Brunei,Computer Vision,2025,8,False
Saint Lucia,Computer Vision,2025,13,False
Global Partnership on Artificial Intelligence,Computer Vision,2025,27606,False
Zimbabwe,Computer Vision,2017,1,True
Vietnam,Large language models,2017,3,True
Moldova,Large language models,2022,2,True
Sudan,Large language models,2024,2,True
Philippines,Large language models,2022,13,True
Canada,Large language models,2021,366,True
Algeria,Large language models,2019,1,True
Indonesia,Large language models,2018,5,True
Mongolia,Large language models,2024,1,True
Chad,Large language models,2025,1,False
Hungary,Large language models,2019,6,True
South Africa,Large language models,2019,3,True
Israel,Large language models,2016,7,True
Israel,Large language models,2020,73,True
Oceania,Large language models,2019,102,True
Russia,Large language models,2022,89,True
Russia,Large language models,2023,123,True
OECD,Large language models,2016,428,True
Bangladesh,Large language models,2022,68,True
Colombia,Large language models,2022,8,True
India,Large language models,2023,968,True
Nepal,Large language models,2025,7,False
Cambodia,Large language models,2021,2,True
Uruguay,Natural Language Processing,2020,6,True
Nepal,Natural Language Processing,2020,9,True
United Arab Emirates,Natural Language Processing,2024,197,True
Colombia,Natural Language Processing,2019,28,True
Colombia,Natural Language Processing,2020,31,True
South Korea,Natural Language Processing,2016,175,True
Somalia,Natural Language Processing,2020,1,True
Bolivia,Natural Language Processing,2023,2,True
Austria,Natural Language Processing,2017,68,True
Tunisia,Natural Language Processing,2022,67,True
Ecuador,Natural Language Processing,2017,15,True
Iran,Natural Language Processing,2026,1,False
India,Natural Language Processing,2017,1141,True
Brunei,Natural Language Processing,2020,3,True
Netherlands,Natural Language Processing,2025,252,False
United Kingdom,Natural Language Processing,2022,1451,True
Quad,Natural Language Processing,2022,8600,True
South Africa,Natural Language Processing,2016,47,True
South Africa,Natural Language Processing,2018,38,True
South Africa,Natural Language Processing,2025,55,False
Latvia,Natural Language Processing,2020,33,True
Malaysia,Natural Language Processing,2024,319,True
Peru,Natural Language Processing,2024,20,True
Ethiopia,Natural Language Processing,2024,47,True
Asia,Natural Language Processing,2025,9301,False
Syria,Natural Language Processing,2025,5,False
Panama,Natural Language Processing,2018,1,True
Israel,Natural Language Processing,2026,1,False
Afghanistan,Natural Language Processing,2025,1,False
Estonia,Natural Language Processing,2017,17,True
Spain,Natural Language Processing,2025,231,False
Africa,Natural Language Processing,2022,768,True
Switzerland,Natural Language Processing,2021,328,True
Sri Lanka,Natural Language Processing,2017,18,True
Mauritius,Natural Language Processing,2024,2,True
Armenia,Natural Language Processing,2017,5,True
Slovakia,Natural Language Processing,2020,42,True
Pakistan,Robotics,2024,191,True
Benin,Robotics,2022,1,True
OECD,Robotics,2023,25191,True
OECD,Robotics,2024,23597,True
Afghanistan,Robotics,2021,1,True
Greece,Robotics,2020,244,True
Turkey,Robotics,2022,563,True
Jordan,Robotics,2019,25,True
Hungary,Robotics,2025,83,False
Malta,Robotics,2016,7,True
Cambodia,Robotics,2025,3,False
New Zealand,Robotics,2019,115,True
Asia,Robotics,2019,17580,True
Asia,Robotics,2025,17302,False
EU,Robotics,2025,5170,False
EU,Robotics,2026,145,False
Armenia,Robotics,2016,1,True
Cyprus,Robotics,2018,26,True
Singapore,Robotics,2022,471,True
Barbados,Robotics,2021,2,True
Venezuela,Robotics,2017,19,True
Mali,Robotics,2016,1,True
Yemen,AI Safety,2018,1,True
Botswana,AI Safety,2023,1,True
United Kingdom,AI Safety,2025,480,False
Pakistan,AI Safety,2022,14,True
Bulgaria,AI Safety,2018,1,True
EU,AI Safety,2017,369,True
Kazakhstan,AI Safety,2023,6,True
Turkey,AI Safety,2025,48,False
South Korea,AI Safety,2020,116,True
NATO,AI Safety,2018,1611,True
Brazil,AI Safety,2026,1,False
Serbia,AI Safety,2025,8,False
Nepal,AI Safety,2023,5,True
ASEAN,AI Safety,2018,65,True
ASEAN,AI Safety,2026,10,False
Ecuador,AI Safety,2016,3,True
Tunisia,AI Safety,2022,4,True
Tunisia,AI Safety,2024,35,True
Jordan,AI Safety,2023,19,True
Singapore,AI Safety,2023,165,True
Denmark,All,2019,1007,True
Madagascar,All,2024,13,True
United Kingdom,All,2026,413,False
South Sudan,All,2025,2,False
Guyana,All,2025,3,False
Global Partnership on Artificial Intelligence,All,2019,111973,True
South Korea,All,2024,9773,True
Azerbaijan,All,2022,88,True
Albania,All,2016,15,True
Uzbekistan,All,2016,5,True
Uzbekistan,All,2020,105,True
EU,All,2022,49035,True
Norway,All,2024,1697,True
Asia,All,2023,210376,True
United States,All,2020,42988,True
Switzerland,All,2026,74,False
Finland,All,2016,639,True
Libya,All,2024,106,True
Ukraine,All,2023,1425,True
Burundi,All,2021,6,True
Hungary,All,2023,857,True
Tanzania,All,2023,96,True
Turkey,All,2019,2357,True
Malaysia,All,2022,3357,True
Gambia,All,2023,7,True
Kazakhstan,All,2019,199,True
Belarus,All,2021,97,True
Angola,All,2018,1,True
Kyrgyzstan,All,2025,24,False
Taiwan,All,2017,1634,True
Sierra Leone,All,2019,4,True
Madagascar,Computer Vision,2021,7,True
Egypt,Computer Vision,2017,258,True
Saudi Arabia,Computer Vision,2019,462,True
Tajikistan,Computer Vision,2021,1,True
Qatar,Computer Vision,2021,92,True
Cameroon,Computer Vision,2023,15,True
Chile,Computer Vision,2026,1,False
North America and the Caribbean,Computer Vision,2022,12390,True
ASEAN,Computer Vision,2025,2574,False
Czechia,Computer Vision,2021,234,True
Italy,Computer Vision,2024,1769,True
Yemen,Computer Vision,2019,25,True
South and Central America,Computer Vision,2017,960,True
Latvia,Computer Vision,2016,6,True
Sweden,Computer Vision,2019,294,True
Burkina Faso,Computer Vision,2024,9,True
Cuba,Computer Vision,2017,22,True
North Korea,Computer Vision,2017,1,True
Five Eyes,Computer Vision,2016,8188,True
EU,Computer Vision,2022,11693,True
South Africa,Computer Vision,2026,3,False
Japan,Computer Vision,2016,1404,True
Ukraine,Computer Vision,2023,292,True
Mali,Computer Vision,2020,1,True
Kyrgyzstan,Computer Vision,2025,7,False
Philippines,Computer Vision,2019,197,True
Philippines,Computer Vision,2025,146,False
Angola,Computer Vision,2022,8,True
Tanzania,Computer Vision,2024,17,True
Oceania,Computer Vision,2022,2098,True
India,Computer Vision,2020,8350,True
Malaysia,Computer Vision,2020,803,True
Pakistan,Computer Vision,2025,466,False
North Macedonia,Computer Vision,2021,10,True
Syria,Computer Vision,2019,11,True
NATO,Computer Vision,2016,13117,True
Paraguay,Computer Vision,2024,3,True
Niger,Computer Vision,2025,2,False
Romania,Computer Vision,2023,332,True
Oman,Computer Vision,2021,56,True
Zimbabwe,Computer Vision,2025,1,False
Sweden,Large language models,2016,3,True
Kosovo,Large language models,2024,1,True
Africa,Large language models,2018,10,True
Costa Rica,Large language models,2022,1,True
Denmark,Large language models,2019,22,True
ASEAN,Large language models,2021,519,True
Italy,Large language models,2023,387,True
Uruguay,Large language models,2022,3,True
Malta,Large language models,2022,5,True
Finland,Large language models,2021,41,True
EU,Large language models,2017,156,True
EU,Large language models,2022,1828,True
North America and the Caribbean,Large language models,2020,2339,True
Lebanon,Large language models,2021,5,True
Slovenia,Large language models,2020,6,True
United Kingdom,Large language models,2019,217,True
Brazil,Large language models,2022,78,True
Global Partnership on Artificial Intelligence,Large language models,2017,627,True
Norway,Large language models,2016,1,True
United States,Large language models,2020,2150,True
Morocco,Large language models,2021,22,True
Belgium,Large language models,2018,11,True
Lithuania,Large language models,2021,4,True
Thailand,Large language models,2022,39,True
Estonia,Large language models,2017,1,True
Malawi,Large language models,2023,1,True
Nigeria,Natural Language Processing,2019,36,True
United States,Natural Language Processing,2025,3244,False
Paraguay,Natural Language Processing,2022,1,True
Colombia,Natural Language Processing,2024,34,True
OECD,Natural Language Processing,2020,12308,True
Somalia,Natural Language Processing,2019,1,True
Iraq,Natural Language Processing,2016,13,True
Ecuador,Natural Language Processing,2023,22,True
Nicaragua,Natural Language Processing,2024,1,True
Iran,Natural Language Processing,2017,102,True
Thailand,Natural Language Processing,2016,64,True
Zimbabwe,Natural Language Processing,2023,1,True
Lithuania,Natural Language Processing,2020,26,True
Kazakhstan,Natural Language Processing,2021,69,True
United Kingdom,Natural Language Processing,2025,868,False
Croatia,Natural Language Processing,2020,56,True
Ghana,Natural Language Processing,2023,16,True
Venezuela,Natural Language Processing,2019,2,True
Papua New Guinea,Natural Language Processing,2018,1,True
Barbados,Natural Language Processing,2025,2,False
Syria,Natural Language Processing,2021,5,True
Poland,Natural Language Processing,2024,161,True
Cyprus,Natural Language Processing,2017,13,True
Sudan,Natural Language Processing,2016,8,True
Sudan,Natural Language Processing,2018,12,True
Chad,Natural Language Processing,2022,1,True
North America and the Caribbean,Natural Language Processing,2018,3900,True
ASEAN,Robotics,2016,1051,True
Tunisia,Robotics,2019,86,True
Tunisia,Robotics,2023,87,True
Slovenia,Robotics,2016,48,True
Qatar,Robotics,2018,35,True
Uzbekistan,Robotics,2025,9,False
OECD,Robotics,2017,18669,True
Mongolia,Robotics,2025,1,False
Jamaica,Robotics,2021,1,True
South and Central America,Robotics,2023,983,True
Senegal,Robotics,2020,2,True
Mexico,Robotics,2026,6,False
Georgia,Robotics,2024,2,True
Honduras,Robotics,2021,7,True
New Zealand,Robotics,2018,115,True
Ethiopia,Robotics,2022,23,True
Asia,Robotics,2017,13349,True
Chile,Robotics,2023,68,True
Liechtenstein,Robotics,2022,2,True
Saudi Arabia,Robotics,2021,181,True
Ecuador,Robotics,2022,76,True
Europe,Robotics,2018,10612,True
Europe,Robotics,2021,12589,True
Netherlands,Robotics,2025,364,False
Egypt,Robotics,2022,235,True
China,Robotics,2023,15994,True
Nigeria,Robotics,2020,52,True
Malaysia,Robotics,2026,2,False
Norway,Robotics,2021,212,True
Venezuela,Robotics,2020,12,True
Cambodia,AI Safety,2024,1,True
Belgium,AI Safety,2025,56,False
Slovakia,AI Safety,2025,4,False
Bulgaria,AI Safety,2022,1,True
Iraq,AI Safety,2024,37,True
South Africa,AI Safety,2022,10,True
Romania,AI Safety,2018,5,True
Czechia,AI Safety,2023,24,True
Estonia,AI Safety,2024,12,True
Turkey,AI Safety,2022,34,True
Ireland,AI Safety,2018,9,True
Finland,AI Safety,2019,11,True
Somalia,AI Safety,2023,1,True
Taiwan,AI Safety,2024,90,True
Malta,AI Safety,2025,4,False
Uruguay,AI Safety,2021,1,True
Spain,AI Safety,2021,75,True
Lebanon,AI Safety,2020,4,True
Mauritius,AI Safety,2024,1,True
North Macedonia,AI Safety,2022,1,True
Moldova,AI Safety,2025,1,False
Australia,AI Safety,2024,297,True
Poland,All,2021,2210,True
Djibouti,All,2022,1,True
Kenya,All,2019,78,True
Fiji,All,2020,40,True
Mexico,All,2024,1406,True
Mexico,All,2026,24,False
Dominica,All,2025,2,False
Saudi Arabia,All,2021,3247,True
Gabon,All,2020,3,True
Thailand,All,2024,1768,True
OECD,All,2016,66858,True
OECD,All,2019,101556,True
OECD,All,2021,132115,True
Switzerland,All,2023,3641,True
Greece,All,2021,1805,True
Libya,All,2025,42,False
Cyprus,All,2024,424,True
Iran,All,2016,1480,True
Chile,All,2016,253,True
Cuba,All,2017,75,True
Cuba,All,2018,102,True
Kosovo,All,2025,24,False
Burundi,All,2023,10,True
Qatar,All,2017,189,True
Mali,All,2023,5,True
Mali,All,2024,3,True
Comoros,All,2024,7,True
Turkey,All,2020,2779,True
Ghana,All,2021,164,True
NATO,All,2017,57304,True
NATO,All,2023,120169,True
NATO,All,2024,112953,True
Bahrain,All,2022,165,True
Oceania,All,2019,5441,True
Africa,All,2020,5728,True
Peru,All,2021,354,True
Ethiopia,All,2022,588,True
Laos,All,2017,1,True
Croatia,All,2022,423,True
Kyrgyzstan,All,2024,34,True
Finland,Computer Vision,2016,207,True
Kuwait,Computer Vision,2021,17,True
Libya,Computer Vision,2021,32,True
Slovakia,Computer Vision,2024,89,True
Belgium,Computer Vision,2026,13,False
Taiwan,Computer Vision,2017,612,True
Qatar,Computer Vision,2018,65,True
Iraq,Computer Vision,2023,878,True
South Korea,Computer Vision,2018,1543,True
South and Central America,Computer Vision,2019,1415,True
Poland,Computer Vision,2024,501,True
Tunisia,Computer Vision,2017,264,True
Cape Verde,Computer Vision,2018,1,True
EU,Computer Vision,2025,6642,False
Turkey,Computer Vision,2022,1210,True
South Africa,Computer Vision,2016,88,True
South Africa,Computer Vision,2024,205,True
Senegal,Computer Vision,2018,5,True
Senegal,Computer Vision,2022,8,True
Senegal,Computer Vision,2023,16,True
Sri Lanka,Computer Vision,2023,166,True
Africa,Computer Vision,2016,1160,True
Malaysia,Computer Vision,2023,1255,True
Malaysia,Computer Vision,2024,1217,True
Liberia,Computer Vision,2025,3,False
Russia,Computer Vision,2017,460,True
Spain,Computer Vision,2016,719,True
Spain,Computer Vision,2023,1336,True
Slovenia,Computer Vision,2023,84,True
NATO,Computer Vision,2022,25794,True
Lithuania,Computer Vision,2020,39,True
Ethiopia,Computer Vision,2017,14,True
Armenia,Computer Vision,2025,8,False
Kenya,Computer Vision,2019,17,True
Brunei,Computer Vision,2022,19,True
Montenegro,Large language models,2022,2,True
Netherlands,Large language models,2025,185,False
Africa,Large language models,2016,2,True
Taiwan,Large language models,2019,61,True
Pakistan,Large language models,2019,4,True
Pakistan,Large language models,2022,51,True
Sudan,Large language models,2020,1,True
Grenada,Large language models,2024,1,True
Algeria,Large language models,2020,5,True
Bulgaria,Large language models,2023,9,True
ASEAN,Large language models,2019,140,True
South Korea,Large language models,2024,866,True
Cyprus,Large language models,2022,3,True
Cuba,Large language models,2025,1,False
South Africa,Large language models,2018,1,True
Kenya,Large language models,2025,8,False
Global Partnership on Artificial Intelligence,Large language models,2016,434,True
Armenia,Large language models,2017,1,True
Armenia,Large language models,2022,4,True
Kuwait,Large language models,2023,7,True
Peru,Large language models,2024,8,True
Nigeria,Natural Language Processing,2017,28,True
Uruguay,Natural Language Processing,2024,7,True
Nepal,Natural Language Processing,2022,17,True
Montenegro,Natural Language Processing,2022,4,True
Namibia,Natural Language Processing,2021,3,True
Japan,Natural Language Processing,2026,7,False
Canada,Natural Language Processing,2024,630,True
Colombia,Natural Language Processing,2021,43,True
Kuwait,Natural Language Processing,2019,3,True
Senegal,Natural Language Processing,2023,8,True
Belarus,Natural Language Processing,2017,7,True
Belarus,Natural Language Processing,2024,3,True
Russia,Natural Language Processing,2023,422,True
Thailand,Natural Language Processing,2019,87,True
India,Natural Language Processing,2022,2712,True
Lithuania,Natural Language Processing,2024,24,True
Lithuania,Natural Language Processing,2025,12,False
United Kingdom,Natural Language Processing,2016,1003,True
United Kingdom,Natural Language Processing,2019,1147,True
Kosovo,Natural Language Processing,2023,8,True
EU,Natural Language Processing,2017,3626,True
Europe,Natural Language Processing,2024,6515,True
Ethiopia,Natural Language Processing,2023,45,True
Oceania,Natural Language Processing,2021,640,True
Philippines,Natural Language Processing,2022,74,True
Turkey,Natural Language Processing,2018,189,True
Libya,Natural Language Processing,2020,7,True
Libya,Natural Language Processing,2024,11,True
NATO,Natural Language Processing,2021,11418,True
Italy,Natural Language Processing,2024,562,True
Israel,Natural Language Processing,2016,123,True
Benin,Natural Language Processing,2022,1,True
Finland,Natural Language Processing,2017,100,True
Luxembourg,Natural Language Processing,2017,14,True
Guatemala,Robotics,2017,3,True
Guatemala,Robotics,2023,5,True
Croatia,Robotics,2021,89,True
Poland,Robotics,2017,349,True
Belarus,Robotics,2020,12,True
Colombia,Robotics,2021,130,True
Sweden,Robotics,2016,329,True
Sweden,Robotics,2023,484,True
Turkey,Robotics,2019,405,True
Uruguay,Robotics,2019,9,True
Mexico,Robotics,2021,411,True
Myanmar,Robotics,2022,5,True
Uganda,Robotics,2025,1,False
New Zealand,Robotics,2017,140,True
South Africa,Robotics,2022,74,True
Saudi Arabia,Robotics,2020,157,True
Japan,Robotics,2025,1869,False
Ecuador,Robotics,2024,95,True
Czechia,Robotics,2022,186,True
Cuba,Robotics,2021,5,True
Rwanda,Robotics,2019,1,True
Kenya,Robotics,2018,8,True
Canada,Robotics,2026,29,False
Spain,Robotics,2020,848,True
Bosnia and Herzegovina,AI Safety,2020,2,True
Europe,AI Safety,2016,425,True
Quad,AI Safety,2018,1171,True
Belgium,AI Safety,2017,17,True
Indonesia,AI Safety,2018,3,True
Kosovo,AI Safety,2024,2,True
EU,AI Safety,2016,306,True
China,AI Safety,2016,91,True
Nigeria,AI Safety,2023,17,True
Czechia,AI Safety,2025,15,False
Lithuania,AI Safety,2019,1,True
Canada,AI Safety,2020,188,True
NATO,AI Safety,2021,3502,True
Bahrain,AI Safety,2024,8,True
Austria,AI Safety,2019,25,True
Austria,AI Safety,2020,47,True
Austria,AI Safety,2022,57,True
Poland,AI Safety,2024,43,True
ASEAN,AI Safety,2024,478,True
Cyprus,AI Safety,2017,1,True
Barbados,AI Safety,2022,1,True
Qatar,AI Safety,2024,18,True
Denmark,All,2025,1057,False
Grenada,All,2019,1,True
Madagascar,All,2019,11,True
Canada,All,2024,7928,True
Egypt,All,2022,2382,True
Togo,All,2025,2,False
Ireland,All,2025,784,False
Nepal,All,2024,174,True
United Arab Emirates,All,2018,508,True
United Arab Emirates,All,2024,2543,True
Papua New Guinea,All,2019,9,True
Morocco,All,2022,1046,True
Namibia,All,2016,7,True
Cambodia,All,2024,44,True
Bulgaria,All,2017,155,True
OECD,All,2023,149690,True
Austria,All,2020,1411,True
Greece,All,2016,885,True
North Macedonia,All,2020,91,True
Russia,All,2022,3665,True
Ukraine,All,2018,737,True
Qatar,All,2016,209,True
Qatar,All,2018,245,True
Estonia,All,2019,142,True
Samoa,All,2024,1,True
Malaysia,All,2026,27,False
Maldives,All,2021,1,True
Honduras,All,2016,1,True
Singapore,All,2022,3409,True
Benin,All,2024,35,True
Africa,All,2021,7079,True
Romania,All,2022,1219,True
Slovakia,All,2024,390,True
Costa Rica,All,2016,21,True
Argentina,All,2016,224,True
Burkina Faso,All,2017,2,True
Libya,Computer Vision,2019,7,True
Greece,Computer Vision,2022,371,True
Netherlands,Computer Vision,2019,630,True
Netherlands,Computer Vision,2021,834,True
Saudi Arabia,Computer Vision,2023,1532,True
Belgium,Computer Vision,2023,452,True
Somalia,Computer Vision,2024,5,True
Tonga,Computer Vision,2024,1,True
ASEAN,Computer Vision,2020,3736,True
Canada,Computer Vision,2018,1219,True
Kazakhstan,Computer Vision,2022,76,True
Myanmar,Computer Vision,2018,45,True
Costa Rica,Computer Vision,2018,16,True
Costa Rica,Computer Vision,2021,17,True
Burkina Faso,Computer Vision,2021,2,True
United States,Computer Vision,2021,11166,True
Cuba,Computer Vision,2019,29,True
Sri Lanka,Computer Vision,2017,51,True
Japan,Computer Vision,2018,1962,True
Philippines,Computer Vision,2023,388,True
Uruguay,Computer Vision,2023,14,True
Bulgaria,Computer Vision,2017,24,True
Bulgaria,Computer Vision,2021,66,True
Fiji,Computer Vision,2025,2,False
China,Computer Vision,2019,22240,True
Syria,Computer Vision,2022,17,True
Germany,Computer Vision,2018,1746,True
Slovenia,Computer Vision,2017,40,True
Malta,Computer Vision,2025,8,False
Norway,Computer Vision,2022,470,True
Azerbaijan,Computer Vision,2025,10,False
Kenya,Computer Vision,2024,55,True
Oman,Computer Vision,2022,63,True
Zimbabwe,Computer Vision,2024,4,True
Vietnam,Large language models,2022,107,True
Uganda,Large language models,2025,4,False
Taiwan,Large language models,2016,11,True
Malaysia,Large language models,2016,2,True
Indonesia,Large language models,2023,190,True
Bosnia and Herzegovina,Large language models,2023,3,True
Bosnia and Herzegovina,Large language models,2025,4,False
Asia,Large language models,2017,461,True
South Africa,Large language models,2023,38,True
Kenya,Large language models,2021,3,True
New Zealand,Large language models,2021,9,True
Egypt,Large language models,2025,86,False
Portugal,Large language models,2024,59,True
China,Large language models,2018,682,True
Slovenia,Large language models,2023,23,True
United Kingdom,Large language models,2016,52,True
Oceania,Large language models,2024,768,True
South and Central America,Large language models,2024,220,True
Singapore,Large language models,2018,41,True
Peru,Large language models,2019,1,True
Quad,Large language models,2025,5337,False
United Arab Emirates,Large language models,2016,1,True
United Arab Emirates,Large language models,2021,48,True
United Arab Emirates,Large language models,2024,190,True
Nigeria,Natural Language Processing,2025,19,False
Gabon,Natural Language Processing,2025,1,False
Canada,Natural Language Processing,2023,883,True
North Macedonia,Natural Language Processing,2023,25,True
Costa Rica,Natural Language Processing,2023,6,True
France,Natural Language Processing,2026,7,False
Qatar,Natural Language Processing,2019,56,True
South and Central America,Natural Language Processing,2022,425,True
Saudi Arabia,Natural Language Processing,2021,328,True
Lithuania,Natural Language Processing,2017,20,True
Iceland,Natural Language Processing,2025,5,False
Albania,Natural Language Processing,2025,3,False
Georgia,Natural Language Processing,2017,1,True
Singapore,Natural Language Processing,2017,187,True
Hungary,Natural Language Processing,2022,79,True
Ukraine,Natural Language Processing,2017,51,True
Ghana,Natural Language Processing,2021,14,True
Five Eyes,Natural Language Processing,2016,4138,True
Kyrgyzstan,Natural Language Processing,2020,1,True
Poland,Natural Language Processing,2021,219,True
Cuba,Natural Language Processing,2017,3,True
Cuba,Natural Language Processing,2025,1,False
Jordan,Natural Language Processing,2019,85,True
NATO,Natural Language Processing,2024,10177,True
Myanmar,Natural Language Processing,2021,13,True
Cambodia,Natural Language Processing,2019,3,True
Bahrain,Natural Language Processing,2025,8,False
Morocco,Natural Language Processing,2016,58,True
Algeria,Natural Language Processing,2017,45,True
Denmark,Robotics,2025,179,False
Tunisia,Robotics,2025,35,False
Trinidad and Tobago,Robotics,2018,1,True
Slovenia,Robotics,2020,54,True
Bahrain,Robotics,2021,8,True
Bahrain,Robotics,2023,22,True
Poland,Robotics,2016,394,True
Turkmenistan,Robotics,2025,2,False
North Korea,Robotics,2019,1,True
Burkina Faso,Robotics,2021,1,True
South and Central America,Robotics,2021,984,True
Dominica,Robotics,2019,2,True
Uruguay,Robotics,2025,5,False
Georgia,Robotics,2023,2,True
Vietnam,Robotics,2019,137,True
Cameroon,Robotics,2019,2,True
Niger,Robotics,2025,1,False
Cambodia,Robotics,2021,2,True
New Zealand,Robotics,2023,104,True
Kyrgyzstan,Robotics,2024,4,True
Tajikistan,Robotics,2025,1,False
Iran,Robotics,2016,382,True
Kuwait,Robotics,2017,12,True
Liechtenstein,Robotics,2021,1,True
Austria,Robotics,2023,335,True
Netherlands,Robotics,2016,341,True
El Salvador,Robotics,2021,5,True
China,Robotics,2017,5044,True
Ukraine,Robotics,2019,164,True
Lithuania,Robotics,2018,22,True
Canada,Robotics,2024,996,True
Norway,Robotics,2026,2,False
Italy,AI Safety,2023,239,True
Switzerland,AI Safety,2025,104,False
Mexico,AI Safety,2025,16,False
Greece,AI Safety,2023,43,True
Egypt,AI Safety,2024,50,True
Morocco,AI Safety,2019,1,True
Brazil,AI Safety,2021,54,True
India,AI Safety,2022,187,True
Albania,AI Safety,2024,1,True
Libya,AI Safety,2025,1,False
Finland,AI Safety,2023,42,True
Sri Lanka,AI Safety,2021,2,True
Japan,AI Safety,2022,141,True
Republic of the Congo,AI Safety,2024,1,True
Netherlands,AI Safety,2023,179,True
OECD,AI Safety,2022,3735,True
Venezuela,All,2021,50,True
Venezuela,All,2024,44,True
Madagascar,All,2023,14,True
Canada,All,2020,6898,True
Europe,All,2016,36884,True
Bosnia and Herzegovina,All,2023,140,True
Uzbekistan,All,2017,11,True
Saint Lucia,All,2025,40,False
United Arab Emirates,All,2020,1015,True
Lithuania,All,2018,113,True
Bulgaria,All,2025,255,False
Italy,All,2021,7278,True
United States,All,2019,36330,True
Austria,All,2018,1058,True
Greece,All,2024,1977,True
Finland,All,2018,768,True
Uganda,All,2025,84,False
Tajikistan,All,2022,3,True
Cyprus,All,2020,270,True
Malta,All,2024,86,True
South Africa,All,2016,346,True
Burundi,All,2020,2,True
Mali,All,2022,10,True
Trinidad and Tobago,All,2017,5,True
Saint Kitts and Nevis,All,2024,11,True
Oman,All,2023,404,True
Brunei,All,2018,14,True
Monaco,All,2019,1,True
Kazakhstan,All,2018,138,True
Liberia,All,2021,1,True
Guinea,All,2022,1,True
Peru,All,2016,87,True
Latvia,All,2019,87,True
Andorra,All,2016,2,True
El Salvador,All,2025,4,False
Guatemala,All,2021,10,True
Japan,All,2024,10515,True
Barbados,All,2019,4,True
Sao Tome and Principe,All,2022,1,True
France,All,2016,5228,True
Germany,All,2025,7211,False
Mauritania,All,2021,5,True
Austria,Computer Vision,2026,5,False
Kuwait,Computer Vision,2020,30,True
Namibia,Computer Vision,2022,3,True
Democratic Republic of the Congo,Computer Vision,2019,1,True
Guatemala,Computer Vision,2019,5,True
Bangladesh,Computer Vision,2022,651,True
Bangladesh,Computer Vision,2024,1238,True
Cameroon,Computer Vision,2016,2,True
Ghana,Computer Vision,2024,70,True
Rwanda,Computer Vision,2020,10,True
Equatorial Guinea,Computer Vision,2022,1,True
Yemen,Computer Vision,2024,39,True
Myanmar,Computer Vision,2020,39,True
Jamaica,Computer Vision,2020,1,True
Jamaica,Computer Vision,2021,1,True
North Korea,Computer Vision,2022,8,True
Quad,Computer Vision,2025,17465,False
South Africa,Computer Vision,2017,86,True
Senegal,Computer Vision,2019,5,True
Hungary,Computer Vision,2024,164,True
Gambia,Computer Vision,2025,1,False
Iceland,Computer Vision,2025,11,False
Montenegro,Computer Vision,2016,7,True
Pakistan,Computer Vision,2019,639,True
Samoa,Computer Vision,2024,1,True
Syria,Computer Vision,2025,13,False
Albania,Computer Vision,2016,2,True
Albania,Computer Vision,2022,8,True
Albania,Computer Vision,2023,11,True
Bolivia,Computer Vision,2017,1,True
New Zealand,Computer Vision,2016,121,True
Austria,Large language models,2019,7,True
Malaysia,Large language models,2018,3,True
Europe,Large language models,2018,410,True
Saudi Arabia,Large language models,2025,228,False
Kazakhstan,Large language models,2023,15,True
Sudan,Large language models,2021,2,True
Denmark,Large language models,2022,95,True
Indonesia,Large language models,2017,4,True
Hungary,Large language models,2017,2,True
Cuba,Large language models,2019,1,True
Democratic Republic of the Congo,Large language models,2025,1,False
Israel,Large language models,2022,112,True
Brunei,Large language models,2022,2,True
China,Large language models,2024,12280,True
Czechia,Large language models,2025,23,False
Greece,Large language models,2016,2,True
Morocco,Large language models,2024,52,True
Peru,Large language models,2023,4,True
Quad,Large language models,2026,1,False
Japan,Natural Language Processing,2017,619,True
Japan,Natural Language Processing,2020,867,True
Canada,Natural Language Processing,2018,481,True
North Macedonia,Natural Language Processing,2025,10,False
Oman,Natural Language Processing,2018,5,True
Austria,Natural Language Processing,2020,120,True
Russia,Natural Language Processing,2018,340,True
Ecuador,Natural Language Processing,2020,21,True
Iran,Natural Language Processing,2021,155,True
Georgia,Natural Language Processing,2021,3,True
Bhutan,Natural Language Processing,2024,1,True
Malaysia,Natural Language Processing,2021,218,True
Venezuela,Natural Language Processing,2024,2,True
Malawi,Natural Language Processing,2022,2,True
Asia,Natural Language Processing,2020,11140,True
Asia,Natural Language Processing,2024,16109,True
Philippines,Natural Language Processing,2018,28,True
Jordan,Natural Language Processing,2016,63,True
Slovenia,Natural Language Processing,2026,1,False
Italy,Natural Language Processing,2019,409,True
Estonia,Natural Language Processing,2022,42,True
North America and the Caribbean,Natural Language Processing,2017,3226,True
El Salvador,Natural Language Processing,2023,1,True
Denmark,Robotics,2023,364,True
NATO,Robotics,2017,13694,True
Oman,Robotics,2019,22,True
Indonesia,Robotics,2016,181,True
Qatar,Robotics,2020,24,True
Bahrain,Robotics,2018,6,True
Bahrain,Robotics,2024,12,True
United States,Robotics,2018,5951,True
United States,Robotics,2020,7075,True
Serbia,Robotics,2026,1,False
Colombia,Robotics,2017,122,True
United Kingdom,Robotics,2020,1891,True
Taiwan,Robotics,2026,12,False
Finland,Robotics,2022,225,True
Malta,Robotics,2023,12,True
Uganda,Robotics,2022,3,True
North America and the Caribbean,Robotics,2021,8363,True
Sri Lanka,Robotics,2022,53,True
Panama,Robotics,2022,8,True
Tajikistan,Robotics,2018,1,True
Zimbabwe,Robotics,2024,1,True
Japan,Robotics,2024,3232,True
Namibia,Robotics,2024,1,True
Austria,Robotics,2024,303,True
El Salvador,Robotics,2016,1,True
El Salvador,Robotics,2017,2,True
Singapore,Robotics,2023,622,True
Cuba,Robotics,2020,6,True
Rwanda,Robotics,2021,1,True
Malaysia,Robotics,2022,344,True
Bangladesh,Robotics,2026,1,False
Venezuela,Robotics,2021,12,True
Venezuela,Robotics,2022,6,True
Germany,AI Safety,2018,215,True
Quad,AI Safety,2026,52,False
United Kingdom,AI Safety,2020,352,True
North America and the Caribbean,AI Safety,2019,1608,True
China,AI Safety,2025,2244,False
Israel,AI Safety,2021,70,True
Portugal,AI Safety,2018,10,True
Spain,AI Safety,2016,30,True
Saudi Arabia,AI Safety,2017,4,True
Qatar,AI Safety,2019,8,True
North Macedonia,AI Safety,2016,1,True
Australia,AI Safety,2023,250,True
Singapore,AI Safety,2026,9,False
Denmark,All,2024,2121,True
Denmark,All,2026,50,False
Swaziland,All,2022,8,True
Paraguay,All,2023,25,True
China,All,2021,72439,True
Bosnia and Herzegovina,All,2024,131,True
Yemen,All,2016,38,True
Yemen,All,2021,176,True
Sri Lanka,All,2024,628,True
Panama,All,2017,13,True
Lithuania,All,2024,298,True
Mexico,All,2019,1330,True
Lebanon,All,2020,188,True
Lebanon,All,2022,304,True
Saudi Arabia,All,2016,653,True
Gabon,All,2022,18,True
Italy,All,2026,220,False
Tajikistan,All,2020,5,True
Cyprus,All,2016,136,True
Armenia,All,2016,9,True
Bolivia,All,2025,12,False
Russia,All,2021,4718,True
Mali,All,2018,3,True
Somalia,All,2025,15,False
Belgium,All,2021,1729,True
Ghana,All,2023,209,True
Africa,All,2026,21,False
Iraq,All,2024,2754,True
Peru,All,2024,469,True
Angola,All,2021,2,True
El Salvador,All,2016,2,True
Bahamas,All,2024,2,True
Nigeria,All,2023,1077,True
Liechtenstein,All,2018,11,True
Mauritania,All,2019,1,True
Afghanistan,All,2020,12,True
Austria,Computer Vision,2022,411,True
Finland,Computer Vision,2023,365,True
Mexico,Computer Vision,2017,240,True
Botswana,Computer Vision,2020,3,True
Botswana,Computer Vision,2025,4,False
Netherlands,Computer Vision,2022,816,True
Argentina,Computer Vision,2020,78,True
Iraq,Computer Vision,2017,169,True
Ghana,Computer Vision,2016,4,True
Ghana,Computer Vision,2020,27,True
Monaco,Computer Vision,2019,1,True
North America and the Caribbean,Computer Vision,2026,288,False
Uganda,Computer Vision,2021,13,True
Kazakhstan,Computer Vision,2024,162,True
United Kingdom,Computer Vision,2021,3553,True
Mongolia,Computer Vision,2016,2,True
Cuba,Computer Vision,2018,21,True
Bhutan,Computer Vision,2024,2,True
Turkey,Computer Vision,2017,600,True
Europe,Computer Vision,2025,10166,False
Japan,Computer Vision,2022,2782,True
Japan,Computer Vision,2024,2935,True
Ukraine,Computer Vision,2016,118,True
El Salvador,Computer Vision,2018,1,True
Iceland,Computer Vision,2020,23,True
Oceania,Computer Vision,2016,1013,True
Cambodia,Computer Vision,2017,3,True
Pakistan,Computer Vision,2026,1,False
China,Computer Vision,2017,11933,True
Syria,Computer Vision,2020,14,True
Dominican Republic,Computer Vision,2019,2,True
United Arab Emirates,Computer Vision,2025,305,False
Lithuania,Computer Vision,2022,56,True
Indonesia,Computer Vision,2024,1834,True
Luxembourg,Computer Vision,2019,24,True
Côte d'Ivoire,Computer Vision,2022,8,True
Seychelles,Computer Vision,2018,1,True
Vietnam,Large language models,2024,127,True
Sweden,Large language models,2018,9,True
Uzbekistan,Large language models,2024,11,True
Switzerland,Large language models,2017,18,True
Pakistan,Large language models,2020,19,True
Saudi Arabia,Large language models,2017,2,True
NATO,Large language models,2025,6604,False
Algeria,Large language models,2021,6,True
Algeria,Large language models,2022,5,True
Algeria,Large language models,2023,19,True
Bulgaria,Large language models,2024,17,True
Ethiopia,Large language models,2024,13,True
Ireland,Large language models,2024,100,True
Romania,Large language models,2019,6,True
Romania,Large language models,2021,33,True
Chile,Large language models,2020,5,True
Cuba,Large language models,2022,1,True
Sierra Leone,Large language models,2025,1,False
Finland,Large language models,2024,78,True
Slovakia,Large language models,2025,9,False
Nigeria,Large language models,2020,4,True
Brazil,Large language models,2018,17,True
Oceania,Large language models,2018,49,True
Czechia,Large language models,2020,16,True
South and Central America,Large language models,2021,96,True
Singapore,Large language models,2019,89,True
India,Large language models,2019,106,True
Iran,Large language models,2020,23,True
Poland,Large language models,2017,5,True
Montenegro,Natural Language Processing,2023,5,True
Romania,Natural Language Processing,2024,88,True
Romania,Natural Language Processing,2026,1,False
ASEAN,Natural Language Processing,2017,691,True
ASEAN,Natural Language Processing,2020,1164,True
Lebanon,Natural Language Processing,2021,20,True
Norway,Natural Language Processing,2018,103,True
Zimbabwe,Natural Language Processing,2019,1,True
Netherlands,Natural Language Processing,2023,596,True
Liechtenstein,Natural Language Processing,2018,2,True
Croatia,Natural Language Processing,2022,42,True
Brazil,Natural Language Processing,2022,269,True
Quad,Natural Language Processing,2020,7921,True
South Africa,Natural Language Processing,2021,73,True
Belgium,Natural Language Processing,2018,178,True
Uganda,Natural Language Processing,2020,6,True
Venezuela,Natural Language Processing,2021,6,True
Peru,Natural Language Processing,2017,11,True
Ethiopia,Natural Language Processing,2022,56,True
Kyrgyzstan,Natural Language Processing,2024,2,True
Syria,Natural Language Processing,2020,5,True
Syria,Natural Language Processing,2024,5,True
Poland,Natural Language Processing,2022,173,True
Sudan,Natural Language Processing,2020,8,True
Italy,Natural Language Processing,2020,523,True
Italy,Natural Language Processing,2026,7,False
Uzbekistan,Natural Language Processing,2023,73,True
Spain,Natural Language Processing,2018,445,True
Africa,Natural Language Processing,2020,567,True
Bahrain,Natural Language Processing,2016,3,True
Czechia,Natural Language Processing,2019,127,True
Czechia,Natural Language Processing,2021,169,True
Mauritius,Natural Language Processing,2025,3,False
Morocco,Natural Language Processing,2017,97,True
Morocco,Natural Language Processing,2019,99,True
Five Eyes,Robotics,2021,10477,True
Trinidad and Tobago,Robotics,2022,5,True
Indonesia,Robotics,2024,398,True
Eritrea,Robotics,2021,1,True
United States,Robotics,2017,5486,True
Kosovo,Robotics,2019,7,True
Uzbekistan,Robotics,2020,8,True
Italy,Robotics,2023,2133,True
Fiji,Robotics,2018,6,True
Fiji,Robotics,2020,11,True
United Arab Emirates,Robotics,2018,100,True
Costa Rica,Robotics,2020,15,True
Senegal,Robotics,2022,1,True
United Kingdom,Robotics,2023,2292,True
Georgia,Robotics,2025,4,False
Vietnam,Robotics,2024,269,True
Quad,Robotics,2020,12372,True
Finland,Robotics,2018,129,True
Uganda,Robotics,2017,1,True
France,Robotics,2021,1086,True
Brazil,Robotics,2018,519,True
Chile,Robotics,2022,58,True
Belgium,Robotics,2021,326,True
Japan,Robotics,2020,3192,True
Nigeria,Robotics,2016,11,True
Cuba,Robotics,2022,5,True
Cuba,Robotics,2023,5,True
Lithuania,Robotics,2017,15,True
Canada,Robotics,2022,1134,True
Tanzania,Robotics,2021,5,True
Syria,Robotics,2016,3,True
New Zealand,AI Safety,2024,21,True
Slovakia,AI Safety,2016,2,True
Asia,AI Safety,2026,183,False
Nigeria,AI Safety,2025,19,False
Ireland,AI Safety,2021,27,True
South Korea,AI Safety,2019,56,True
Lithuania,AI Safety,2025,2,False
Georgia,AI Safety,2023,1,True
NATO,AI Safety,2020,3128,True
France,AI Safety,2016,71,True
Bangladesh,AI Safety,2025,43,False
Malaysia,AI Safety,2019,6,True
Albania,AI Safety,2025,2,False
Afghanistan,AI Safety,2024,3,True
Luxembourg,AI Safety,2025,8,False
Papua New Guinea,AI Safety,2025,1,False
Taiwan,AI Safety,2020,25,True
Ecuador,AI Safety,2024,7,True
Lebanon,AI Safety,2023,13,True
Tunisia,AI Safety,2016,3,True
United States,AI Safety,2025,2047,False
North Macedonia,AI Safety,2025,2,False
Moldova,AI Safety,2022,1,True
OECD,AI Safety,2018,1828,True
OECD,AI Safety,2026,96,False
Czechia,All,2018,815,True
Denmark,All,2022,1796,True
United Kingdom,All,2016,6512,True
Bosnia and Herzegovina,All,2020,106,True
Bosnia and Herzegovina,All,2025,70,False
Botswana,All,2022,31,True
South Korea,All,2023,10326,True
Fiji,All,2016,28,True
Georgia,All,2021,42,True
Georgia,All,2025,38,False
ASEAN,All,2024,19132,True
Zimbabwe,All,2019,12,True
Saudi Arabia,All,2025,3433,False
Italy,All,2018,4583,True
Thailand,All,2025,927,False
Greece,All,2019,1083,True
Vietnam,All,2019,1098,True
South Africa,All,2018,383,True
Cuba,All,2019,103,True
Jamaica,All,2020,4,True
Serbia,All,2023,539,True
Tanzania,All,2017,15,True
Niger,All,2023,3,True
Israel,All,2018,891,True
Israel,All,2021,1505,True
South and Central America,All,2016,3113,True
South and Central America,All,2025,3366,False
Oceania,All,2021,7325,True
Benin,All,2016,11,True
Laos,All,2025,6,False
Latvia,All,2022,115,True
Latvia,All,2026,1,False
Spain,All,2019,4217,True
Liechtenstein,All,2020,10,True
Liechtenstein,All,2021,10,True
Sierra Leone,All,2022,2,True
Portugal,All,2024,1868,True
Colombia,All,2021,775,True
Argentina,Computer Vision,2023,49,True
Taiwan,Computer Vision,2018,750,True
Somalia,Computer Vision,2019,1,True
ASEAN,Computer Vision,2021,4717,True
Uganda,Computer Vision,2022,18,True
South Korea,Computer Vision,2019,1851,True
South Korea,Computer Vision,2026,74,False
South and Central America,Computer Vision,2021,1613,True
South and Central America,Computer Vision,2025,751,False
Latvia,Computer Vision,2025,17,False
Sweden,Computer Vision,2016,216,True
Croatia,Computer Vision,2022,104,True
Nepal,Computer Vision,2020,29,True
Serbia,Computer Vision,2025,47,False
Singapore,Computer Vision,2016,521,True
Singapore,Computer Vision,2021,1091,True
EU,Computer Vision,2020,9528,True
Turkey,Computer Vision,2016,496,True
Europe,Computer Vision,2016,9158,True
Europe,Computer Vision,2024,17446,True
Vietnam,Computer Vision,2017,156,True
Nigeria,Computer Vision,2016,41,True
Ukraine,Computer Vision,2019,263,True
Kyrgyzstan,Computer Vision,2021,7,True
Switzerland,Computer Vision,2023,1027,True
Bulgaria,Computer Vision,2024,113,True
Montenegro,Computer Vision,2018,4,True
Montenegro,Computer Vision,2024,15,True
North Macedonia,Computer Vision,2019,9,True
China,Computer Vision,2025,30822,False
Germany,Computer Vision,2019,2092,True
Germany,Computer Vision,2021,2888,True
Indonesia,Computer Vision,2025,518,False
Azerbaijan,Computer Vision,2018,5,True
Gabon,Computer Vision,2025,4,False
Barbados,Computer Vision,2024,2,True
Bahrain,Computer Vision,2025,17,False
North Macedonia,Large language models,2021,1,True
Denmark,Large language models,2017,5,True
Canada,Large language models,2025,483,False
Indonesia,Large language models,2024,227,True
Italy,Large language models,2022,220,True
Slovakia,Large language models,2024,11,True
EU,Large language models,2016,121,True
Israel,Large language models,2024,158,True
Serbia,Large language models,2019,4,True
Slovenia,Large language models,2025,21,False
Brazil,Large language models,2020,40,True
Turkey,Large language models,2021,60,True
Bahrain,Large language models,2024,6,True
United States,Large language models,2023,5184,True
United States,Large language models,2024,5090,True
Bangladesh,Large language models,2025,100,False
Morocco,Large language models,2025,43,False
Belgium,Large language models,2020,31,True
Nigeria,Natural Language Processing,2021,59,True
Uruguay,Natural Language Processing,2022,9,True
United Arab Emirates,Natural Language Processing,2018,60,True
United Arab Emirates,Natural Language Processing,2025,87,False
Japan,Natural Language Processing,2018,721,True
Moldova,Natural Language Processing,2016,2,True
Oman,Natural Language Processing,2025,23,False
North Korea,Natural Language Processing,2018,1,True
Malta,Natural Language Processing,2022,7,True
Somalia,Natural Language Processing,2025,1,False
Iraq,Natural Language Processing,2025,78,False
Pakistan,Natural Language Processing,2022,257,True
Croatia,Natural Language Processing,2016,36,True
Honduras,Natural Language Processing,2024,1,True
Dominican Republic,Natural Language Processing,2023,1,True
Indonesia,Natural Language Processing,2016,145,True
Singapore,Natural Language Processing,2024,349,True
Venezuela,Natural Language Processing,2023,1,True
Oceania,Natural Language Processing,2018,377,True
Philippines,Natural Language Processing,2016,10,True
Cuba,Natural Language Processing,2021,8,True
Bosnia and Herzegovina,Natural Language Processing,2017,7,True
Turkey,Natural Language Processing,2025,210,False
Libya,Natural Language Processing,2016,4,True
Sweden,Natural Language Processing,2023,253,True
Jordan,Natural Language Processing,2024,109,True
Panama,Natural Language Processing,2020,1,True
Taiwan,Natural Language Processing,2019,213,True
Germany,Natural Language Processing,2022,1257,True
Estonia,Natural Language Processing,2019,27,True
Cameroon,Natural Language Processing,2018,1,True
Algeria,Natural Language Processing,2021,59,True
Slovakia,Natural Language Processing,2018,33,True
Yemen,Robotics,2022,8,True
Kosovo,Robotics,2024,4,True
Ghana,Robotics,2024,5,True
Nepal,Robotics,2019,2,True
Russia,Robotics,2020,1104,True
Russia,Robotics,2025,278,False
Russia,Robotics,2026,3,False
Mauritius,Robotics,2025,4,False
Iceland,Robotics,2025,10,False
India,Robotics,2024,2734,True
Jordan,Robotics,2016,18,True
Brunei,Robotics,2016,7,True
France,Robotics,2020,1128,True
Cambodia,Robotics,2023,1,True
Cambodia,Robotics,2024,5,True
Dominican Republic,Robotics,2025,2,False
Namibia,Robotics,2021,1,True
Namibia,Robotics,2022,2,True
Botswana,Robotics,2019,2,True
Egypt,Robotics,2026,1,False
Czechia,Robotics,2024,139,True
Botswana,AI Safety,2025,3,False
Quad,AI Safety,2016,604,True
New Zealand,AI Safety,2019,6,True
EU,AI Safety,2022,1278,True
EU,AI Safety,2025,1505,False
Africa,AI Safety,2018,17,True
Africa,AI Safety,2026,1,False
Romania,AI Safety,2020,9,True
Czechia,AI Safety,2017,2,True
Cameroon,AI Safety,2025,3,False
Morocco,AI Safety,2021,8,True
Colombia,AI Safety,2025,9,False
Japan,AI Safety,2026,4,False
Zimbabwe,AI Safety,2020,1,True
Costa Rica,AI Safety,2023,1,True
Lebanon,AI Safety,2025,10,False
United States,AI Safety,2023,2206,True
Australia,AI Safety,2017,73,True
Belize,All,2020,3,True
Five Eyes,All,2025,49848,False
Paraguay,All,2024,15,True
Cameroon,All,2020,58,True
Togo,All,2019,1,True
Yemen,All,2025,105,False
Sri Lanka,All,2017,178,True
Sri Lanka,All,2021,552,True
Kenya,All,2022,161,True
Côte d'Ivoire,All,2017,8,True
Azerbaijan,All,2021,83,True
Syria,All,2017,10,True
Syria,All,2020,47,True
Namibia,All,2019,2,True
Brazil,All,2021,3859,True
Brazil,All,2025,2048,False
Cambodia,All,2018,11,True
San Marino,All,2020,2,True
Austria,All,2019,1256,True
Slovenia,All,2017,226,True
North Macedonia,All,2024,102,True
Democratic Republic of the Congo,All,2022,16,True
Tajikistan,All,2018,3,True
Armenia,All,2025,41,False
Iran,All,2020,2583,True
Chile,All,2025,382,False
Estonia,All,2017,88,True
Estonia,All,2025,120,False
Tanzania,All,2018,4,True
Comoros,All,2023,6,True
Australia,All,2016,2951,True
Australia,All,2023,7727,True
Sweden,All,2018,1208,True
Montenegro,All,2018,16,True
Timor-Leste,All,2025,1,False
Myanmar,All,2022,27,True
Bahrain,All,2025,127,False
Latvia,All,2025,90,False
North America and the Caribbean,All,2021,54912,True
Burkina Faso,All,2022,17,True
Finland,Computer Vision,2020,273,True
Zambia,Computer Vision,2017,2,True
Moldova,Computer Vision,2021,6,True
Colombia,Computer Vision,2022,144,True
Malawi,Computer Vision,2022,4,True
Iraq,Computer Vision,2024,865,True
Rwanda,Computer Vision,2025,38,False
Eritrea,Computer Vision,2024,2,True
North America and the Caribbean,Computer Vision,2024,12821,True
Myanmar,Computer Vision,2019,54,True
Costa Rica,Computer Vision,2017,7,True
Serbia,Computer Vision,2024,102,True
Cuba,Computer Vision,2022,11,True
North Korea,Computer Vision,2018,4,True
North Korea,Computer Vision,2020,4,True
Quad,Computer Vision,2017,13014,True
Senegal,Computer Vision,2017,2,True
Senegal,Computer Vision,2025,8,False
Europe,Computer Vision,2026,328,False
Algeria,Computer Vision,2022,328,True
Gambia,Computer Vision,2021,3,True
Guinea,Computer Vision,2021,1,True
Asia,Computer Vision,2022,63274,True
Brazil,Computer Vision,2020,1020,True
Brazil,Computer Vision,2022,773,True
Russia,Computer Vision,2019,879,True
Papua New Guinea,Computer Vision,2021,7,True
Cyprus,Computer Vision,2022,69,True
NATO,Computer Vision,2020,22663,True
Norway,Computer Vision,2016,119,True
Norway,Computer Vision,2019,236,True
Azerbaijan,Computer Vision,2021,10,True
Mauritius,Computer Vision,2024,12,True
Bahrain,Computer Vision,2022,33,True
Uganda,Large language models,2020,1,True
Oman,Large language models,2023,8,True
Switzerland,Large language models,2021,170,True
Switzerland,Large language models,2023,323,True
Sudan,Large language models,2023,2,True
Indonesia,Large language models,2022,87,True
Mongolia,Large language models,2023,3,True
Romania,Large language models,2017,2,True
Australia,Large language models,2024,708,True
EU,Large language models,2025,2241,False
Brunei,Large language models,2023,6,True
Brazil,Large language models,2016,1,True
Turkey,Large language models,2020,22,True
Global Partnership on Artificial Intelligence,Large language models,2019,2431,True
Ukraine,Large language models,2017,2,True
Morocco,Large language models,2018,3,True
Croatia,Large language models,2020,3,True
Thailand,Large language models,2016,2,True
United Arab Emirates,Large language models,2022,58,True
Libya,Large language models,2023,4,True
Nepal,Natural Language Processing,2024,16,True
Montenegro,Natural Language Processing,2020,6,True
Argentina,Natural Language Processing,2023,26,True
Romania,Natural Language Processing,2016,97,True
Kuwait,Natural Language Processing,2018,7,True
Iran,Natural Language Processing,2025,74,False
India,Natural Language Processing,2021,2688,True
India,Natural Language Processing,2023,3639,True
Zimbabwe,Natural Language Processing,2021,1,True
Quad,Natural Language Processing,2021,9120,True
South Africa,Natural Language Processing,2023,124,True
Ukraine,Natural Language Processing,2024,122,True
New Zealand,Natural Language Processing,2025,41,False
Europe,Natural Language Processing,2026,97,False
Jamaica,Natural Language Processing,2017,1,True
Fiji,Natural Language Processing,2023,2,True
China,Natural Language Processing,2019,3917,True
Australia,Natural Language Processing,2021,576,True
Sudan,Natural Language Processing,2023,12,True
Greece,Natural Language Processing,2017,82,True
Slovenia,Natural Language Processing,2025,38,False
Myanmar,Natural Language Processing,2023,14,True
Spain,Natural Language Processing,2017,450,True
Cambodia,Natural Language Processing,2022,4,True
Cambodia,Natural Language Processing,2024,8,True
Luxembourg,Natural Language Processing,2022,21,True
Botswana,Natural Language Processing,2017,1,True
Gambia,Natural Language Processing,2024,1,True
Bhutan,Robotics,2024,1,True
Latvia,Robotics,2024,20,True
Kosovo,Robotics,2018,9,True
Paraguay,Robotics,2016,9,True
Mongolia,Robotics,2024,1,True
Jamaica,Robotics,2024,1,True
Russia,Robotics,2016,478,True
United Kingdom,Robotics,2019,1725,True
Taiwan,Robotics,2023,574,True
Lebanon,Robotics,2018,52,True
Cameroon,Robotics,2023,4,True
Sri Lanka,Robotics,2024,51,True
Iran,Robotics,2017,421,True
Australia,Robotics,2017,532,True
Austria,Robotics,2020,251,True
Austria,Robotics,2025,153,False
Netherlands,Robotics,2024,595,True
Czechia,Robotics,2021,197,True
Nigeria,Robotics,2023,75,True
Azerbaijan,Robotics,2021,5,True
Uganda,AI Safety,2024,4,True
Germany,AI Safety,2020,398,True
Quad,AI Safety,2025,3090,False
Belgium,AI Safety,2023,60,True
North America and the Caribbean,AI Safety,2022,1990,True
Asia,AI Safety,2021,1661,True
China,AI Safety,2018,295,True
China,AI Safety,2022,939,True
China,AI Safety,2023,1579,True
Fiji,AI Safety,2025,1,False
Israel,AI Safety,2023,65,True
Romania,AI Safety,2023,11,True
Canada,AI Safety,2017,48,True
Egypt,AI Safety,2020,3,True
Morocco,AI Safety,2023,29,True
Cuba,AI Safety,2017,1,True
Brazil,AI Safety,2018,33,True
Portugal,AI Safety,2017,14,True
Portugal,AI Safety,2020,23,True
Sri Lanka,AI Safety,2025,17,False
Global Partnership on Artificial Intelligence,AI Safety,2025,5151,False
Taiwan,AI Safety,2017,8,True
Vietnam,AI Safety,2017,2,True
Saudi Arabia,AI Safety,2019,15,True
Oceania,AI Safety,2023,265,True
Cyprus,AI Safety,2016,1,True
Russia,AI Safety,2022,15,True
Mauritius,AI Safety,2021,1,True
OECD,AI Safety,2023,4883,True
Australia,AI Safety,2021,193,True
Jordan,All,2025,832,False
Paraguay,All,2016,21,True
Paraguay,All,2025,6,False
Quad,All,2026,1601,False
Uruguay,All,2016,31,True
Uruguay,All,2017,36,True
Mauritius,All,2017,9,True
Botswana,All,2018,6,True
Indonesia,All,2018,2626,True
New Zealand,All,2023,903,True
Kenya,All,2023,218,True
Fiji,All,2021,39,True
Panama,All,2022,39,True
Turkmenistan,All,2025,2,False
Ecuador,All,2024,452,True
Lithuania,All,2023,275,True
Lithuania,All,2025,164,False
Syria,All,2023,68,True
Cambodia,All,2017,4,True
Democratic Republic of the Congo,All,2021,15,True
Sudan,All,2025,57,False
Ukraine,All,2024,1239,True
Qatar,All,2022,555,True
Estonia,All,2018,118,True
Mali,All,2021,3,True
Turkey,All,2021,3568,True
Turkey,All,2025,3188,False
Gambia,All,2019,1,True
Gambia,All,2024,5,True
Bangladesh,All,2016,305,True
Mozambique,All,2020,5,True
Oceania,All,2016,3431,True
Iraq,All,2016,277,True
Ethiopia,All,2023,413,True
Slovakia,All,2023,468,True
Barbados,All,2024,8,True
Spain,All,2020,4541,True
Botswana,Computer Vision,2021,11,True
Togo,Computer Vision,2025,2,False
Belgium,Computer Vision,2017,252,True
Swaziland,Computer Vision,2022,1,True
Bangladesh,Computer Vision,2021,738,True
Yemen,Computer Vision,2025,33,False
Ireland,Computer Vision,2025,171,False
Latvia,Computer Vision,2020,24,True
Sudan,Computer Vision,2018,25,True
Myanmar,Computer Vision,2023,23,True
OECD,Computer Vision,2025,20592,False
United States,Computer Vision,2025,6768,False
Turkey,Computer Vision,2025,811,False
Hungary,Computer Vision,2021,163,True
Uzbekistan,Computer Vision,2016,2,True
Iceland,Computer Vision,2019,44,True
Switzerland,Computer Vision,2020,688,True
Oceania,Computer Vision,2021,2220,True
Oceania,Computer Vision,2023,2446,True
Cambodia,Computer Vision,2020,3,True
Brazil,Computer Vision,2025,487,False
Laos,Computer Vision,2016,2,True
Laos,Computer Vision,2022,1,True
Estonia,Computer Vision,2024,33,True
Dominican Republic,Computer Vision,2017,1,True
Germany,Computer Vision,2017,1448,True
New Zealand,Computer Vision,2017,167,True
Five Eyes,Large language models,2018,829,True
Vietnam,Large language models,2020,29,True
Mexico,Large language models,2024,47,True
Luxembourg,Large language models,2022,13,True
Saudi Arabia,Large language models,2020,23,True
Albania,Large language models,2023,1,True
Qatar,Large language models,2021,15,True
Ethiopia,Large language models,2022,8,True
Jordan,Large language models,2021,17,True
Kenya,Large language models,2023,9,True
New Zealand,Large language models,2022,37,True
Slovenia,Large language models,2019,4,True
United States,Large language models,2021,3140,True
Singapore,Large language models,2021,336,True
Barbados,Large language models,2024,1,True
Poland,Large language models,2024,79,True
North Macedonia,Natural Language Processing,2019,14,True
Kuwait,Natural Language Processing,2022,14,True
North Korea,Natural Language Processing,2023,1,True
South Korea,Natural Language Processing,2019,299,True
Portugal,Natural Language Processing,2025,75,False
Malta,Natural Language Processing,2023,19,True
Costa Rica,Natural Language Processing,2022,3,True
Austria,Natural Language Processing,2019,99,True
Pakistan,Natural Language Processing,2017,77,True
Pakistan,Natural Language Processing,2023,293,True
Tunisia,Natural Language Processing,2025,27,False
Mexico,Natural Language Processing,2023,89,True
United Kingdom,Natural Language Processing,2026,30,False
Belgium,Natural Language Processing,2021,174,True
Ghana,Natural Language Processing,2020,7,True
Yemen,Natural Language Processing,2021,28,True
Ethiopia,Natural Language Processing,2016,7,True
Germany,Natural Language Processing,2025,677,False
Serbia,Natural Language Processing,2020,42,True
Estonia,Natural Language Processing,2024,22,True
Spain,Natural Language Processing,2019,531,True
Cameroon,Natural Language Processing,2017,2,True
Denmark,Robotics,2017,222,True
Denmark,Robotics,2019,267,True
Guatemala,Robotics,2025,1,False
Oman,Robotics,2018,11,True
Yemen,Robotics,2016,2,True
Croatia,Robotics,2017,59,True
Poland,Robotics,2024,351,True
OECD,Robotics,2021,23203,True
Costa Rica,Robotics,2023,8,True
Russia,Robotics,2023,811,True
Greece,Robotics,2022,314,True
South and Central America,Robotics,2020,1000,True
Mexico,Robotics,2022,343,True
Jordan,Robotics,2023,54,True
Georgia,Robotics,2021,2,True
Lebanon,Robotics,2025,26,False
Bolivia,Robotics,2023,2,True
Honduras,Robotics,2023,24,True
Sri Lanka,Robotics,2016,25,True
Brazil,Robotics,2024,523,True
Bahamas,Robotics,2021,1,True
Sudan,Robotics,2021,16,True
Sudan,Robotics,2025,9,False
Mozambique,Robotics,2021,2,True
Madagascar,Robotics,2021,1,True
Zimbabwe,Robotics,2023,13,True
Portugal,Robotics,2026,2,False
Europe,Robotics,2020,11950,True
Singapore,Robotics,2018,442,True
Argentina,Robotics,2019,50,True
Ukraine,Robotics,2024,142,True
Lithuania,Robotics,2023,37,True
Israel,Robotics,2017,161,True
Azerbaijan,AI Safety,2025,1,False
Yemen,AI Safety,2021,1,True
North America and the Caribbean,AI Safety,2016,558,True
Switzerland,AI Safety,2021,95,True
EU,AI Safety,2023,1720,True
Africa,AI Safety,2020,28,True
Israel,AI Safety,2020,60,True
Romania,AI Safety,2019,14,True
Egypt,AI Safety,2016,2,True
India,AI Safety,2016,17,True
Tajikistan,AI Safety,2025,1,False
Sri Lanka,AI Safety,2023,16,True
Taiwan,AI Safety,2022,26,True
Spain,AI Safety,2022,85,True
Ecuador,AI Safety,2018,2,True
Ecuador,AI Safety,2023,5,True
Russia,AI Safety,2025,26,False
Brunei,AI Safety,2022,2,True
Brunei,AI Safety,2025,2,False
Grenada,All,2023,6,True
Canada,All,2018,4367,True
Kuwait,All,2021,127,True
Paraguay,All,2021,41,True
Yemen,All,2017,30,True
Botswana,All,2025,22,False
Indonesia,All,2024,6703,True
Turkmenistan,All,2024,3,True
Azerbaijan,All,2020,53,True
Albania,All,2019,19,True
United Arab Emirates,All,2026,9,False
Norway,All,2019,955,True
ASEAN,All,2016,5521,True
Asia,All,2020,120807,True
Bulgaria,All,2023,451,True
Saudi Arabia,All,2024,5259,True
Democratic Republic of the Congo,All,2024,34,True
Bolivia,All,2020,5,True
India,All,2019,16142,True
Trinidad and Tobago,All,2021,19,True
Niger,All,2025,5,False
Oman,All,2018,75,True
Brunei,All,2016,22,True
Sweden,All,2016,1060,True
Maldives,All,2018,1,True
Kazakhstan,All,2020,249,True
Slovakia,All,2017,221,True
Croatia,All,2019,276,True
Kyrgyzstan,All,2018,2,True
North America and the Caribbean,All,2018,34285,True
Barbados,All,2025,9,False
Mauritania,All,2022,4,True
Sierra Leone,All,2017,1,True
Zambia,Computer Vision,2023,7,True
Egypt,Computer Vision,2023,871,True
Lebanon,Computer Vision,2022,65,True
Lebanon,Computer Vision,2024,115,True
Kosovo,Computer Vision,2021,6,True
Italy,Computer Vision,2023,1851,True
Kazakhstan,Computer Vision,2019,26,True
South and Central America,Computer Vision,2023,1477,True
Latvia,Computer Vision,2024,32,True
Poland,Computer Vision,2018,509,True
Mongolia,Computer Vision,2024,15,True
Nepal,Computer Vision,2017,4,True
Australia,Computer Vision,2016,895,True
Quad,Computer Vision,2026,337,False
Peru,Computer Vision,2019,85,True
Europe,Computer Vision,2020,14472,True
Nigeria,Computer Vision,2018,46,True
El Salvador,Computer Vision,2024,7,True
Iran,Computer Vision,2018,500,True
Uzbekistan,Computer Vision,2023,59,True
Philippines,Computer Vision,2016,44,True
Africa,Computer Vision,2023,2599,True
Oceania,Computer Vision,2019,1686,True
Thailand,Computer Vision,2021,394,True
Malaysia,Computer Vision,2021,1095,True
North Macedonia,Computer Vision,2017,17,True
North Macedonia,Computer Vision,2023,12,True
Liechtenstein,Computer Vision,2024,1,True
Russia,Computer Vision,2021,1080,True
Lithuania,Computer Vision,2023,79,True
Lithuania,Computer Vision,2025,39,False
Brunei,Computer Vision,2016,7,True
Bahrain,Computer Vision,2016,6,True
Zimbabwe,Computer Vision,2016,1,True
Europe,Large language models,2022,2834,True
Indonesia,Large language models,2019,15,True
Bulgaria,Large language models,2020,3,True
Ireland,Large language models,2023,86,True
Italy,Large language models,2016,7,True
South Africa,Large language models,2022,24,True
EU,Large language models,2023,3053,True
Portugal,Large language models,2020,22,True
China,Large language models,2026,4,False
Czechia,Large language models,2024,43,True
Norway,Large language models,2025,55,False
United States,Large language models,2018,649,True
Armenia,Large language models,2021,2,True
Armenia,Large language models,2023,2,True
Tanzania,Large language models,2025,2,False
Belgium,Large language models,2025,74,False
Peru,Large language models,2022,3,True
Quad,Large language models,2019,1687,True
Estonia,Large language models,2021,3,True
Global Partnership on Artificial Intelligence,Natural Language Processing,2018,10564,True
Chile,Natural Language Processing,2026,1,False
South and Central America,Natural Language Processing,2019,442,True
Ecuador,Natural Language Processing,2016,8,True
Vietnam,Natural Language Processing,2019,139,True
Bangladesh,Natural Language Processing,2022,251,True
Kenya,Natural Language Processing,2020,7,True
Georgia,Natural Language Processing,2022,9,True
Egypt,Natural Language Processing,2016,72,True
Indonesia,Natural Language Processing,2022,734,True
Hungary,Natural Language Processing,2021,67,True
EU,Natural Language Processing,2022,4749,True
Denmark,Natural Language Processing,2016,80,True
Burundi,Natural Language Processing,2023,3,True
Turkey,Natural Language Processing,2017,133,True
Sweden,Natural Language Processing,2017,142,True
Israel,Natural Language Processing,2018,125,True
Estonia,Natural Language Processing,2020,34,True
Switzerland,Natural Language Processing,2023,447,True
Mauritius,Natural Language Processing,2021,3,True
ASEAN,Robotics,2026,31,False
Five Eyes,Robotics,2022,10145,True
Italy,Robotics,2021,1770,True
Poland,Robotics,2020,317,True
Nepal,Robotics,2016,4,True
Benin,Robotics,2023,2,True
OECD,Robotics,2025,14589,False
Afghanistan,Robotics,2023,2,True
Costa Rica,Robotics,2019,13,True
Russia,Robotics,2019,957,True
Mauritius,Robotics,2022,3,True
Iceland,Robotics,2021,8,True
Mexico,Robotics,2025,153,False
Ireland,Robotics,2016,53,True
Estonia,Robotics,2021,54,True
Philippines,Robotics,2023,53,True
Quad,Robotics,2016,9492,True
Quad,Robotics,2019,11485,True
Honduras,Robotics,2022,18,True
Switzerland,Robotics,2016,388,True
Switzerland,Robotics,2025,351,False
France,Robotics,2023,1167,True
South Africa,Robotics,2018,56,True
Saudi Arabia,Robotics,2018,105,True
Armenia,Robotics,2017,1,True
Armenia,Robotics,2021,5,True
Vatican City,Robotics,2021,3,True
Australia,Robotics,2022,700,True
Ecuador,Robotics,2016,39,True
Ecuador,Robotics,2020,82,True
Iraq,Robotics,2021,143,True
Egypt,Robotics,2020,187,True
Kenya,Robotics,2021,7,True
Malaysia,Robotics,2017,285,True
Azerbaijan,Robotics,2024,11,True
Peru,AI Safety,2025,1,False
Bosnia and Herzegovina,AI Safety,2024,2,True
Europe,AI Safety,2023,2307,True
Pakistan,AI Safety,2021,4,True
Indonesia,AI Safety,2017,2,True
Mexico,AI Safety,2021,8,True
Slovenia,AI Safety,2024,6,True
Fiji,AI Safety,2018,1,True
Romania,AI Safety,2017,2,True
Czechia,AI Safety,2021,7,True
Kazakhstan,AI Safety,2017,1,True
Cameroon,AI Safety,2020,1,True
Lithuania,AI Safety,2020,2,True
Bangladesh,AI Safety,2018,7,True
Serbia,AI Safety,2022,3,True
Chile,AI Safety,2018,3,True
Chile,AI Safety,2021,7,True
Bahrain,AI Safety,2023,2,True
Colombia,AI Safety,2018,4,True
Oceania,AI Safety,2020,196,True
Lebanon,AI Safety,2018,2,True
Qatar,AI Safety,2025,14,False
Jordan,AI Safety,2021,1,True
Five Eyes,All,2026,1958,False
Poland,All,2016,1811,True
Jordan,All,2019,374,True
Cameroon,All,2025,40,False
Guyana,All,2024,11,True
Togo,All,2021,3,True
China,All,2020,56769,True
Panama,All,2024,29,True
Côte d'Ivoire,All,2020,16,True
Malawi,All,2024,34,True
Georgia,All,2023,47,True
Namibia,All,2024,42,True
ASEAN,All,2025,8821,False
Cambodia,All,2022,30,True
Lebanon,All,2019,191,True
Zimbabwe,All,2022,26,True
Switzerland,All,2020,2561,True
Sudan,All,2017,62,True
Chile,All,2021,518,True
Cuba,All,2024,47,True
Hungary,All,2019,552,True
Serbia,All,2026,5,False
Malaysia,All,2018,2017,True
Sweden,All,2025,1581,False
Israel,All,2024,1407,True
Gambia,All,2022,2,True
Ghana,All,2018,53,True
Belarus,All,2019,99,True
Ethiopia,All,2024,463,True
Marshall Islands,All,2017,1,True
Croatia,All,2017,221,True
Lesotho,All,2022,1,True
Kyrgyzstan,All,2016,1,True
North America and the Caribbean,All,2024,56633,True
Argentina,All,2023,284,True
Burkina Faso,All,2023,20,True
Israel,Computer Vision,2022,334,True
Moldova,Computer Vision,2019,2,True
Slovakia,Computer Vision,2017,52,True
Democratic Republic of the Congo,Computer Vision,2023,3,True
Venezuela,Computer Vision,2020,8,True
Guyana,Computer Vision,2024,2,True
Bangladesh,Computer Vision,2016,123,True
Chile,Computer Vision,2020,79,True
Ghana,Computer Vision,2025,28,False
North America and the Caribbean,Computer Vision,2025,7862,False
Yemen,Computer Vision,2020,25,True
South Korea,Computer Vision,2017,1128,True
Tunisia,Computer Vision,2023,327,True
Costa Rica,Computer Vision,2020,20,True
Comoros,Computer Vision,2025,1,False
EU,Computer Vision,2016,6578,True
Peru,Computer Vision,2016,24,True
Sri Lanka,Computer Vision,2022,167,True
Tanzania,Computer Vision,2023,22,True
Morocco,Computer Vision,2017,212,True
Thailand,Computer Vision,2024,552,True
Malaysia,Computer Vision,2016,520,True
North Macedonia,Computer Vision,2018,10,True
Cyprus,Computer Vision,2024,81,True
Slovenia,Computer Vision,2021,68,True
Malta,Computer Vision,2023,20,True
Luxembourg,Computer Vision,2025,19,False
Côte d'Ivoire,Computer Vision,2018,2,True
Kenya,Computer Vision,2023,50,True
Romania,Computer Vision,2024,317,True
Oman,Computer Vision,2025,61,False
Brunei,Computer Vision,2024,13,True
Global Partnership on Artificial Intelligence,Computer Vision,2021,42942,True
Global Partnership on Artificial Intelligence,Computer Vision,2026,749,False
Austria,Large language models,2021,41,True
Netherlands,Large language models,2018,28,True
Africa,Large language models,2019,22,True
Taiwan,Large language models,2022,132,True
Switzerland,Large language models,2024,343,True
Denmark,Large language models,2020,28,True
Ireland,Large language models,2017,9,True
Ireland,Large language models,2018,12,True
Tunisia,Large language models,2025,23,False
Asia,Large language models,2018,1028,True
Cuba,Large language models,2017,1,True
Belarus,Large language models,2019,1,True
Brazil,Large language models,2017,5,True
Oceania,Large language models,2021,349,True
Turkey,Large language models,2022,81,True
Global Partnership on Artificial Intelligence,Large language models,2018,1242,True
Singapore,Large language models,2017,17,True
Greece,Large language models,2018,3,True
India,Large language models,2020,227,True
United States,Natural Language Processing,2016,2844,True
South Korea,Natural Language Processing,2020,387,True
Mongolia,Natural Language Processing,2023,9,True
Malta,Natural Language Processing,2020,14,True
Belize,Natural Language Processing,2020,1,True
India,Natural Language Processing,2020,2051,True
Zimbabwe,Natural Language Processing,2016,1,True
Netherlands,Natural Language Processing,2016,367,True
Albania,Natural Language Processing,2019,1,True
Hungary,Natural Language Processing,2020,72,True
Ghana,Natural Language Processing,2025,6,False
Malaysia,Natural Language Processing,2026,1,False
Uganda,Natural Language Processing,2017,3,True
Venezuela,Natural Language Processing,2022,1,True
Peru,Natural Language Processing,2016,5,True
Five Eyes,Natural Language Processing,2019,5813,True
Bulgaria,Natural Language Processing,2020,31,True
Syria,Natural Language Processing,2019,5,True
Sweden,Natural Language Processing,2022,204,True
Taiwan,Natural Language Processing,2018,156,True
Israel,Natural Language Processing,2023,246,True
Serbia,Natural Language Processing,2023,44,True
Uzbekistan,Natural Language Processing,2024,108,True
Grenada,Natural Language Processing,2024,1,True
Trinidad and Tobago,Natural Language Processing,2025,2,False
Armenia,Natural Language Processing,2025,2,False
Finland,Natural Language Processing,2023,171,True
Morocco,Natural Language Processing,2025,61,False
Algeria,Natural Language Processing,2023,77,True
Africa,Robotics,2023,815,True
ASEAN,Robotics,2017,1138,True
Qatar,Robotics,2025,25,False
Croatia,Robotics,2023,94,True
Ghana,Robotics,2017,2,True
Bosnia and Herzegovina,Robotics,2022,16,True
Mongolia,Robotics,2016,3,True
Jamaica,Robotics,2023,1,True
Afghanistan,Robotics,2025,2,False
Iceland,Robotics,2019,6,True
Greece,Robotics,2018,222,True
Oceania,Robotics,2022,832,True
Uruguay,Robotics,2021,10,True
Cameroon,Robotics,2020,13,True
Gabon,Robotics,2021,1,True
Myanmar,Robotics,2017,7,True
Switzerland,Robotics,2026,8,False
Hungary,Robotics,2017,83,True
Brazil,Robotics,2019,661,True
Kyrgyzstan,Robotics,2025,3,False
Slovakia,Robotics,2023,93,True
EU,Robotics,2021,8785,True
Armenia,Robotics,2025,5,False
Austria,Robotics,2022,323,True
Iraq,Robotics,2025,58,False
China,Robotics,2020,8202,True
Barbados,Robotics,2022,3,True
Barbados,Robotics,2023,2,True
North Macedonia,Robotics,2017,12,True
Israel,Robotics,2021,180,True
Canada,Robotics,2025,717,False
Norway,Robotics,2024,227,True
Pakistan,AI Safety,2018,7,True
North America and the Caribbean,AI Safety,2017,652,True
New Zealand,AI Safety,2025,23,False
Africa,AI Safety,2016,14,True
Asia,AI Safety,2018,591,True
Nigeria,AI Safety,2019,2,True
Philippines,AI Safety,2024,25,True
Ukraine,AI Safety,2024,20,True
Argentina,AI Safety,2022,2,True
Venezuela,AI Safety,2024,1,True
Chile,AI Safety,2024,21,True
Finland,AI Safety,2025,42,False
Senegal,AI Safety,2020,1,True
Vietnam,AI Safety,2021,13,True
Lebanon,AI Safety,2016,1,True
Brunei,AI Safety,2024,8,True
Qatar,AI Safety,2017,2,True
Liechtenstein,AI Safety,2020,3,True
Poland,All,2019,1876,True
Jordan,All,2017,201,True
Cameroon,All,2021,59,True
Republic of the Congo,All,2016,1,True
Botswana,All,2024,74,True
South Korea,All,2018,4272,True
Namibia,All,2025,16,False
Asia,All,2021,152875,True
Bulgaria,All,2018,216,True
Zimbabwe,All,2024,49,True
Saudi Arabia,All,2017,757,True
Netherlands,All,2021,3804,True
Uganda,All,2023,98,True
Malta,All,2016,60,True
Haiti,All,2020,1,True
Russia,All,2020,4177,True
Dominican Republic,All,2023,6,True
South Africa,All,2024,1087,True
Cuba,All,2021,103,True
Hungary,All,2025,506,False
Hungary,All,2026,3,False
Tanzania,All,2024,79,True
Trinidad and Tobago,All,2018,5,True
Turkey,All,2022,3942,True
Israel,All,2023,1622,True
Bangladesh,All,2019,1098,True
Oceania,All,2017,3613,True
Benin,All,2025,7,False
Rwanda,All,2016,4,True
Angola,All,2016,2,True
Angola,All,2020,3,True
El Salvador,All,2022,19,True
Vatican City,All,2018,1,True
Guatemala,All,2024,20,True
Japan,All,2019,9226,True
Nigeria,All,2017,223,True
Algeria,All,2018,712,True
France,All,2017,5186,True
France,All,2019,6507,True
Spain,All,2017,3381,True
Afghanistan,All,2024,71,True
France,Computer Vision,2025,896,False
Finland,Computer Vision,2026,3,False
Zambia,Computer Vision,2020,5,True
Kuwait,Computer Vision,2019,22,True
Botswana,Computer Vision,2017,3,True
Honduras,Computer Vision,2021,3,True
Saudi Arabia,Computer Vision,2018,282,True
Belgium,Computer Vision,2020,349,True
Lebanon,Computer Vision,2021,58,True
Guatemala,Computer Vision,2020,1,True
North America and the Caribbean,Computer Vision,2023,13811,True
Uganda,Computer Vision,2024,29,True
Kazakhstan,Computer Vision,2023,113,True
South and Central America,Computer Vision,2018,1152,True
Bosnia and Herzegovina,Computer Vision,2020,23,True
United Kingdom,Computer Vision,2024,3586,True
Costa Rica,Computer Vision,2023,15,True
Senegal,Computer Vision,2024,21,True
Iran,Computer Vision,2022,777,True
Denmark,Computer Vision,2019,177,True
Guinea,Computer Vision,2023,2,True
Africa,Computer Vision,2017,1145,True
Montenegro,Computer Vision,2019,3,True
India,Computer Vision,2026,14,False
Pakistan,Computer Vision,2023,1140,True
Spain,Computer Vision,2026,15,False
United Arab Emirates,Computer Vision,2016,72,True
United Arab Emirates,Computer Vision,2018,158,True
United Arab Emirates,Computer Vision,2020,355,True
NATO,Computer Vision,2024,26027,True
Lithuania,Computer Vision,2024,69,True
Luxembourg,Computer Vision,2023,52,True
San Marino,Computer Vision,2018,1,True
Albania,Computer Vision,2024,8,True
New Zealand,Computer Vision,2025,145,False
France,Large language models,2025,270,False
Netherlands,Large language models,2017,17,True
Netherlands,Large language models,2021,170,True
Mexico,Large language models,2017,3,True
Jamaica,Large language models,2022,1,True
Zambia,Large language models,2025,1,False
Albania,Large language models,2024,1,True
Burkina Faso,Large language models,2025,3,False
Bulgaria,Large language models,2019,3,True
Tunisia,Large language models,2019,3,True
EU,Large language models,2018,269,True
Israel,Large language models,2023,169,True
Serbia,Large language models,2025,14,False
Ecuador,Large language models,2020,1,True
United Kingdom,Large language models,2022,855,True
Turkey,Large language models,2018,5,True
Georgia,Large language models,2024,1,True
Bangladesh,Large language models,2019,9,True
India,Large language models,2016,12,True
Senegal,Large language models,2024,3,True
Peru,Large language models,2017,1,True
Nepal,Natural Language Processing,2025,7,False
Argentina,Natural Language Processing,2021,39,True
Rwanda,Natural Language Processing,2024,6,True
Chile,Natural Language Processing,2024,48,True
Norway,Natural Language Processing,2021,164,True
Albania,Natural Language Processing,2020,3,True
Egypt,Natural Language Processing,2017,85,True
Ukraine,Natural Language Processing,2016,41,True
Bahamas,Natural Language Processing,2022,1,True
Yemen,Natural Language Processing,2023,22,True
Peru,Natural Language Processing,2025,7,False
Europe,Natural Language Processing,2025,3752,False
Papua New Guinea,Natural Language Processing,2021,3,True
Australia,Natural Language Processing,2022,511,True
Maldives,Natural Language Processing,2023,1,True
Tanzania,Natural Language Processing,2016,1,True
Sweden,Natural Language Processing,2021,202,True
Germany,Natural Language Processing,2026,17,False
Italy,Natural Language Processing,2025,397,False
Cambodia,Natural Language Processing,2016,1,True
Africa,Natural Language Processing,2021,657,True
Czechia,Natural Language Processing,2024,78,True
Algeria,Natural Language Processing,2018,61,True
Denmark,Robotics,2021,341,True
Papua New Guinea,Robotics,2019,1,True
Five Eyes,Robotics,2017,8106,True
Latvia,Robotics,2022,17,True
United States,Robotics,2024,7162,True
Global Partnership on Artificial Intelligence,Robotics,2024,24990,True
Belarus,Robotics,2023,14,True
Belarus,Robotics,2024,20,True
Oceania,Robotics,2025,635,False
Vietnam,Robotics,2017,101,True
Estonia,Robotics,2023,46,True
Myanmar,Robotics,2016,1,True
Finland,Robotics,2025,104,False
Uganda,Robotics,2018,1,True
Brazil,Robotics,2022,547,True
Asia,Robotics,2018,15418,True
Iran,Robotics,2018,391,True
Chile,Robotics,2025,48,False
Belgium,Robotics,2020,298,True
Kuwait,Robotics,2019,10,True
Albania,Robotics,2022,1,True
Albania,Robotics,2025,3,False
Netherlands,Robotics,2022,632,True
Argentina,Robotics,2018,60,True
Cuba,Robotics,2025,1,False
Canada,Robotics,2021,1171,True
Norway,Robotics,2017,127,True
Montenegro,Robotics,2019,1,True
Yemen,AI Safety,2025,3,False
Europe,AI Safety,2017,493,True
Germany,AI Safety,2019,242,True
Italy,AI Safety,2020,128,True
Asia,AI Safety,2017,325,True
Czechia,AI Safety,2019,10,True
Czechia,AI Safety,2024,17,True
Turkey,AI Safety,2016,9,True
South Korea,AI Safety,2025,253,False
Canada,AI Safety,2026,8,False
Morocco,AI Safety,2018,2,True
Philippines,AI Safety,2025,12,False
United Arab Emirates,AI Safety,2022,32,True
United Arab Emirates,AI Safety,2024,101,True
Lesotho,AI Safety,2024,1,True
Serbia,AI Safety,2019,1,True
Luxembourg,AI Safety,2022,15,True
Norway,AI Safety,2016,8,True
Democratic Republic of the Congo,AI Safety,2023,1,True
Japan,AI Safety,2018,78,True
Spain,AI Safety,2018,46,True
Saudi Arabia,AI Safety,2023,42,True
Oceania,AI Safety,2024,313,True
Netherlands,AI Safety,2018,61,True
Cyprus,AI Safety,2019,1,True
Thailand,AI Safety,2025,15,False
Oman,AI Safety,2024,21,True
Australia,AI Safety,2019,106,True
Swaziland,All,2024,8,True
Swaziland,All,2025,2,False
United Kingdom,All,2022,13570,True
Pakistan,All,2016,650,True
Togo,All,2020,3,True
China,All,2018,36754,True
New Zealand,All,2021,759,True
Uzbekistan,All,2022,174,True
Cambodia,All,2025,24,False
Lebanon,All,2024,407,True
Dominica,All,2023,2,True
Finland,All,2019,1019,True
Uganda,All,2021,46,True
Armenia,All,2022,50,True
Cuba,All,2022,42,True
Burundi,All,2025,1,False
Estonia,All,2024,248,True
Australia,All,2017,3086,True
Israel,All,2020,1295,True
Luxembourg,All,2019,160,True
Honduras,All,2017,2,True
Liberia,All,2019,1,True
Croatia,All,2016,234,True
Latvia,All,2024,116,True
Rwanda,All,2018,4,True
Rwanda,All,2019,15,True
Japan,All,2022,9888,True
Nigeria,All,2021,764,True
Algeria,All,2022,973,True
Philippines,All,2017,187,True
Germany,All,2020,10050,True
Mauritania,All,2016,2,True
Mauritania,All,2020,2,True
Afghanistan,All,2017,1,True
Afghanistan,All,2018,2,True
Botswana,Computer Vision,2019,3,True
Honduras,Computer Vision,2022,8,True
Saudi Arabia,Computer Vision,2024,1463,True
Saudi Arabia,Computer Vision,2025,956,False
Lebanon,Computer Vision,2016,29,True
North America and the Caribbean,Computer Vision,2021,13328,True
Italy,Computer Vision,2019,1107,True
Yemen,Computer Vision,2021,51,True
Ireland,Computer Vision,2021,189,True
Latvia,Computer Vision,2021,14,True
Latvia,Computer Vision,2023,27,True
Poland,Computer Vision,2017,440,True
Tunisia,Computer Vision,2020,305,True
Sweden,Computer Vision,2026,12,False
Myanmar,Computer Vision,2025,9,False
OECD,Computer Vision,2026,715,False
Peru,Computer Vision,2017,48,True
Vietnam,Computer Vision,2016,179,True
Algeria,Computer Vision,2023,256,True
Nigeria,Computer Vision,2023,203,True
Japan,Computer Vision,2023,2965,True
Ukraine,Computer Vision,2025,79,False
Uzbekistan,Computer Vision,2020,19,True
Philippines,Computer Vision,2017,71,True
Switzerland,Computer Vision,2018,473,True
Benin,Computer Vision,2024,11,True
Montenegro,Computer Vision,2025,11,False
Malaysia,Computer Vision,2025,614,False
NATO,Computer Vision,2026,540,False
Sierra Leone,Computer Vision,2023,3,True
Indonesia,Computer Vision,2016,436,True
Armenia,Computer Vision,2018,4,True
Kenya,Computer Vision,2021,18,True
Kenya,Computer Vision,2022,47,True
Mauritius,Computer Vision,2017,4,True
Zimbabwe,Computer Vision,2021,1,True
Iraq,Large language models,2025,37,False
Sweden,Large language models,2025,116,False
Kosovo,Large language models,2025,1,False
Spain,Large language models,2018,15,True
Romania,Large language models,2016,3,True
ASEAN,Large language models,2022,701,True
Italy,Large language models,2017,13,True
Malta,Large language models,2021,2,True
Myanmar,Large language models,2024,11,True
South Africa,Large language models,2021,16,True
North America and the Caribbean,Large language models,2016,224,True
Egypt,Large language models,2024,86,True
Lebanon,Large language models,2017,1,True
China,Large language models,2020,2613,True
Global Partnership on Artificial Intelligence,Large language models,2024,12635,True
Global Partnership on Artificial Intelligence,Large language models,2026,2,False
Cameroon,Large language models,2025,1,False
Croatia,Large language models,2023,13,True
Latvia,Large language models,2022,6,True
Lithuania,Large language models,2023,10,True
Thailand,Large language models,2021,22,True
Romania,Natural Language Processing,2018,82,True
Oman,Natural Language Processing,2022,12,True
Global Partnership on Artificial Intelligence,Natural Language Processing,2019,11565,True
Bangladesh,Natural Language Processing,2023,326,True
Kazakhstan,Natural Language Processing,2024,85,True
Croatia,Natural Language Processing,2017,49,True
Quad,Natural Language Processing,2025,5670,False
Singapore,Natural Language Processing,2021,318,True
Ukraine,Natural Language Processing,2021,91,True
Malaysia,Natural Language Processing,2016,107,True
China,Natural Language Processing,2024,6883,True
Sweden,Natural Language Processing,2025,117,False
Jordan,Natural Language Processing,2022,88,True
Panama,Natural Language Processing,2021,1,True
Taiwan,Natural Language Processing,2016,162,True
Afghanistan,Natural Language Processing,2019,5,True
Estonia,Natural Language Processing,2021,29,True
Benin,Natural Language Processing,2020,1,True
Czechia,Natural Language Processing,2018,110,True
Democratic Republic of the Congo,Natural Language Processing,2025,3,False
Slovakia,Natural Language Processing,2025,15,False
Indonesia,Robotics,2018,355,True
Global Partnership on Artificial Intelligence,Robotics,2018,20517,True
Iceland,Robotics,2018,3,True
South and Central America,Robotics,2018,920,True
South and Central America,Robotics,2024,926,True
Sweden,Robotics,2017,313,True
Senegal,Robotics,2018,1,True
Germany,Robotics,2022,2485,True
Lebanon,Robotics,2023,44,True
Hungary,Robotics,2023,143,True
North America and the Caribbean,Robotics,2017,6471,True
Panama,Robotics,2019,5,True
Panama,Robotics,2024,9,True
Kuwait,Robotics,2022,17,True
Ecuador,Robotics,2017,82,True
Europe,Robotics,2016,8794,True
Netherlands,Robotics,2019,484,True
China,Robotics,2022,13063,True
Canada,Robotics,2018,866,True
Syria,Robotics,2019,9,True
Azerbaijan,AI Safety,2022,1,True
Europe,AI Safety,2021,1637,True
United Kingdom,AI Safety,2024,545,True
South Africa,AI Safety,2018,6,True
Mexico,AI Safety,2024,35,True
China,AI Safety,2017,167,True
Algeria,AI Safety,2025,12,False
Ireland,AI Safety,2023,66,True
Egypt,AI Safety,2021,7,True
NATO,AI Safety,2016,873,True
Denmark,AI Safety,2019,24,True
Oceania,AI Safety,2022,202,True
ASEAN,AI Safety,2023,304,True
Iran,AI Safety,2017,4,True
Barbados,AI Safety,2018,1,True
Thailand,AI Safety,2016,3,True
OECD,AI Safety,2025,4681,False
Denmark,All,2020,1210,True
Egypt,All,2020,1495,True
United Kingdom,All,2020,11612,True
Tonga,All,2020,1,True
Ireland,All,2024,1375,True
Botswana,All,2023,51,True
Turkmenistan,All,2018,1,True
Norway,All,2017,651,True
Bhutan,All,2020,5,True
Brazil,All,2024,3162,True
Zimbabwe,All,2018,11,True
Zimbabwe,All,2023,55,True
Zimbabwe,All,2025,27,False
Italy,All,2016,3878,True
San Marino,All,2021,1,True
OECD,All,2018,85457,True
Switzerland,All,2025,2124,False
Slovenia,All,2019,281,True
Vietnam,All,2025,751,False
South Africa,All,2026,7,False
Kosovo,All,2017,27,True
Seychelles,All,2018,1,True
Mali,All,2025,2,False
Malaysia,All,2019,2235,True
Ghana,All,2016,17,True
Romania,All,2018,900,True
Laos,All,2019,4,True
Laos,All,2020,3,True
Rwanda,All,2025,71,False
Lesotho,All,2023,2,True
North America and the Caribbean,All,2026,1354,False
Algeria,All,2017,514,True
Germany,All,2016,5930,True
Portugal,All,2025,1186,False
Tunisia,All,2017,687,True
Argentina,All,2018,279,True
Senegal,All,2016,9,True
Finland,Computer Vision,2018,185,True
Zambia,Computer Vision,2022,5,True
Togo,Computer Vision,2022,1,True
Egypt,Computer Vision,2024,752,True
Tajikistan,Computer Vision,2024,1,True
Chile,Computer Vision,2022,81,True
Trinidad and Tobago,Computer Vision,2016,5,True
Bosnia and Herzegovina,Computer Vision,2021,17,True
Bosnia and Herzegovina,Computer Vision,2023,27,True
Afghanistan,Computer Vision,2021,3,True
Costa Rica,Computer Vision,2025,5,False
Nepal,Computer Vision,2024,52,True
Georgia,Computer Vision,2022,1,True
Nigeria,Computer Vision,2017,52,True
Ukraine,Computer Vision,2020,304,True
Ukraine,Computer Vision,2024,288,True
El Salvador,Computer Vision,2022,4,True
El Salvador,Computer Vision,2023,4,True
Portugal,Computer Vision,2021,400,True
Panama,Computer Vision,2019,7,True
Montenegro,Computer Vision,2017,3,True
Estonia,Computer Vision,2016,15,True
Spain,Computer Vision,2017,859,True
Norway,Computer Vision,2025,194,False
New Zealand,Computer Vision,2024,236,True
Austria,Large language models,2025,72,False
Montenegro,Large language models,2025,2,False
Oman,Large language models,2021,1,True
Taiwan,Large language models,2021,147,True
North Macedonia,Large language models,2024,4,True
North Macedonia,Large language models,2025,4,False
Sudan,Large language models,2025,2,False
Zambia,Large language models,2023,2,True
NATO,Large language models,2023,9273,True
Bosnia and Herzegovina,Large language models,2021,1,True
Chile,Large language models,2019,4,True
Chile,Large language models,2023,22,True
Iceland,Large language models,2024,4,True
China,Large language models,2021,4463,True
China,Large language models,2022,6225,True
Russia,Large language models,2020,60,True
Singapore,Large language models,2024,770,True
India,Large language models,2017,28,True
Croatia,Large language models,2025,21,False
Latvia,Large language models,2017,2,True
Uruguay,Natural Language Processing,2025,4,False
Canada,Natural Language Processing,2021,797,True
Cape Verde,Natural Language Processing,2024,1,True
Moldova,Natural Language Processing,2020,1,True
North Korea,Natural Language Processing,2017,1,True
South Korea,Natural Language Processing,2017,179,True
Qatar,Natural Language Processing,2016,71,True
Chile,Natural Language Processing,2018,32,True
Iraq,Natural Language Processing,2022,136,True
South and Central America,Natural Language Processing,2023,490,True
Ireland,Natural Language Processing,2026,2,False
Iceland,Natural Language Processing,2019,4,True
United Kingdom,Natural Language Processing,2024,1319,True
Quad,Natural Language Processing,2016,4579,True
Bulgaria,Natural Language Processing,2023,32,True
Burundi,Natural Language Processing,2019,1,True
China,Natural Language Processing,2017,1952,True
China,Natural Language Processing,2020,4794,True
Libya,Natural Language Processing,2019,6,True
Tanzania,Natural Language Processing,2020,3,True
Panama,Natural Language Processing,2025,1,False
Israel,Natural Language Processing,2019,167,True
Switzerland,Natural Language Processing,2024,325,True
Czechia,Natural Language Processing,2023,173,True
Côte d'Ivoire,Natural Language Processing,2021,2,True
Cameroon,Natural Language Processing,2024,10,True
North America and the Caribbean,Natural Language Processing,2026,115,False
Trinidad and Tobago,Robotics,2020,2,True
Ghana,Robotics,2018,8,True
Peru,Robotics,2025,41,False
Iceland,Robotics,2017,4,True
Iceland,Robotics,2020,7,True
Moldova,Robotics,2019,3,True
Grenada,Robotics,2025,3,False
United Kingdom,Robotics,2016,1263,True
Morocco,Robotics,2024,78,True
Bolivia,Robotics,2019,1,True
Ireland,Robotics,2020,104,True
Myanmar,Robotics,2021,3,True
Finland,Robotics,2023,222,True
Laos,Robotics,2019,1,True
Brunei,Robotics,2024,8,True
Luxembourg,Robotics,2024,43,True
Sudan,Robotics,2023,12,True
Asia,Robotics,2016,11921,True
Belgium,Robotics,2023,341,True
Liechtenstein,Robotics,2020,1,True
Saudi Arabia,Robotics,2017,77,True
Saudi Arabia,Robotics,2022,227,True
Zimbabwe,Robotics,2018,5,True
Cyprus,Robotics,2023,55,True
Australia,Robotics,2016,601,True
Netherlands,Robotics,2026,12,False
Egypt,Robotics,2025,123,False
Czechia,Robotics,2019,156,True
Norway,Robotics,2016,114,True
