country,field,year,num_citations
EU,AI Safety,2018,36019
Venezuela,AI Safety,2024,8
Jordan,AI Safety,2022,171
Asia,AI Safety,2021,76232
Poland,AI Safety,2020,279
Portugal,AI Safety,2023,868
Norway,AI Safety,2018,248
Turkey,AI Safety,2017,247
Singapore,AI Safety,2021,10547
Pakistan,AI Safety,2020,739
ASEAN,AI Safety,2025,2012
Kosovo,AI Safety,2021,25
Cyprus,AI Safety,2022,102
Slovakia,AI Safety,2016,24
Hungary,AI Safety,2021,74
Hungary,AI Safety,2022,43
Hungary,AI Safety,2024,184
South Korea,AI Safety,2026,11
Estonia,AI Safety,2021,147
Lithuania,AI Safety,2021,5
Liechtenstein,AI Safety,2023,603
Vietnam,AI Safety,2018,16
Slovenia,AI Safety,2021,209
Azerbaijan,AI Safety,2017,14
Cuba,All,2025,17
Asia,All,2024,1584146
Venezuela,All,2018,850
EU,All,2016,934461
EU,All,2025,117227
Niger,All,2023,29
Rwanda,All,2019,475
Guatemala,All,2024,135
Kiribati,All,2024,17
United States,All,2019,2220861
Haiti,All,2016,1
Kazakhstan,All,2020,4130
Syria,All,2024,786
Mauritius,All,2022,469
ASEAN,All,2019,334446
Iceland,All,2019,7094
South Korea,All,2016,78247
South Korea,All,2023,172408
Burkina Faso,All,2022,84
Eritrea,All,2023,44
Colombia,All,2020,11855
Cameroon,All,2020,2881
Cameroon,All,2022,561
Malawi,All,2025,82
Jamaica,All,2023,16
Liechtenstein,All,2025,13
Lithuania,All,2019,3493
Germany,All,2022,284101
Norway,All,2019,38653
Uganda,All,2016,195
Barbados,All,2023,132
OECD,All,2025,339696
Australia,All,2023,203770
Israel,All,2022,41186
Africa,Computer Vision,2018,27691
NATO,Computer Vision,2020,1289956
Greece,Computer Vision,2023,6199
Denmark,Computer Vision,2025,761
Fiji,Computer Vision,2016,15
Sierra Leone,Computer Vision,2017,1
Slovakia,Computer Vision,2021,2446
Sri Lanka,Computer Vision,2024,817
North Macedonia,Computer Vision,2020,322
Libya,Computer Vision,2018,96
Dominican Republic,Computer Vision,2017,16
India,Computer Vision,2017,82592
India,Computer Vision,2024,80993
Zambia,Computer Vision,2022,155
Latvia,Computer Vision,2016,64
Turkey,Computer Vision,2019,23010
Turkey,Computer Vision,2021,22536
Burkina Faso,Computer Vision,2024,46
Burkina Faso,Computer Vision,2025,8
Maldives,Computer Vision,2020,21
Maldives,Computer Vision,2023,2
Luxembourg,Computer Vision,2018,663
Kuwait,Computer Vision,2018,512
Yemen,Computer Vision,2024,520
Pakistan,Computer Vision,2020,30424
Pakistan,Computer Vision,2023,24807
Kyrgyzstan,Computer Vision,2024,18
Russia,Computer Vision,2023,5103
Honduras,Computer Vision,2021,52
Indonesia,Computer Vision,2025,875
Somalia,Computer Vision,2019,68
Kazakhstan,Computer Vision,2016,196
Netherlands,Computer Vision,2025,2169
Jordan,Computer Vision,2022,3694
Samoa,Computer Vision,2024,17
Trinidad and Tobago,Computer Vision,2021,90
South Korea,Computer Vision,2024,31209
Algeria,Large language models,2022,79
Oceania,Large language models,2016,674
Nigeria,Large language models,2019,17
Austria,Large language models,2019,923
Mauritius,Large language models,2018,7
Norway,Large language models,2025,301
Ecuador,Large language models,2025,69
Bahrain,Large language models,2024,35
France,Large language models,2022,11500
France,Large language models,2024,7030
United States,Large language models,2024,121650
EU,Large language models,2024,52606
Denmark,Large language models,2021,2623
Philippines,Large language models,2019,63
Ireland,Large language models,2017,851
India,Large language models,2022,15184
Sierra Leone,Natural Language Processing,2025,2
Uruguay,Natural Language Processing,2022,97
Uruguay,Natural Language Processing,2025,2
Luxembourg,Natural Language Processing,2016,194
Bahrain,Natural Language Processing,2021,196
Germany,Natural Language Processing,2023,37122
Egypt,Natural Language Processing,2016,1604
Japan,Natural Language Processing,2026,3
Costa Rica,Natural Language Processing,2022,7
Thailand,Natural Language Processing,2019,843
Sudan,Natural Language Processing,2018,97
Denmark,Natural Language Processing,2022,5684
Denmark,Natural Language Processing,2026,9
NATO,Natural Language Processing,2018,467372
Netherlands,Natural Language Processing,2021,14503
India,Natural Language Processing,2020,39559
Greece,Natural Language Processing,2022,2058
Qatar,Natural Language Processing,2018,2295
Ethiopia,Natural Language Processing,2017,57
Canada,Natural Language Processing,2022,20702
Oman,Natural Language Processing,2024,454
Lebanon,Natural Language Processing,2017,891
Estonia,Natural Language Processing,2016,383
Quad,Natural Language Processing,2016,201977
Oceania,Natural Language Processing,2021,16855
Albania,Natural Language Processing,2022,18
Malaysia,Natural Language Processing,2025,444
Iceland,Natural Language Processing,2025,11
Uruguay,Robotics,2019,88
Kosovo,Robotics,2021,26
Kosovo,Robotics,2023,9
Slovakia,Robotics,2019,821
Burkina Faso,Robotics,2021,2
Cameroon,Robotics,2021,55
Sri Lanka,Robotics,2017,447
Luxembourg,Robotics,2021,360
Slovenia,Robotics,2017,1456
Slovenia,Robotics,2024,307
Trinidad and Tobago,Robotics,2022,1
Mauritius,Robotics,2020,69
Guatemala,Robotics,2017,89
Pakistan,Robotics,2018,2587
Netherlands,Robotics,2024,4882
Bhutan,Robotics,2019,4
Costa Rica,Robotics,2018,197
China,Robotics,2016,80010
China,Robotics,2021,199511
China,Robotics,2024,106311
Nigeria,Robotics,2024,237
Lithuania,Robotics,2023,301
Saudi Arabia,Robotics,2021,3893
El Salvador,Robotics,2017,26
Bahrain,Robotics,2018,74
Philippines,Robotics,2024,343
Oman,Robotics,2018,99
Greece,Robotics,2023,3472
Georgia,Robotics,2021,11
Asia,Robotics,2024,152013
Chile,Robotics,2021,1427
Paraguay,Robotics,2018,52
Poland,AI Safety,2025,142
Global Partnership on Artificial Intelligence,AI Safety,2020,228127
Ireland,AI Safety,2017,550
Croatia,AI Safety,2024,54
Oman,AI Safety,2024,109
OECD,AI Safety,2017,260569
Singapore,AI Safety,2022,3634
Czechia,AI Safety,2018,896
Denmark,AI Safety,2023,1827
Senegal,AI Safety,2020,3
Argentina,AI Safety,2025,2
Yemen,AI Safety,2018,270
Tajikistan,AI Safety,2025,4
South Africa,AI Safety,2019,176
United Arab Emirates,AI Safety,2019,1807
Syria,AI Safety,2025,11
Slovakia,AI Safety,2023,25
Chile,AI Safety,2022,106
Oceania,AI Safety,2019,11106
Sweden,AI Safety,2017,1025
Armenia,AI Safety,2018,1
Spain,AI Safety,2022,2038
Brunei,AI Safety,2024,35
Austria,AI Safety,2016,125
Vietnam,AI Safety,2016,14
United Kingdom,AI Safety,2022,13592
Taiwan,AI Safety,2018,1709
Czechia,All,2024,7388
Canada,All,2024,95307
Republic of the Congo,All,2024,70
Zambia,All,2020,233
Niger,All,2019,25
Mauritania,All,2024,18
Pakistan,All,2020,78249
Algeria,All,2025,1501
United Arab Emirates,All,2026,8
Haiti,All,2022,2
Dominica,All,2025,19
United Kingdom,All,2022,406499
Oceania,All,2019,364942
El Salvador,All,2025,6
Kyrgyzstan,All,2018,5
Kyrgyzstan,All,2019,310
Eritrea,All,2024,54
Argentina,All,2018,7043
Singapore,All,2023,158290
Armenia,All,2018,820
Poland,All,2024,19990
Poland,All,2026,19
Chad,All,2024,45
Hungary,All,2017,8027
OECD,All,2026,2712
Greece,All,2024,20561
Vietnam,All,2016,8869
Peru,All,2025,670
Bahamas,All,2019,51
Bahamas,All,2021,20
Bangladesh,All,2021,53589
Mexico,Computer Vision,2018,3862
Denmark,Computer Vision,2019,7655
Cambodia,Computer Vision,2016,96
Tunisia,Computer Vision,2016,3509
Syria,Computer Vision,2023,65
Canada,Computer Vision,2017,83002
Slovakia,Computer Vision,2018,578
Mongolia,Computer Vision,2018,35
Lithuania,Computer Vision,2018,733
Libya,Computer Vision,2022,344
Algeria,Computer Vision,2016,1983
Zambia,Computer Vision,2017,38
Paraguay,Computer Vision,2018,26
El Salvador,Computer Vision,2020,35
Belgium,Computer Vision,2022,14183
Timor-Leste,Computer Vision,2021,16
Uganda,Computer Vision,2021,427
France,Computer Vision,2020,68914
Yemen,Computer Vision,2025,158
Estonia,Computer Vision,2018,1884
Peru,Computer Vision,2019,1058
Brunei,Computer Vision,2025,111
Somalia,Computer Vision,2021,48
Bosnia and Herzegovina,Computer Vision,2019,408
Bangladesh,Computer Vision,2024,11010
Global Partnership on Artificial Intelligence,Computer Vision,2018,1503568
Global Partnership on Artificial Intelligence,Computer Vision,2022,1005313
Georgia,Computer Vision,2021,11
China,Computer Vision,2019,1006398
Kazakhstan,Computer Vision,2019,573
Colombia,Computer Vision,2025,342
Uzbekistan,Computer Vision,2018,212
South and Central America,Large language models,2018,1385
Serbia,Large language models,2021,115
Montenegro,Large language models,2022,21
Jamaica,Large language models,2022,2
Egypt,Large language models,2020,491
North Macedonia,Large language models,2025,33
Yemen,Large language models,2020,396
Netherlands,Large language models,2024,4440
Asia,Large language models,2017,51276
Canada,Large language models,2016,7173
Switzerland,Large language models,2023,23217
Luxembourg,Large language models,2025,61
South Korea,Large language models,2026,1
Quad,Large language models,2024,147329
EU,Large language models,2020,119225
Israel,Large language models,2016,3044
Europe,Large language models,2023,182973
Turkey,Large language models,2022,2375
Poland,Large language models,2019,2581
Belgium,Large language models,2018,574
Namibia,Large language models,2022,157
Slovenia,Large language models,2021,672
South Korea,Natural Language Processing,2019,17002
South Korea,Natural Language Processing,2025,1875
Ukraine,Natural Language Processing,2025,30
Mexico,Natural Language Processing,2018,2178
Singapore,Natural Language Processing,2020,22162
Philippines,Natural Language Processing,2018,278
Costa Rica,Natural Language Processing,2017,34
United Arab Emirates,Natural Language Processing,2016,1146
Romania,Natural Language Processing,2022,1227
Mongolia,Natural Language Processing,2022,129
Europe,Natural Language Processing,2026,91
Argentina,Natural Language Processing,2020,478
Kenya,Natural Language Processing,2020,156
Finland,Natural Language Processing,2023,3332
Portugal,Natural Language Processing,2016,2620
Austria,Natural Language Processing,2026,2
Hungary,Natural Language Processing,2021,746
Albania,Natural Language Processing,2024,51
Malta,Natural Language Processing,2017,723
Senegal,Natural Language Processing,2022,11
Democratic Republic of the Congo,Natural Language Processing,2025,5
Argentina,Robotics,2022,346
Belize,Robotics,2024,2
Vietnam,Robotics,2019,2443
Australia,Robotics,2025,1914
Slovakia,Robotics,2023,492
Cyprus,Robotics,2023,2060
Singapore,Robotics,2016,12619
Europe,Robotics,2021,223719
United States,Robotics,2021,155493
South and Central America,Robotics,2018,11708
Sudan,Robotics,2020,1
Bosnia and Herzegovina,Robotics,2025,5
Brazil,Robotics,2016,6299
Iran,Robotics,2017,6083
Iran,Robotics,2023,4036
Jordan,Robotics,2023,472
Bahrain,Robotics,2016,9
Philippines,Robotics,2022,470
Malaysia,Robotics,2019,3940
Zimbabwe,Robotics,2020,2
Greece,Robotics,2016,5872
Azerbaijan,Robotics,2017,4
Estonia,Robotics,2020,1049
Kuwait,Robotics,2021,204
South Korea,Robotics,2020,32940
South Korea,Robotics,2024,10574
Luxembourg,AI Safety,2017,6
Croatia,AI Safety,2020,147
Africa,AI Safety,2023,1692
Oman,AI Safety,2023,32
Brazil,AI Safety,2024,546
Denmark,AI Safety,2020,3178
Yemen,AI Safety,2019,23
Ukraine,AI Safety,2023,41
Belgium,AI Safety,2025,524
Thailand,AI Safety,2018,1
Serbia,AI Safety,2022,30
Bulgaria,AI Safety,2021,46
Bulgaria,AI Safety,2022,1
Estonia,AI Safety,2018,110
Sri Lanka,AI Safety,2019,89
United Kingdom,AI Safety,2018,18760
Venezuela,All,2016,602
Venezuela,All,2021,527
Malaysia,All,2021,75038
Kenya,All,2021,1954
Papua New Guinea,All,2025,43
Lesotho,All,2022,3
Lesotho,All,2024,32
Guatemala,All,2025,21
Timor-Leste,All,2021,20
Timor-Leste,All,2022,3
Yemen,All,2017,879
Madagascar,All,2023,76
Syria,All,2016,144
San Marino,All,2022,16
Egypt,All,2020,47791
Benin,All,2020,367
Europe,All,2017,1571129
South Africa,All,2017,10799
Kyrgyzstan,All,2024,139
Colombia,All,2016,10804
Angola,All,2019,18
Saudi Arabia,All,2026,24
Denmark,All,2025,4777
Burundi,All,2022,4
Turkey,All,2021,67295
Jamaica,All,2025,45
North Korea,All,2025,1
Singapore,All,2026,205
Liechtenstein,All,2020,384
Italy,All,2018,153074
Italy,All,2024,86536
Quad,All,2026,1603
Barbados,All,2020,42
Greece,All,2017,26690
Australia,All,2024,103704
Russia,All,2019,38642
China,All,2021,2104518
Singapore,Computer Vision,2017,45199
NATO,Computer Vision,2016,1101154
Malaysia,Computer Vision,2017,11320
Denmark,Computer Vision,2017,4296
Cyprus,Computer Vision,2022,1231
Cyprus,Computer Vision,2025,225
Tunisia,Computer Vision,2018,4627
Tunisia,Computer Vision,2019,3690
Côte d'Ivoire,Computer Vision,2025,8
Mauritius,Computer Vision,2018,1
Mauritius,Computer Vision,2021,278
Fiji,Computer Vision,2019,17
Ghana,Computer Vision,2025,116
Slovakia,Computer Vision,2017,618
Burkina Faso,Computer Vision,2022,4
Kuwait,Computer Vision,2019,342
Vanuatu,Computer Vision,2024,17
Grenada,Computer Vision,2024,4
Poland,Computer Vision,2019,9866
Sudan,Computer Vision,2019,586
Switzerland,Computer Vision,2017,57300
Switzerland,Computer Vision,2025,2795
Kazakhstan,Computer Vision,2017,285
Iran,Computer Vision,2025,1788
South Africa,Computer Vision,2025,737
Jordan,Computer Vision,2021,3246
Colombia,Computer Vision,2022,2091
Uruguay,Computer Vision,2020,175
Bulgaria,Large language models,2022,45
Romania,Large language models,2017,364
Estonia,Large language models,2021,21
Russia,Large language models,2023,1472
OECD,Large language models,2018,277645
Uganda,Large language models,2023,156
Singapore,Large language models,2021,39702
Hungary,Large language models,2016,591
Hungary,Large language models,2017,20
United Kingdom,Large language models,2019,28650
Thailand,Large language models,2016,13
Canada,Large language models,2020,20002
Armenia,Large language models,2024,2
Greece,Large language models,2021,3623
Germany,Large language models,2023,39718
Qatar,Large language models,2017,701
Finland,Large language models,2018,2122
Venezuela,Natural Language Processing,2018,71
Sweden,Natural Language Processing,2022,3390
Switzerland,Natural Language Processing,2025,1529
Mexico,Natural Language Processing,2024,447
Singapore,Natural Language Processing,2023,34921
Bahrain,Natural Language Processing,2023,232
Bahrain,Natural Language Processing,2024,106
Togo,Natural Language Processing,2022,43
Slovakia,Natural Language Processing,2018,338
Egypt,Natural Language Processing,2017,1707
Japan,Natural Language Processing,2023,12474
Taiwan,Natural Language Processing,2019,6318
Russia,Natural Language Processing,2024,1402
Thailand,Natural Language Processing,2017,400
Côte d'Ivoire,Natural Language Processing,2021,18
Kosovo,Natural Language Processing,2020,50
Europe,Natural Language Processing,2022,125053
Namibia,Natural Language Processing,2023,3
Nepal,Natural Language Processing,2020,239
Nepal,Natural Language Processing,2025,3
Moldova,Natural Language Processing,2018,11
Saudi Arabia,Natural Language Processing,2019,6466
Saudi Arabia,Natural Language Processing,2021,13832
Mauritius,Natural Language Processing,2018,41
Austria,Natural Language Processing,2020,2110
Hungary,Natural Language Processing,2018,816
Iran,Natural Language Processing,2025,583
Benin,Natural Language Processing,2020,3
Albania,Natural Language Processing,2021,441
Czechia,Natural Language Processing,2020,4199
Cambodia,Natural Language Processing,2018,2
Colombia,Robotics,2024,258
Indonesia,Robotics,2025,127
Ghana,Robotics,2023,4
Singapore,Robotics,2017,13018
ASEAN,Robotics,2021,25033
South and Central America,Robotics,2017,11584
Russia,Robotics,2017,3971
Armenia,Robotics,2016,38
Austria,Robotics,2016,5423
Austria,Robotics,2017,4774
Venezuela,Robotics,2019,77
Germany,Robotics,2019,50792
Finland,Robotics,2025,270
Qatar,Robotics,2019,647
Brazil,Robotics,2026,1
Croatia,Robotics,2016,946
San Marino,Robotics,2025,5
Jordan,Robotics,2018,446
United Arab Emirates,Robotics,2016,1396
Global Partnership on Artificial Intelligence,Robotics,2022,347568
Oman,Robotics,2022,193
Peru,Robotics,2020,430
Israel,Robotics,2016,6545
Papua New Guinea,Robotics,2018,32
Papua New Guinea,Robotics,2021,76
Cambodia,Robotics,2024,56
Asia,Robotics,2021,317614
Ecuador,Robotics,2023,935
Ecuador,Robotics,2024,360
Egypt,AI Safety,2016,19
Russia,AI Safety,2022,779
Asia,AI Safety,2018,70686
Japan,AI Safety,2025,786
Ireland,AI Safety,2024,514
Norway,AI Safety,2019,837
Germany,AI Safety,2024,6400
Canada,AI Safety,2020,14336
ASEAN,AI Safety,2018,11979
Cyprus,AI Safety,2019,74
Argentina,AI Safety,2023,207
South Africa,AI Safety,2023,312
Nigeria,AI Safety,2025,43
Uruguay,AI Safety,2023,4
Estonia,AI Safety,2023,308
Estonia,AI Safety,2024,178
Finland,AI Safety,2024,606
Finland,AI Safety,2026,2
Vietnam,AI Safety,2024,366
Portugal,All,2022,36529
Cuba,All,2019,1269
Venezuela,All,2023,486
Zambia,All,2019,621
Somalia,All,2023,121
Moldova,All,2022,26
Luxembourg,All,2023,4159
Pakistan,All,2023,73462
Slovenia,All,2025,757
Bulgaria,All,2018,3226
Kosovo,All,2018,94
Kosovo,All,2022,357
United Kingdom,All,2019,526347
Lebanon,All,2021,4381
Laos,All,2024,23
Benin,All,2017,22
Europe,All,2022,1418936
Brazil,All,2020,77267
Burkina Faso,All,2016,36
Colombia,All,2025,2304
Tunisia,All,2025,1453
North Macedonia,All,2020,1930
North Korea,All,2022,80
Iran,All,2018,48438
Liechtenstein,All,2021,355
Sierra Leone,All,2022,5
Nicaragua,All,2024,14
Hungary,All,2024,9128
Peru,All,2024,2834
Croatia,All,2017,5364
Austria,All,2023,36435
Nepal,All,2021,2457
Five Eyes,Computer Vision,2026,453
Austria,Computer Vision,2021,8880
Greece,Computer Vision,2019,9493
Mexico,Computer Vision,2017,6318
Cameroon,Computer Vision,2016,35
Botswana,Computer Vision,2021,178
Ghana,Computer Vision,2017,59
Ghana,Computer Vision,2019,1380
Mongolia,Computer Vision,2025,26
Cuba,Computer Vision,2023,30
Dominican Republic,Computer Vision,2024,15
Burundi,Computer Vision,2018,18
Lebanon,Computer Vision,2020,1551
United States,Computer Vision,2023,307517
Belgium,Computer Vision,2017,15040
Portugal,Computer Vision,2017,11144
Chad,Computer Vision,2025,17
Iceland,Computer Vision,2020,1810
Iceland,Computer Vision,2025,36
Uganda,Computer Vision,2016,169
France,Computer Vision,2022,42984
Maldives,Computer Vision,2022,10
Luxembourg,Computer Vision,2023,756
Kuwait,Computer Vision,2023,918
Madagascar,Computer Vision,2022,13
Madagascar,Computer Vision,2024,1
Peru,Computer Vision,2017,4806
Romania,Computer Vision,2023,2692
Brunei,Computer Vision,2021,567
Quad,Computer Vision,2019,1007947
Costa Rica,Computer Vision,2016,117
Myanmar,Computer Vision,2017,204
Iraq,Computer Vision,2025,833
Jamaica,Computer Vision,2023,2
Croatia,Computer Vision,2020,2255
Bolivia,Computer Vision,2024,28
Italy,Computer Vision,2019,44389
Italy,Computer Vision,2022,41334
South Africa,Computer Vision,2026,1
Tajikistan,Computer Vision,2025,4
Slovenia,Computer Vision,2023,1249
Nepal,Computer Vision,2018,63
Taiwan,Computer Vision,2023,16615
Vietnam,Computer Vision,2023,5985
Vietnam,Computer Vision,2024,2996
ASEAN,Large language models,2025,5633
New Zealand,Large language models,2019,123
Africa,Large language models,2021,2776
Brunei,Large language models,2024,22
Tunisia,Large language models,2017,2
Latvia,Large language models,2022,14
Netherlands,Large language models,2023,8613
South Africa,Large language models,2017,77
Kuwait,Large language models,2022,78
United States,Large language models,2020,348570
Quad,Large language models,2025,36983
Vietnam,Large language models,2021,1569
Belgium,Large language models,2019,209
Indonesia,Large language models,2022,882
Rwanda,Large language models,2021,3
Belarus,Large language models,2025,10
Malaysia,Large language models,2025,455
Azerbaijan,Large language models,2024,33
Kuwait,Natural Language Processing,2017,128
Cameroon,Natural Language Processing,2023,155
Burkina Faso,Natural Language Processing,2019,1
Luxembourg,Natural Language Processing,2019,674
Germany,Natural Language Processing,2021,31573
Colombia,Natural Language Processing,2020,177
Slovenia,Natural Language Processing,2020,1230
Myanmar,Natural Language Processing,2018,102
Slovakia,Natural Language Processing,2021,583
Costa Rica,Natural Language Processing,2020,4
Lithuania,Natural Language Processing,2019,369
Taiwan,Natural Language Processing,2021,9060
Russia,Natural Language Processing,2021,3998
Russia,Natural Language Processing,2025,178
Thailand,Natural Language Processing,2021,1571
Côte d'Ivoire,Natural Language Processing,2024,24
Dominican Republic,Natural Language Processing,2023,2
Kosovo,Natural Language Processing,2024,9
NATO,Natural Language Processing,2023,351893
United Kingdom,Natural Language Processing,2023,51725
Chile,Natural Language Processing,2018,498
Chile,Natural Language Processing,2025,157
India,Natural Language Processing,2017,23892
Brunei,Natural Language Processing,2019,67
Eritrea,Natural Language Processing,2024,4
Italy,Natural Language Processing,2026,4
Bangladesh,Natural Language Processing,2016,841
Bangladesh,Natural Language Processing,2025,543
Quad,Natural Language Processing,2017,230192
Oceania,Natural Language Processing,2025,2736
France,Natural Language Processing,2024,5551
Barbados,Natural Language Processing,2025,135
Czechia,Natural Language Processing,2021,3067
Jordan,Natural Language Processing,2018,2123
Morocco,Robotics,2019,529
France,Robotics,2020,23588
Australia,Robotics,2024,6377
Saint Lucia,Robotics,2024,7
Syria,Robotics,2016,1
Singapore,Robotics,2024,6466
Africa,Robotics,2018,7176
OECD,Robotics,2024,142122
Luxembourg,Robotics,2025,107
Trinidad and Tobago,Robotics,2018,21
Mauritius,Robotics,2023,261
Japan,Robotics,2026,31
Pakistan,Robotics,2022,3987
South and Central America,Robotics,2023,5542
Russia,Robotics,2021,5255
Armenia,Robotics,2025,18
Malta,Robotics,2016,52
Kazakhstan,Robotics,2021,648
Albania,Robotics,2024,3
Taiwan,Robotics,2016,5285
Bangladesh,Robotics,2024,658
Nigeria,Robotics,2018,357
North America and the Caribbean,Robotics,2023,123699
El Salvador,Robotics,2024,18
Belarus,Robotics,2017,37
Iran,Robotics,2021,4569
Bahrain,Robotics,2021,30
Quad,Robotics,2017,244329
Papua New Guinea,Robotics,2019,28
Belgium,Robotics,2023,3976
Panama,Robotics,2024,15
Thailand,Robotics,2016,1876
South Korea,Robotics,2025,2577
Oceania,Robotics,2017,19669
Oceania,Robotics,2023,14332
Russia,AI Safety,2024,326
Jordan,AI Safety,2020,94
Global Partnership on Artificial Intelligence,AI Safety,2021,173222
Norway,AI Safety,2024,659
Fiji,AI Safety,2018,1
India,AI Safety,2017,1639
India,AI Safety,2025,1989
OECD,AI Safety,2021,169877
Singapore,AI Safety,2026,9
Mexico,AI Safety,2022,100
North America and the Caribbean,AI Safety,2016,108119
Serbia,AI Safety,2017,73
Oceania,AI Safety,2020,16805
Bulgaria,AI Safety,2023,187
Austria,AI Safety,2020,2542
Bangladesh,AI Safety,2023,545
Colombia,AI Safety,2022,251
Canada,All,2016,214444
Zimbabwe,All,2017,211
Liberia,All,2024,54
Indonesia,All,2026,1
Fiji,All,2021,1472
Moldova,All,2023,71
Mauritania,All,2016,5
Papua New Guinea,All,2019,320
Libya,All,2018,321
Libya,All,2022,954
Georgia,All,2022,667
Algeria,All,2019,12517
Slovenia,All,2024,3371
Oman,All,2024,5694
Madagascar,All,2017,215
Azerbaijan,All,2017,378
Democratic Republic of the Congo,All,2018,29
Democratic Republic of the Congo,All,2022,397
Mauritius,All,2016,226
Mexico,All,2018,15989
Europe,All,2026,1152
South Africa,All,2021,21195
Romania,All,2016,14718
Belarus,All,2022,970
Sudan,All,2016,598
Switzerland,All,2022,116754
Ireland,All,2026,10
Saudi Arabia,All,2018,39283
Malawi,All,2023,537
Bolivia,All,2021,32
North Korea,All,2017,11
Swaziland,All,2021,157
Swaziland,All,2024,33
Singapore,All,2022,136753
Chile,All,2019,6927
Armenia,All,2020,219
Italy,All,2025,22410
Maldives,All,2021,5
Dominican Republic,All,2024,163
Russia,All,2024,12615
Five Eyes,All,2024,845571
NATO,Computer Vision,2025,66102
Austria,Computer Vision,2024,4065
Bhutan,Computer Vision,2020,116
Kosovo,Computer Vision,2025,1
Cyprus,Computer Vision,2017,1503
Kenya,Computer Vision,2023,528
Rwanda,Computer Vision,2023,437
Swaziland,Computer Vision,2020,31
North Macedonia,Computer Vision,2024,80
Armenia,Computer Vision,2024,103
Peru,Computer Vision,2016,426
Republic of the Congo,Computer Vision,2017,91
Democratic Republic of the Congo,Computer Vision,2020,84
Democratic Republic of the Congo,Computer Vision,2022,12
Nigeria,Computer Vision,2017,878
Myanmar,Computer Vision,2020,792
Global Partnership on Artificial Intelligence,Computer Vision,2021,1464539
United Kingdom,Computer Vision,2019,170932
South and Central America,Computer Vision,2024,7207
Ukraine,Computer Vision,2016,1725
Uzbekistan,Computer Vision,2021,456
South and Central America,Large language models,2024,1961
Serbia,Large language models,2024,51
Australia,Large language models,2021,28595
Sweden,Large language models,2023,5405
Japan,Large language models,2016,2416
Montenegro,Large language models,2023,12
United Arab Emirates,Large language models,2019,908
Myanmar,Large language models,2024,25
Ghana,Large language models,2025,10
Iran,Large language models,2020,2755
Netherlands,Large language models,2018,2462
Slovakia,Large language models,2022,335
Colombia,Large language models,2021,80
Greece,Large language models,2024,1460
North Korea,Large language models,2022,17
Ukraine,Large language models,2018,12
Uzbekistan,Large language models,2024,482
Benin,Large language models,2024,7
Philippines,Large language models,2017,14
Rwanda,Large language models,2023,204
Switzerland,Natural Language Processing,2016,5899
Uruguay,Natural Language Processing,2021,273
Germany,Natural Language Processing,2018,36993
Germany,Natural Language Processing,2026,16
Colombia,Natural Language Processing,2021,282
Colombia,Natural Language Processing,2023,517
Belarus,Natural Language Processing,2020,19
Nicaragua,Natural Language Processing,2024,14
United States,Natural Language Processing,2022,165435
Turkey,Natural Language Processing,2022,3162
South and Central America,Natural Language Processing,2023,5107
Costa Rica,Natural Language Processing,2016,27
Montenegro,Natural Language Processing,2021,41
Mongolia,Natural Language Processing,2020,5
Argentina,Natural Language Processing,2023,260
Argentina,Natural Language Processing,2025,24
Peru,Natural Language Processing,2025,18
Nepal,Natural Language Processing,2022,200
Yemen,Natural Language Processing,2023,410
Brunei,Natural Language Processing,2023,47
Canada,Natural Language Processing,2016,19504
Canada,Natural Language Processing,2019,25962
Oman,Natural Language Processing,2020,128
Libya,Natural Language Processing,2018,20
Sri Lanka,Natural Language Processing,2019,669
Albania,Natural Language Processing,2017,36
Albania,Natural Language Processing,2025,4
Five Eyes,Natural Language Processing,2017,244399
Five Eyes,Natural Language Processing,2019,348470
Armenia,Natural Language Processing,2018,683
Tunisia,Robotics,2016,1231
Tunisia,Robotics,2017,1104
Uruguay,Robotics,2018,70
Uruguay,Robotics,2024,25
Spain,Robotics,2025,1309
Canada,Robotics,2022,20682
Africa,Robotics,2021,8723
Monaco,Robotics,2022,29
Japan,Robotics,2020,29278
Honduras,Robotics,2022,68
Pakistan,Robotics,2024,1604
Iraq,Robotics,2024,1152
Armenia,Robotics,2022,4
Ireland,Robotics,2018,2440
Albania,Robotics,2017,153
China,Robotics,2022,205592
Bangladesh,Robotics,2020,1023
Sudan,Robotics,2023,142
Gambia,Robotics,2023,36
Egypt,Robotics,2022,2558
Saudi Arabia,Robotics,2025,601
Belarus,Robotics,2021,44
Belgium,Robotics,2021,7322
Nepal,Robotics,2023,45
Nepal,Robotics,2025,30
Panama,Robotics,2022,80
Global Partnership on Artificial Intelligence,AI Safety,2016,136169
Global Partnership on Artificial Intelligence,AI Safety,2024,69715
Ireland,AI Safety,2025,318
Bahrain,AI Safety,2024,91
Philippines,AI Safety,2022,54
Norway,AI Safety,2023,373
India,AI Safety,2022,5337
Lebanon,AI Safety,2023,644
Canada,AI Safety,2025,1884
North America and the Caribbean,AI Safety,2024,36825
Nepal,AI Safety,2023,53
Malaysia,AI Safety,2022,168
Iceland,AI Safety,2020,30
Netherlands,AI Safety,2016,875
United Arab Emirates,AI Safety,2018,758
Botswana,AI Safety,2024,38
Thailand,AI Safety,2019,16
Chile,AI Safety,2018,251
Five Eyes,AI Safety,2021,135962
Europe,AI Safety,2020,70779
Tunisia,AI Safety,2020,105
Lithuania,AI Safety,2025,14
Bangladesh,AI Safety,2020,287
Ethiopia,AI Safety,2024,21
New Zealand,AI Safety,2025,84
Taiwan,AI Safety,2016,290
Indonesia,All,2016,13875
New Zealand,All,2018,18026
Kenya,All,2022,3175
Kenya,All,2023,2653
Mozambique,All,2023,151
Guatemala,All,2023,92
Bulgaria,All,2020,3295
United Arab Emirates,All,2019,41351
Yemen,All,2019,1352
Kazakhstan,All,2021,3806
Oceania,All,2016,160377
El Salvador,All,2024,30
Marshall Islands,All,2017,8
South Africa,All,2016,6276
Kyrgyzstan,All,2022,308
India,All,2018,256742
Morocco,All,2016,6908
Eritrea,All,2025,46
Saudi Arabia,All,2016,23825
Argentina,All,2024,1729
Thailand,All,2026,2
Cameroon,All,2023,1469
Trinidad and Tobago,All,2020,233
Honduras,All,2024,131
Ethiopia,All,2018,734
Armenia,All,2021,205
Tanzania,All,2016,313
Tanzania,All,2018,206
Lithuania,All,2021,7509
Afghanistan,All,2018,13
Jordan,All,2021,17715
Albania,All,2019,187
Peru,All,2018,1630
Israel,All,2026,46
Five Eyes,All,2025,208873
Serbia,All,2020,9088
NATO,Computer Vision,2017,1198308
NATO,Computer Vision,2023,617520
Greece,Computer Vision,2022,7007
Ireland,Computer Vision,2018,3082
Tunisia,Computer Vision,2022,3813
Côte d'Ivoire,Computer Vision,2020,43
Ghana,Computer Vision,2021,891
Brazil,Computer Vision,2019,22674
Qatar,Computer Vision,2019,2220
Qatar,Computer Vision,2025,586
Portugal,Computer Vision,2019,11935
Uganda,Computer Vision,2023,386
Burkina Faso,Computer Vision,2020,6
Norway,Computer Vision,2021,13000
Cape Verde,Computer Vision,2017,7
Azerbaijan,Computer Vision,2025,268
Poland,Computer Vision,2016,5520
Madagascar,Computer Vision,2016,10
Malta,Computer Vision,2021,868
Equatorial Guinea,Computer Vision,2022,1
Bangladesh,Computer Vision,2025,2580
Oceania,Computer Vision,2026,127
Spain,Computer Vision,2023,22111
Jamaica,Computer Vision,2019,92
Italy,Computer Vision,2025,4652
Papua New Guinea,Computer Vision,2019,86
Papua New Guinea,Computer Vision,2024,17
Taiwan,Computer Vision,2024,13652
Vietnam,Computer Vision,2019,8744
ASEAN,Large language models,2018,7028
Italy,Large language models,2023,13107
Romania,Large language models,2024,520
New Zealand,Large language models,2020,505
Africa,Large language models,2024,3087
Australia,Large language models,2019,10355
Japan,Large language models,2020,14558
Japan,Large language models,2025,2088
Morocco,Large language models,2024,253
North America and the Caribbean,Large language models,2017,80796
Ghana,Large language models,2021,5
North Macedonia,Large language models,2021,20
Norway,Large language models,2019,104
Switzerland,Large language models,2024,7886
United States,Large language models,2017,77951
Quad,Large language models,2017,83296
Europe,Large language models,2020,167408
Croatia,Large language models,2025,51
Poland,Large language models,2023,5738
Syria,Large language models,2021,13
Slovenia,Large language models,2018,14
Ireland,Large language models,2024,1289
Kyrgyzstan,Large language models,2024,2
Kuwait,Natural Language Processing,2020,171
Ghana,Natural Language Processing,2021,1475
Somalia,Natural Language Processing,2023,91
Vietnam,Natural Language Processing,2024,579
China,Natural Language Processing,2023,165262
Croatia,Natural Language Processing,2020,888
Myanmar,Natural Language Processing,2022,52
Cyprus,Natural Language Processing,2023,487
Georgia,Natural Language Processing,2017,3
South and Central America,Natural Language Processing,2020,8962
Iraq,Natural Language Processing,2021,1175
United Arab Emirates,Natural Language Processing,2017,2486
Côte d'Ivoire,Natural Language Processing,2025,1
Montenegro,Natural Language Processing,2024,3
Netherlands,Natural Language Processing,2020,17779
Finland,Natural Language Processing,2022,3631
Nepal,Natural Language Processing,2016,34
Moldova,Natural Language Processing,2024,19
New Zealand,Natural Language Processing,2017,1277
Yemen,Natural Language Processing,2019,531
Pakistan,Natural Language Processing,2016,3108
Pakistan,Natural Language Processing,2018,2773
Lebanon,Natural Language Processing,2018,396
Algeria,Natural Language Processing,2022,910
Sri Lanka,Natural Language Processing,2021,1847
Serbia,Natural Language Processing,2022,283
Iceland,Natural Language Processing,2024,173
Global Partnership on Artificial Intelligence,Natural Language Processing,2019,480546
Senegal,Natural Language Processing,2024,44
Colombia,Robotics,2019,1319
Australia,Robotics,2023,13392
Uganda,Robotics,2023,32
Slovenia,Robotics,2020,1092
Guatemala,Robotics,2019,144
Pakistan,Robotics,2019,2192
Iraq,Robotics,2022,1997
Iraq,Robotics,2025,157
Italy,Robotics,2022,27734
Austria,Robotics,2020,7391
Myanmar,Robotics,2024,8
Costa Rica,Robotics,2024,25
Taiwan,Robotics,2018,7648
Sudan,Robotics,2025,31
Nicaragua,Robotics,2016,10
Brunei,Robotics,2021,27
Global Partnership on Artificial Intelligence,Robotics,2016,440023
Global Partnership on Artificial Intelligence,Robotics,2024,143197
Philippines,Robotics,2019,518
Zimbabwe,Robotics,2021,56
Sweden,Robotics,2018,9506
Barbados,Robotics,2021,39
Israel,Robotics,2026,3
Asia,Robotics,2025,36191
Czechia,Robotics,2021,2454
Paraguay,Robotics,2020,112
Peru,AI Safety,2017,1
Luxembourg,AI Safety,2023,171
Qatar,AI Safety,2018,124
Kenya,AI Safety,2021,13
Italy,AI Safety,2016,922
Mexico,AI Safety,2024,161
Costa Rica,AI Safety,2023,156
Switzerland,AI Safety,2016,1082
Morocco,AI Safety,2022,60
Kyrgyzstan,AI Safety,2024,18
Swaziland,AI Safety,2023,14
United Arab Emirates,AI Safety,2017,7
Belgium,AI Safety,2020,2738
Romania,AI Safety,2017,9
Sri Lanka,AI Safety,2020,61
Estonia,All,2022,4943
Netherlands,All,2026,66
Fiji,All,2018,491
Djibouti,All,2023,43
Djibouti,All,2025,1
New Zealand,All,2023,21848
Moldova,All,2019,5
Brunei,All,2024,1306
Guatemala,All,2016,20
Kosovo,All,2020,205
United Arab Emirates,All,2024,35632
Madagascar,All,2021,67
Taiwan,All,2026,31
Lebanon,All,2023,12611
Spain,All,2024,53433
Antigua and Barbuda,All,2023,99
Kuwait,All,2021,3419
Côte d'Ivoire,All,2016,145
Ireland,All,2024,16987
Morocco,All,2020,13916
Cambodia,All,2016,200
Colombia,All,2019,8402
Denmark,All,2021,46105
Turkey,All,2019,60119
Turkey,All,2024,42186
Thailand,All,2025,3161
North Macedonia,All,2017,1129
Chile,All,2021,9793
Chile,All,2022,7544
Uruguay,All,2017,1014
Uruguay,All,2020,1043
Uruguay,All,2025,110
Lithuania,All,2022,5686
Germany,All,2017,335995
Maldives,All,2022,115
Dominican Republic,All,2022,43
Barbados,All,2017,1
Bangladesh,All,2022,40184
Croatia,All,2021,8008
Ghana,All,2018,914
Ghana,All,2021,5858
Costa Rica,All,2020,954
China,All,2020,2157692
Singapore,Computer Vision,2016,50849
Africa,Computer Vision,2021,44882
Five Eyes,Computer Vision,2019,1020076
Austria,Computer Vision,2025,761
Argentina,Computer Vision,2024,336
Rwanda,Computer Vision,2016,80
Malawi,Computer Vision,2020,10
Tunisia,Computer Vision,2020,6011
Tunisia,Computer Vision,2023,3130
Serbia,Computer Vision,2016,3365
Canada,Computer Vision,2016,74572
Saudi Arabia,Computer Vision,2016,10175
Angola,Computer Vision,2023,297
Sri Lanka,Computer Vision,2018,365
Libya,Computer Vision,2016,49
Cuba,Computer Vision,2025,3
India,Computer Vision,2019,129702
Paraguay,Computer Vision,2023,56
Asia,Computer Vision,2016,743570
Kuwait,Computer Vision,2025,84
Yemen,Computer Vision,2023,1639
Belarus,Computer Vision,2017,3956
Albania,Computer Vision,2025,26
Honduras,Computer Vision,2025,6
Ecuador,Computer Vision,2018,694
Bulgaria,Computer Vision,2016,436
Oman,Computer Vision,2019,249
North Korea,Computer Vision,2019,49
Colombia,Computer Vision,2019,2416
South and Central America,Large language models,2022,1887
Bulgaria,Large language models,2019,11
Romania,Large language models,2025,217
New Zealand,Large language models,2021,324
Algeria,Large language models,2020,49
Lithuania,Large language models,2025,104
Democratic Republic of the Congo,Large language models,2025,1
OECD,Large language models,2021,532046
Myanmar,Large language models,2020,72
Egypt,Large language models,2025,318
Costa Rica,Large language models,2023,12
Afghanistan,Large language models,2025,16
Norway,Large language models,2022,1203
Norway,Large language models,2024,1201
Portugal,Large language models,2020,712
Sri Lanka,Large language models,2019,6
South Africa,Large language models,2018,3
South Africa,Large language models,2020,36
South Africa,Large language models,2023,483
South Korea,Large language models,2016,254
Quad,Large language models,2019,258035
Quad,Large language models,2020,388231
Germany,Large language models,2021,56757
Albania,Large language models,2025,2
Vietnam,Large language models,2019,287
Indonesia,Large language models,2017,66
Iceland,Large language models,2021,3
Spain,Large language models,2018,2360
Mexico,Natural Language Processing,2017,3414
Zimbabwe,Natural Language Processing,2021,10
Myanmar,Natural Language Processing,2025,3
Slovakia,Natural Language Processing,2017,121
Georgia,Natural Language Processing,2020,1
Nicaragua,Natural Language Processing,2023,338
Bosnia and Herzegovina,Natural Language Processing,2025,78
South and Central America,Natural Language Processing,2016,4566
Costa Rica,Natural Language Processing,2018,89
Kazakhstan,Natural Language Processing,2022,451
Côte d'Ivoire,Natural Language Processing,2018,11
Brazil,Natural Language Processing,2019,3920
Brazil,Natural Language Processing,2022,2423
Sudan,Natural Language Processing,2020,249
EU,Natural Language Processing,2017,102247
Mongolia,Natural Language Processing,2021,113
Uzbekistan,Natural Language Processing,2019,64
NATO,Natural Language Processing,2019,413388
NATO,Natural Language Processing,2022,253116
North America and the Caribbean,Natural Language Processing,2026,229
New Zealand,Natural Language Processing,2023,2083
Ethiopia,Natural Language Processing,2025,50
Nigeria,Natural Language Processing,2024,615
Austria,Natural Language Processing,2023,2603
Estonia,Natural Language Processing,2022,817
Sri Lanka,Natural Language Processing,2025,62
France,Natural Language Processing,2019,19480
Serbia,Natural Language Processing,2021,199
Malaysia,Natural Language Processing,2017,2542
Global Partnership on Artificial Intelligence,Natural Language Processing,2018,523994
Spain,Natural Language Processing,2025,1001
Ireland,Natural Language Processing,2017,5762
Senegal,Natural Language Processing,2016,1
EU,Robotics,2021,162720
Morocco,Robotics,2016,311
Canada,Robotics,2018,25096
Senegal,Robotics,2023,3
Denmark,Robotics,2024,1861
Serbia,Robotics,2025,52
Cyprus,Robotics,2019,739
Uganda,Robotics,2018,10
Singapore,Robotics,2018,16707
Yemen,Robotics,2019,134
Sri Lanka,Robotics,2023,390
Luxembourg,Robotics,2016,408
Iraq,Robotics,2020,2023
Turkey,Robotics,2018,5630
Bahamas,Robotics,2021,4
Ireland,Robotics,2022,1974
Cuba,Robotics,2016,25
Jordan,Robotics,2025,174
Brunei,Robotics,2018,73
Oman,Robotics,2023,295
Malaysia,Robotics,2016,5497
Malaysia,Robotics,2018,4509
Peru,Robotics,2016,270
Georgia,Robotics,2025,5
Czechia,Robotics,2018,2557
Paraguay,Robotics,2019,43
Grenada,Robotics,2021,33
Iceland,Robotics,2018,44
Luxembourg,AI Safety,2021,203
Russia,AI Safety,2019,70
Ghana,AI Safety,2023,72
Philippines,AI Safety,2024,131
ASEAN,AI Safety,2016,1688
Ukraine,AI Safety,2018,8
Malaysia,AI Safety,2018,198
United States,AI Safety,2021,108828
United States,AI Safety,2024,32950
Thailand,AI Safety,2016,36
Oceania,AI Safety,2024,4803
Armenia,AI Safety,2024,2
Spain,AI Safety,2021,3236
Finland,AI Safety,2019,558
Algeria,AI Safety,2023,279
Algeria,AI Safety,2025,97
New Zealand,AI Safety,2016,478
New Zealand,AI Safety,2026,2
Taiwan,AI Safety,2020,4279
Benin,AI Safety,2025,3
Zimbabwe,All,2021,163
Monaco,All,2021,65
Iraq,All,2024,17405
Republic of the Congo,All,2017,96
EU,All,2022,965317
Fiji,All,2025,24
Kenya,All,2016,499
Rwanda,All,2026,1
Papua New Guinea,All,2021,372
Madagascar,All,2025,14
Haiti,All,2023,1
Democratic Republic of the Congo,All,2023,199
Mauritius,All,2018,212
South Korea,All,2019,233171
Switzerland,All,2026,77
Slovakia,All,2018,3636
Slovakia,All,2022,7875
Tunisia,All,2017,7896
Iran,All,2023,49771
Germany,All,2024,123615
Afghanistan,All,2022,1397
Hungary,All,2026,2
Ecuador,All,2016,2147
OECD,All,2023,2578793
Belgium,All,2020,56492
Australia,All,2020,335242
North America and the Caribbean,All,2018,2500333
China,All,2018,1551273
Bahrain,All,2024,2231
Serbia,All,2022,8998
Senegal,All,2018,286
EU,Computer Vision,2019,381802
Africa,Computer Vision,2026,2
Botswana,Computer Vision,2019,9
Niger,Computer Vision,2023,1
Saudi Arabia,Computer Vision,2024,23583
Australia,Computer Vision,2016,71757
Lebanon,Computer Vision,2023,2956
Bahrain,Computer Vision,2022,435
Mozambique,Computer Vision,2023,63
United Arab Emirates,Computer Vision,2020,31501
Madagascar,Computer Vision,2017,215
Madagascar,Computer Vision,2019,39
Republic of the Congo,Computer Vision,2018,2
Costa Rica,Computer Vision,2024,34
Iraq,Computer Vision,2020,9851
Oman,Computer Vision,2023,1284
Iran,Computer Vision,2020,22805
Slovenia,Computer Vision,2022,1575
Nepal,Computer Vision,2016,45
Nepal,Computer Vision,2019,310
South Korea,Computer Vision,2026,19
Moldova,Computer Vision,2022,1
Mexico,Large language models,2018,8
Pakistan,Large language models,2025,644
Brazil,Large language models,2016,1
Australia,Large language models,2017,3427
Taiwan,Large language models,2021,5955
Lithuania,Large language models,2022,126
Czechia,Large language models,2016,172
Czechia,Large language models,2019,2046
Russia,Large language models,2016,29
OECD,Large language models,2017,120138
Hungary,Large language models,2025,116
Egypt,Large language models,2022,980
Yemen,Large language models,2023,382
Iran,Large language models,2018,15
Switzerland,Large language models,2022,19406
Saudi Arabia,Large language models,2025,1522
Germany,Large language models,2018,6585
Spain,Large language models,2022,4161
NATO,Large language models,2024,187933
Venezuela,Natural Language Processing,2024,14
Ukraine,Natural Language Processing,2019,422
Switzerland,Natural Language Processing,2023,16365
Singapore,Natural Language Processing,2025,1726
China,Natural Language Processing,2022,109369
Slovenia,Natural Language Processing,2025,88
United States,Natural Language Processing,2025,20149
South and Central America,Natural Language Processing,2021,6221
Romania,Natural Language Processing,2021,1260
Russia,Natural Language Processing,2020,3982
Syria,Natural Language Processing,2024,41
Denmark,Natural Language Processing,2020,4593
Denmark,Natural Language Processing,2025,613
Ecuador,Natural Language Processing,2025,288
Tanzania,Natural Language Processing,2017,3
Portugal,Natural Language Processing,2024,1028
Nigeria,Natural Language Processing,2017,251
Mauritius,Natural Language Processing,2025,9
Tunisia,Natural Language Processing,2019,1201
Latvia,Natural Language Processing,2017,141
Latvia,Natural Language Processing,2022,162
Libya,Natural Language Processing,2025,3
Albania,Natural Language Processing,2019,4
Malaysia,Natural Language Processing,2016,1963
Malaysia,Natural Language Processing,2022,3209
Global Partnership on Artificial Intelligence,Natural Language Processing,2023,420777
Poland,Natural Language Processing,2017,2004
Portugal,Robotics,2019,7037
Uruguay,Robotics,2017,21
Morocco,Robotics,2021,470
Denmark,Robotics,2019,5610
Ghana,Robotics,2022,122
New Zealand,Robotics,2023,1017
Uganda,Robotics,2017,12
Singapore,Robotics,2019,14962
Africa,Robotics,2016,5338
Bolivia,Robotics,2017,3
Slovenia,Robotics,2025,45
Trinidad and Tobago,Robotics,2023,6
Japan,Robotics,2017,32141
Japan,Robotics,2019,30685
ASEAN,Robotics,2016,23124
South and Central America,Robotics,2020,11946
Cuba,Robotics,2017,48
Swaziland,Robotics,2021,28
Finland,Robotics,2022,3829
Bosnia and Herzegovina,Robotics,2018,510
Brazil,Robotics,2023,2612
Uzbekistan,Robotics,2020,70
Libya,Robotics,2019,4
Belgium,Robotics,2016,7212
Romania,Robotics,2018,2176
Romania,Robotics,2023,1159
Nepal,Robotics,2017,3
Chile,Robotics,2018,807
Kuwait,Robotics,2019,133
Iceland,Robotics,2019,542
Luxembourg,AI Safety,2022,398
Asia,AI Safety,2026,153
Global Partnership on Artificial Intelligence,AI Safety,2023,118893
Ireland,AI Safety,2021,967
Saint Lucia,AI Safety,2025,2
Lebanon,AI Safety,2017,10
Uganda,AI Safety,2025,34
Pakistan,AI Safety,2017,34
Iraq,AI Safety,2025,50
ASEAN,AI Safety,2020,13764
Argentina,AI Safety,2022,247
United Arab Emirates,AI Safety,2022,1671
United Arab Emirates,AI Safety,2025,915
Belgium,AI Safety,2023,1594
Botswana,AI Safety,2025,3
Lithuania,AI Safety,2023,113
Austria,AI Safety,2017,501
Vietnam,AI Safety,2020,95
New Zealand,AI Safety,2017,277
Czechia,All,2016,18729
Portugal,All,2023,29610
Zimbabwe,All,2020,122
Iraq,All,2018,8561
Venezuela,All,2025,91
Republic of the Congo,All,2016,5
Japan,All,2016,101519
Fiji,All,2017,500
Fiji,All,2024,557
Malaysia,All,2023,54352
Lesotho,All,2019,39
Uzbekistan,All,2021,1362
Guatemala,All,2017,142
Mongolia,All,2020,200
Andorra,All,2023,1
Qatar,All,2016,10311
Bulgaria,All,2023,5178
United Arab Emirates,All,2017,11981
Lebanon,All,2025,1013
Kazakhstan,All,2018,2694
Syria,All,2022,1438
Mauritius,All,2024,237
Panama,All,2017,232
Iceland,All,2023,2728
Benin,All,2024,207
Kyrgyzstan,All,2017,1
Turkey,All,2017,45347
Honduras,All,2021,134
Iran,All,2025,7971
Poland,All,2023,41717
Sweden,All,2020,77885
Ecuador,All,2019,5770
Ecuador,All,2020,4985
Uganda,All,2019,520
Uganda,All,2021,1405
OECD,All,2019,4287445
Greece,All,2025,7993
Five Eyes,All,2022,1762805
NATO,All,2025,282459
Sao Tome and Principe,All,2022,20
Malaysia,Computer Vision,2026,4
Kosovo,Computer Vision,2017,7
Cambodia,Computer Vision,2020,28
Ireland,Computer Vision,2016,3474
Syria,Computer Vision,2020,527
Serbia,Computer Vision,2017,1224
Namibia,Computer Vision,2016,178
Brazil,Computer Vision,2025,1340
Saudi Arabia,Computer Vision,2019,22815
Slovakia,Computer Vision,2019,642
Libya,Computer Vision,2019,70
Libya,Computer Vision,2025,10
India,Computer Vision,2021,167747
Guatemala,Computer Vision,2023,24
France,Computer Vision,2025,2952
Armenia,Computer Vision,2018,3
United Arab Emirates,Computer Vision,2017,3571
North America and the Caribbean,Computer Vision,2025,35778
Honduras,Computer Vision,2018,59
Malta,Computer Vision,2016,407
Indonesia,Computer Vision,2018,11206
Bosnia and Herzegovina,Computer Vision,2021,267
Nigeria,Computer Vision,2023,2582
Oceania,Computer Vision,2020,151611
Iraq,Computer Vision,2018,3573
Venezuela,Computer Vision,2024,3
Switzerland,Computer Vision,2019,49491
Israel,Computer Vision,2023,10953
Thailand,Computer Vision,2023,4823
Ethiopia,Computer Vision,2017,165
Benin,Computer Vision,2016,61
Ukraine,Computer Vision,2024,1190
Bulgaria,Large language models,2024,209
New Zealand,Large language models,2024,966
Japan,Large language models,2022,9768
Lithuania,Large language models,2020,141
Russia,Large language models,2017,170
Lebanon,Large language models,2019,90
Lebanon,Large language models,2025,7
Malawi,Large language models,2023,32
Ghana,Large language models,2022,123
Bosnia and Herzegovina,Large language models,2024,32
Egypt,Large language models,2024,1208
Thailand,Large language models,2024,805
Canada,Large language models,2018,11216
Luxembourg,Large language models,2020,48
South Korea,Large language models,2023,28712
Germany,Large language models,2025,5746
Belgium,Large language models,2020,1085
Philippines,Large language models,2022,376
Cameroon,Natural Language Processing,2024,61
Azerbaijan,Natural Language Processing,2022,3
Indonesia,Natural Language Processing,2020,5936
Vietnam,Natural Language Processing,2025,126
Cyprus,Natural Language Processing,2024,192
Japan,Natural Language Processing,2017,12353
North Korea,Natural Language Processing,2021,1
Romania,Natural Language Processing,2025,285
Grenada,Natural Language Processing,2021,82
Belize,Natural Language Processing,2020,1
EU,Natural Language Processing,2026,47
Panama,Natural Language Processing,2021,1
Denmark,Natural Language Processing,2017,5551
North Macedonia,Natural Language Processing,2017,46
United Kingdom,Natural Language Processing,2020,56517
Kenya,Natural Language Processing,2018,70
North America and the Caribbean,Natural Language Processing,2018,364915
New Zealand,Natural Language Processing,2022,1927
Yemen,Natural Language Processing,2024,260
Asia,Natural Language Processing,2018,211429
Portugal,Natural Language Processing,2017,1628
Oman,Natural Language Processing,2021,225
Algeria,Natural Language Processing,2017,682
Bangladesh,Natural Language Processing,2019,4061
Estonia,Natural Language Processing,2025,34
Libya,Natural Language Processing,2019,213
Cuba,Natural Language Processing,2018,30
Oceania,Natural Language Processing,2018,15774
Oceania,Natural Language Processing,2022,13540
Benin,Natural Language Processing,2016,36
Uganda,Natural Language Processing,2021,321
Malta,Natural Language Processing,2020,419
Angola,Natural Language Processing,2023,83
Zambia,Natural Language Processing,2025,1
Portugal,Robotics,2025,476
Spain,Robotics,2017,18551
Morocco,Robotics,2023,492
Australia,Robotics,2016,23249
North Macedonia,Robotics,2019,117
Cyprus,Robotics,2025,104
Montenegro,Robotics,2024,3
Mongolia,Robotics,2023,10
Sri Lanka,Robotics,2021,407
Botswana,Robotics,2023,9
Guatemala,Robotics,2020,89
Iraq,Robotics,2016,750
India,Robotics,2023,15521
Hungary,Robotics,2020,1982
Venezuela,Robotics,2018,71
Cuba,Robotics,2022,39
Myanmar,Robotics,2022,93
Mexico,Robotics,2020,4499
Nigeria,Robotics,2023,332
Brunei,Robotics,2024,141
Philippines,Robotics,2016,142
Oman,Robotics,2021,134
Oman,Robotics,2024,276
Zimbabwe,Robotics,2025,2
Algeria,Robotics,2025,120
Israel,Robotics,2023,2258
Norway,Robotics,2018,5270
Panama,Robotics,2023,62
Asia,Robotics,2022,302740
Estonia,Robotics,2022,527
Kenya,Robotics,2020,119
Jordan,AI Safety,2021,66
Portugal,AI Safety,2016,84
NATO,AI Safety,2019,204409
Africa,AI Safety,2019,421
Italy,AI Safety,2022,4339
Uganda,AI Safety,2023,45
Mexico,AI Safety,2020,255
Mexico,AI Safety,2021,104
Czechia,AI Safety,2021,93
France,AI Safety,2021,4349
Cyprus,AI Safety,2025,25
South Korea,AI Safety,2024,2807
Madagascar,AI Safety,2024,4
South and Central America,AI Safety,2024,787
Uzbekistan,AI Safety,2023,49
Uzbekistan,AI Safety,2024,117
Sri Lanka,AI Safety,2024,24
Cambodia,AI Safety,2025,6
Angola,AI Safety,2023,11
Taiwan,AI Safety,2023,566
Canada,All,2021,267522
Philippines,All,2026,3
Togo,All,2023,201
Asia,All,2026,3786
New Zealand,All,2020,25351
Niger,All,2022,71
Mozambique,All,2021,99
Rwanda,All,2024,804
Namibia,All,2016,197
Lesotho,All,2023,3
Libya,All,2016,179
Algeria,All,2017,7032
Yemen,All,2020,3843
Haiti,All,2021,109
Laos,All,2025,5
Montenegro,All,2019,71
Panama,All,2022,507
El Salvador,All,2017,28
El Salvador,All,2018,36
South Korea,All,2022,195685
Belarus,All,2020,794
India,All,2016,166957
Switzerland,All,2020,141871
Switzerland,All,2023,99510
Ireland,All,2020,30446
Saudi Arabia,All,2023,134707
Denmark,All,2020,48642
Thailand,All,2016,7802
Thailand,All,2024,12112
Cameroon,All,2016,39
Bolivia,All,2022,392
Turkmenistan,All,2025,2
Honduras,All,2023,121
Swaziland,All,2017,1
Chile,All,2024,4311
Tanzania,All,2025,146
Lithuania,All,2017,3171
France,All,2018,193247
France,All,2021,180659
Hungary,All,2019,14520
Barbados,All,2021,52
Cyprus,All,2020,10123
Bhutan,All,2019,5
Five Eyes,All,2018,2995228
Five Eyes,All,2020,3175576
Botswana,All,2020,506
China,All,2023,1633678
Ukraine,All,2022,5790
Singapore,Computer Vision,2019,74093
Tanzania,Computer Vision,2016,50
Austria,Computer Vision,2016,12916
Brazil,Computer Vision,2016,16519
Canada,Computer Vision,2024,19753
Australia,Computer Vision,2019,150392
North Macedonia,Computer Vision,2016,108
North Macedonia,Computer Vision,2022,424
Dominican Republic,Computer Vision,2019,16
Mali,Computer Vision,2022,12
India,Computer Vision,2016,76185
India,Computer Vision,2023,120826
Philippines,Computer Vision,2017,1063
Finland,Computer Vision,2016,10587
Belgium,Computer Vision,2026,9
Iceland,Computer Vision,2016,2004
Luxembourg,Computer Vision,2021,791
Armenia,Computer Vision,2022,113
Yemen,Computer Vision,2017,231
Yemen,Computer Vision,2019,221
Estonia,Computer Vision,2017,1117
Estonia,Computer Vision,2021,617
Senegal,Computer Vision,2017,5
Peru,Computer Vision,2024,366
Czechia,Computer Vision,2020,8771
Democratic Republic of the Congo,Computer Vision,2024,11
Quad,Computer Vision,2022,603855
Bosnia and Herzegovina,Computer Vision,2020,416
Bosnia and Herzegovina,Computer Vision,2025,20
Venezuela,Computer Vision,2017,265
Venezuela,Computer Vision,2021,45
North Korea,Computer Vision,2020,49
Bolivia,Computer Vision,2021,4
Belize,Computer Vision,2024,10
Uzbekistan,Computer Vision,2025,731
South Korea,Computer Vision,2020,103673
Vietnam,Computer Vision,2016,2417
South and Central America,Large language models,2025,659
New Zealand,Large language models,2023,1787
Tunisia,Large language models,2022,479
Uruguay,Large language models,2022,49
Latvia,Large language models,2018,30
North America and the Caribbean,Large language models,2023,332917
Peru,Large language models,2021,62
Myanmar,Large language models,2021,8
Singapore,Large language models,2016,1668
Norway,Large language models,2020,615
Norway,Large language models,2023,3918
Portugal,Large language models,2024,927
Thailand,Large language models,2021,486
Canada,Large language models,2024,11789
South Africa,Large language models,2024,452
United States,Large language models,2016,62022
Jordan,Large language models,2024,765
Denmark,Large language models,2024,3589
Ireland,Large language models,2016,146
Spain,Large language models,2020,3056
Malaysia,Large language models,2021,1265
NATO,Large language models,2019,289073
Venezuela,Natural Language Processing,2019,28
Indonesia,Natural Language Processing,2017,3783
Timor-Leste,Natural Language Processing,2021,3
Slovenia,Natural Language Processing,2022,655
Belgium,Natural Language Processing,2019,3105
Iraq,Natural Language Processing,2024,722
United Arab Emirates,Natural Language Processing,2020,2716
Taiwan,Natural Language Processing,2022,4474
EU,Natural Language Processing,2019,103941
EU,Natural Language Processing,2025,10654
NATO,Natural Language Processing,2026,289
Kenya,Natural Language Processing,2016,34
Norway,Natural Language Processing,2024,1659
India,Natural Language Processing,2022,34594
Tanzania,Natural Language Processing,2023,142
Pakistan,Natural Language Processing,2023,6233
Italy,Natural Language Processing,2017,9253
Austria,Natural Language Processing,2018,2492
Austria,Natural Language Processing,2024,1425
Bangladesh,Natural Language Processing,2022,3761
Quad,Natural Language Processing,2023,277749
Quad,Natural Language Processing,2025,24990
Quad,Natural Language Processing,2026,232
Barbados,Natural Language Processing,2024,3
Albania,Natural Language Processing,2018,75
Five Eyes,Natural Language Processing,2022,211095
Cambodia,Natural Language Processing,2019,12
Poland,Natural Language Processing,2025,418
Kosovo,Robotics,2019,24
Spain,Robotics,2019,20762
France,Robotics,2018,28483
Australia,Robotics,2020,20620
Slovakia,Robotics,2018,1183
New Zealand,Robotics,2017,3994
Cyprus,Robotics,2016,802
Cyprus,Robotics,2024,440
United States,Robotics,2025,12603
Hungary,Robotics,2023,1025
Bulgaria,Robotics,2023,292
Venezuela,Robotics,2023,271
Cuba,Robotics,2023,40
Saudi Arabia,Robotics,2020,4112
Guyana,Robotics,2023,1
Malaysia,Robotics,2024,2348
Azerbaijan,Robotics,2022,27
Asia,Robotics,2018,260588
Asia,Robotics,2026,593
Kenya,Robotics,2018,37
Grenada,Robotics,2018,65
Qatar,AI Safety,2020,1332
Kazakhstan,AI Safety,2024,54
Poland,AI Safety,2026,1
China,AI Safety,2020,56797
Africa,AI Safety,2017,186
Lebanon,AI Safety,2022,190
Singapore,AI Safety,2024,4900
Mexico,AI Safety,2025,42
Czechia,AI Safety,2017,181
North America and the Caribbean,AI Safety,2020,161039
Saudi Arabia,AI Safety,2017,50
Yemen,AI Safety,2020,83
Netherlands,AI Safety,2018,3948
United States,AI Safety,2016,102819
Malta,AI Safety,2024,254
Serbia,AI Safety,2019,54
Oceania,AI Safety,2026,23
Bulgaria,AI Safety,2019,2
Sri Lanka,AI Safety,2022,32
Austria,AI Safety,2022,2227
Portugal,All,2026,9
Philippines,All,2024,4461
Estonia,All,2019,5838
Republic of the Congo,All,2020,12
Fiji,All,2019,1318
Malaysia,All,2018,54481
Niger,All,2025,2
Nigeria,All,2017,3369
Tajikistan,All,2024,110
Uzbekistan,All,2016,24
Malta,All,2024,954
Paraguay,All,2022,271
Timor-Leste,All,2017,92
Oceania,All,2026,380
Finland,All,2026,16
Laos,All,2022,11
Iceland,All,2021,2201
South Korea,All,2021,252465
Kyrgyzstan,All,2016,1
Belarus,All,2025,67
Côte d'Ivoire,All,2021,105
Ireland,All,2018,23179
Slovakia,All,2017,3048
Thailand,All,2018,11846
Tunisia,All,2023,11107
Saint Lucia,All,2025,418
Uruguay,All,2016,290
Ecuador,All,2025,1526
OECD,All,2022,2778226
Australia,All,2017,184714
Australia,All,2021,306584
Vietnam,All,2018,22214
Cyprus,All,2023,9770
Bangladesh,All,2017,10037
Ghana,All,2025,411
North America and the Caribbean,All,2021,1956267
Cambodia,Computer Vision,2017,50
Cambodia,Computer Vision,2023,36
Egypt,Computer Vision,2020,22084
Sierra Leone,Computer Vision,2023,99
Mongolia,Computer Vision,2024,17
Libya,Computer Vision,2021,231
Cuba,Computer Vision,2024,111
Philippines,Computer Vision,2023,2017
Finland,Computer Vision,2020,16076
Portugal,Computer Vision,2024,3901
Chad,Computer Vision,2024,16
Norway,Computer Vision,2019,10029
Estonia,Computer Vision,2020,824
Kyrgyzstan,Computer Vision,2019,191
Kyrgyzstan,Computer Vision,2023,58
New Zealand,Computer Vision,2018,4446
Madagascar,Computer Vision,2020,292
Czechia,Computer Vision,2016,6809
Czechia,Computer Vision,2019,7029
Romania,Computer Vision,2020,5384
Laos,Computer Vision,2022,2
South and Central America,Computer Vision,2016,23359
South and Central America,Computer Vision,2017,28556
South and Central America,Computer Vision,2023,12645
Ecuador,Computer Vision,2017,1815
Ecuador,Computer Vision,2022,911
Bolivia,Computer Vision,2018,11
Netherlands,Computer Vision,2016,37522
South Africa,Computer Vision,2017,6713
Slovenia,Computer Vision,2019,3592
Bulgaria,Large language models,2018,18
Mexico,Large language models,2019,126
Trinidad and Tobago,Large language models,2024,2
Serbia,Large language models,2019,74
Oceania,Large language models,2023,36146
Morocco,Large language models,2022,342
Latvia,Large language models,2024,3
Singapore,Large language models,2020,24130
Five Eyes,Large language models,2017,100253
Five Eyes,Large language models,2019,271687
Asia,Large language models,2025,58665
Kenya,Large language models,2025,8
Greece,Large language models,2016,119
Kuwait,Large language models,2024,142
EU,Large language models,2019,39830
Israel,Large language models,2021,18413
Indonesia,Large language models,2019,254
Qatar,Large language models,2021,821
Denmark,Large language models,2019,811
Georgia,Large language models,2022,24
South Korea,Natural Language Processing,2017,5174
South Korea,Natural Language Processing,2024,5617
South Korea,Natural Language Processing,2026,14
Ukraine,Natural Language Processing,2022,382
Ukraine,Natural Language Processing,2023,2061
Morocco,Natural Language Processing,2020,1347
Morocco,Natural Language Processing,2025,130
Mexico,Natural Language Processing,2021,1684
Azerbaijan,Natural Language Processing,2021,67
Malawi,Natural Language Processing,2022,241
Bahrain,Natural Language Processing,2017,1
Botswana,Natural Language Processing,2022,13
Croatia,Natural Language Processing,2024,640
Cyprus,Natural Language Processing,2018,1113
South and Central America,Natural Language Processing,2018,7542
Iraq,Natural Language Processing,2019,456
Costa Rica,Natural Language Processing,2021,2
Sudan,Natural Language Processing,2019,310
EU,Natural Language Processing,2022,77404
Syria,Natural Language Processing,2025,9
United Kingdom,Natural Language Processing,2025,5223
Argentina,Natural Language Processing,2021,424
Nepal,Natural Language Processing,2021,219
Nepal,Natural Language Processing,2024,52
Yemen,Natural Language Processing,2021,766
Rwanda,Natural Language Processing,2021,4
Pakistan,Natural Language Processing,2019,4631
Mauritius,Natural Language Processing,2016,16
Latvia,Natural Language Processing,2025,26
OECD,Natural Language Processing,2018,501311
OECD,Natural Language Processing,2020,468002
Oceania,Natural Language Processing,2017,13125
Spain,Natural Language Processing,2020,13371
Ireland,Natural Language Processing,2025,304
Zambia,Natural Language Processing,2021,414
France,Robotics,2016,23339
Fiji,Robotics,2020,172
Fiji,Robotics,2025,3
Ghana,Robotics,2021,44
Yemen,Robotics,2024,34
ASEAN,Robotics,2020,31989
Guatemala,Robotics,2016,15
Russia,Robotics,2023,2462
Switzerland,Robotics,2019,23014
Egypt,Robotics,2024,1651
Bosnia and Herzegovina,Robotics,2019,152
Bosnia and Herzegovina,Robotics,2021,108
Belarus,Robotics,2018,30
Brazil,Robotics,2020,7315
Brazil,Robotics,2021,6966
Iran,Robotics,2024,1627
Uzbekistan,Robotics,2025,14
Bahrain,Robotics,2020,51
Greece,Robotics,2022,4783
Romania,Robotics,2024,864
Norway,Robotics,2017,3597
South Korea,Robotics,2021,27706
Kenya,Robotics,2024,36
Iceland,Robotics,2024,20
Japan,AI Safety,2021,3304
Portugal,AI Safety,2025,204
China,AI Safety,2016,10549
Fiji,AI Safety,2024,38
Greece,AI Safety,2018,396
Singapore,AI Safety,2017,1359
France,AI Safety,2017,47525
Denmark,AI Safety,2025,350
Malaysia,AI Safety,2020,412
Netherlands,AI Safety,2025,920
Israel,AI Safety,2021,3456
North Macedonia,AI Safety,2024,5
Bulgaria,AI Safety,2018,7
South and Central America,AI Safety,2017,1156
Indonesia,AI Safety,2022,92
Liechtenstein,AI Safety,2020,162
Algeria,AI Safety,2024,180
New Zealand,AI Safety,2023,742
Iraq,All,2017,9108
Sri Lanka,All,2016,1586
Fiji,All,2022,521
Tonga,All,2023,41
Luxembourg,All,2018,4510
Pakistan,All,2017,26450
Azerbaijan,All,2023,699
Laos,All,2021,18
ASEAN,All,2020,374471
Panama,All,2025,73
El Salvador,All,2023,108
South and Central America,All,2021,96268
Romania,All,2025,3833
Côte d'Ivoire,All,2024,208
Slovakia,All,2025,682
Cambodia,All,2025,122
Denmark,All,2016,28939
Burundi,All,2019,572
Africa,All,2017,61583
North Macedonia,All,2022,1368
North Macedonia,All,2023,1373
North Korea,All,2023,71
Honduras,All,2017,11
Iran,All,2021,69955
Mali,All,2024,9
Jordan,All,2016,7367
France,All,2020,195365
Uganda,All,2017,275
Russia,All,2026,7
Peru,All,2022,4208
Israel,All,2016,47633
Croatia,All,2024,3393
Ghana,All,2017,544
Bhutan,All,2020,255
NATO,All,2020,3827277
Botswana,All,2018,13
Cape Verde,All,2017,9
Cape Verde,All,2019,7
China,All,2022,1725881
Malaysia,Computer Vision,2025,2506
Malawi,Computer Vision,2022,219
Ireland,Computer Vision,2025,768
Côte d'Ivoire,Computer Vision,2024,57
Mongolia,Computer Vision,2020,32
Philippines,Computer Vision,2022,2841
Hungary,Computer Vision,2017,1576
Zambia,Computer Vision,2023,68
Zambia,Computer Vision,2024,76
Finland,Computer Vision,2023,8693
Belgium,Computer Vision,2016,15786
Portugal,Computer Vision,2025,895
Timor-Leste,Computer Vision,2017,92
Kuwait,Computer Vision,2024,768
United Arab Emirates,Computer Vision,2026,1
Poland,Computer Vision,2023,7873
Senegal,Computer Vision,2021,173
Barbados,Computer Vision,2020,42
Bangladesh,Computer Vision,2018,6836
Germany,Computer Vision,2024,35253
Spain,Computer Vision,2019,47766
Spain,Computer Vision,2024,12718
Switzerland,Computer Vision,2018,48612
South Africa,Computer Vision,2018,3828
Ukraine,Computer Vision,2025,208
Taiwan,Computer Vision,2019,34423
Bangladesh,Large language models,2018,117
Oceania,Large language models,2018,4421
Sweden,Large language models,2017,27
Argentina,Large language models,2020,87
United Arab Emirates,Large language models,2024,4689
United Arab Emirates,Large language models,2025,1447
Tunisia,Large language models,2019,19
Uruguay,Large language models,2019,9
North America and the Caribbean,Large language models,2021,369363
Peru,Large language models,2025,2
Senegal,Large language models,2023,63
Portugal,Large language models,2023,2681
Colombia,Large language models,2019,6
Colombia,Large language models,2023,679
Switzerland,Large language models,2017,1822
Saudi Arabia,Large language models,2018,64
Luxembourg,Large language models,2022,340
United States,Large language models,2019,237918
EU,Large language models,2021,107049
Europe,Large language models,2024,83516
Turkey,Large language models,2019,122
Rwanda,Large language models,2022,20
Finland,Large language models,2022,1988
India,Large language models,2023,15131
Kuwait,Natural Language Processing,2018,52
Ghana,Natural Language Processing,2025,15
Uruguay,Natural Language Processing,2017,58
Malawi,Natural Language Processing,2020,6
United States,Natural Language Processing,2021,242358
United Arab Emirates,Natural Language Processing,2019,3771
Papua New Guinea,Natural Language Processing,2021,133
Montenegro,Natural Language Processing,2022,13
Syria,Natural Language Processing,2017,6
Ecuador,Natural Language Processing,2023,129
United Kingdom,Natural Language Processing,2018,54945
Chile,Natural Language Processing,2016,252
Tanzania,Natural Language Processing,2025,7
New Zealand,Natural Language Processing,2016,918
New Zealand,Natural Language Processing,2018,4092
New Zealand,Natural Language Processing,2020,1576
Cape Verde,Natural Language Processing,2024,1
Asia,Natural Language Processing,2024,110241
ASEAN,Natural Language Processing,2023,47854
Italy,Natural Language Processing,2020,15811
Bahamas,Natural Language Processing,2024,29
OECD,Natural Language Processing,2022,280022
Cuba,Natural Language Processing,2017,1
Serbia,Natural Language Processing,2016,373
Serbia,Natural Language Processing,2020,290
Iran,Natural Language Processing,2024,832
Spain,Natural Language Processing,2019,13344
Armenia,Natural Language Processing,2023,26
Portugal,Robotics,2018,6128
Portugal,Robotics,2021,5997
Colombia,Robotics,2016,4816
Canada,Robotics,2025,1644
Singapore,Robotics,2025,1794
Ukraine,Robotics,2019,628
Yemen,Robotics,2020,168
Yemen,Robotics,2023,85
Dominican Republic,Robotics,2025,3
Honduras,Robotics,2020,152
Turkey,Robotics,2025,738
NATO,Robotics,2021,347895
Austria,Robotics,2026,2
Bulgaria,Robotics,2025,34
Myanmar,Robotics,2023,82
Sudan,Robotics,2024,11
Egypt,Robotics,2020,3014
Lithuania,Robotics,2020,415
Zimbabwe,Robotics,2024,2
Israel,Robotics,2021,3222
Czechia,Robotics,2023,1648
EU,AI Safety,2016,17132
EU,AI Safety,2026,23
Croatia,AI Safety,2021,333
Lebanon,AI Safety,2025,12
OECD,AI Safety,2026,98
Canada,AI Safety,2024,5920
Czechia,AI Safety,2024,92
North America and the Caribbean,AI Safety,2026,38
Denmark,AI Safety,2024,801
Saudi Arabia,AI Safety,2022,467
Iran,AI Safety,2023,252
Malaysia,AI Safety,2023,612
United Arab Emirates,AI Safety,2024,1826
Five Eyes,AI Safety,2026,75
Lithuania,AI Safety,2019,14
Finland,AI Safety,2021,819
Vietnam,AI Safety,2017,161
Portugal,All,2019,41843
Togo,All,2022,265
Togo,All,2024,89
Venezuela,All,2024,892
New Zealand,All,2019,26894
Niger,All,2016,1
Nigeria,All,2016,1192
Latvia,All,2025,381
Uzbekistan,All,2025,1629
Libya,All,2023,1256
Qatar,All,2021,23963
United States,All,2025,142248
United Arab Emirates,All,2016,5799
Yemen,All,2018,917
Oman,All,2016,672
Oman,All,2019,1631
Haiti,All,2024,9
Azerbaijan,All,2018,531
Azerbaijan,All,2020,482
Azerbaijan,All,2025,625
Finland,All,2019,48916
Egypt,All,2022,52053
Brazil,All,2018,57941
South Africa,All,2018,10025
South Africa,All,2025,3641
India,All,2021,438782
Tunisia,All,2021,14957
Cameroon,All,2024,760
Jamaica,All,2024,15
Saint Lucia,All,2017,2
Armenia,All,2017,1933
Tanzania,All,2019,890
Afghanistan,All,2024,1650
Chad,All,2021,37
Barbados,All,2019,7
Peru,All,2016,874
Peru,All,2017,5724
Israel,All,2019,62554
Ghana,All,2020,3345
Cape Verde,All,2018,4
Austria,All,2019,49294
Austria,All,2024,19044
Malaysia,Computer Vision,2022,18928
Cameroon,Computer Vision,2019,352
Denmark,Computer Vision,2023,7909
Ireland,Computer Vision,2024,4146
Fiji,Computer Vision,2017,10
Fiji,Computer Vision,2024,29
Montenegro,Computer Vision,2019,33
Qatar,Computer Vision,2017,5146
Paraguay,Computer Vision,2021,170
Belgium,Computer Vision,2024,4267
France,Computer Vision,2017,116959
Norway,Computer Vision,2025,838
Togo,Computer Vision,2022,154
United Arab Emirates,Computer Vision,2024,8825
Poland,Computer Vision,2022,9059
Sudan,Computer Vision,2020,447
Albania,Computer Vision,2019,95
Albania,Computer Vision,2023,55
Costa Rica,Computer Vision,2023,93
United Kingdom,Computer Vision,2025,12646
Germany,Computer Vision,2017,110271
Ecuador,Computer Vision,2025,152
Spain,Computer Vision,2018,44969
Croatia,Computer Vision,2024,588
Oman,Computer Vision,2016,152
Israel,Computer Vision,2016,13018
North Korea,Computer Vision,2024,4
Bolivia,Computer Vision,2017,22
Jordan,Computer Vision,2025,1871
Haiti,Computer Vision,2016,1
Ukraine,Computer Vision,2018,4919
Uzbekistan,Computer Vision,2016,10
Ethiopia,Large language models,2024,145
Argentina,Large language models,2025,29
Montenegro,Large language models,2025,77
OECD,Large language models,2016,75485
Myanmar,Large language models,2019,15
Egypt,Large language models,2019,141
Egypt,Large language models,2023,1369
Five Eyes,Large language models,2024,160372
Netherlands,Large language models,2017,2021
Netherlands,Large language models,2022,6603
Chile,Large language models,2019,239
Portugal,Large language models,2018,226
Thailand,Large language models,2025,162
Colombia,Large language models,2018,5
Asia,Large language models,2020,277913
Europe,Large language models,2018,36535
Turkey,Large language models,2025,1440
Syria,Large language models,2023,47
Belgium,Large language models,2017,285
Qatar,Large language models,2022,472
Malaysia,Large language models,2016,12
Africa,Natural Language Processing,2019,13676
Africa,Natural Language Processing,2023,9928
Switzerland,Natural Language Processing,2024,4596
Mexico,Natural Language Processing,2020,1751
Germany,Natural Language Processing,2017,35581
Belarus,Natural Language Processing,2023,3
Bosnia and Herzegovina,Natural Language Processing,2018,8
Thailand,Natural Language Processing,2016,551
Trinidad and Tobago,Natural Language Processing,2025,15
Kosovo,Natural Language Processing,2019,7
Bulgaria,Natural Language Processing,2022,495
North Macedonia,Natural Language Processing,2025,38
Peru,Natural Language Processing,2022,324
North America and the Caribbean,Natural Language Processing,2019,305224
New Zealand,Natural Language Processing,2024,1423
Iran,Natural Language Processing,2020,6505
Iran,Natural Language Processing,2021,2132
Five Eyes,Natural Language Processing,2018,406516
Jordan,Natural Language Processing,2022,1398
Morocco,Robotics,2024,462
Canada,Robotics,2016,27674
Canada,Robotics,2026,13
Vietnam,Robotics,2016,1580
Montenegro,Robotics,2025,10
Pakistan,Robotics,2017,1332
India,Robotics,2017,14138
India,Robotics,2018,16505
Bulgaria,Robotics,2019,1144
Albania,Robotics,2022,5
Bangladesh,Robotics,2019,970
Switzerland,Robotics,2018,29542
Egypt,Robotics,2019,2443
Bosnia and Herzegovina,Robotics,2017,218
Belarus,Robotics,2020,75
Vatican City,Robotics,2021,53
United Arab Emirates,Robotics,2020,3562
Quad,Robotics,2021,212394
Tanzania,Robotics,2025,3
United Kingdom,Robotics,2026,34
Thailand,Robotics,2017,1615
Thailand,Robotics,2024,714
Estonia,Robotics,2016,198
Russia,AI Safety,2025,38
Japan,AI Safety,2018,8603
China,AI Safety,2025,8459
Croatia,AI Safety,2018,95
NATO,AI Safety,2018,184205
Philippines,AI Safety,2016,12
OECD,AI Safety,2019,221308
Pakistan,AI Safety,2018,767
Germany,AI Safety,2018,15091
Canada,AI Safety,2017,10457
Brazil,AI Safety,2016,490
Slovakia,AI Safety,2025,37
Hungary,AI Safety,2017,50
Sweden,AI Safety,2019,3494
Sweden,AI Safety,2023,1913
Five Eyes,AI Safety,2017,232323
Bangladesh,AI Safety,2018,108
Finland,AI Safety,2017,1621
Slovenia,AI Safety,2019,74
New Zealand,AI Safety,2018,240
Taiwan,AI Safety,2019,1746
Canada,All,2023,195151
Iraq,All,2019,15599
Kenya,All,2025,378
Georgia,All,2019,687
Paraguay,All,2020,486
Taiwan,All,2021,90919
Taiwan,All,2023,54270
El Salvador,All,2021,118
Saint Kitts and Nevis,All,2021,4
Guinea,All,2021,7
Egypt,All,2024,25742
Mexico,All,2023,17649
Mexico,All,2026,15
Iceland,All,2017,5258
Europe,All,2019,1772216
Antigua and Barbuda,All,2024,21
Burkina Faso,All,2017,347
Côte d'Ivoire,All,2022,579
Ireland,All,2022,28070
Angola,All,2020,5
Burundi,All,2023,80
Burundi,All,2024,10
Turkey,All,2020,78331
Cameroon,All,2017,171
Cameroon,All,2021,1054
Jamaica,All,2019,93
Jamaica,All,2020,10
Swaziland,All,2022,159
Iran,All,2019,57997
Germany,All,2016,263540
Myanmar,All,2022,428
Afghanistan,All,2019,54
Afghanistan,All,2020,225
Dominican Republic,All,2021,116
France,All,2022,129424
Barbados,All,2022,32
Greece,All,2023,36648
Albania,All,2023,401
Global Partnership on Artificial Intelligence,All,2018,4218681
Vietnam,All,2020,50391
Croatia,All,2016,6179
Mexico,Computer Vision,2024,1659
Kenya,Computer Vision,2017,246
Cambodia,Computer Vision,2018,207
Malawi,Computer Vision,2017,19
Côte d'Ivoire,Computer Vision,2023,86
Tonga,Computer Vision,2024,17
Slovakia,Computer Vision,2022,2372
Australia,Computer Vision,2025,7248
North Macedonia,Computer Vision,2021,90
Guatemala,Computer Vision,2022,27
Finland,Computer Vision,2025,755
Belgium,Computer Vision,2019,16350
Mauritania,Computer Vision,2024,1
Turkey,Computer Vision,2017,20215
Uganda,Computer Vision,2022,336
France,Computer Vision,2018,74738
Kuwait,Computer Vision,2016,98
Afghanistan,Computer Vision,2022,452
Pakistan,Computer Vision,2019,31318
New Zealand,Computer Vision,2019,5771
Panama,Computer Vision,2022,56
Belarus,Computer Vision,2025,12
Peru,Computer Vision,2022,1222
Bangladesh,Computer Vision,2022,13986
Ecuador,Computer Vision,2019,875
Israel,Computer Vision,2018,22839
Israel,Computer Vision,2020,15753
Papua New Guinea,Computer Vision,2025,16
Tajikistan,Computer Vision,2020,23
Uzbekistan,Computer Vision,2024,1334
Vietnam,Computer Vision,2018,5860
Vietnam,Computer Vision,2022,7975
ASEAN,Large language models,2021,44291
Ethiopia,Large language models,2025,12
Japan,Large language models,2017,3474
Argentina,Large language models,2018,409
Latvia,Large language models,2019,22
Austria,Large language models,2020,666
Singapore,Large language models,2022,30562
Iran,Large language models,2023,1651
Slovakia,Large language models,2017,10
Switzerland,Large language models,2019,11563
Sri Lanka,Large language models,2020,53
Quad,Large language models,2022,272480
Israel,Large language models,2017,2135
Cyprus,Large language models,2022,70
Vietnam,Large language models,2018,41
Uzbekistan,Large language models,2023,59
Sudan,Large language models,2023,12
Kuwait,Natural Language Processing,2019,14
Africa,Natural Language Processing,2021,12006
Africa,Natural Language Processing,2025,935
Philippines,Natural Language Processing,2019,365
Myanmar,Natural Language Processing,2021,51
Cyprus,Natural Language Processing,2017,321
Cyprus,Natural Language Processing,2021,228
Slovakia,Natural Language Processing,2019,857
Guyana,Natural Language Processing,2023,5
United States,Natural Language Processing,2019,291321
United States,Natural Language Processing,2020,280655
Belgium,Natural Language Processing,2021,2918
Syria,Natural Language Processing,2016,4
United Kingdom,Natural Language Processing,2026,38
Argentina,Natural Language Processing,2016,1027
Kenya,Natural Language Processing,2024,160
Peru,Natural Language Processing,2023,186
Moldova,Natural Language Processing,2016,27
Tanzania,Natural Language Processing,2021,9
Qatar,Natural Language Processing,2024,383
Brunei,Natural Language Processing,2025,8
Asia,Natural Language Processing,2020,328124
Rwanda,Natural Language Processing,2016,3
Mauritius,Natural Language Processing,2019,12
Tunisia,Natural Language Processing,2022,856
Latvia,Natural Language Processing,2016,72
France,Natural Language Processing,2021,17108
Serbia,Natural Language Processing,2024,163
Serbia,Natural Language Processing,2025,147
Iceland,Natural Language Processing,2018,74
Uganda,Natural Language Processing,2023,222
Comoros,Natural Language Processing,2024,57
Cambodia,Natural Language Processing,2024,14
Angola,Natural Language Processing,2024,15
Australia,Natural Language Processing,2021,15619
Colombia,Robotics,2020,1906
Morocco,Robotics,2017,293
Vietnam,Robotics,2020,3155
Fiji,Robotics,2021,256
North Macedonia,Robotics,2016,214
Syria,Robotics,2022,63
Benin,Robotics,2018,1
Pakistan,Robotics,2021,3194
India,Robotics,2026,2
Armenia,Robotics,2018,32
Austria,Robotics,2023,3306
Mexico,Robotics,2018,4086
Nigeria,Robotics,2016,68
Latvia,Robotics,2023,77
Sudan,Robotics,2021,301
Germany,Robotics,2017,49947
Germany,Robotics,2023,30045
Finland,Robotics,2024,1081
Saudi Arabia,Robotics,2022,5439
Moldova,Robotics,2022,3
Belarus,Robotics,2022,25
Brazil,Robotics,2025,427
Vatican City,Robotics,2024,6
United Arab Emirates,Robotics,2022,3694
Peru,Robotics,2024,323
Belgium,Robotics,2026,2
Nepal,Robotics,2024,32
Thailand,Robotics,2020,1219
Thailand,Robotics,2021,1518
Estonia,Robotics,2024,332
Kenya,Robotics,2025,3
Grenada,Robotics,2020,110
Japan,AI Safety,2023,3904
Quad,AI Safety,2017,227040
Africa,AI Safety,2025,1052
Italy,AI Safety,2021,5983
Greece,AI Safety,2019,427
Germany,AI Safety,2016,5731
Denmark,AI Safety,2021,764
Senegal,AI Safety,2025,10
Malaysia,AI Safety,2016,10
United States,AI Safety,2025,12624
North Macedonia,AI Safety,2020,96
Hungary,AI Safety,2025,79
Nigeria,AI Safety,2019,23
Finland,AI Safety,2025,192
Slovenia,AI Safety,2024,96
Czechia,All,2017,20249
Seychelles,All,2022,17
Philippines,All,2023,6518
Zimbabwe,All,2019,58
Liberia,All,2021,9
Netherlands,All,2023,84150
South Sudan,All,2025,22
Tonga,All,2024,51
New Zealand,All,2017,24231
Nigeria,All,2024,13987
Luxembourg,All,2021,7031
Uzbekistan,All,2018,319
Uzbekistan,All,2024,3763
Gambia,All,2020,20
United States,All,2016,1830096
United Arab Emirates,All,2018,22216
United Kingdom,All,2018,501128
ASEAN,All,2021,378106
South and Central America,All,2022,64833
Iceland,All,2022,1732
Europe,All,2020,1996163
Burkina Faso,All,2025,42
Kuwait,All,2017,626
Sudan,All,2025,188
Angola,All,2024,263
Argentina,All,2025,567
Tunisia,All,2018,9053
Gabon,All,2020,98
Sweden,All,2023,52582
Myanmar,All,2023,292
France,All,2026,72
Ecuador,All,2024,4106
Ghana,All,2022,5723
Costa Rica,All,2016,297
Ukraine,All,2016,4177
Nepal,All,2022,4047
NATO,Computer Vision,2022,734491
Five Eyes,Computer Vision,2023,475102
Denmark,Computer Vision,2016,6905
Mauritius,Computer Vision,2025,10
Niger,Computer Vision,2019,25
Serbia,Computer Vision,2022,1470
Slovakia,Computer Vision,2023,1399
Lithuania,Computer Vision,2023,1518
United States,Computer Vision,2018,806520
United States,Computer Vision,2019,717030
Finland,Computer Vision,2018,11487
Portugal,Computer Vision,2022,8371
Asia,Computer Vision,2024,608177
Luxembourg,Computer Vision,2024,492
Kuwait,Computer Vision,2020,1100
Pakistan,Computer Vision,2021,40456
Pakistan,Computer Vision,2025,3366
New Zealand,Computer Vision,2016,3136
New Zealand,Computer Vision,2026,2
Gambia,Computer Vision,2022,8
Peru,Computer Vision,2020,914
Romania,Computer Vision,2024,2075
Brunei,Computer Vision,2020,113
Myanmar,Computer Vision,2018,723
Germany,Computer Vision,2020,181576
Georgia,Computer Vision,2020,87
Chile,Computer Vision,2023,1162
ASEAN,Computer Vision,2018,104271
Uruguay,Computer Vision,2019,65
Slovenia,Computer Vision,2016,3749
South Korea,Computer Vision,2022,76916
Taiwan,Computer Vision,2020,58460
Moldova,Computer Vision,2020,4
Mexico,Large language models,2024,293
Burkina Faso,Large language models,2024,4
Oceania,Large language models,2019,10433
Taiwan,Large language models,2017,173
Czechia,Large language models,2020,948
Iraq,Large language models,2021,20
Egypt,Large language models,2018,39
Costa Rica,Large language models,2025,1
Thailand,Large language models,2020,89
Asia,Large language models,2019,196635
Armenia,Large language models,2022,59
Israel,Large language models,2019,12579
Turkey,Large language models,2016,316
Croatia,Large language models,2022,114
China,Large language models,2020,195710
Botswana,Large language models,2023,56
Ukraine,Large language models,2023,611
Ukraine,Large language models,2025,77
Spain,Large language models,2021,4935
Burkina Faso,Natural Language Processing,2020,37
Slovenia,Natural Language Processing,2024,246
Croatia,Natural Language Processing,2016,717
Georgia,Natural Language Processing,2023,1
Belgium,Natural Language Processing,2024,1636
South and Central America,Natural Language Processing,2017,3927
Israel,Natural Language Processing,2020,34215
Montenegro,Natural Language Processing,2023,1
Brazil,Natural Language Processing,2024,1101
Europe,Natural Language Processing,2024,62294
Bulgaria,Natural Language Processing,2024,155
Uzbekistan,Natural Language Processing,2024,698
Asia,Natural Language Processing,2017,164917
Oman,Natural Language Processing,2022,31
Italy,Natural Language Processing,2018,10289
Estonia,Natural Language Processing,2018,860
France,Natural Language Processing,2022,11101
Serbia,Natural Language Processing,2018,231
Armenia,Natural Language Processing,2021,4
EU,Robotics,2026,77
Canada,Robotics,2020,28251
Argentina,Robotics,2023,659
Serbia,Robotics,2016,929
Africa,Robotics,2024,3795
Cameroon,Robotics,2020,158
Cameroon,Robotics,2024,3
Mauritius,Robotics,2024,4
ASEAN,Robotics,2018,26442
Pakistan,Robotics,2025,173
South and Central America,Robotics,2026,1
Five Eyes,Robotics,2026,140
India,Robotics,2020,18794
Myanmar,Robotics,2016,2
Costa Rica,Robotics,2023,100
Kazakhstan,Robotics,2024,360
Saudi Arabia,Robotics,2024,2468
Qatar,Robotics,2021,566
Liechtenstein,Robotics,2018,38
Moldova,Robotics,2024,1
Nicaragua,Robotics,2020,8
Brunei,Robotics,2023,97
Global Partnership on Artificial Intelligence,Robotics,2018,497823
Quad,Robotics,2022,182514
Quad,Robotics,2024,74718
Algeria,Robotics,2016,1458
Azerbaijan,Robotics,2016,10
Azerbaijan,Robotics,2018,29
Georgia,Robotics,2019,21
Nepal,Robotics,2021,20
Paraguay,Robotics,2021,12
Iceland,Robotics,2025,40
Mali,AI Safety,2025,3
Asia,AI Safety,2024,43593
Japan,AI Safety,2019,5009
Poland,AI Safety,2021,998
NATO,AI Safety,2017,244754
Philippines,AI Safety,2025,44
Norway,AI Safety,2020,1596
India,AI Safety,2021,3117
Rwanda,AI Safety,2024,8
Senegal,AI Safety,2023,10
Argentina,AI Safety,2021,110
Iran,AI Safety,2016,65
Malaysia,AI Safety,2021,252
Botswana,AI Safety,2023,6
Chile,AI Safety,2016,20
Sweden,AI Safety,2016,675
Five Eyes,AI Safety,2020,185986
South and Central America,AI Safety,2019,1057
Uzbekistan,AI Safety,2025,29
Europe,AI Safety,2016,41443
Latvia,AI Safety,2023,157
Spain,AI Safety,2023,2950
Indonesia,AI Safety,2020,38
Colombia,AI Safety,2017,11
Canada,All,2025,22690
Philippines,All,2019,6241
Estonia,All,2016,4173
Zimbabwe,All,2024,155
Cuba,All,2021,943
Monaco,All,2019,97
EU,All,2021,1246836
Fiji,All,2023,377
Somalia,All,2021,66
Tajikistan,All,2020,37
Latvia,All,2019,597
Timor-Leste,All,2023,19
Algeria,All,2018,8832
Bulgaria,All,2017,2077
United States,All,2024,563732
United Kingdom,All,2021,518043
Taiwan,All,2018,60093
Kazakhstan,All,2024,3780
Azerbaijan,All,2021,750
Finland,All,2017,30678
ASEAN,All,2016,161613
ASEAN,All,2023,296113
Montenegro,All,2024,385
Egypt,All,2017,20586
Mexico,All,2021,20863
Europe,All,2023,1305653
Brazil,All,2016,40511
Brazil,All,2026,31
South Africa,All,2020,18366
Burkina Faso,All,2018,158
Côte d'Ivoire,All,2019,40
Denmark,All,2017,28824
Bosnia and Herzegovina,All,2022,858
Thailand,All,2022,16589
Chile,All,2023,7689
Quad,All,2018,2844458
Maldives,All,2024,270
France,All,2017,217457
Cyprus,All,2021,10224
Ghana,All,2026,4
Costa Rica,All,2018,645
Senegal,All,2019,879
Senegal,All,2021,471
Singapore,Computer Vision,2020,77936
NATO,Computer Vision,2019,1176499
Bhutan,Computer Vision,2021,78
Argentina,Computer Vision,2018,1118
Cyprus,Computer Vision,2023,1616
Kenya,Computer Vision,2020,482
Côte d'Ivoire,Computer Vision,2017,8
Côte d'Ivoire,Computer Vision,2018,14
Côte d'Ivoire,Computer Vision,2019,19
Ghana,Computer Vision,2020,370
Brazil,Computer Vision,2018,22594
Brazil,Computer Vision,2023,7949
Canada,Computer Vision,2018,84090
Canada,Computer Vision,2021,76210
Canada,Computer Vision,2022,57703
Cuba,Computer Vision,2018,251
Lebanon,Computer Vision,2018,755
Hungary,Computer Vision,2020,3395
Saint Kitts and Nevis,Computer Vision,2024,37
Azerbaijan,Computer Vision,2024,83
Russia,Computer Vision,2019,12016
Sudan,Computer Vision,2016,92
Albania,Computer Vision,2020,77
Czechia,Computer Vision,2025,393
Quad,Computer Vision,2025,58016
Costa Rica,Computer Vision,2021,262
South and Central America,Computer Vision,2026,2
Spain,Computer Vision,2017,55561
Jordan,Computer Vision,2017,1244
ASEAN,Computer Vision,2021,142584
Uruguay,Computer Vision,2016,129
Uruguay,Computer Vision,2021,125
Slovenia,Computer Vision,2020,2928
Cuba,Large language models,2019,106
United Kingdom,Large language models,2024,28217
Malta,Large language models,2025,3
Asia,Large language models,2024,231567
Canada,Large language models,2022,23551
Kenya,Large language models,2023,273
Luxembourg,Large language models,2016,20
China,Large language models,2016,14183
Denmark,Large language models,2020,1127
Ireland,Large language models,2019,758
NATO,Large language models,2025,46896
NATO,Large language models,2026,1
Cameroon,Natural Language Processing,2019,34
Indonesia,Natural Language Processing,2016,2425
Luxembourg,Natural Language Processing,2024,197
Philippines,Natural Language Processing,2021,545
Botswana,Natural Language Processing,2016,14
Myanmar,Natural Language Processing,2020,367
Bosnia and Herzegovina,Natural Language Processing,2017,90
Belgium,Natural Language Processing,2025,603
South and Central America,Natural Language Processing,2022,4232
United Arab Emirates,Natural Language Processing,2021,2754
Papua New Guinea,Natural Language Processing,2022,30
EU,Natural Language Processing,2020,116039
Syria,Natural Language Processing,2022,90
Panama,Natural Language Processing,2018,7
Europe,Natural Language Processing,2023,168868
Bulgaria,Natural Language Processing,2021,752
Denmark,Natural Language Processing,2018,2457
Kenya,Natural Language Processing,2019,113
Kenya,Natural Language Processing,2023,449
North America and the Caribbean,Natural Language Processing,2016,185290
Netherlands,Natural Language Processing,2018,14150
Ethiopia,Natural Language Processing,2023,445
Canada,Natural Language Processing,2021,21513
Tunisia,Natural Language Processing,2016,695
Estonia,Natural Language Processing,2024,239
Ireland,Natural Language Processing,2023,5391
Cambodia,Natural Language Processing,2023,392
Kosovo,Robotics,2025,2
Canada,Robotics,2019,29211
Fiji,Robotics,2019,45
Syria,Robotics,2017,92
Ukraine,Robotics,2025,90
Montenegro,Robotics,2017,7
Yemen,Robotics,2018,4
Japan,Robotics,2016,25235
Venezuela,Robotics,2021,155
Cuba,Robotics,2019,82
Bangladesh,Robotics,2016,564
Latvia,Robotics,2022,425
Lithuania,Robotics,2022,217
El Salvador,Robotics,2018,20
Bosnia and Herzegovina,Robotics,2020,253
Saint Kitts and Nevis,Robotics,2024,5
Global Partnership on Artificial Intelligence,Robotics,2026,296
Philippines,Robotics,2018,841
Philippines,Robotics,2020,828
Sweden,Robotics,2016,10735
Algeria,Robotics,2021,1022
Belgium,Robotics,2019,6189
Norway,Robotics,2024,1807
Panama,Robotics,2018,70
Cambodia,Robotics,2021,78
Thailand,Robotics,2018,944
Kuwait,Robotics,2018,213
Czechia,Robotics,2024,939
Cape Verde,Robotics,2017,2
Malawi,AI Safety,2024,5
Luxembourg,AI Safety,2018,329
Asia,AI Safety,2017,57963
Africa,AI Safety,2022,504
Italy,AI Safety,2017,3837
Turkey,AI Safety,2018,778
Mexico,AI Safety,2018,65
Brazil,AI Safety,2021,1467
Switzerland,AI Safety,2025,614
Cyprus,AI Safety,2017,5
Armenia,AI Safety,2025,1
Tunisia,AI Safety,2024,305
Estonia,AI Safety,2020,3
Brunei,AI Safety,2025,5
Liechtenstein,AI Safety,2022,370
United Kingdom,AI Safety,2016,23817
Czechia,All,2025,1827
Cuba,All,2020,906
EU,All,2023,878303
Japan,All,2023,102188
Somalia,All,2024,345
Rwanda,All,2018,208
Luxembourg,All,2017,3391
Andorra,All,2024,2
Taiwan,All,2025,7731
Oceania,All,2017,207632
Democratic Republic of the Congo,All,2021,65
Panama,All,2019,171
Panama,All,2024,130
El Salvador,All,2016,25
Spain,All,2016,109242
Mexico,All,2019,20554
Mexico,All,2025,2788
Europe,All,2021,1792354
South Africa,All,2023,20948
Bosnia and Herzegovina,All,2017,1562
Burundi,All,2021,371
Africa,All,2023,140200
Thailand,All,2021,20971
Jamaica,All,2021,3
Liechtenstein,All,2018,441
Quad,All,2022,1765700
OECD,All,2021,3805517
Global Partnership on Artificial Intelligence,All,2019,4456764
Global Partnership on Artificial Intelligence,All,2020,4745975
Cyprus,All,2024,4483
Peru,All,2020,2409
Botswana,All,2017,155
Bahrain,All,2021,1816
EU,Computer Vision,2017,383985
EU,Computer Vision,2020,435398
Africa,Computer Vision,2020,50629
Tanzania,Computer Vision,2019,544
Tunisia,Computer Vision,2021,5737
India,Computer Vision,2025,18335
Algeria,Computer Vision,2024,2016
Portugal,Computer Vision,2016,7478
Mauritania,Computer Vision,2021,1
Bahrain,Computer Vision,2024,306
Burkina Faso,Computer Vision,2023,30
Morocco,Computer Vision,2018,4054
Luxembourg,Computer Vision,2025,78
Armenia,Computer Vision,2020,92
Poland,Computer Vision,2021,14139
Belarus,Computer Vision,2019,277
Romania,Computer Vision,2017,5526
Quad,Computer Vision,2018,1025423
Quad,Computer Vision,2020,1142584
OECD,Computer Vision,2019,1426840
Oceania,Computer Vision,2016,74808
South and Central America,Computer Vision,2019,29955
Iraq,Computer Vision,2024,4353
Switzerland,Computer Vision,2016,75237
Bulgaria,Computer Vision,2018,503
North Korea,Computer Vision,2017,8
Chile,Computer Vision,2019,1412
Samoa,Computer Vision,2023,25
Nepal,Computer Vision,2024,454
Pakistan,Large language models,2024,1941
New Zealand,Large language models,2025,255
Algeria,Large language models,2021,132
Tanzania,Large language models,2023,68
Oceania,Large language models,2017,3995
Taiwan,Large language models,2019,3133
Tunisia,Large language models,2020,21
Tunisia,Large language models,2025,85
Latvia,Large language models,2023,562
Austria,Large language models,2025,649
Uganda,Large language models,2021,285
Myanmar,Large language models,2025,1
Hungary,Large language models,2023,158
Norway,Large language models,2021,852
Yemen,Large language models,2022,165
Slovakia,Large language models,2020,5
Colombia,Large language models,2025,98
Ecuador,Large language models,2020,14
South Korea,Large language models,2018,3594
Quad,Large language models,2026,1
Indonesia,Large language models,2018,67
NATO,Large language models,2018,265095
Cameroon,Natural Language Processing,2018,2
Cameroon,Natural Language Processing,2020,9
Sweden,Natural Language Processing,2017,3963
Malawi,Natural Language Processing,2023,32
Singapore,Natural Language Processing,2019,14153
Singapore,Natural Language Processing,2026,10
Iraq,Natural Language Processing,2017,298
Lithuania,Natural Language Processing,2016,172
Lithuania,Natural Language Processing,2020,259
North Korea,Natural Language Processing,2017,1
North Korea,Natural Language Processing,2018,1
Kazakhstan,Natural Language Processing,2019,299
EU,Natural Language Processing,2016,92137
Ecuador,Natural Language Processing,2021,131
Finland,Natural Language Processing,2025,241
Moldova,Natural Language Processing,2017,144
Canada,Natural Language Processing,2025,2925
OECD,Natural Language Processing,2021,391268
France,Natural Language Processing,2020,16230
France,Natural Language Processing,2023,10697
Albania,Natural Language Processing,2023,69
Iceland,Natural Language Processing,2020,199
Cambodia,Natural Language Processing,2016,104
Cambodia,Natural Language Processing,2017,2
Armenia,Natural Language Processing,2020,16
Armenia,Natural Language Processing,2022,54
Poland,Natural Language Processing,2020,2381
Kosovo,Robotics,2020,18
North Korea,Robotics,2022,20
Senegal,Robotics,2020,2
Singapore,Robotics,2020,19073
South Africa,Robotics,2017,1056
South Africa,Robotics,2018,614
Guatemala,Robotics,2023,6
Five Eyes,Robotics,2017,263114
Hungary,Robotics,2016,1309
Ireland,Robotics,2023,1215
Ireland,Robotics,2024,880
Latvia,Robotics,2024,106
Saudi Arabia,Robotics,2019,2363
El Salvador,Robotics,2021,109
Malawi,Robotics,2021,116
Croatia,Robotics,2018,1112
Rwanda,Robotics,2020,103
Philippines,Robotics,2025,103
Libya,Robotics,2025,17
Quad,Robotics,2023,145495
Greece,Robotics,2024,1499
Algeria,Robotics,2023,1040
Thailand,Robotics,2025,115
Oceania,Robotics,2016,27182
Zimbabwe,AI Safety,2020,5
Kazakhstan,AI Safety,2023,91
Kuwait,AI Safety,2023,65
Kenya,AI Safety,2022,7
Bosnia and Herzegovina,AI Safety,2020,3
Australia,AI Safety,2021,12240
Iran,AI Safety,2020,2
Madagascar,AI Safety,2022,4
Europe,AI Safety,2019,67136
Ethiopia,AI Safety,2023,7
United Kingdom,AI Safety,2026,25
Canada,All,2022,199652
Portugal,All,2025,4911
Cuba,All,2024,279
Togo,All,2019,6
Asia,All,2018,2578517
Indonesia,All,2025,3601
Tajikistan,All,2022,22
Namibia,All,2018,35
Namibia,All,2020,65
Namibia,All,2025,17
Libya,All,2025,151
Timor-Leste,All,2018,78
Oman,All,2021,4420
Taiwan,All,2016,29529
Montenegro,All,2021,421
Montenegro,All,2023,210
El Salvador,All,2022,114
Guinea,All,2023,33
Spain,All,2026,48
Sudan,All,2018,936
Sudan,All,2024,777
India,All,2024,242043
Ireland,All,2021,33153
Eritrea,All,2022,68
Bolivia,All,2024,141
Belize,All,2020,16
Gabon,All,2024,137
Germany,All,2018,340082
OECD,All,2018,4087029
Greece,All,2016,33486
Greece,All,2026,16
Israel,All,2017,59374
Croatia,All,2018,8114
Five Eyes,All,2017,2545665
NATO,All,2026,2171
Ukraine,All,2024,4703
Serbia,All,2024,4134
Malaysia,Computer Vision,2021,22988
Five Eyes,Computer Vision,2016,943086
Kosovo,Computer Vision,2022,20
Rwanda,Computer Vision,2024,340
Rwanda,Computer Vision,2026,1
Serbia,Computer Vision,2023,848
Angola,Computer Vision,2024,32
Mongolia,Computer Vision,2021,28
Mongolia,Computer Vision,2023,121
Philippines,Computer Vision,2019,3231
Lebanon,Computer Vision,2022,1912
Finland,Computer Vision,2024,3293
Bahrain,Computer Vision,2016,15
Mozambique,Computer Vision,2024,14
Azerbaijan,Computer Vision,2019,77
Afghanistan,Computer Vision,2019,14
Afghanistan,Computer Vision,2020,79
Panama,Computer Vision,2023,25
Senegal,Computer Vision,2018,116
North America and the Caribbean,Computer Vision,2016,796510
Indonesia,Computer Vision,2020,15236
Brunei,Computer Vision,2022,536
Bosnia and Herzegovina,Computer Vision,2018,677
Nigeria,Computer Vision,2016,261
Ecuador,Computer Vision,2024,808
Bulgaria,Computer Vision,2017,119
North Korea,Computer Vision,2021,25
Netherlands,Computer Vision,2024,9026
ASEAN,Computer Vision,2025,10353
Colombia,Computer Vision,2018,2523
Uzbekistan,Computer Vision,2023,1459
Taiwan,Computer Vision,2016,10680
Taiwan,Computer Vision,2025,2348
Moldova,Computer Vision,2018,3
ASEAN,Large language models,2024,24591
Pakistan,Large language models,2017,10
Italy,Large language models,2017,744
Italy,Large language models,2018,1378
Saint Lucia,Large language models,2024,18
Serbia,Large language models,2023,256
Estonia,Large language models,2019,17
Russia,Large language models,2021,1632
Nepal,Large language models,2019,13
OECD,Large language models,2022,379340
North America and the Caribbean,Large language models,2026,1
Egypt,Large language models,2016,46
Iran,Large language models,2025,730
Thailand,Large language models,2022,384
Slovakia,Large language models,2025,4
Malta,Large language models,2024,16
Saudi Arabia,Large language models,2021,4882
Armenia,Large language models,2017,18
France,Large language models,2025,1403
Israel,Large language models,2022,11380
Ukraine,Large language models,2024,166
Sierra Leone,Large language models,2025,2
Qatar,Large language models,2020,1149
Denmark,Large language models,2023,4714
Rwanda,Large language models,2025,8
Finland,Large language models,2019,1118
India,Large language models,2024,9366
Azerbaijan,Natural Language Processing,2024,46
Malawi,Natural Language Processing,2024,2
Germany,Natural Language Processing,2022,23900
Philippines,Natural Language Processing,2024,331
Myanmar,Natural Language Processing,2024,85
Turkey,Natural Language Processing,2021,3797
Israel,Natural Language Processing,2017,10312
Israel,Natural Language Processing,2019,16235
Israel,Natural Language Processing,2022,7010
Lithuania,Natural Language Processing,2023,423
Niger,Natural Language Processing,2016,1
Kosovo,Natural Language Processing,2017,30
Uzbekistan,Natural Language Processing,2023,406
Chile,Natural Language Processing,2019,668
Netherlands,Natural Language Processing,2019,13507
India,Natural Language Processing,2018,27444
India,Natural Language Processing,2026,1
New Zealand,Natural Language Processing,2025,123
Asia,Natural Language Processing,2022,209351
Saudi Arabia,Natural Language Processing,2017,2677
ASEAN,Natural Language Processing,2019,28367
Italy,Natural Language Processing,2016,10314
Italy,Natural Language Processing,2021,16992
Oceania,Natural Language Processing,2023,26888
Hungary,Natural Language Processing,2016,508
Malaysia,Natural Language Processing,2021,3363
Mozambique,Natural Language Processing,2016,1
Uganda,Natural Language Processing,2024,398
Ireland,Natural Language Processing,2021,4107
Poland,Natural Language Processing,2022,2047
Australia,Natural Language Processing,2022,12108
Australia,Natural Language Processing,2023,25239
Australia,Natural Language Processing,2024,8856
Portugal,Robotics,2022,4081
Tunisia,Robotics,2018,1245
Tunisia,Robotics,2021,1075
Colombia,Robotics,2021,1321
Kosovo,Robotics,2018,35
Spain,Robotics,2022,13061
Indonesia,Robotics,2016,1377
Indonesia,Robotics,2018,2228
North Korea,Robotics,2023,24
Serbia,Robotics,2024,196
Ghana,Robotics,2019,73
Syria,Robotics,2019,84
Uganda,Robotics,2025,5
Ukraine,Robotics,2024,281
Japan,Robotics,2022,21510
ASEAN,Robotics,2022,20826
Europe,Robotics,2026,119
United States,Robotics,2026,79
Netherlands,Robotics,2025,943
Hungary,Robotics,2018,2149
Venezuela,Robotics,2024,71
Costa Rica,Robotics,2021,39
Germany,Robotics,2018,58620
Qatar,Robotics,2023,599
Qatar,Robotics,2025,120
Gabon,Robotics,2019,1
Bosnia and Herzegovina,Robotics,2016,183
Global Partnership on Artificial Intelligence,Robotics,2017,456615
Israel,Robotics,2018,3607
Panama,Robotics,2021,4
Estonia,Robotics,2017,234
Kenya,Robotics,2022,143
Oceania,Robotics,2025,2073
Peru,AI Safety,2016,2
EU,AI Safety,2024,19949
Qatar,AI Safety,2016,183
Qatar,AI Safety,2021,369
Jordan,AI Safety,2024,375
Asia,AI Safety,2019,76952
Philippines,AI Safety,2021,32
Italy,AI Safety,2025,843
Australia,AI Safety,2025,2214
Singapore,AI Safety,2018,11493
Pakistan,AI Safety,2023,892
Germany,AI Safety,2019,15622
Canada,AI Safety,2023,9112
Mexico,AI Safety,2017,75
Switzerland,AI Safety,2022,3045
Morocco,AI Safety,2016,6
Morocco,AI Safety,2025,59
Denmark,AI Safety,2016,219
Nepal,AI Safety,2018,8
Iran,AI Safety,2025,126
Slovakia,AI Safety,2017,1
South Korea,AI Safety,2021,5097
Oceania,AI Safety,2018,13004
Europe,AI Safety,2026,48
Uruguay,AI Safety,2024,1
Liechtenstein,AI Safety,2018,13
Finland,AI Safety,2023,1042
Asia,All,2019,3250714
Sri Lanka,All,2022,6741
Republic of the Congo,All,2023,37
EU,All,2019,1211268
Zambia,All,2017,50
Zambia,All,2024,155
Mauritania,All,2019,11
Luxembourg,All,2024,3318
Georgia,All,2025,119
Guatemala,All,2019,168
Timor-Leste,All,2025,2
Mongolia,All,2021,389
United Kingdom,All,2016,454420
Azerbaijan,All,2019,703
Kuwait,All,2019,1434
Trinidad and Tobago,All,2019,254
Uruguay,All,2024,460
Jordan,All,2020,13680
Ecuador,All,2017,4730
Russia,All,2020,38055
Russia,All,2022,30829
Cyprus,All,2022,6662
Austria,All,2022,40649
Senegal,All,2016,21
Liechtenstein,Computer Vision,2022,134
Austria,Computer Vision,2022,10159
Mexico,Computer Vision,2026,3
Rwanda,Computer Vision,2025,193
Japan,Computer Vision,2016,29536
Japan,Computer Vision,2022,40750
Botswana,Computer Vision,2017,64
Ghana,Computer Vision,2024,645
South Sudan,Computer Vision,2025,4
Saudi Arabia,Computer Vision,2022,50576
Libya,Computer Vision,2023,340
Guatemala,Computer Vision,2025,1
Qatar,Computer Vision,2016,2488
Qatar,Computer Vision,2024,1955
United States,Computer Vision,2022,378245
Asia,Computer Vision,2019,1454069
Armenia,Computer Vision,2023,99
Yemen,Computer Vision,2022,1593
Poland,Computer Vision,2024,4556
Russia,Computer Vision,2018,16811
Quad,Computer Vision,2026,333
Costa Rica,Computer Vision,2019,457
OECD,Computer Vision,2026,612
Ethiopia,Computer Vision,2018,508
Haiti,Computer Vision,2021,13
Mexico,Large language models,2025,193
Bangladesh,Large language models,2020,493
Romania,Large language models,2021,951
Algeria,Large language models,2016,1
Brazil,Large language models,2019,412
Estonia,Large language models,2020,120
Nepal,Large language models,2024,69
OECD,Large language models,2019,328779
Ghana,Large language models,2023,93
Iran,Large language models,2019,104
Switzerland,Large language models,2020,13650
Zambia,Large language models,2022,66
Greece,Large language models,2020,814
Honduras,Large language models,2025,2
Quad,Large language models,2023,361722
Israel,Large language models,2018,5196
Cyprus,Large language models,2021,86
Cameroon,Natural Language Processing,2022,13
Mexico,Natural Language Processing,2016,2610
Indonesia,Natural Language Processing,2019,7338
Vietnam,Natural Language Processing,2018,1848
Belarus,Natural Language Processing,2022,3
Belgium,Natural Language Processing,2026,6
Lithuania,Natural Language Processing,2022,589
EU,Natural Language Processing,2024,41214
United Kingdom,Natural Language Processing,2016,54318
Argentina,Natural Language Processing,2019,539
Netherlands,Natural Language Processing,2024,4512
Nepal,Natural Language Processing,2019,61
Ethiopia,Natural Language Processing,2024,251
Nigeria,Natural Language Processing,2018,183
Austria,Natural Language Processing,2025,220
Fiji,Natural Language Processing,2023,21
Cuba,Natural Language Processing,2022,1
Paraguay,Natural Language Processing,2020,5
Ireland,Natural Language Processing,2016,3401
Senegal,Natural Language Processing,2018,22
Australia,Natural Language Processing,2017,12052
EU,Robotics,2017,177677
Colombia,Robotics,2022,666
Spain,Robotics,2023,9167
Indonesia,Robotics,2023,1762
Argentina,Robotics,2019,369
Fiji,Robotics,2023,54
Serbia,Robotics,2017,874
North Macedonia,Robotics,2023,7
Lebanon,Robotics,2019,1101
Lebanon,Robotics,2020,916
Syria,Robotics,2021,129
OECD,Robotics,2023,272972
Cameroon,Robotics,2019,17
Sri Lanka,Robotics,2025,36
Luxembourg,Robotics,2018,659
Slovenia,Robotics,2018,1255
Mauritius,Robotics,2021,35
Iraq,Robotics,2018,1500
NATO,Robotics,2022,287415
India,Robotics,2019,15571
India,Robotics,2021,19577
Armenia,Robotics,2021,18
Hungary,Robotics,2017,1578
Malta,Robotics,2024,25
Costa Rica,Robotics,2017,27
Switzerland,Robotics,2022,19219
Egypt,Robotics,2018,2704
Egypt,Robotics,2025,252
Afghanistan,Robotics,2021,2
Sweden,Robotics,2022,8233
Israel,Robotics,2019,4909
Israel,Robotics,2022,3083
Israel,Robotics,2024,830
Romania,Robotics,2019,5120
United Kingdom,Robotics,2025,4511
Kuwait,Robotics,2024,207
Czechia,Robotics,2016,2149
Peru,AI Safety,2023,13
EU,AI Safety,2021,41445
Lebanon,AI Safety,2018,20
Iraq,AI Safety,2022,10
Brazil,AI Safety,2017,983
Czechia,AI Safety,2022,290
Morocco,AI Safety,2021,44
France,AI Safety,2020,6315
France,AI Safety,2022,3964
Ukraine,AI Safety,2021,8
Libya,AI Safety,2024,1
Netherlands,AI Safety,2022,4144
Israel,AI Safety,2022,2406
South Korea,AI Safety,2020,8754
Ecuador,AI Safety,2021,3
Ecuador,AI Safety,2023,79
Albania,AI Safety,2023,5
South and Central America,AI Safety,2025,375
Tunisia,AI Safety,2019,36
Estonia,AI Safety,2017,9
Algeria,AI Safety,2016,25
Afghanistan,AI Safety,2023,61
New Zealand,AI Safety,2022,1208
Togo,All,2025,9
Japan,All,2022,111890
Djibouti,All,2017,20
Malaysia,All,2024,34734
Mozambique,All,2016,1
Tajikistan,All,2018,2
Mongolia,All,2025,96
Qatar,All,2019,12234
Qatar,All,2024,12280
Bulgaria,All,2025,760
Gambia,All,2019,2
Benin,All,2025,18
Ireland,All,2019,29038
Saudi Arabia,All,2019,61778
Turkey,All,2022,60981
Iran,All,2026,19
Chile,All,2025,2018
Armenia,All,2024,513
Italy,All,2022,157080
Tanzania,All,2023,776
Uruguay,All,2018,909
Gabon,All,2022,1130
Quad,All,2025,218236
Sweden,All,2018,55530
France,All,2023,129045
Ecuador,All,2023,5121
Greece,All,2019,34967
Botswana,All,2019,66
Serbia,All,2023,6432
Senegal,All,2025,33
Japan,Computer Vision,2020,71848
Ireland,Computer Vision,2019,8673
Niger,Computer Vision,2024,11
Sweden,Computer Vision,2021,25003
Sri Lanka,Computer Vision,2019,1154
Sri Lanka,Computer Vision,2023,1099
North Macedonia,Computer Vision,2023,45
Philippines,Computer Vision,2020,2404
Algeria,Computer Vision,2022,3550
Algeria,Computer Vision,2023,2270
United States,Computer Vision,2016,748058
Turkey,Computer Vision,2025,3247
Uganda,Computer Vision,2024,264
Cape Verde,Computer Vision,2019,7
Luxembourg,Computer Vision,2019,375
Luxembourg,Computer Vision,2020,836
Kuwait,Computer Vision,2017,63
New Zealand,Computer Vision,2020,8317
Russia,Computer Vision,2025,695
Czechia,Computer Vision,2024,1793
Malta,Computer Vision,2020,321
Democratic Republic of the Congo,Computer Vision,2025,34
Somalia,Computer Vision,2024,126
Nigeria,Computer Vision,2019,1370
Nigeria,Computer Vision,2022,2699
Oceania,Computer Vision,2024,30049
Bulgaria,Computer Vision,2024,858
North Korea,Computer Vision,2018,20
Bolivia,Computer Vision,2020,31
Bolivia,Computer Vision,2025,9
Trinidad and Tobago,Computer Vision,2019,3
Zimbabwe,Computer Vision,2023,106
Cuba,Large language models,2022,13
Algeria,Large language models,2024,496
Brazil,Large language models,2020,1625
Brazil,Large language models,2022,1386
Estonia,Large language models,2023,339
Global Partnership on Artificial Intelligence,Large language models,2026,1
Lebanon,Large language models,2017,156
Singapore,Large language models,2017,1037
Slovakia,Large language models,2023,173
Armenia,Large language models,2020,1
Libya,Large language models,2021,15
Gabon,Large language models,2022,79
Europe,Large language models,2021,163532
Turkey,Large language models,2017,147
Croatia,Large language models,2024,500
Indonesia,Large language models,2025,214
Iceland,Large language models,2022,19
Finland,Large language models,2021,951
India,Large language models,2021,13592
Ghana,Natural Language Processing,2022,334
Ukraine,Natural Language Processing,2016,157
Luxembourg,Natural Language Processing,2025,27
China,Natural Language Processing,2026,201
Slovenia,Natural Language Processing,2021,1471
Slovenia,Natural Language Processing,2023,571
Croatia,Natural Language Processing,2018,779
Georgia,Natural Language Processing,2024,54
United States,Natural Language Processing,2017,191573
Turkey,Natural Language Processing,2019,3979
Belgium,Natural Language Processing,2018,6434
Israel,Natural Language Processing,2023,9198
Kazakhstan,Natural Language Processing,2023,486
Taiwan,Natural Language Processing,2023,3900
Thailand,Natural Language Processing,2018,984
Thailand,Natural Language Processing,2020,855
Brazil,Natural Language Processing,2021,4578
Syria,Natural Language Processing,2020,96
Europe,Natural Language Processing,2018,158209
North Macedonia,Natural Language Processing,2023,402
North Macedonia,Natural Language Processing,2024,76
Chile,Natural Language Processing,2020,1354
Greece,Natural Language Processing,2018,3339
Brunei,Natural Language Processing,2021,73
Portugal,Natural Language Processing,2023,2963
Canada,Natural Language Processing,2017,17740
Canada,Natural Language Processing,2023,24397
Nigeria,Natural Language Processing,2022,903
Tunisia,Natural Language Processing,2023,1400
OECD,Natural Language Processing,2016,308460
OECD,Natural Language Processing,2017,335837
OECD,Natural Language Processing,2025,35754
Iran,Natural Language Processing,2017,1941
Iceland,Natural Language Processing,2022,141
Global Partnership on Artificial Intelligence,Natural Language Processing,2024,154831
Australia,Natural Language Processing,2016,9016
Morocco,Robotics,2022,900
Slovakia,Robotics,2024,345
Fiji,Robotics,2024,20
Serbia,Robotics,2018,928
Serbia,Robotics,2019,1090
Ghana,Robotics,2020,26
Montenegro,Robotics,2016,15
Botswana,Robotics,2020,73
United States,Robotics,2018,208458
Turkey,Robotics,2017,5482
Italy,Robotics,2026,25
NATO,Robotics,2025,27848
Ireland,Robotics,2019,2982
Turkmenistan,Robotics,2025,2
Mexico,Robotics,2025,345
China,Robotics,2020,193989
Germany,Robotics,2026,22
Saudi Arabia,Robotics,2023,3728
Croatia,Robotics,2021,1181
Croatia,Robotics,2024,626
Global Partnership on Artificial Intelligence,Robotics,2025,34575
Malaysia,Robotics,2017,2762
Libya,Robotics,2024,49
Romania,Robotics,2021,2140
Georgia,Robotics,2022,25
Japan,AI Safety,2026,3
Pakistan,AI Safety,2022,229
Rwanda,AI Safety,2025,1
France,AI Safety,2019,14454
Argentina,AI Safety,2020,27
Malaysia,AI Safety,2025,254
South Africa,AI Safety,2021,206
Israel,AI Safety,2016,1054
Romania,AI Safety,2024,203
Romania,AI Safety,2025,286
Thailand,AI Safety,2025,55
Ecuador,AI Safety,2022,40
Indonesia,AI Safety,2023,207
Indonesia,AI Safety,2025,30
Colombia,AI Safety,2021,61
Portugal,All,2024,17455
Zimbabwe,All,2016,195
Monaco,All,2025,7
Netherlands,All,2022,91143
Iraq,All,2020,23886
Japan,All,2018,180632
Zambia,All,2023,424
Indonesia,All,2019,36019
Somalia,All,2022,40
Brunei,All,2019,1159
Tajikistan,All,2023,77
Latvia,All,2017,792
Lesotho,All,2021,8
Malta,All,2016,1309
Algeria,All,2023,9675
Gambia,All,2016,54
United Arab Emirates,All,2021,78903
Oceania,All,2025,26512
Finland,All,2020,55517
Guinea,All,2025,3
South and Central America,All,2025,11484
Egypt,All,2023,47999
South Africa,All,2026,2
Slovakia,All,2024,2812
Singapore,All,2025,16542
Armenia,All,2025,176
Tanzania,All,2021,1232
Lithuania,All,2025,810
Afghanistan,All,2021,518
Norway,All,2022,40358
Norway,All,2023,40510
Belgium,All,2023,29561
Albania,All,2016,67
Cyprus,All,2019,6730
Bhutan,All,2025,2
NATO,All,2018,3589378
EU,Computer Vision,2022,279504
Singapore,Computer Vision,2018,64344
Greece,Computer Vision,2017,8968
Kosovo,Computer Vision,2018,16
Syria,Computer Vision,2025,21
Fiji,Computer Vision,2022,81
Fiji,Computer Vision,2023,35
Montenegro,Computer Vision,2024,64
Philippines,Computer Vision,2021,3144
Hungary,Computer Vision,2024,1766
Hungary,Computer Vision,2025,908
Zambia,Computer Vision,2019,570
United States,Computer Vision,2021,609336
Europe,Computer Vision,2021,607557
Morocco,Computer Vision,2025,454
United Arab Emirates,Computer Vision,2016,1354
Afghanistan,Computer Vision,2024,217
Pakistan,Computer Vision,2024,13836
Poland,Computer Vision,2018,8721
Gambia,Computer Vision,2023,52
Honduras,Computer Vision,2024,9
Costa Rica,Computer Vision,2018,139
Bangladesh,Computer Vision,2019,14697
United Kingdom,Computer Vision,2026,120
China,Computer Vision,2024,403830
Oman,Computer Vision,2024,1099
Jordan,Computer Vision,2018,2123
Colombia,Computer Vision,2021,6878
Ukraine,Computer Vision,2023,1231
Uzbekistan,Computer Vision,2019,213
South Korea,Computer Vision,2025,9571
Vietnam,Computer Vision,2025,632
Mexico,Large language models,2020,104
Bangladesh,Large language models,2021,1107
Eritrea,Large language models,2024,4
Italy,Large language models,2022,6568
Africa,Large language models,2022,2751
Czechia,Large language models,2022,1085
Global Partnership on Artificial Intelligence,Large language models,2024,229546
Egypt,Large language models,2017,743
Afghanistan,Large language models,2022,5
Portugal,Large language models,2022,1796
Malta,Large language models,2022,111
Switzerland,Large language models,2016,555
Bahrain,Large language models,2025,24
Israel,Large language models,2024,4437
China,Large language models,2021,299201
Indonesia,Large language models,2021,3458
Uzbekistan,Large language models,2022,5
Liechtenstein,Large language models,2023,65
Malaysia,Large language models,2019,143
India,Large language models,2017,1071
Azerbaijan,Large language models,2021,10
Morocco,Natural Language Processing,2018,1721
Luxembourg,Natural Language Processing,2018,464
Zimbabwe,Natural Language Processing,2019,2
Vietnam,Natural Language Processing,2016,801
Germany,Natural Language Processing,2024,12475
Philippines,Natural Language Processing,2022,346
Israel,Natural Language Processing,2024,2880
United Arab Emirates,Natural Language Processing,2018,3544
Haiti,Natural Language Processing,2021,96
Montenegro,Natural Language Processing,2018,29
Sudan,Natural Language Processing,2025,7
North Macedonia,Natural Language Processing,2020,460
United Kingdom,Natural Language Processing,2017,46738
Namibia,Natural Language Processing,2018,17
Peru,Natural Language Processing,2016,11
Peru,Natural Language Processing,2024,80
Qatar,Natural Language Processing,2020,3636
Qatar,Natural Language Processing,2023,2588
Ethiopia,Natural Language Processing,2016,90
Nigeria,Natural Language Processing,2019,725
Kyrgyzstan,Natural Language Processing,2023,32
South Africa,Natural Language Processing,2025,338
Malaysia,Natural Language Processing,2019,3479
Five Eyes,Natural Language Processing,2016,225228
Czechia,Natural Language Processing,2024,760
Poland,Natural Language Processing,2016,1756
EU,Robotics,2023,99457
Spain,Robotics,2026,3
Morocco,Robotics,2018,441
Canada,Robotics,2023,20534
Laos,Robotics,2020,74
Australia,Robotics,2019,23997
Fiji,Robotics,2016,55
Denmark,Robotics,2016,3769
Denmark,Robotics,2023,3320
Ukraine,Robotics,2017,516
Benin,Robotics,2022,2
United States,Robotics,2023,107192
NATO,Robotics,2023,226529
Netherlands,Robotics,2026,12
Hungary,Robotics,2024,866
Cuba,Robotics,2024,13
Malta,Robotics,2017,194
Myanmar,Robotics,2021,41
Costa Rica,Robotics,2020,160
Mozambique,Robotics,2019,4
Taiwan,Robotics,2025,417
Bangladesh,Robotics,2025,102
Egypt,Robotics,2016,1730
Saudi Arabia,Robotics,2018,2824
El Salvador,Robotics,2022,35
United Arab Emirates,Robotics,2017,2881
Oman,Robotics,2017,24
Sweden,Robotics,2024,3862
Romania,Robotics,2016,2705
Romania,Robotics,2022,1618
Ecuador,Robotics,2025,119
Mali,Robotics,2017,4
Qatar,AI Safety,2019,683
Poland,AI Safety,2022,435
Quad,AI Safety,2019,170281
Quad,AI Safety,2020,170718
Quad,AI Safety,2023,75188
Philippines,AI Safety,2020,83
Greece,AI Safety,2025,269
Bosnia and Herzegovina,AI Safety,2025,2
Oman,AI Safety,2025,21
Australia,AI Safety,2018,12885
Canada,AI Safety,2019,9245
Brazil,AI Safety,2020,1446
Morocco,AI Safety,2017,90
Tajikistan,AI Safety,2019,4
Iran,AI Safety,2018,163
Netherlands,AI Safety,2020,6469
South Africa,AI Safety,2016,27
Malta,AI Safety,2020,414
South and Central America,AI Safety,2022,2090
Latvia,AI Safety,2024,19
Spain,AI Safety,2017,1335
Finland,AI Safety,2020,4494
Ethiopia,AI Safety,2025,14
Philippines,All,2025,1076
Cuba,All,2016,2015
EU,All,2017,1048950
New Zealand,All,2022,22286
Brunei,All,2022,2838
Pakistan,All,2021,101362
Libya,All,2021,1499
Kosovo,All,2017,476
Kosovo,All,2025,73
United States,All,2022,1152542
Taiwan,All,2017,37661
Oceania,All,2023,218499
Montenegro,All,2017,168
Egypt,All,2018,21594
Antigua and Barbuda,All,2025,5
Belarus,All,2016,180
India,All,2026,22
Angola,All,2022,1101
Denmark,All,2019,50966
Cameroon,All,2025,134
North Macedonia,All,2025,157
Italy,All,2021,190892
Belize,All,2019,45
Sweden,All,2019,70948
Norway,All,2017,18783
Maldives,All,2020,80
Belgium,All,2018,52836
Belgium,All,2024,18867
Five Eyes,All,2026,2002
North America and the Caribbean,All,2019,2420280
NATO,Computer Vision,2021,1101440
Kosovo,Computer Vision,2020,29
Kenya,Computer Vision,2019,695
Kenya,Computer Vision,2022,677
Kenya,Computer Vision,2025,41
Malawi,Computer Vision,2021,8
Ireland,Computer Vision,2021,7898
Mauritius,Computer Vision,2017,217
Sweden,Computer Vision,2018,13785
Dominican Republic,Computer Vision,2023,27
Mali,Computer Vision,2025,5
Algeria,Computer Vision,2025,333
Europe,Computer Vision,2019,564896
Asia,Computer Vision,2022,1236615
Morocco,Computer Vision,2017,2376
United Arab Emirates,Computer Vision,2018,9979
Poland,Computer Vision,2017,5386
Panama,Computer Vision,2017,144
Gambia,Computer Vision,2021,27
North America and the Caribbean,Computer Vision,2021,663784
North America and the Caribbean,Computer Vision,2022,423332
Czechia,Computer Vision,2017,9095
Romania,Computer Vision,2018,5379
OECD,Computer Vision,2018,1425989
Oceania,Computer Vision,2022,83607
Myanmar,Computer Vision,2016,17
Germany,Computer Vision,2018,120628
Venezuela,Computer Vision,2019,104
Bulgaria,Computer Vision,2019,421
Bolivia,Computer Vision,2022,100
Italy,Computer Vision,2016,38043
Italy,Computer Vision,2026,50
Jordan,Computer Vision,2016,865
Ethiopia,Computer Vision,2023,2140
Trinidad and Tobago,Computer Vision,2018,18
Trinidad and Tobago,Computer Vision,2022,3
Guinea,Computer Vision,2021,7
South and Central America,Large language models,2017,621
Bangladesh,Large language models,2023,2832
Italy,Large language models,2024,8553
Serbia,Large language models,2022,161
Oceania,Large language models,2022,26429
Mongolia,Large language models,2024,1
Japan,Large language models,2019,13148
Czechia,Large language models,2023,2307
United Arab Emirates,Large language models,2021,12809
Russia,Large language models,2020,1455
Latvia,Large language models,2020,52
Nepal,Large language models,2023,17
Malawi,Large language models,2022,241
Ghana,Large language models,2020,285
Cambodia,Large language models,2023,21
EU,Large language models,2023,99572
Europe,Large language models,2022,146917
Germany,Large language models,2019,17983
Syria,Large language models,2024,43
Jordan,Large language models,2017,24
Denmark,Large language models,2025,412
Azerbaijan,Large language models,2018,132
Uruguay,Natural Language Processing,2016,81
Malawi,Natural Language Processing,2018,4
Zimbabwe,Natural Language Processing,2022,8
Bahrain,Natural Language Processing,2018,43
Bahrain,Natural Language Processing,2022,176
Colombia,Natural Language Processing,2016,365
Turkey,Natural Language Processing,2017,2840
Saint Lucia,Natural Language Processing,2024,104
Sudan,Natural Language Processing,2017,104
Norway,Natural Language Processing,2017,3136
New Zealand,Natural Language Processing,2019,2437
Yemen,Natural Language Processing,2022,969
Cape Verde,Natural Language Processing,2017,2
ASEAN,Natural Language Processing,2021,39243
Tunisia,Natural Language Processing,2018,663
Libya,Natural Language Processing,2023,97
Czechia,Natural Language Processing,2016,4347
Armenia,Natural Language Processing,2024,9
Uruguay,Robotics,2021,83
Argentina,Robotics,2018,980
Fiji,Robotics,2022,62
North Korea,Robotics,2018,1
Senegal,Robotics,2021,3
Denmark,Robotics,2017,6583
Montenegro,Robotics,2023,3
Mongolia,Robotics,2016,35
Slovenia,Robotics,2023,451
Honduras,Robotics,2018,29
Honduras,Robotics,2021,51
Pakistan,Robotics,2016,2367
Iraq,Robotics,2023,1245
South and Central America,Robotics,2021,10911
Italy,Robotics,2019,39362
Italy,Robotics,2023,24561
Namibia,Robotics,2021,21
Bangladesh,Robotics,2017,540
North America and the Caribbean,Robotics,2017,210805
Liechtenstein,Robotics,2022,106
Belarus,Robotics,2023,33
Afghanistan,Robotics,2024,119
Iran,Robotics,2019,5253
Iran,Robotics,2020,6228
Poland,Robotics,2017,3926
Jordan,Robotics,2016,223
Jordan,Robotics,2017,292
Brunei,Robotics,2017,347
Brunei,Robotics,2022,26
Brunei,Robotics,2025,1
Philippines,Robotics,2023,178
Tanzania,Robotics,2021,65
Barbados,Robotics,2022,8
Belgium,Robotics,2024,1702
Oceania,Robotics,2022,15451
Oceania,Robotics,2026,22
Malawi,AI Safety,2025,6
Asia,AI Safety,2025,15023
Italy,AI Safety,2023,4925
Germany,AI Safety,2017,11124
Germany,AI Safety,2023,12171
Czechia,AI Safety,2020,236
Cyprus,AI Safety,2024,100
Saudi Arabia,AI Safety,2020,1095
Maldives,AI Safety,2025,1
Belgium,AI Safety,2017,758
Sweden,AI Safety,2020,2888
Democratic Republic of the Congo,AI Safety,2024,73
Estonia,AI Safety,2022,416
Estonia,All,2023,5282
Asia,All,2017,2031876
Netherlands,All,2016,128418
Iraq,All,2025,3217
Zambia,All,2021,696
New Zealand,All,2016,12571
Kenya,All,2020,1855
Brunei,All,2021,1203
Brunei,All,2025,163
Mozambique,All,2020,134
Latvia,All,2018,505
Papua New Guinea,All,2018,36
Libya,All,2017,295
Libya,All,2020,767
Slovenia,All,2020,10518
United States,All,2020,2267545
United Arab Emirates,All,2022,58262
Madagascar,All,2022,64
Mauritius,All,2021,409
Saint Kitts and Nevis,All,2023,37
Vanuatu,All,2024,17
Egypt,All,2016,11939
South Korea,All,2017,122709
South Korea,All,2020,252292
South Africa,All,2022,21838
Samoa,All,2024,17
Côte d'Ivoire,All,2023,180
Africa,All,2024,97782
North Macedonia,All,2018,1534
Trinidad and Tobago,All,2025,36
North Korea,All,2019,388
Singapore,All,2020,205281
Saint Lucia,All,2024,1070
Liechtenstein,All,2024,116
Ethiopia,All,2020,2383
Armenia,All,2022,447
Armenia,All,2023,369
Sierra Leone,All,2019,225
Sweden,All,2016,39778
Sweden,All,2024,28688
Myanmar,All,2016,346
Hungary,All,2020,15760
Albania,All,2020,145
Australia,All,2019,339994
Ukraine,All,2021,6037
Singapore,Computer Vision,2021,88090
Liechtenstein,Computer Vision,2020,1
Five Eyes,Computer Vision,2022,580652
Mexico,Computer Vision,2021,5596
Mexico,Computer Vision,2025,568
Kosovo,Computer Vision,2023,9
Denmark,Computer Vision,2022,9050
Argentina,Computer Vision,2022,1308
Rwanda,Computer Vision,2018,101
Malawi,Computer Vision,2024,3
Côte d'Ivoire,Computer Vision,2021,44
Fiji,Computer Vision,2021,40
Serbia,Computer Vision,2018,1687
Namibia,Computer Vision,2023,19
Montenegro,Computer Vision,2018,93
Sweden,Computer Vision,2023,9956
Dominican Republic,Computer Vision,2025,48
Philippines,Computer Vision,2024,1219
Hungary,Computer Vision,2018,1791
Latvia,Computer Vision,2017,238
Paraguay,Computer Vision,2016,21
Paraguay,Computer Vision,2019,168
Belgium,Computer Vision,2025,842
Portugal,Computer Vision,2018,10026
Iceland,Computer Vision,2023,1787
Uganda,Computer Vision,2020,642
Panama,Computer Vision,2024,59
North America and the Caribbean,Computer Vision,2020,863559
Malta,Computer Vision,2023,309
South and Central America,Computer Vision,2018,29781
Bulgaria,Computer Vision,2023,1472
Oman,Computer Vision,2018,239
Chile,Computer Vision,2016,1779
Colombia,Computer Vision,2023,1690
Ethiopia,Computer Vision,2019,578
Benin,Computer Vision,2019,57
South Korea,Computer Vision,2021,104547
Cuba,Large language models,2017,232
Cuba,Large language models,2021,5
Africa,Large language models,2025,928
Taiwan,Large language models,2023,5491
Taiwan,Large language models,2024,3606
Sweden,Large language models,2016,104
Brunei,Large language models,2022,36
Tunisia,Large language models,2023,376
Global Partnership on Artificial Intelligence,Large language models,2022,394789
Uganda,Large language models,2022,288
Costa Rica,Large language models,2022,16
Iran,Large language models,2024,924
Slovakia,Large language models,2021,5
Kenya,Large language models,2022,164
Kuwait,Large language models,2023,215
Germany,Large language models,2016,1811
Albania,Large language models,2024,23
Vietnam,Large language models,2020,466
South Korea,Natural Language Processing,2022,9996
Venezuela,Natural Language Processing,2017,17
Ghana,Natural Language Processing,2023,183
Africa,Natural Language Processing,2020,9831
Ukraine,Natural Language Processing,2017,1185
Morocco,Natural Language Processing,2021,2180
Belarus,Natural Language Processing,2024,8
Belarus,Natural Language Processing,2025,31
Romania,Natural Language Processing,2016,3643
Taiwan,Natural Language Processing,2025,417
Ecuador,Natural Language Processing,2017,206
North Macedonia,Natural Language Processing,2016,36
NATO,Natural Language Processing,2016,283289
NATO,Natural Language Processing,2021,353151
Chile,Natural Language Processing,2024,493
Netherlands,Natural Language Processing,2022,9480
Honduras,Natural Language Processing,2021,4
Norway,Natural Language Processing,2019,2669
Asia,Natural Language Processing,2019,291238
Asia,Natural Language Processing,2021,300924
Canada,Natural Language Processing,2026,7
Oman,Natural Language Processing,2018,257
Lebanon,Natural Language Processing,2020,1900
Lebanon,Natural Language Processing,2021,301
Oceania,Natural Language Processing,2026,3
Hungary,Natural Language Processing,2020,972
Iran,Natural Language Processing,2019,1921
Iceland,Natural Language Processing,2023,209
Global Partnership on Artificial Intelligence,Natural Language Processing,2021,418713
Czechia,Natural Language Processing,2019,4670
Ireland,Natural Language Processing,2019,3829
Malta,Natural Language Processing,2021,250
Jordan,Natural Language Processing,2023,936
Slovakia,Robotics,2016,1024
North Korea,Robotics,2024,13
Lebanon,Robotics,2018,1146
Bolivia,Robotics,2018,4
OECD,Robotics,2017,467306
OECD,Robotics,2021,425058
South Africa,Robotics,2023,816
United States,Robotics,2024,53561
NATO,Robotics,2019,421207
Five Eyes,Robotics,2023,158412
India,Robotics,2024,8829
Austria,Robotics,2021,5722
Ireland,Robotics,2016,1090
Malta,Robotics,2022,35
Albania,Robotics,2020,6
China,Robotics,2018,133777
Latvia,Robotics,2016,22
Finland,Robotics,2017,4620
El Salvador,Robotics,2020,161
Rwanda,Robotics,2025,9
Oman,Robotics,2025,55
Libya,Robotics,2018,3
Greece,Robotics,2021,6282
Belgium,Robotics,2020,7289
Romania,Robotics,2017,2943
Norway,Robotics,2020,5094
Egypt,AI Safety,2022,133
Bolivia,AI Safety,2024,2
Zimbabwe,AI Safety,2023,14
Barbados,AI Safety,2018,3
Greece,AI Safety,2017,613
Uganda,AI Safety,2024,19
Pakistan,AI Safety,2019,884
Iraq,AI Safety,2020,14
ASEAN,AI Safety,2023,8289
Switzerland,AI Safety,2020,6950
Morocco,AI Safety,2023,446
France,AI Safety,2018,4809
Iceland,AI Safety,2024,2
Netherlands,AI Safety,2017,2419
Netherlands,AI Safety,2019,8322
South Africa,AI Safety,2017,38
Belgium,AI Safety,2021,1854
Romania,AI Safety,2023,160
Ecuador,AI Safety,2018,8
Chile,AI Safety,2025,82
Democratic Republic of the Congo,AI Safety,2023,1
Europe,AI Safety,2025,9453
Latvia,AI Safety,2019,3
Burkina Faso,AI Safety,2022,1
Lithuania,AI Safety,2024,92
Slovenia,AI Safety,2017,267
United Kingdom,AI Safety,2024,7802
Taiwan,AI Safety,2021,1191
Canada,All,2018,271660
Asia,All,2020,3631123
Asia,All,2021,3561641
Japan,All,2025,13026
New Zealand,All,2025,2176
Moldova,All,2024,115
Tajikistan,All,2019,8
Latvia,All,2020,1300
Malta,All,2021,1895
Kosovo,All,2024,223
Mauritius,All,2023,501
Montenegro,All,2025,144
El Salvador,All,2019,46
Brazil,All,2023,32227
Romania,All,2023,13553
Switzerland,All,2019,165548
Africa,All,2018,79388
Cameroon,All,2019,528
Bolivia,All,2020,154
Singapore,All,2016,104551
Mali,All,2021,8
Poland,All,2019,33371
Germany,All,2023,254193
Sweden,All,2021,72326
Australia,All,2025,24670
Russia,All,2023,21172
Cyprus,All,2017,5275
Cyprus,All,2018,8575
NATO,All,2024,1134219
Botswana,All,2022,443
Costa Rica,All,2017,423
Bahrain,All,2025,738
Serbia,All,2021,8374
Serbia,All,2025,998
Malaysia,Computer Vision,2018,15607
Malaysia,Computer Vision,2019,14499
Five Eyes,Computer Vision,2021,879304
Austria,Computer Vision,2017,17894
Rwanda,Computer Vision,2019,137
Serbia,Computer Vision,2024,597
Australia,Computer Vision,2024,28524
Finland,Computer Vision,2026,2
Turkey,Computer Vision,2023,15939
Iceland,Computer Vision,2018,3189
Bahrain,Computer Vision,2021,232
Burkina Faso,Computer Vision,2021,11
Asia,Computer Vision,2026,1210
Afghanistan,Computer Vision,2025,156
Madagascar,Computer Vision,2018,88
Malta,Computer Vision,2025,8
Indonesia,Computer Vision,2021,14086
United Kingdom,Computer Vision,2021,178474
Germany,Computer Vision,2026,68
Jamaica,Computer Vision,2016,55
Israel,Computer Vision,2025,749
Thailand,Computer Vision,2019,4776
South Africa,Computer Vision,2021,3816
Benin,Computer Vision,2017,5
Uzbekistan,Computer Vision,2022,558
Bangladesh,Large language models,2025,442
ASEAN,Large language models,2017,1216
Romania,Large language models,2016,155
Serbia,Large language models,2025,135
Brazil,Large language models,2017,250
Estonia,Large language models,2018,12
Sweden,Large language models,2024,1903
Global Partnership on Artificial Intelligence,Large language models,2019,335584
Latvia,Large language models,2017,93
Guinea,Large language models,2023,3
Somalia,Large language models,2023,87
Singapore,Large language models,2018,6776
United Kingdom,Large language models,2016,11560
Saudi Arabia,Large language models,2020,1889
Luxembourg,Large language models,2023,200
United States,Large language models,2025,30408
United States,Large language models,2026,1
Europe,Large language models,2019,69759
Philippines,Large language models,2025,39
Malaysia,Large language models,2020,343
Kyrgyzstan,Large language models,2022,3
Venezuela,Natural Language Processing,2023,4
Afghanistan,Natural Language Processing,2022,82
Afghanistan,Natural Language Processing,2024,3
Sweden,Natural Language Processing,2025,732
Ukraine,Natural Language Processing,2018,663
Somalia,Natural Language Processing,2020,7
Switzerland,Natural Language Processing,2022,7674
Azerbaijan,Natural Language Processing,2018,275
Slovakia,Natural Language Processing,2023,424
Egypt,Natural Language Processing,2024,1511
South and Central America,Natural Language Processing,2024,2234
Iraq,Natural Language Processing,2023,1692
Israel,Natural Language Processing,2018,8942
Lithuania,Natural Language Processing,2021,206
Romania,Natural Language Processing,2024,591
Russia,Natural Language Processing,2023,2269
Montenegro,Natural Language Processing,2025,78
Uzbekistan,Natural Language Processing,2020,311
North Macedonia,Natural Language Processing,2019,227
Argentina,Natural Language Processing,2017,315
Guatemala,Natural Language Processing,2021,8
Portugal,Natural Language Processing,2018,4565
Portugal,Natural Language Processing,2019,2073
Pakistan,Natural Language Processing,2021,7319
Tunisia,Natural Language Processing,2024,430
Tunisia,Natural Language Processing,2025,60
Latvia,Natural Language Processing,2021,47
Jamaica,Natural Language Processing,2016,7
Cuba,Natural Language Processing,2023,2
Hungary,Natural Language Processing,2023,3044
France,Natural Language Processing,2025,943
Five Eyes,Natural Language Processing,2024,103928
Spain,Robotics,2024,5143
Morocco,Robotics,2020,341
Vietnam,Robotics,2024,1204
Tonga,Robotics,2020,15
North Macedonia,Robotics,2022,40
Syria,Robotics,2025,2
OECD,Robotics,2020,488906
Luxembourg,Robotics,2020,406
Luxembourg,Robotics,2022,971
South Africa,Robotics,2016,432
Iraq,Robotics,2019,2414
Iraq,Robotics,2021,1882
Netherlands,Robotics,2021,18181
Ireland,Robotics,2021,3304
Bulgaria,Robotics,2018,1118
Kazakhstan,Robotics,2023,614
Albania,Robotics,2023,16
Qatar,Robotics,2017,593
Poland,Robotics,2024,1873
Malaysia,Robotics,2021,4311
Norway,Robotics,2022,3575
Czechia,Robotics,2017,2106
Oceania,Robotics,2020,23699
Qatar,AI Safety,2017,152
Russia,AI Safety,2016,64
China,AI Safety,2023,37515
Ireland,AI Safety,2019,784
Quad,AI Safety,2021,121063
NATO,AI Safety,2024,57059
Africa,AI Safety,2018,182
Philippines,AI Safety,2019,10
Philippines,AI Safety,2023,115
India,AI Safety,2018,2952
Greece,AI Safety,2023,912
Singapore,AI Safety,2025,1596
ASEAN,AI Safety,2019,11198
Denmark,AI Safety,2018,766
Malaysia,AI Safety,2017,43
Syria,AI Safety,2024,13
North Macedonia,AI Safety,2016,8
Hungary,AI Safety,2019,52
South Korea,AI Safety,2017,2826
Ecuador,AI Safety,2017,1
Bulgaria,AI Safety,2025,27
Europe,AI Safety,2022,43825
United Kingdom,AI Safety,2020,22985
Portugal,All,2020,35815
Estonia,All,2018,6003
Indonesia,All,2024,23171
Fiji,All,2020,683
Rwanda,All,2022,1437
Papua New Guinea,All,2024,63
Uzbekistan,All,2020,1008
Slovenia,All,2016,7283
United Kingdom,All,2023,382176
Mexico,All,2020,25022
Iceland,All,2020,2899
Europe,All,2024,693245
South Korea,All,2025,26111
Kyrgyzstan,All,2020,201
Switzerland,All,2025,12188
Ireland,All,2025,3783
Morocco,All,2025,2242
Slovakia,All,2020,9922
Angola,All,2017,25
Angola,All,2021,11
Palau,All,2019,2
Argentina,All,2020,5603
Africa,All,2019,104402
Africa,All,2022,147610
Trinidad and Tobago,All,2016,65
Armenia,All,2016,46
Italy,All,2016,128462
Uruguay,All,2019,545
Sierra Leone,All,2020,32
Myanmar,All,2024,298
Myanmar,All,2025,26
Norway,All,2021,46466
Bangladesh,All,2024,31228
Bhutan,All,2024,38
Ukraine,All,2020,7721
Serbia,All,2019,6475
Cameroon,Computer Vision,2024,165
Kosovo,Computer Vision,2019,14
Botswana,Computer Vision,2025,25
Tunisia,Computer Vision,2025,460
Lithuania,Computer Vision,2021,3399
Mali,Computer Vision,2018,424
Qatar,Computer Vision,2023,3894
Finland,Computer Vision,2022,11183
Mauritania,Computer Vision,2019,11
Iceland,Computer Vision,2022,1003
Bahrain,Computer Vision,2025,188
Europe,Computer Vision,2022,442170
Mozambique,Computer Vision,2022,8
Norway,Computer Vision,2026,1
Asia,Computer Vision,2023,1107593
Azerbaijan,Computer Vision,2023,63
Panama,Computer Vision,2018,50
Peru,Computer Vision,2018,587
Peru,Computer Vision,2023,823
Romania,Computer Vision,2021,7678
Myanmar,Computer Vision,2021,322
South and Central America,Computer Vision,2020,43035
Venezuela,Computer Vision,2018,131
China,Computer Vision,2021,1079666
Bulgaria,Computer Vision,2020,311
Kazakhstan,Computer Vision,2018,1502
Oman,Computer Vision,2017,225
Tajikistan,Computer Vision,2024,8
Bulgaria,Large language models,2021,168
Romania,Large language models,2019,399
Oceania,Large language models,2024,16455
Taiwan,Large language models,2018,2310
Morocco,Large language models,2023,402
United Arab Emirates,Large language models,2018,332
Hungary,Large language models,2021,172
North Macedonia,Large language models,2019,9
Five Eyes,Large language models,2023,400859
United Kingdom,Large language models,2018,16834
Netherlands,Large language models,2021,10424
Ecuador,Large language models,2019,3
Sri Lanka,Large language models,2021,159
South Korea,Large language models,2024,11155
United States,Large language models,2018,238612
Quad,Large language models,2021,393303
China,Large language models,2023,352579
Ireland,Large language models,2025,412
Togo,Large language models,2022,43
Finland,Large language models,2017,49
Finland,Large language models,2025,487
Panama,Large language models,2024,1
South Korea,Natural Language Processing,2020,11362
Kuwait,Natural Language Processing,2024,230
Sweden,Natural Language Processing,2016,5019
Sweden,Natural Language Processing,2020,5915
Sweden,Natural Language Processing,2021,5034
Africa,Natural Language Processing,2017,5886
Azerbaijan,Natural Language Processing,2020,47
Azerbaijan,Natural Language Processing,2023,48
Luxembourg,Natural Language Processing,2021,174
Luxembourg,Natural Language Processing,2023,357
Botswana,Natural Language Processing,2018,2
Belarus,Natural Language Processing,2019,14
Montenegro,Natural Language Processing,2020,10
Sudan,Natural Language Processing,2023,84
Bulgaria,Natural Language Processing,2018,639
Uzbekistan,Natural Language Processing,2018,15
El Salvador,Natural Language Processing,2018,1
North America and the Caribbean,Natural Language Processing,2017,205105
Finland,Natural Language Processing,2019,3391
Yemen,Natural Language Processing,2018,129
Asia,Natural Language Processing,2026,222
Lebanon,Natural Language Processing,2024,433
Cuba,Natural Language Processing,2016,26
Malaysia,Natural Language Processing,2023,3434
Bhutan,Natural Language Processing,2017,2
Portugal,Robotics,2016,6415
Tunisia,Robotics,2019,912
Argentina,Robotics,2021,382
Argentina,Robotics,2024,186
Denmark,Robotics,2022,4343
Africa,Robotics,2017,7062
Bolivia,Robotics,2023,252
Bolivia,Robotics,2024,16
Benin,Robotics,2023,3
Kyrgyzstan,Robotics,2024,11
ASEAN,Robotics,2024,11938
Bulgaria,Robotics,2021,658
Bulgaria,Robotics,2022,555
Taiwan,Robotics,2023,4775
Bangladesh,Robotics,2021,1309
Bangladesh,Robotics,2022,989
Sudan,Robotics,2017,71
Lithuania,Robotics,2017,260
Saudi Arabia,Robotics,2017,1695
El Salvador,Robotics,2023,71
Iran,Robotics,2025,199
Poland,Robotics,2022,3983
Poland,Robotics,2023,2840
United Arab Emirates,Robotics,2025,357
Global Partnership on Artificial Intelligence,Robotics,2019,500512
Global Partnership on Artificial Intelligence,Robotics,2023,276417
Zimbabwe,Robotics,2018,13
Cambodia,Robotics,2025,13
Chile,Robotics,2016,1812
Chile,Robotics,2022,768
Kuwait,Robotics,2025,86
Japan,AI Safety,2022,2500
China,AI Safety,2024,23256
Ireland,AI Safety,2016,146
Australia,AI Safety,2022,7603
Mexico,AI Safety,2023,3750
Switzerland,AI Safety,2017,2066
North America and the Caribbean,AI Safety,2025,13449
Cyprus,AI Safety,2020,364
Belize,AI Safety,2025,5
Saudi Arabia,AI Safety,2016,337
Trinidad and Tobago,AI Safety,2024,2
Malaysia,AI Safety,2024,1480
Netherlands,AI Safety,2023,4325
United States,AI Safety,2020,155370
Malta,AI Safety,2019,35
Romania,AI Safety,2018,36
South Korea,AI Safety,2019,6532
Albania,AI Safety,2024,2
South and Central America,AI Safety,2016,604
Brunei,AI Safety,2023,7
Vietnam,AI Safety,2025,28
Taiwan,AI Safety,2022,484
Taiwan,AI Safety,2024,886
Netherlands,All,2019,141140
Sri Lanka,All,2020,5271
Sri Lanka,All,2021,6266
Malaysia,All,2020,64448
Nigeria,All,2025,2167
Mozambique,All,2022,150
Luxembourg,All,2022,5407
Slovenia,All,2021,9659
Bulgaria,All,2016,1278
Bulgaria,All,2019,3518
Madagascar,All,2024,53
Lebanon,All,2022,8199
Kazakhstan,All,2019,2858
San Marino,All,2025,5
Mexico,All,2024,8626
Morocco,All,2024,12890
Turkey,All,2018,48144
Honduras,All,2019,156
Liechtenstein,All,2016,304
Grenada,All,2022,10
Germany,All,2020,428839
Dominican Republic,All,2020,117
Croatia,All,2020,7999
Bhutan,All,2017,62
NATO,All,2019,3630794
Austria,All,2021,45114
Austria,All,2025,4596
Senegal,All,2020,809
Africa,Computer Vision,2016,14626
Africa,Computer Vision,2024,23287
Austria,Computer Vision,2023,10357
Greece,Computer Vision,2024,4336
Cameroon,Computer Vision,2018,231
Argentina,Computer Vision,2020,1905
Malawi,Computer Vision,2025,6
Botswana,Computer Vision,2024,16
Montenegro,Computer Vision,2021,208
Angola,Computer Vision,2022,590
Paraguay,Computer Vision,2017,42
Mozambique,Computer Vision,2025,4
Kuwait,Computer Vision,2022,779
Yemen,Computer Vision,2018,7
Russia,Computer Vision,2022,8545
Belarus,Computer Vision,2023,73
Malta,Computer Vision,2024,51
OECD,Computer Vision,2023,763349
United Kingdom,Computer Vision,2020,268609
Ecuador,Computer Vision,2023,581
Oman,Computer Vision,2021,875
Oman,Computer Vision,2025,383
Thailand,Computer Vision,2020,5889
Chile,Computer Vision,2020,2678
South Africa,Computer Vision,2022,3460
Uruguay,Computer Vision,2025,16
Benin,Computer Vision,2020,2
Vietnam,Computer Vision,2017,3056
Bulgaria,Large language models,2023,204
Ethiopia,Large language models,2020,369
Czechia,Large language models,2017,1
Czechia,Large language models,2025,171
United Arab Emirates,Large language models,2022,4898
Latvia,Large language models,2025,3
Nigeria,Large language models,2021,496
Uganda,Large language models,2025,13
Mauritius,Large language models,2023,9
Five Eyes,Large language models,2022,299638
Kuwait,Large language models,2021,17
Croatia,Large language models,2020,106
Croatia,Large language models,2023,156
Albania,Large language models,2022,4
Cameroon,Large language models,2024,8
Vietnam,Large language models,2024,880
Ukraine,Large language models,2017,4
South Korea,Natural Language Processing,2023,12077
Sweden,Natural Language Processing,2023,6099
Somalia,Natural Language Processing,2024,4
Indonesia,Natural Language Processing,2023,5620
Colombia,Natural Language Processing,2019,290
Bosnia and Herzegovina,Natural Language Processing,2019,24
Iraq,Natural Language Processing,2022,715
United Arab Emirates,Natural Language Processing,2023,9126
United Arab Emirates,Natural Language Processing,2024,3085
Kazakhstan,Natural Language Processing,2017,87
Uzbekistan,Natural Language Processing,2021,244
Ecuador,Natural Language Processing,2019,138
United Kingdom,Natural Language Processing,2021,52950
El Salvador,Natural Language Processing,2019,3
Kenya,Natural Language Processing,2021,356
Netherlands,Natural Language Processing,2017,13745
Norway,Natural Language Processing,2025,328
India,Natural Language Processing,2021,42471
Qatar,Natural Language Processing,2017,2711
Qatar,Natural Language Processing,2025,142
Brunei,Natural Language Processing,2022,519
Nigeria,Natural Language Processing,2020,1033
Rwanda,Natural Language Processing,2023,219
Algeria,Natural Language Processing,2024,322
Bangladesh,Natural Language Processing,2024,2952
South Africa,Natural Language Processing,2018,1059
Quad,Natural Language Processing,2018,391088
Uganda,Natural Language Processing,2018,59
Spain,Natural Language Processing,2021,12424
Poland,Natural Language Processing,2023,7292
Portugal,Robotics,2020,5172
Indonesia,Robotics,2021,2863
Canada,Robotics,2021,27247
Vietnam,Robotics,2017,1827
Vietnam,Robotics,2022,2054
Australia,Robotics,2026,20
Senegal,Robotics,2024,23
Uganda,Robotics,2021,183
Africa,Robotics,2025,948
Monaco,Robotics,2020,55
Mongolia,Robotics,2022,68
Sri Lanka,Robotics,2016,432
Trinidad and Tobago,Robotics,2020,1
Honduras,Robotics,2017,4
Europe,Robotics,2022,181654
Bulgaria,Robotics,2024,412
Venezuela,Robotics,2020,72
Venezuela,Robotics,2022,109
Malta,Robotics,2019,146
Bhutan,Robotics,2024,16
Kazakhstan,Robotics,2016,660
China,Robotics,2017,105161
North America and the Caribbean,Robotics,2025,14193
El Salvador,Robotics,2025,6
Gabon,Robotics,2021,1
Bosnia and Herzegovina,Robotics,2023,124
Rwanda,Robotics,2021,9
United Arab Emirates,Robotics,2021,3470
Philippines,Robotics,2021,448
Greece,Robotics,2018,4932
Algeria,Robotics,2024,492
Azerbaijan,Robotics,2019,27
United Kingdom,Robotics,2017,54841
Ecuador,Robotics,2016,682
Estonia,Robotics,2018,876
Kuwait,Robotics,2020,293
Egypt,AI Safety,2019,98
Luxembourg,AI Safety,2016,244
Portugal,AI Safety,2018,141
Portugal,AI Safety,2019,411
Ireland,AI Safety,2020,2384
Norway,AI Safety,2022,1081
Mauritius,AI Safety,2023,2
OECD,AI Safety,2022,102526
Germany,AI Safety,2025,2073
Germany,AI Safety,2026,6
North America and the Caribbean,AI Safety,2023,70267
Israel,AI Safety,2024,501
Thailand,AI Safety,2022,96
Five Eyes,AI Safety,2023,83966
South and Central America,AI Safety,2023,1834
Nigeria,AI Safety,2022,50
Latvia,AI Safety,2021,2
Algeria,AI Safety,2022,99
Colombia,AI Safety,2018,94
Azerbaijan,AI Safety,2025,3
United Kingdom,AI Safety,2025,3093
Estonia,All,2025,521
Zimbabwe,All,2023,564
Iraq,All,2016,3289
Malaysia,All,2016,26729
Namibia,All,2023,663
Suriname,All,2021,6
Paraguay,All,2019,429
Qatar,All,2025,2023
Gambia,All,2022,15
ASEAN,All,2018,276024
Montenegro,All,2022,352
Saint Kitts and Nevis,All,2020,69
Brazil,All,2019,60562
Burkina Faso,All,2021,62
Argentina,All,2026,1
Africa,All,2021,148681
Tunisia,All,2019,9105
Tunisia,All,2020,13517
Jamaica,All,2016,137
North Macedonia,All,2021,1577
Chile,All,2016,5432
Vatican City,All,2021,55
Vatican City,All,2022,25
Lithuania,All,2020,6229
Norway,All,2018,30026
Jordan,All,2022,19586
Dominican Republic,All,2023,188
Dominican Republic,All,2025,77
Hungary,All,2018,9590
Uganda,All,2023,1501
Belgium,All,2025,5093
Vietnam,All,2025,2048
Bahamas,All,2023,23
Ghana,All,2023,6877
North America and the Caribbean,All,2023,1239587
Bahrain,All,2016,155
Bahrain,All,2020,698
EU,Computer Vision,2021,416193
Africa,Computer Vision,2017,23227
Bhutan,Computer Vision,2022,33
Kenya,Computer Vision,2024,387
Montenegro,Computer Vision,2023,117
Gabon,Computer Vision,2020,38
Brazil,Computer Vision,2026,2
Canada,Computer Vision,2019,85877
Sweden,Computer Vision,2022,13506
Mongolia,Computer Vision,2022,174
Comoros,Computer Vision,2023,26
Philippines,Computer Vision,2025,275
Qatar,Computer Vision,2020,6791
Hungary,Computer Vision,2023,1667
Europe,Computer Vision,2025,41796
Luxembourg,Computer Vision,2016,236
Barbados,Computer Vision,2023,95
Democratic Republic of the Congo,Computer Vision,2021,37
Democratic Republic of the Congo,Computer Vision,2023,19
OECD,Computer Vision,2017,1364986
Myanmar,Computer Vision,2022,224
Liberia,Computer Vision,2023,2
Liberia,Computer Vision,2024,24
Global Partnership on Artificial Intelligence,Computer Vision,2023,863428
Global Partnership on Artificial Intelligence,Computer Vision,2024,412638
United Kingdom,Computer Vision,2017,216478
Georgia,Computer Vision,2017,5
China,Computer Vision,2017,647542
Croatia,Computer Vision,2019,2194
Italy,Computer Vision,2017,33165
Italy,Computer Vision,2023,34104
South Africa,Computer Vision,2019,3300
South Africa,Computer Vision,2020,4450
Taiwan,Computer Vision,2018,23620
Brazil,Large language models,2018,839
Burundi,Large language models,2023,56
Taiwan,Large language models,2025,910
Global Partnership on Artificial Intelligence,Large language models,2021,554642
Nigeria,Large language models,2023,399
Bosnia and Herzegovina,Large language models,2021,10
Hungary,Large language models,2019,197
Asia,Large language models,2022,320674
Ecuador,Large language models,2022,28
Ecuador,Large language models,2024,60
Sri Lanka,Large language models,2022,249
France,Large language models,2020,9126
Europe,Large language models,2017,40916
Cyprus,Large language models,2025,75
Slovenia,Large language models,2017,6
Slovenia,Large language models,2024,130
Qatar,Large language models,2023,711
Philippines,Large language models,2024,165
Ireland,Large language models,2023,1929
Ghana,Natural Language Processing,2020,803
Africa,Natural Language Processing,2022,8939
Malawi,Natural Language Processing,2025,16
Luxembourg,Natural Language Processing,2022,308
Bahrain,Natural Language Processing,2016,52
Colombia,Natural Language Processing,2017,404
Philippines,Natural Language Processing,2016,54
Croatia,Natural Language Processing,2025,30
Taiwan,Natural Language Processing,2020,6026
EU,Natural Language Processing,2018,108870
EU,Natural Language Processing,2021,97599
Mongolia,Natural Language Processing,2016,11
Europe,Natural Language Processing,2020,172435
Asia,Natural Language Processing,2016,137158
Oman,Natural Language Processing,2025,136
Austria,Natural Language Processing,2019,2494
Austria,Natural Language Processing,2022,1822
Fiji,Natural Language Processing,2024,143
Libya,Natural Language Processing,2017,2
South Africa,Natural Language Processing,2019,4640
Global Partnership on Artificial Intelligence,Natural Language Processing,2020,496651
Five Eyes,Natural Language Processing,2025,26141
Poland,Natural Language Processing,2026,2
Indonesia,Robotics,2019,2825
Denmark,Robotics,2025,426
Syria,Robotics,2020,68
New Zealand,Robotics,2019,3663
Bolivia,Robotics,2021,4
OECD,Robotics,2022,347525
OECD,Robotics,2026,288
Sri Lanka,Robotics,2020,421
Botswana,Robotics,2022,96
South Africa,Robotics,2025,58
Mauritius,Robotics,2018,54
Japan,Robotics,2023,18168
Guatemala,Robotics,2024,3
Democratic Republic of the Congo,Robotics,2021,12
Bulgaria,Robotics,2017,592
Ethiopia,Robotics,2016,18
Ethiopia,Robotics,2024,215
China,Robotics,2025,25805
China,Robotics,2026,537
North America and the Caribbean,Robotics,2020,215569
El Salvador,Robotics,2016,11
Gabon,Robotics,2023,1
Bahrain,Robotics,2023,137
Bahrain,Robotics,2024,66
Malaysia,Robotics,2022,3263
Malaysia,Robotics,2023,2975
Algeria,Robotics,2022,1166
Chile,Robotics,2023,733
Oceania,Robotics,2024,6902
Iceland,Robotics,2017,49
EU,AI Safety,2023,30690
Luxembourg,AI Safety,2024,184
Global Partnership on Artificial Intelligence,AI Safety,2017,259517
Global Partnership on Artificial Intelligence,AI Safety,2019,221804
Ireland,AI Safety,2022,1785
Africa,AI Safety,2021,598
Singapore,AI Safety,2019,10994
Brazil,AI Safety,2022,1446
Brazil,AI Safety,2025,260
Czechia,AI Safety,2016,104
France,AI Safety,2025,577
Argentina,AI Safety,2017,160
United States,AI Safety,2026,32
Papua New Guinea,AI Safety,2024,2
South Korea,AI Safety,2016,745
Spain,AI Safety,2019,11673
Sri Lanka,AI Safety,2021,7
United Kingdom,AI Safety,2017,15885
United Kingdom,AI Safety,2023,16532
New Zealand,AI Safety,2019,292
Portugal,All,2021,37637
Liberia,All,2019,31
Cuba,All,2018,916
Monaco,All,2018,12
Japan,All,2021,152292
Indonesia,All,2022,35745
Somalia,All,2019,147
Somalia,All,2025,137
Papua New Guinea,All,2016,2
Pakistan,All,2019,69671
Georgia,All,2024,505
Gambia,All,2021,133
United States,All,2023,1093113
United Kingdom,All,2024,190330
Taiwan,All,2020,123498
Oceania,All,2020,358163
Finland,All,2023,33675
Guinea,All,2024,12
South and Central America,All,2023,57858
Mexico,All,2017,19291
Iceland,All,2016,2593
India,All,2019,315417
Saudi Arabia,All,2025,24600
Trinidad and Tobago,All,2022,182
Tanzania,All,2020,755
Uruguay,All,2022,653
Vatican City,All,2024,6
Lithuania,All,2018,2811
Quad,All,2023,1669863
Germany,All,2026,208
Afghanistan,All,2025,617
Hungary,All,2021,11155
OECD,All,2017,3542436
Ghana,All,2024,2646
NATO,All,2017,3111252
Rwanda,Computer Vision,2021,404
Japan,Computer Vision,2017,54416
Japan,Computer Vision,2019,69662
Botswana,Computer Vision,2022,58
Sweden,Computer Vision,2016,13543
Sri Lanka,Computer Vision,2020,1826
Sri Lanka,Computer Vision,2022,2439
Lebanon,Computer Vision,2021,1111
Algeria,Computer Vision,2017,2850
Hungary,Computer Vision,2021,2720
Latvia,Computer Vision,2018,60
Latvia,Computer Vision,2019,33
Paraguay,Computer Vision,2024,3
Guyana,Computer Vision,2024,4
Asia,Computer Vision,2017,927323
Morocco,Computer Vision,2024,2720
Estonia,Computer Vision,2023,612
Panama,Computer Vision,2025,36
North America and the Caribbean,Computer Vision,2023,346777
Romania,Computer Vision,2019,4571
Indonesia,Computer Vision,2022,10522
Quad,Computer Vision,2021,889275
Somalia,Computer Vision,2023,26
Nigeria,Computer Vision,2020,2452
OECD,Computer Vision,2016,1241382
Myanmar,Computer Vision,2025,10
Germany,Computer Vision,2022,102720
Ecuador,Computer Vision,2020,920
Spain,Computer Vision,2020,46165
Israel,Computer Vision,2017,11689
Iran,Computer Vision,2019,17374
Jordan,Computer Vision,2023,3804
Trinidad and Tobago,Computer Vision,2016,16
ASEAN,Large language models,2019,11846
Brazil,Large language models,2021,1019
Australia,Large language models,2018,4297
Tanzania,Large language models,2025,6
Argentina,Large language models,2024,95
United Arab Emirates,Large language models,2016,55
Nigeria,Large language models,2022,245
Austria,Large language models,2018,976
Peru,Large language models,2023,68
Ghana,Large language models,2024,23
Portugal,Large language models,2021,843
Thailand,Large language models,2018,1
Armenia,Large language models,2023,54
Libya,Large language models,2023,40
South Africa,Large language models,2025,201
Kenya,Large language models,2021,290
France,Large language models,2018,3666
Greece,Large language models,2025,341
EU,Large language models,2022,75478
Israel,Large language models,2020,31880
Croatia,Large language models,2016,23
Ireland,Large language models,2018,564
Ireland,Large language models,2022,2219
India,Large language models,2025,2215
NATO,Large language models,2021,478840
Sudan,Large language models,2020,32
Singapore,Natural Language Processing,2016,12914
Myanmar,Natural Language Processing,2019,245
Georgia,Natural Language Processing,2025,2
Nicaragua,Natural Language Processing,2019,9
Egypt,Natural Language Processing,2018,2357
South and Central America,Natural Language Processing,2025,1211
Lithuania,Natural Language Processing,2024,142
Kazakhstan,Natural Language Processing,2024,448
Brazil,Natural Language Processing,2023,3152
Europe,Natural Language Processing,2025,15230
North Macedonia,Natural Language Processing,2021,168
Namibia,Natural Language Processing,2022,157
Peru,Natural Language Processing,2018,76
Greece,Natural Language Processing,2019,2414
Brunei,Natural Language Processing,2020,1
Guatemala,Natural Language Processing,2020,20
ASEAN,Natural Language Processing,2020,35123
Nigeria,Natural Language Processing,2023,1290
Italy,Natural Language Processing,2024,6585
Austria,Natural Language Processing,2021,2567
Latvia,Natural Language Processing,2024,106
Iran,Natural Language Processing,2018,1773
Bhutan,Natural Language Processing,2021,2
Uganda,Natural Language Processing,2022,294
Kosovo,Robotics,2022,8
Indonesia,Robotics,2017,2086
Australia,Robotics,2021,20667
Slovakia,Robotics,2017,927
Mongolia,Robotics,2018,2
Sri Lanka,Robotics,2019,467
Botswana,Robotics,2016,7
Botswana,Robotics,2017,7
South Africa,Robotics,2021,1478
South and Central America,Robotics,2019,13039
South and Central America,Robotics,2022,6848
Netherlands,Robotics,2019,20320
Five Eyes,Robotics,2022,195052
Namibia,Robotics,2024,1
Mexico,Robotics,2021,4333
Kazakhstan,Robotics,2025,128
Iran,Robotics,2018,6074
Greece,Robotics,2026,1
Peru,Robotics,2023,678
Algeria,Robotics,2018,1570
Algeria,Robotics,2019,1774
Norway,Robotics,2016,3671
Cambodia,Robotics,2018,16
South Korea,Robotics,2017,25263
South Korea,Robotics,2018,26513
South Korea,Robotics,2022,24126
Paraguay,Robotics,2024,3
Grenada,Robotics,2023,3
EU,AI Safety,2025,6713
Qatar,AI Safety,2022,403
Kazakhstan,AI Safety,2025,24
Asia,AI Safety,2016,16092
Namibia,AI Safety,2023,4
Croatia,AI Safety,2026,12
NATO,AI Safety,2023,99270
Australia,AI Safety,2017,4859
Singapore,AI Safety,2016,1476
Germany,AI Safety,2021,17295
Switzerland,AI Safety,2023,3088
Ukraine,AI Safety,2025,8
Malaysia,AI Safety,2019,120
Iceland,AI Safety,2023,12
Netherlands,AI Safety,2026,1
United States,AI Safety,2017,214336
United Arab Emirates,AI Safety,2021,1455
Republic of the Congo,AI Safety,2024,12
Israel,AI Safety,2017,14911
Israel,AI Safety,2025,215
Papua New Guinea,AI Safety,2025,2
Thailand,AI Safety,2023,61
Nigeria,AI Safety,2021,8
Europe,AI Safety,2023,46369
Cameroon,AI Safety,2025,20
Indonesia,AI Safety,2019,6
Azerbaijan,AI Safety,2022,6
South Sudan,All,2024,5
Mozambique,All,2018,28
Rwanda,All,2021,945
Oman,All,2017,997
Haiti,All,2020,110
Kazakhstan,All,2023,4580
Democratic Republic of the Congo,All,2016,80
Democratic Republic of the Congo,All,2019,46
South Korea,All,2024,90112
Belarus,All,2017,4064
Ireland,All,2023,25426
Morocco,All,2022,14803
Cambodia,All,2024,253
Colombia,All,2023,8207
Bosnia and Herzegovina,All,2025,375
Nicaragua,All,2021,41
Jordan,All,2025,5955
Chad,All,2025,17
Uganda,All,2024,1972
Uganda,All,2025,527
Vietnam,All,2019,43597
Croatia,All,2025,870
North America and the Caribbean,All,2016,1973989
Bahrain,All,2018,475
Austria,All,2016,37449
Ukraine,All,2019,7792
Singapore,Computer Vision,2025,5594
Malaysia,Computer Vision,2024,8758
Mexico,Computer Vision,2022,3798
Mexico,Computer Vision,2023,6455
Cyprus,Computer Vision,2018,2087
Serbia,Computer Vision,2020,2963
Sri Lanka,Computer Vision,2017,723
North Macedonia,Computer Vision,2019,224
Cuba,Computer Vision,2021,396
Philippines,Computer Vision,2018,2719
Qatar,Computer Vision,2018,2135
Belgium,Computer Vision,2023,8191
Uganda,Computer Vision,2025,51
Armenia,Computer Vision,2021,17
Azerbaijan,Computer Vision,2016,9
United Arab Emirates,Computer Vision,2022,22429
Afghanistan,Computer Vision,2023,131
Sudan,Computer Vision,2017,351
Indonesia,Computer Vision,2017,7648
Nigeria,Computer Vision,2018,583
Laos,Computer Vision,2019,3
Myanmar,Computer Vision,2024,130
United Kingdom,Computer Vision,2024,49286
South and Central America,Computer Vision,2022,18515
Iraq,Computer Vision,2022,8129
Georgia,Computer Vision,2018,11
Georgia,Computer Vision,2022,1
Venezuela,Computer Vision,2025,23
China,Computer Vision,2022,820007
Switzerland,Computer Vision,2022,45441
Croatia,Computer Vision,2018,3208
Croatia,Computer Vision,2025,237
North Korea,Computer Vision,2016,7
Netherlands,Computer Vision,2017,57774
Iran,Computer Vision,2021,19377
Jordan,Computer Vision,2024,2765
Uzbekistan,Computer Vision,2017,15
Taiwan,Computer Vision,2021,33231
Taiwan,Computer Vision,2026,14
Moldova,Computer Vision,2016,26
Saint Lucia,Computer Vision,2024,100
ASEAN,Large language models,2020,25494
New Zealand,Large language models,2017,568
Global Partnership on Artificial Intelligence,Large language models,2020,494736
Nepal,Large language models,2020,28
North America and the Caribbean,Large language models,2025,32749
Austria,Large language models,2023,5922
Myanmar,Large language models,2022,44
Norway,Large language models,2018,6
Netherlands,Large language models,2016,455
Portugal,Large language models,2016,17
Asia,Large language models,2023,461378
Switzerland,Large language models,2021,14375
Luxembourg,Large language models,2024,434
Belgium,Large language models,2021,3221
Denmark,Large language models,2018,328
Tajikistan,Large language models,2025,11
Ukraine,Natural Language Processing,2020,435
Azerbaijan,Natural Language Processing,2016,97
Indonesia,Natural Language Processing,2018,4994
Madagascar,Natural Language Processing,2023,3
Swaziland,Natural Language Processing,2017,1
China,Natural Language Processing,2018,107526
Belarus,Natural Language Processing,2017,1
Croatia,Natural Language Processing,2019,156
Burundi,Natural Language Processing,2019,2
United Arab Emirates,Natural Language Processing,2022,3708
Sudan,Natural Language Processing,2016,109
Europe,Natural Language Processing,2019,153455
Denmark,Natural Language Processing,2024,2813
Liechtenstein,Natural Language Processing,2018,338
Qatar,Natural Language Processing,2021,2395
Brunei,Natural Language Processing,2017,87
Portugal,Natural Language Processing,2022,2383
Ethiopia,Natural Language Processing,2018,53
Ethiopia,Natural Language Processing,2019,104
Nigeria,Natural Language Processing,2021,1836
Rwanda,Natural Language Processing,2024,64
Pakistan,Natural Language Processing,2022,5386
Mauritius,Natural Language Processing,2021,4
Italy,Natural Language Processing,2023,13639
Lebanon,Natural Language Processing,2023,560
Kyrgyzstan,Natural Language Processing,2020,2
Libya,Natural Language Processing,2022,24
Sri Lanka,Natural Language Processing,2017,426
Sri Lanka,Natural Language Processing,2018,591
France,Natural Language Processing,2018,16305
Albania,Natural Language Processing,2016,9
Czechia,Natural Language Processing,2017,2728
Angola,Natural Language Processing,2022,29
Colombia,Robotics,2025,140
Vietnam,Robotics,2021,2951
Denmark,Robotics,2018,5013
Uganda,Robotics,2020,16
Montenegro,Robotics,2020,20
Mongolia,Robotics,2017,16
Togo,Robotics,2021,90
NATO,Robotics,2018,420027
NATO,Robotics,2020,407910
Cuba,Robotics,2018,81
Mexico,Robotics,2023,2644
Ethiopia,Robotics,2018,20
Qatar,Robotics,2018,562
Poland,Robotics,2018,3659
Croatia,Robotics,2020,1289
Jordan,Robotics,2022,882
Brunei,Robotics,2016,127
Bahrain,Robotics,2019,72
Tajikistan,Robotics,2025,1
Libya,Robotics,2016,34
Quad,Robotics,2020,249239
Sweden,Robotics,2023,6099
Belgium,Robotics,2018,9538
Norway,Robotics,2023,2884
Asia,Robotics,2016,185561
Chile,Robotics,2025,229
Kuwait,Robotics,2022,199
EU,AI Safety,2017,71251
Egypt,AI Safety,2020,334
Portugal,AI Safety,2024,1057
Ghana,AI Safety,2024,32
Norway,AI Safety,2025,163
India,AI Safety,2019,4358
Australia,AI Safety,2020,16695
OECD,AI Safety,2020,224024
Switzerland,AI Safety,2021,5131
Ukraine,AI Safety,2019,7
Malta,AI Safety,2017,1
Serbia,AI Safety,2023,250
Five Eyes,AI Safety,2018,172896
Cameroon,AI Safety,2020,10
Brunei,AI Safety,2017,38
Indonesia,AI Safety,2021,89
Bangladesh,AI Safety,2025,187
Liechtenstein,AI Safety,2021,218
Netherlands,All,2017,118179
Republic of the Congo,All,2018,3
Zambia,All,2025,29
Indonesia,All,2023,43232
Namibia,All,2021,513
Luxembourg,All,2019,4845
Uzbekistan,All,2023,3267
Qatar,All,2017,12881
Slovenia,All,2023,7457
Bulgaria,All,2021,3357
United States,All,2021,1755131
Lebanon,All,2016,1888
Oceania,All,2024,112597
Laos,All,2020,154
ASEAN,All,2025,34462
Saint Kitts and Nevis,All,2025,10
Belarus,All,2024,253
Ireland,All,2016,15676
Denmark,All,2022,43502
Honduras,All,2020,327
Swaziland,All,2020,288
Grenada,All,2019,1
Ethiopia,All,2017,462
Chile,All,2017,6076
Lithuania,All,2016,1867
Quad,All,2016,2166055
Australia,All,2016,148442
Vietnam,All,2017,9752
Bangladesh,All,2020,41672
Five Eyes,All,2021,2524565
North America and the Caribbean,All,2026,1326
Nepal,All,2016,237
Nepal,All,2020,3368
Cameroon,Computer Vision,2021,527
Kenya,Computer Vision,2021,467
Côte d'Ivoire,Computer Vision,2016,20
Syria,Computer Vision,2021,112
Namibia,Computer Vision,2018,18
Namibia,Computer Vision,2022,111
Saudi Arabia,Computer Vision,2023,43506
Slovakia,Computer Vision,2016,511
Vatican City,Computer Vision,2018,25
India,Computer Vision,2018,112258
Qatar,Computer Vision,2021,6055
Zambia,Computer Vision,2020,99
Latvia,Computer Vision,2024,222
Armenia,Computer Vision,2025,60
Yemen,Computer Vision,2021,688
Belarus,Computer Vision,2018,3643
Madagascar,Computer Vision,2021,43
Quad,Computer Vision,2024,253080
OECD,Computer Vision,2025,83743
South and Central America,Computer Vision,2021,31030
Georgia,Computer Vision,2016,19
Croatia,Computer Vision,2022,1644
Bolivia,Computer Vision,2023,27
Jordan,Computer Vision,2019,2220
Colombia,Computer Vision,2020,4957
Uruguay,Computer Vision,2018,144
Ethiopia,Computer Vision,2020,998
South Korea,Computer Vision,2019,98287
Pakistan,Large language models,2020,492
Pakistan,Large language models,2023,3591
Saint Lucia,Large language models,2025,87
Australia,Large language models,2022,24220
Ethiopia,Large language models,2022,138
Morocco,Large language models,2021,432
Lithuania,Large language models,2021,408
Uruguay,Large language models,2021,218
Iraq,Large language models,2020,56
OECD,Large language models,2024,219425
Austria,Large language models,2024,1715
Peru,Large language models,2022,27
Singapore,Large language models,2019,10899
North Macedonia,Large language models,2020,5
Five Eyes,Large language models,2018,257698
Netherlands,Large language models,2019,3154
Malta,Large language models,2019,302
South Korea,Large language models,2017,4042
Europe,Large language models,2025,21877
Germany,Large language models,2017,5682
Spain,Large language models,2019,2630
Malaysia,Large language models,2024,1485
India,Large language models,2019,6677
Kuwait,Natural Language Processing,2023,879
Afghanistan,Natural Language Processing,2025,11
Sweden,Natural Language Processing,2026,2
Indonesia,Natural Language Processing,2022,5596
Madagascar,Natural Language Processing,2018,35
Philippines,Natural Language Processing,2025,50
Slovenia,Natural Language Processing,2019,936
Slovakia,Natural Language Processing,2025,9
Turkey,Natural Language Processing,2016,4303
Egypt,Natural Language Processing,2019,3393
Iraq,Natural Language Processing,2018,110
North Korea,Natural Language Processing,2020,12
North Korea,Natural Language Processing,2023,3
Taiwan,Natural Language Processing,2017,3046
Russia,Natural Language Processing,2022,2730
Syria,Natural Language Processing,2023,85
Kosovo,Natural Language Processing,2021,296
Bulgaria,Natural Language Processing,2017,348
United Kingdom,Natural Language Processing,2024,20196
Chile,Natural Language Processing,2021,369
Kenya,Natural Language Processing,2017,20
Peru,Natural Language Processing,2019,80
Liechtenstein,Natural Language Processing,2022,55
Asia,Natural Language Processing,2023,284090
Asia,Natural Language Processing,2025,30765
Estonia,Natural Language Processing,2020,633
OECD,Natural Language Processing,2024,144690
Sri Lanka,Natural Language Processing,2023,211
Spain,Natural Language Processing,2026,4
Tunisia,Robotics,2025,91
Colombia,Robotics,2017,1562
Spain,Robotics,2021,16136
Vietnam,Robotics,2023,2235
Burkina Faso,Robotics,2019,1
Africa,Robotics,2019,8196
Kyrgyzstan,Robotics,2017,1
South Africa,Robotics,2022,690
United States,Robotics,2019,206748
Turkey,Robotics,2020,8343
Russia,Robotics,2019,5287
Armenia,Robotics,2017,115
Armenia,Robotics,2019,6
Cuba,Robotics,2021,14
Malta,Robotics,2023,52
Mexico,Robotics,2016,4220
Ethiopia,Robotics,2022,361
Taiwan,Robotics,2020,7829
Malaysia,Robotics,2020,5736
Quad,Robotics,2016,235624
Greece,Robotics,2020,4806
Azerbaijan,Robotics,2024,12
United Kingdom,Robotics,2019,57139
Norway,Robotics,2021,5598
Paraguay,Robotics,2025,2
Jordan,AI Safety,2019,5
Kenya,AI Safety,2023,56
Croatia,AI Safety,2023,810
NATO,AI Safety,2021,153075
Italy,AI Safety,2026,1
Bosnia and Herzegovina,AI Safety,2023,6
Iraq,AI Safety,2023,317
Canada,AI Safety,2022,8736
ASEAN,AI Safety,2024,7226
Netherlands,AI Safety,2024,2292
South Africa,AI Safety,2025,488
South Korea,AI Safety,2022,3027
Five Eyes,AI Safety,2025,16429
South and Central America,AI Safety,2018,1725
Tunisia,AI Safety,2021,146
Cameroon,AI Safety,2023,39
Algeria,AI Safety,2020,19
Vietnam,AI Safety,2021,1035
Montenegro,AI Safety,2024,62
Montenegro,AI Safety,2025,5
Slovenia,AI Safety,2023,182
Taiwan,AI Safety,2025,101
Philippines,All,2022,6564
Estonia,All,2017,3849
Cuba,All,2017,1895
Netherlands,All,2024,44650
Nigeria,All,2023,14887
Rwanda,All,2016,207
Papua New Guinea,All,2020,275
Lesotho,All,2017,28
Pakistan,All,2025,10623
Guatemala,All,2021,60
Yemen,All,2016,477
Yemen,All,2023,4797
United Kingdom,All,2017,498829
Finland,All,2025,3349
South and Central America,All,2020,115305
South Korea,All,2018,169830
Brazil,All,2025,5296
South Africa,All,2019,17744
Saudi Arabia,All,2022,148255
Africa,All,2026,14
Thailand,All,2023,18044
Jamaica,All,2022,52
Trinidad and Tobago,All,2017,140
Trinidad and Tobago,All,2018,54
Honduras,All,2018,225
Swaziland,All,2016,38
Liechtenstein,All,2019,138
Afghanistan,All,2017,5
Maldives,All,2023,165
Russia,All,2016,27523
NATO,All,2022,2306576
Senegal,All,2017,65
EU,Computer Vision,2018,353534
Singapore,Computer Vision,2024,24265
Africa,Computer Vision,2023,36145
NATO,Computer Vision,2024,283587
Argentina,Computer Vision,2016,1968
Cambodia,Computer Vision,2022,120
Tunisia,Computer Vision,2017,2585
Syria,Computer Vision,2019,416
Syria,Computer Vision,2024,97
Ghana,Computer Vision,2016,73
Cuba,Computer Vision,2020,221
Burundi,Computer Vision,2021,106
India,Computer Vision,2020,185325
Algeria,Computer Vision,2019,2851
United States,Computer Vision,2026,206
Europe,Computer Vision,2018,554641
Asia,Computer Vision,2021,1609983
Morocco,Computer Vision,2021,4267
Kuwait,Computer Vision,2021,626
Azerbaijan,Computer Vision,2018,11
United Arab Emirates,Computer Vision,2021,46438
Afghanistan,Computer Vision,2017,5
Sudan,Computer Vision,2021,402
Senegal,Computer Vision,2024,69
Romania,Computer Vision,2022,7400
Bangladesh,Computer Vision,2016,2620
Global Partnership on Artificial Intelligence,Computer Vision,2016,1259904
Germany,Computer Vision,2016,94657
Venezuela,Computer Vision,2020,242
China,Computer Vision,2025,99646
Bulgaria,Computer Vision,2025,288
Israel,Computer Vision,2021,23798
Iran,Computer Vision,2017,10121
Slovenia,Computer Vision,2024,800
Bulgaria,Large language models,2020,306
Estonia,Large language models,2024,238
Sweden,Large language models,2021,14287
Japan,Large language models,2018,6167
Morocco,Large language models,2018,26
United Arab Emirates,Large language models,2017,19
Nepal,Large language models,2021,12
Singapore,Large language models,2023,56052
North Macedonia,Large language models,2023,328
Portugal,Large language models,2019,425
Slovakia,Large language models,2024,57
Sri Lanka,Large language models,2025,57
South Africa,Large language models,2022,613
Iceland,Large language models,2020,14
Spain,Large language models,2017,1688
Angola,Large language models,2025,1
South Korea,Natural Language Processing,2016,4351
Ghana,Natural Language Processing,2017,15
Morocco,Natural Language Processing,2023,1397
Luxembourg,Natural Language Processing,2020,316
Bahrain,Natural Language Processing,2020,101
Japan,Natural Language Processing,2018,16680
Belgium,Natural Language Processing,2023,3572
Lithuania,Natural Language Processing,2018,257
Romania,Natural Language Processing,2017,1906
Russia,Natural Language Processing,2019,4326
EU,Natural Language Processing,2023,109508
NATO,Natural Language Processing,2020,416013
Argentina,Natural Language Processing,2018,761
Netherlands,Natural Language Processing,2026,1
Finland,Natural Language Processing,2021,4337
Rwanda,Natural Language Processing,2022,67
Mauritius,Natural Language Processing,2023,11
Kyrgyzstan,Natural Language Processing,2021,13
Latvia,Natural Language Processing,2020,275
Latvia,Natural Language Processing,2023,608
Iran,Natural Language Processing,2026,2
Albania,Natural Language Processing,2020,22
Malaysia,Natural Language Processing,2020,2744
Five Eyes,Natural Language Processing,2021,299676
Bhutan,Natural Language Processing,2024,1
Jordan,Natural Language Processing,2020,1861
Democratic Republic of the Congo,Natural Language Processing,2024,4
Poland,Natural Language Processing,2021,4392
Tunisia,Robotics,2022,1076
Indonesia,Robotics,2022,1941
Morocco,Robotics,2025,61
France,Robotics,2023,10455
Australia,Robotics,2017,15736
Lebanon,Robotics,2021,788
Yemen,Robotics,2022,103
Europe,Robotics,2017,244605
Italy,Robotics,2021,34840
Austria,Robotics,2022,4090
Austria,Robotics,2025,347
Hungary,Robotics,2025,136
Cuba,Robotics,2020,37
Namibia,Robotics,2022,23
Myanmar,Robotics,2019,45
Nigeria,Robotics,2017,108
Latvia,Robotics,2018,178
Latvia,Robotics,2020,122
Germany,Robotics,2024,14976
Finland,Robotics,2019,5594
Brazil,Robotics,2017,6539
Iran,Robotics,2016,5614
Jordan,Robotics,2024,587
United Arab Emirates,Robotics,2019,2279
Côte d'Ivoire,Robotics,2023,16
Peru,Robotics,2017,429
Peru,Robotics,2025,61
United Kingdom,Robotics,2020,62907
United Kingdom,Robotics,2021,49397
Ecuador,Robotics,2017,1013
Grenada,Robotics,2025,3
Oceania,Robotics,2021,22954
Iceland,Robotics,2020,208
Iceland,Robotics,2021,338
EU,AI Safety,2022,32550
Namibia,AI Safety,2024,4
Global Partnership on Artificial Intelligence,AI Safety,2018,203029
Ireland,AI Safety,2018,314
Croatia,AI Safety,2025,48
Ghana,AI Safety,2018,88
Ghana,AI Safety,2020,107
Bahrain,AI Safety,2022,7
Norway,AI Safety,2021,1643
Greece,AI Safety,2016,16
Turkey,AI Safety,2022,799
Lebanon,AI Safety,2020,145
Pakistan,AI Safety,2021,68
Pakistan,AI Safety,2024,1107
Canada,AI Safety,2018,11413
Brazil,AI Safety,2023,784
Cuba,AI Safety,2024,6
Zambia,AI Safety,2024,17
South Africa,AI Safety,2018,114
Slovakia,AI Safety,2024,121
Romania,AI Safety,2016,187
Romania,AI Safety,2020,102
Hungary,AI Safety,2018,19
Myanmar,AI Safety,2024,1
Five Eyes,AI Safety,2016,119395
Tunisia,AI Safety,2018,29
Estonia,AI Safety,2025,105
Austria,AI Safety,2024,720
Austria,AI Safety,2025,483
Algeria,AI Safety,2019,88
Colombia,AI Safety,2020,16
Monaco,All,2017,17
Netherlands,All,2018,119652
Iraq,All,2021,39059
Indonesia,All,2020,45142
Moldova,All,2018,161
Latvia,All,2024,1014
Malta,All,2022,841
Georgia,All,2016,264
Qatar,All,2022,20141
United States,All,2017,1962550
United Arab Emirates,All,2023,67514
Syria,All,2025,113
Azerbaijan,All,2016,489
Finland,All,2024,17831
Democratic Republic of the Congo,All,2020,88
Laos,All,2019,34
Panama,All,2021,195
Spain,All,2022,104564
South and Central America,All,2019,88515
South and Central America,All,2024,36063
Benin,All,2019,143
Sudan,All,2022,2230
Cambodia,All,2017,52
Cambodia,All,2020,142
Colombia,All,2018,9802
Argentina,All,2019,3842
Cameroon,All,2018,382
Malawi,All,2019,89
Bolivia,All,2019,23
Singapore,All,2019,199108
Grenada,All,2020,110
Armenia,All,2019,144
Nicaragua,All,2020,8
Germany,All,2025,29714
Dominican Republic,All,2019,88
Vietnam,All,2022,26332
Israel,All,2021,61382
North America and the Caribbean,All,2024,636390
Botswana,All,2024,574
Cape Verde,All,2024,39
China,All,2026,3434
Austria,All,2017,46691
Ukraine,All,2017,7830
Tanzania,Computer Vision,2024,195
Denmark,Computer Vision,2018,6758
Argentina,Computer Vision,2019,1193
Argentina,Computer Vision,2025,175
Cyprus,Computer Vision,2024,782
Japan,Computer Vision,2024,18294
Egypt,Computer Vision,2019,13998
Montenegro,Computer Vision,2025,24
Gabon,Computer Vision,2019,1
Saudi Arabia,Computer Vision,2020,38087
Australia,Computer Vision,2021,116297
Guatemala,Computer Vision,2019,32
Belgium,Computer Vision,2021,20969
Mauritania,Computer Vision,2020,19
Timor-Leste,Computer Vision,2019,33
Armenia,Computer Vision,2019,121
Pakistan,Computer Vision,2017,12415
Kyrgyzstan,Computer Vision,2022,52
New Zealand,Computer Vision,2024,1671
New Zealand,Computer Vision,2025,544
Russia,Computer Vision,2017,9336
Belarus,Computer Vision,2024,99
Albania,Computer Vision,2024,24
Malta,Computer Vision,2022,113
Somalia,Computer Vision,2022,10
Bosnia and Herzegovina,Computer Vision,2024,79
OECD,Computer Vision,2020,1562591
OECD,Computer Vision,2022,912050
Oceania,Computer Vision,2018,102181
Myanmar,Computer Vision,2019,405
Ecuador,Computer Vision,2016,414
Spain,Computer Vision,2026,11
China,Computer Vision,2016,508169
Switzerland,Computer Vision,2020,45884
South Africa,Computer Vision,2016,1357
Colombia,Computer Vision,2016,2663
Benin,Computer Vision,2024,55
Nepal,Computer Vision,2025,72
Vietnam,Computer Vision,2020,10673
Africa,Large language models,2020,1613
Sweden,Large language models,2018,1002
Japan,Large language models,2021,16076
Uruguay,Large language models,2023,57
OECD,Large language models,2023,503542
North America and the Caribbean,Large language models,2018,245166
North America and the Caribbean,Large language models,2019,246487
Peru,Large language models,2018,11
Five Eyes,Large language models,2025,39684
United Kingdom,Large language models,2022,67575
Cambodia,Large language models,2022,4
Saudi Arabia,Large language models,2023,9455
Sri Lanka,Large language models,2024,106
Libya,Large language models,2024,3
Zambia,Large language models,2023,13
Greece,Large language models,2019,653
South Korea,Large language models,2022,17585
United States,Large language models,2021,359134
China,Large language models,2024,178255
Belarus,Large language models,2019,11
India,Large language models,2020,7836
Maldives,Natural Language Processing,2024,262
Sweden,Natural Language Processing,2019,2627
Morocco,Natural Language Processing,2019,2048
Switzerland,Natural Language Processing,2026,8
Indonesia,Natural Language Processing,2021,10411
Germany,Natural Language Processing,2020,31954
Philippines,Natural Language Processing,2017,142
China,Natural Language Processing,2020,165926
Myanmar,Natural Language Processing,2017,308
Burundi,Natural Language Processing,2023,59
Japan,Natural Language Processing,2016,14164
Japan,Natural Language Processing,2021,14130
South and Central America,Natural Language Processing,2019,5628
Romania,Natural Language Processing,2018,3064
Côte d'Ivoire,Natural Language Processing,2016,123
Brazil,Natural Language Processing,2025,358
Bulgaria,Natural Language Processing,2016,212
Uzbekistan,Natural Language Processing,2017,5
Finland,Natural Language Processing,2024,1255
Norway,Natural Language Processing,2018,2569
India,Natural Language Processing,2025,2632
Yemen,Natural Language Processing,2020,308
Rwanda,Natural Language Processing,2025,11
Pakistan,Natural Language Processing,2024,2349
Fiji,Natural Language Processing,2022,58
Cuba,Natural Language Processing,2021,23
Spain,Natural Language Processing,2023,9261
Senegal,Natural Language Processing,2023,76
Zambia,Natural Language Processing,2022,17
Australia,Natural Language Processing,2026,3
Uruguay,Robotics,2022,171
France,Robotics,2021,22135
Slovakia,Robotics,2022,491
Ghana,Robotics,2024,56
Lebanon,Robotics,2017,369
Lebanon,Robotics,2023,863
New Zealand,Robotics,2020,2979
Cameroon,Robotics,2018,106
Slovenia,Robotics,2022,818
Honduras,Robotics,2019,62
Turkey,Robotics,2024,2723
Russia,Robotics,2016,3304
Venezuela,Robotics,2016,240
Malta,Robotics,2025,38
Mexico,Robotics,2026,6
Ethiopia,Robotics,2019,18
Ethiopia,Robotics,2021,317
Latvia,Robotics,2017,52
Germany,Robotics,2025,3396
North America and the Caribbean,Robotics,2018,232507
Poland,Robotics,2021,3702
United Arab Emirates,Robotics,2023,3568
United Kingdom,Robotics,2018,58885
Nepal,Robotics,2016,154
Egypt,AI Safety,2023,364
Luxembourg,AI Safety,2019,114
Russia,AI Safety,2020,264
Russia,AI Safety,2023,215
Japan,AI Safety,2017,7902
Norway,AI Safety,2017,648
Canada,AI Safety,2026,10
ASEAN,AI Safety,2022,4066
France,AI Safety,2023,5977
Saudi Arabia,AI Safety,2024,2147
North Macedonia,AI Safety,2025,57
Five Eyes,AI Safety,2022,75849
Tunisia,AI Safety,2017,3
Liechtenstein,AI Safety,2025,3
Vietnam,AI Safety,2023,641
Slovenia,AI Safety,2022,693
Canada,All,2026,218
Zimbabwe,All,2025,68
Sri Lanka,All,2023,4117
Venezuela,All,2019,489
Guyana,All,2023,17
Somalia,All,2020,394
Brunei,All,2023,1981
Mozambique,All,2025,29
Malta,All,2017,2107
Libya,All,2024,703
Bulgaria,All,2022,2781
Kosovo,All,2021,606
Gambia,All,2025,17
United States,All,2018,2313570
Panama,All,2016,37
South and Central America,All,2026,33
Iceland,All,2024,940
Europe,All,2018,1642726
Brazil,All,2024,18658
Burkina Faso,All,2019,12
Kuwait,All,2024,3565
India,All,2020,421461
Cambodia,All,2019,99
Bosnia and Herzegovina,All,2016,1197
Bosnia and Herzegovina,All,2020,1554
Bosnia and Herzegovina,All,2024,754
Thailand,All,2020,15340
Malawi,All,2021,142
Uruguay,All,2021,1189
Belize,All,2023,34
Belize,All,2025,8
Nicaragua,All,2019,17
Quad,All,2021,2488367
Sweden,All,2025,7401
Dominican Republic,All,2017,16
Belgium,All,2022,42159
Cyprus,All,2016,3787
Israel,All,2024,15938
Bahrain,All,2022,3277
Austria,All,2018,38517
Africa,Computer Vision,2019,35321
Cambodia,Computer Vision,2021,39
Mauritius,Computer Vision,2024,80
Djibouti,Computer Vision,2017,20
Gabon,Computer Vision,2023,69
Cuba,Computer Vision,2016,1634
Burundi,Computer Vision,2023,12
India,Computer Vision,2026,4
Turkey,Computer Vision,2024,11601
Bahrain,Computer Vision,2023,589
Mozambique,Computer Vision,2021,25
United Arab Emirates,Computer Vision,2023,21030
Eritrea,Computer Vision,2023,37
Kyrgyzstan,Computer Vision,2021,67
Panama,Computer Vision,2019,137
Russia,Computer Vision,2026,2
Belarus,Computer Vision,2016,56
North America and the Caribbean,Computer Vision,2017,842767
Costa Rica,Computer Vision,2025,19
Oceania,Computer Vision,2019,155406
Oceania,Computer Vision,2021,119988
Thailand,Computer Vision,2024,3959
Italy,Computer Vision,2024,18839
Netherlands,Computer Vision,2023,16873
Chile,Computer Vision,2017,1438
South Africa,Computer Vision,2023,3456
ASEAN,Computer Vision,2020,132287
Haiti,Computer Vision,2022,1
Nepal,Computer Vision,2022,1735
Vietnam,Computer Vision,2021,8936
South and Central America,Large language models,2016,1
Morocco,Large language models,2019,87
Oman,Large language models,2022,37
Global Partnership on Artificial Intelligence,Large language models,2018,280104
Global Partnership on Artificial Intelligence,Large language models,2025,56936
Iraq,Large language models,2024,306
Singapore,Large language models,2025,4544
Five Eyes,Large language models,2016,70226
Asia,Large language models,2021,406687
Sri Lanka,Large language models,2023,103
Libya,Large language models,2025,2
Greece,Large language models,2023,1845
Luxembourg,Large language models,2019,17
South Korea,Large language models,2019,19345
Ukraine,Large language models,2021,84
Jordan,Large language models,2020,184
Jordan,Large language models,2023,1029
Philippines,Large language models,2018,1
Malaysia,Large language models,2023,1408
Paraguay,Large language models,2025,3
Venezuela,Natural Language Processing,2022,12
Africa,Natural Language Processing,2024,5031
Burkina Faso,Natural Language Processing,2022,5
Azerbaijan,Natural Language Processing,2019,109
Indonesia,Natural Language Processing,2024,3027
Singapore,Natural Language Processing,2018,18654
Vietnam,Natural Language Processing,2017,999
Vietnam,Natural Language Processing,2023,2036
Botswana,Natural Language Processing,2019,2
China,Natural Language Processing,2025,19287
Cyprus,Natural Language Processing,2019,192
Slovakia,Natural Language Processing,2020,906
Costa Rica,Natural Language Processing,2024,1
Kazakhstan,Natural Language Processing,2025,146
Brazil,Natural Language Processing,2017,2386
Brazil,Natural Language Processing,2020,6616
Kosovo,Natural Language Processing,2016,2
NATO,Natural Language Processing,2025,31329
Peru,Natural Language Processing,2017,255
Liechtenstein,Natural Language Processing,2023,91
North America and the Caribbean,Natural Language Processing,2024,83779
Finland,Natural Language Processing,2026,4
Saudi Arabia,Natural Language Processing,2024,4488
Austria,Natural Language Processing,2016,1219
Libya,Natural Language Processing,2020,84
Senegal,Natural Language Processing,2025,4
Portugal,Robotics,2024,1941
Colombia,Robotics,2023,954
Spain,Robotics,2020,25702
Indonesia,Robotics,2020,3184
France,Robotics,2024,5398
Slovakia,Robotics,2025,74
Lebanon,Robotics,2022,720
New Zealand,Robotics,2025,229
New Zealand,Robotics,2026,2
Cyprus,Robotics,2022,763
Uganda,Robotics,2022,27
Africa,Robotics,2023,5788
OECD,Robotics,2019,504136
Yemen,Robotics,2016,23
Sri Lanka,Robotics,2024,308
Five Eyes,Robotics,2024,79753
Bulgaria,Robotics,2020,881
Myanmar,Robotics,2017,17
Costa Rica,Robotics,2016,18
Sudan,Robotics,2018,6
Finland,Robotics,2020,6832
Qatar,Robotics,2020,802
Jordan,Robotics,2021,582
Uzbekistan,Robotics,2023,75
Global Partnership on Artificial Intelligence,Robotics,2021,420086
Greece,Robotics,2025,497
United Kingdom,Robotics,2023,35414
Panama,Robotics,2016,32
Ecuador,Robotics,2018,703
Estonia,Robotics,2023,651
Paraguay,Robotics,2016,176
Kuwait,AI Safety,2019,18
China,AI Safety,2017,29191
Quad,AI Safety,2024,43432
NATO,AI Safety,2016,130708
Fiji,AI Safety,2017,63
Lebanon,AI Safety,2021,7
Canada,AI Safety,2016,6912
Morocco,AI Safety,2020,7
Argentina,AI Safety,2016,52
Ecuador,AI Safety,2016,41
Sweden,AI Safety,2022,1673
Tunisia,AI Safety,2023,17
Spain,AI Safety,2018,3138
Indonesia,AI Safety,2017,24
Canada,All,2017,210563
Philippines,All,2020,5499
Philippines,All,2021,7255
Togo,All,2020,21
Monaco,All,2020,220
Monaco,All,2024,19
Djibouti,All,2024,5
Somalia,All,2018,8
Malta,All,2019,1175
Georgia,All,2021,885
Paraguay,All,2023,154
Guatemala,All,2020,203
Slovenia,All,2022,6292
Dominica,All,2023,74
United Kingdom,All,2026,437
Taiwan,All,2019,76483
Spain,All,2023,97634
South and Central America,All,2016,64168
South and Central America,All,2017,77382
Burkina Faso,All,2024,94
Romania,All,2020,21131
Romania,All,2021,22035
Romania,All,2026,2
Kuwait,All,2023,6436
India,All,2023,372532
Switzerland,All,2017,123310
Morocco,All,2017,6998
Morocco,All,2021,18800
Cambodia,All,2023,1032
Argentina,All,2021,4310
Africa,All,2025,22950
Tunisia,All,2022,10709
Bolivia,All,2018,163
Mali,All,2018,457
Italy,All,2023,153688
Vatican City,All,2019,6
Poland,All,2020,40027
Jordan,All,2017,5970
Maldives,All,2018,25
Dominican Republic,All,2018,35
Ecuador,All,2022,3205
Belgium,All,2026,37
North America and the Caribbean,All,2022,1306650
Botswana,All,2025,58
Costa Rica,All,2021,636
Malaysia,Computer Vision,2020,24421
Five Eyes,Computer Vision,2025,50466
Austria,Computer Vision,2026,2
Japan,Computer Vision,2026,12
Egypt,Computer Vision,2021,16560
Ghana,Computer Vision,2023,1106
Gabon,Computer Vision,2025,47
Brazil,Computer Vision,2021,19116
Lithuania,Computer Vision,2016,151
Lithuania,Computer Vision,2017,557
Cuba,Computer Vision,2019,540
Mali,Computer Vision,2020,24
Hungary,Computer Vision,2026,1
Zambia,Computer Vision,2025,10
Latvia,Computer Vision,2025,36
Uganda,Computer Vision,2019,338
Bahrain,Computer Vision,2019,80
France,Computer Vision,2024,15018
France,Computer Vision,2026,26
Norway,Computer Vision,2023,8195
Cape Verde,Computer Vision,2018,4
Maldives,Computer Vision,2019,187
Luxembourg,Computer Vision,2017,1243
Azerbaijan,Computer Vision,2021,113
Belarus,Computer Vision,2022,851
Sudan,Computer Vision,2022,399
Albania,Computer Vision,2017,140
Honduras,Computer Vision,2023,29
Bangladesh,Computer Vision,2020,18089
Iraq,Computer Vision,2017,6558
Switzerland,Computer Vision,2023,35170
Israel,Computer Vision,2024,4080
Thailand,Computer Vision,2017,2569
Thailand,Computer Vision,2018,6032
Iran,Computer Vision,2018,12932
ASEAN,Computer Vision,2016,69518
Ukraine,Computer Vision,2021,1825
South Korea,Computer Vision,2017,49325
Romania,Large language models,2018,48
Romania,Large language models,2020,724
New Zealand,Large language models,2016,95
Africa,Large language models,2019,4536
Brazil,Large language models,2024,1351
Australia,Large language models,2016,579
Uruguay,Large language models,2025,7
Lebanon,Large language models,2023,230
Austria,Large language models,2016,70
Iran,Large language models,2016,2005
Fiji,Large language models,2022,35
Chile,Large language models,2021,74
South Africa,Large language models,2019,4244
China,Large language models,2022,237983
China,Large language models,2025,43164
Cyprus,Large language models,2024,328
Slovenia,Large language models,2025,86
Spain,Large language models,2023,7205
NATO,Large language models,2020,423386
Venezuela,Natural Language Processing,2021,131
Ghana,Natural Language Processing,2018,126
Afghanistan,Natural Language Processing,2019,5
Sweden,Natural Language Processing,2024,1511
Switzerland,Natural Language Processing,2019,10610
Mexico,Natural Language Processing,2023,1650
Azerbaijan,Natural Language Processing,2025,40
Uruguay,Natural Language Processing,2023,87
Russia,Natural Language Processing,2018,2794
Mongolia,Natural Language Processing,2017,12
NATO,Natural Language Processing,2024,127539
Finland,Natural Language Processing,2017,2515
Norway,Natural Language Processing,2021,3728
Greece,Natural Language Processing,2016,3444
Greece,Natural Language Processing,2017,2639
Portugal,Natural Language Processing,2025,212
Saudi Arabia,Natural Language Processing,2025,1365
Ethiopia,Natural Language Processing,2020,352
ASEAN,Natural Language Processing,2022,26768
Mauritius,Natural Language Processing,2020,11
Italy,Natural Language Processing,2025,1988
Estonia,Natural Language Processing,2023,473
Libya,Natural Language Processing,2024,51
Cuba,Natural Language Processing,2020,64
Cuba,Natural Language Processing,2025,2
Hungary,Natural Language Processing,2019,689
Iceland,Natural Language Processing,2016,29
Global Partnership on Artificial Intelligence,Natural Language Processing,2022,302431
Ireland,Natural Language Processing,2022,4027
Angola,Natural Language Processing,2025,9
EU,Robotics,2025,12612
Colombia,Robotics,2018,1346
Spain,Robotics,2018,19111
Syria,Robotics,2018,70
New Zealand,Robotics,2016,4033
Singapore,Robotics,2022,12074
Ukraine,Robotics,2022,923
Montenegro,Robotics,2022,2
Yemen,Robotics,2021,13
Yemen,Robotics,2025,14
Luxembourg,Robotics,2024,227
Slovenia,Robotics,2016,1070
Guatemala,Robotics,2018,18
Europe,Robotics,2020,259266
Malta,Robotics,2021,18
Myanmar,Robotics,2018,92
Costa Rica,Robotics,2022,101
Albania,Robotics,2025,3
Taiwan,Robotics,2017,5031
Taiwan,Robotics,2022,5901
Bangladesh,Robotics,2018,678
Germany,Robotics,2022,41526
Egypt,Robotics,2023,1794
Qatar,Robotics,2022,710
Jordan,Robotics,2020,928
Peru,Robotics,2018,405
Georgia,Robotics,2018,8
Georgia,Robotics,2024,2
Chile,Robotics,2020,1003
Ecuador,Robotics,2022,475
Kuwait,Robotics,2023,244
Poland,AI Safety,2016,144
Global Partnership on Artificial Intelligence,AI Safety,2022,104620
Global Partnership on Artificial Intelligence,AI Safety,2025,23484
China,AI Safety,2021,51269
China,AI Safety,2022,26005
India,AI Safety,2020,5759
India,AI Safety,2023,5945
North America and the Caribbean,AI Safety,2019,160293
France,AI Safety,2016,8113
Moldova,AI Safety,2024,17
Malta,AI Safety,2021,153
Ecuador,AI Safety,2024,29
Austria,AI Safety,2021,1422
Austria,AI Safety,2023,2415
United Kingdom,AI Safety,2019,14266
Asia,All,2023,2745621
Zambia,All,2022,380
Nigeria,All,2018,5827
Tajikistan,All,2025,31
Rwanda,All,2023,2071
Algeria,All,2021,13063
Oman,All,2025,1584
Haiti,All,2018,2
Oceania,All,2022,236969
Kuwait,All,2025,824
Sudan,All,2017,830
Sudan,All,2019,1281
Côte d'Ivoire,All,2020,66
Africa,All,2016,43845
Turkey,All,2016,50211
Turkey,All,2023,58140
Singapore,All,2018,159508
Iran,All,2017,36500
Mali,All,2017,19
Gabon,All,2017,1
Gabon,All,2019,2
Maldives,All,2025,10
Global Partnership on Artificial Intelligence,All,2022,2980836
Bangladesh,All,2019,31860
Five Eyes,All,2023,1659320
Bahrain,All,2019,513
Nepal,All,2018,477
Nepal,All,2023,2334
NATO,Computer Vision,2018,1229438
Liechtenstein,Computer Vision,2024,1
Greece,Computer Vision,2018,17292
Denmark,Computer Vision,2020,8603
Egypt,Computer Vision,2025,2855
Mauritius,Computer Vision,2023,155
Namibia,Computer Vision,2019,2
Swaziland,Computer Vision,2022,6
Canada,Computer Vision,2020,85434
Canada,Computer Vision,2025,4267
Lebanon,Computer Vision,2016,695
Algeria,Computer Vision,2021,4747
Paraguay,Computer Vision,2020,63
Finland,Computer Vision,2021,14344
Mauritania,Computer Vision,2016,2
Norway,Computer Vision,2018,7955
United Arab Emirates,Computer Vision,2019,24195
United Arab Emirates,Computer Vision,2025,2193
Pakistan,Computer Vision,2022,31495
Poland,Computer Vision,2026,11
Senegal,Computer Vision,2025,5
Malta,Computer Vision,2019,348
Quad,Computer Vision,2023,495063
OECD,Computer Vision,2021,1330066
Georgia,Computer Vision,2024,163
Netherlands,Computer Vision,2020,34501
Papua New Guinea,Computer Vision,2021,166
Ethiopia,Computer Vision,2024,3465
Ukraine,Computer Vision,2020,2200
Mexico,Large language models,2021,465
Italy,Large language models,2019,1067
Africa,Large language models,2023,3714
Algeria,Large language models,2019,6
Estonia,Large language models,2022,112
Kazakhstan,Large language models,2022,147
Kazakhstan,Large language models,2024,240
Argentina,Large language models,2021,154
Lithuania,Large language models,2024,88
Oman,Large language models,2023,69
Myanmar,Large language models,2023,18
Yemen,Large language models,2019,8
United Kingdom,Large language models,2023,76592
Senegal,Large language models,2020,8
South Africa,Large language models,2021,556
France,Large language models,2023,16371
United States,Large language models,2023,309800
India,Large language models,2018,3076
Mexico,Natural Language Processing,2022,1433
Zimbabwe,Natural Language Processing,2016,38
Singapore,Natural Language Processing,2024,8031
Timor-Leste,Natural Language Processing,2022,1
Bosnia and Herzegovina,Natural Language Processing,2022,10
Belgium,Natural Language Processing,2017,3950
Lithuania,Natural Language Processing,2025,92
Papua New Guinea,Natural Language Processing,2016,2
Brazil,Natural Language Processing,2026,3
Panama,Natural Language Processing,2022,67
Denmark,Natural Language Processing,2016,6083
Mauritania,Natural Language Processing,2023,2
India,Natural Language Processing,2016,20621
India,Natural Language Processing,2019,30185
Greece,Natural Language Processing,2024,1223
Nepal,Natural Language Processing,2018,99
Nepal,Natural Language Processing,2023,167
Saudi Arabia,Natural Language Processing,2020,7412
ASEAN,Natural Language Processing,2024,14631
Tunisia,Natural Language Processing,2021,882
OECD,Natural Language Processing,2026,317
Quad,Natural Language Processing,2020,345886
Quad,Natural Language Processing,2022,209511
Hungary,Natural Language Processing,2017,396
Hungary,Natural Language Processing,2022,742
Iran,Natural Language Processing,2022,6429
Global Partnership on Artificial Intelligence,Natural Language Processing,2026,317
Malta,Natural Language Processing,2018,126
North Macedonia,Robotics,2021,122
Cyprus,Robotics,2018,656
Africa,Robotics,2020,8142
Bolivia,Robotics,2020,22
South Africa,Robotics,2024,382
Guatemala,Robotics,2021,34
Europe,Robotics,2023,140259
Europe,Robotics,2025,18117
United States,Robotics,2022,134155
South and Central America,Robotics,2024,3143
Italy,Robotics,2017,45613
Ireland,Robotics,2020,2330
Namibia,Robotics,2023,17
Ethiopia,Robotics,2017,5
Taiwan,Robotics,2024,2790
Nigeria,Robotics,2021,832
Sudan,Robotics,2022,186
Lithuania,Robotics,2019,350
Lithuania,Robotics,2025,143
North America and the Caribbean,Robotics,2016,212520
North America and the Caribbean,Robotics,2021,180306
Iran,Robotics,2022,4043
Philippines,Robotics,2017,261
Quad,Robotics,2019,268166
Quad,Robotics,2025,17954
Tanzania,Robotics,2016,110
Barbados,Robotics,2024,3
Algeria,Robotics,2017,1142
Belgium,Robotics,2025,599
Georgia,Robotics,2023,9
Norway,Robotics,2025,289
Chile,Robotics,2019,1342
Ecuador,Robotics,2021,546
Angola,Robotics,2016,1
Saint Vincent and the Grenadines,Robotics,2023,4
South Korea,Robotics,2023,20582
Iceland,Robotics,2022,70
Egypt,AI Safety,2024,326
Zimbabwe,AI Safety,2024,46
Kazakhstan,AI Safety,2019,20
Japan,AI Safety,2016,1573
Kenya,AI Safety,2025,49
Greece,AI Safety,2021,698
Turkey,AI Safety,2019,1002
Turkey,AI Safety,2023,1962
Turkey,AI Safety,2024,645
Georgia,AI Safety,2023,156
Australia,AI Safety,2023,8943
OECD,AI Safety,2024,64982
Cuba,AI Safety,2019,7
Switzerland,AI Safety,2024,2013
North America and the Caribbean,AI Safety,2018,155171
Denmark,AI Safety,2017,1417
Saudi Arabia,AI Safety,2025,621
Iran,AI Safety,2019,257
Iran,AI Safety,2022,124
Serbia,AI Safety,2025,34
Chile,AI Safety,2021,147
Oceania,AI Safety,2022,8119
Five Eyes,AI Safety,2024,46028
Europe,AI Safety,2021,62594
Tunisia,AI Safety,2025,31
Lithuania,AI Safety,2020,42
Indonesia,AI Safety,2018,265
Somalia,AI Safety,2023,31
Slovenia,AI Safety,2020,642
Czechia,All,2023,18859
Canada,All,2020,315537
Sri Lanka,All,2024,3350
Indonesia,All,2018,33068
Fiji,All,2016,448
New Zealand,All,2024,10262
Malaysia,All,2025,9152
Malaysia,All,2026,11
Brunei,All,2016,167
Papua New Guinea,All,2022,200
Uzbekistan,All,2017,59
Malta,All,2023,788
Georgia,All,2023,840
Paraguay,All,2021,409
Timor-Leste,All,2024,6
Qatar,All,2018,11062
Slovenia,All,2017,6626
Oman,All,2020,2300
Oman,All,2022,4808
Madagascar,All,2020,343
Democratic Republic of the Congo,All,2025,62
Belarus,All,2021,1006
Slovakia,All,2021,7865
Angola,All,2016,6
Malawi,All,2017,19
Malawi,All,2024,73
Jamaica,All,2017,70
Iran,All,2020,88845
Iran,All,2024,29000
Sierra Leone,All,2017,1
Sierra Leone,All,2023,99
Norway,All,2024,20875
Chad,All,2023,10
France,All,2019,218407
Belgium,All,2019,49461
Albania,All,2024,453
Australia,All,2022,220357
North America and the Caribbean,All,2025,159251
China,All,2025,242661
Five Eyes,Computer Vision,2020,1120880
Greece,Computer Vision,2016,16010
Kosovo,Computer Vision,2021,71
Denmark,Computer Vision,2026,9
Cyprus,Computer Vision,2021,3603
Japan,Computer Vision,2018,70861
Japan,Computer Vision,2025,4258
Ireland,Computer Vision,2026,3
Mauritius,Computer Vision,2020,112
Gabon,Computer Vision,2024,29
Saudi Arabia,Computer Vision,2026,11
Sweden,Computer Vision,2026,24
Australia,Computer Vision,2022,79727
Lithuania,Computer Vision,2025,227
North Macedonia,Computer Vision,2018,100
Philippines,Computer Vision,2016,988
Algeria,Computer Vision,2020,6052
Turkey,Computer Vision,2018,15013
Bahrain,Computer Vision,2017,51
Europe,Computer Vision,2020,671471
Europe,Computer Vision,2026,309
France,Computer Vision,2019,70025
France,Computer Vision,2023,50068
Kyrgyzstan,Computer Vision,2020,113
New Zealand,Computer Vision,2021,4027
Sudan,Computer Vision,2018,470
Senegal,Computer Vision,2019,592
North America and the Caribbean,Computer Vision,2018,861774
Democratic Republic of the Congo,Computer Vision,2016,80
Bosnia and Herzegovina,Computer Vision,2016,419
United Kingdom,Computer Vision,2022,131709
Georgia,Computer Vision,2025,48
Croatia,Computer Vision,2021,2920
Kazakhstan,Computer Vision,2021,808
Israel,Computer Vision,2019,14319
Iran,Computer Vision,2022,18005
ASEAN,Computer Vision,2019,115402
ASEAN,Computer Vision,2023,105579
Ukraine,Computer Vision,2022,1467
South Korea,Computer Vision,2016,31072
Mexico,Large language models,2023,1056
Bangladesh,Large language models,2016,135
Italy,Large language models,2025,2031
Africa,Large language models,2016,47
Taiwan,Large language models,2020,3561
Kazakhstan,Large language models,2025,140
Ethiopia,Large language models,2019,22
Argentina,Large language models,2022,33
Lithuania,Large language models,2023,339
Global Partnership on Artificial Intelligence,Large language models,2016,76893
Peru,Large language models,2019,10
Bosnia and Herzegovina,Large language models,2023,70
Hungary,Large language models,2022,231
Senegal,Large language models,2024,7
Saudi Arabia,Large language models,2022,5371
Ecuador,Large language models,2021,69
EU,Large language models,2018,20641
Croatia,Large language models,2018,152
Poland,Large language models,2021,3224
NATO,Large language models,2017,110543
Ghana,Natural Language Processing,2019,26
Afghanistan,Natural Language Processing,2021,1
Morocco,Natural Language Processing,2016,909
Switzerland,Natural Language Processing,2020,9767
Azerbaijan,Natural Language Processing,2017,27
Bahrain,Natural Language Processing,2025,28
Cyprus,Natural Language Processing,2020,173
Egypt,Natural Language Processing,2021,4122
Japan,Natural Language Processing,2019,16831
Romania,Natural Language Processing,2020,2495
Thailand,Natural Language Processing,2025,127
Saint Lucia,Natural Language Processing,2025,39
Kosovo,Natural Language Processing,2023,35
Kosovo,Natural Language Processing,2025,1
Marshall Islands,Natural Language Processing,2017,8
Namibia,Natural Language Processing,2021,289
North America and the Caribbean,Natural Language Processing,2020,301066
North America and the Caribbean,Natural Language Processing,2023,240612
Norway,Natural Language Processing,2022,3274
India,Natural Language Processing,2024,16499
Greece,Natural Language Processing,2021,5698
South Africa,Natural Language Processing,2024,386
Quad,Natural Language Processing,2021,299276
Oceania,Natural Language Processing,2019,14804
Benin,Natural Language Processing,2023,18
Uganda,Natural Language Processing,2017,18
Ireland,Natural Language Processing,2024,1252
Portugal,Robotics,2017,6621
EU,Robotics,2020,185452
Kosovo,Robotics,2016,151
New Zealand,Robotics,2021,2243
Cameroon,Robotics,2023,42
Sri Lanka,Robotics,2018,598
Trinidad and Tobago,Robotics,2016,38
Russia,Robotics,2022,3715
Democratic Republic of the Congo,Robotics,2018,6
Venezuela,Robotics,2017,420
Kazakhstan,Robotics,2018,653
Liechtenstein,Robotics,2021,126
Belarus,Robotics,2025,3
Croatia,Robotics,2023,751
Rwanda,Robotics,2023,114
Nicaragua,Robotics,2022,2
Uzbekistan,Robotics,2022,77
Bahrain,Robotics,2017,5
Sweden,Robotics,2019,13592
Tanzania,Robotics,2020,6
Côte d'Ivoire,Robotics,2022,6
Azerbaijan,Robotics,2023,49
South Korea,Robotics,2016,19391
Oceania,Robotics,2018,25201
Russia,AI Safety,2018,279
Kuwait,AI Safety,2025,31
Asia,AI Safety,2022,42240
Japan,AI Safety,2020,8680
Kenya,AI Safety,2024,43
Philippines,AI Safety,2018,6
Turkey,AI Safety,2021,409
OECD,AI Safety,2025,22524
Brazil,AI Safety,2018,559
Denmark,AI Safety,2019,1699
Yemen,AI Safety,2021,56
South Africa,AI Safety,2024,638
Oceania,AI Safety,2023,9170
Europe,AI Safety,2018,55618
Austria,AI Safety,2019,824
Bangladesh,AI Safety,2019,290
Colombia,AI Safety,2023,842
Liberia,All,2023,35
Monaco,All,2022,29
Indonesia,All,2017,22277
Guyana,All,2017,2
Kenya,All,2017,1038
Papua New Guinea,All,2023,172
Malta,All,2025,352
Georgia,All,2018,711
Paraguay,All,2017,160
Mongolia,All,2017,111
Qatar,All,2023,22661
Slovenia,All,2018,8457
United States,All,2026,1168
Madagascar,All,2016,10
Syria,All,2020,1361
Azerbaijan,All,2024,771
Finland,All,2016,28674
Montenegro,All,2018,153
Egypt,All,2026,7
Mexico,All,2016,13272
Kyrgyzstan,All,2025,46
Côte d'Ivoire,All,2017,39
Slovakia,All,2019,6930
Colombia,All,2017,8163
Angola,All,2023,721
Saudi Arabia,All,2021,129847
Denmark,All,2018,31294
Denmark,All,2024,22628
Bosnia and Herzegovina,All,2023,1152
Honduras,All,2022,274
Singapore,All,2024,67056
Iran,All,2016,31321
Grenada,All,2025,33
Ethiopia,All,2025,2493
Tanzania,All,2022,1722
Gabon,All,2025,228
Nicaragua,All,2017,2
Barbados,All,2024,77
Barbados,All,2025,142
OECD,All,2024,1354755
Israel,All,2023,35597
Bahamas,All,2022,38
Croatia,All,2019,5634
North America and the Caribbean,All,2017,2100851
Costa Rica,All,2025,153
China,All,2016,939349
Serbia,All,2018,6001
Senegal,All,2023,521
Africa,Computer Vision,2022,46631
Liechtenstein,Computer Vision,2021,132
Liechtenstein,Computer Vision,2023,13
Greece,Computer Vision,2025,1069
Serbia,Computer Vision,2021,1105
Saudi Arabia,Computer Vision,2017,13760
Saudi Arabia,Computer Vision,2018,10909
Saudi Arabia,Computer Vision,2021,40465
Lithuania,Computer Vision,2019,862
North Macedonia,Computer Vision,2017,365
El Salvador,Computer Vision,2022,38
United States,Computer Vision,2017,791707
United States,Computer Vision,2020,796574
Belgium,Computer Vision,2018,12784
France,Computer Vision,2021,69073
Morocco,Computer Vision,2023,3844
Estonia,Computer Vision,2025,26
Poland,Computer Vision,2020,10851
Belarus,Computer Vision,2021,706
Madagascar,Computer Vision,2023,17
Brunei,Computer Vision,2019,442
Quad,Computer Vision,2016,893992
Global Partnership on Artificial Intelligence,Computer Vision,2017,1399695
United Kingdom,Computer Vision,2016,139941
Italy,Computer Vision,2021,49397
Tajikistan,Computer Vision,2021,50
Trinidad and Tobago,Computer Vision,2024,13
Trinidad and Tobago,Large language models,2025,16
Romania,Large language models,2023,593
Cuba,Large language models,2023,3
New Zealand,Large language models,2018,124
Africa,Large language models,2017,823
Australia,Large language models,2020,23441
Ethiopia,Large language models,2023,230
Oman,Large language models,2024,179
Lebanon,Large language models,2020,1653
Nigeria,Large language models,2024,65
Nigeria,Large language models,2025,75
North America and the Caribbean,Large language models,2016,64919
Singapore,Large language models,2024,20686
Hungary,Large language models,2020,22
Chile,Large language models,2018,113
Chile,Large language models,2023,305
Malta,Large language models,2023,76
Bahrain,Large language models,2023,29
Luxembourg,Large language models,2021,177
South Korea,Large language models,2021,28398
Israel,Large language models,2023,13487
Cameroon,Large language models,2023,204
Poland,Large language models,2017,128
Slovenia,Large language models,2019,340
Slovenia,Large language models,2023,245
Denmark,Large language models,2016,156
Ireland,Large language models,2020,1020
Azerbaijan,Large language models,2023,1
Mexico,Natural Language Processing,2019,1501
Botswana,Natural Language Processing,2023,64
Slovenia,Natural Language Processing,2017,785
South and Central America,Natural Language Processing,2026,3
United Arab Emirates,Natural Language Processing,2025,663
Côte d'Ivoire,Natural Language Processing,2023,25
Dominican Republic,Natural Language Processing,2025,9
Trinidad and Tobago,Natural Language Processing,2024,1
Europe,Natural Language Processing,2021,148095
Bulgaria,Natural Language Processing,2023,288
North Macedonia,Natural Language Processing,2022,147
NATO,Natural Language Processing,2017,303089
Finland,Natural Language Processing,2020,7447
Brunei,Natural Language Processing,2024,37
Ethiopia,Natural Language Processing,2021,822
ASEAN,Natural Language Processing,2016,18621
Pakistan,Natural Language Processing,2025,1013
Italy,Natural Language Processing,2022,10946
South Africa,Natural Language Processing,2020,999
Hungary,Natural Language Processing,2024,832
Iceland,Natural Language Processing,2017,44
Spain,Natural Language Processing,2017,12882
Spain,Natural Language Processing,2024,4211
Senegal,Natural Language Processing,2020,27
Poland,Natural Language Processing,2024,1034
France,Robotics,2022,16104
Denmark,Robotics,2020,5832
Denmark,Robotics,2026,4
North Macedonia,Robotics,2025,5
New Zealand,Robotics,2024,538
Bolivia,Robotics,2019,7
Luxembourg,Robotics,2017,795
Luxembourg,Robotics,2023,899
South Africa,Robotics,2019,2011
ASEAN,Robotics,2019,25934
Turkey,Robotics,2021,8692
Italy,Robotics,2024,12486
Netherlands,Robotics,2018,17452
Five Eyes,Robotics,2020,282716
Bulgaria,Robotics,2016,264
Venezuela,Robotics,2025,5
Ethiopia,Robotics,2020,67
Bangladesh,Robotics,2023,1128
North America and the Caribbean,Robotics,2024,60414
Qatar,Robotics,2016,436
Rwanda,Robotics,2018,34
Nicaragua,Robotics,2019,8
Madagascar,Robotics,2024,1
Libya,Robotics,2022,166
Tanzania,Robotics,2022,1
Israel,Robotics,2025,291
Papua New Guinea,Robotics,2022,39
Antigua and Barbuda,Robotics,2024,3
United Kingdom,Robotics,2016,42313
United Kingdom,Robotics,2022,40945
Panama,Robotics,2017,31
Asia,Robotics,2023,269215
Thailand,Robotics,2019,1804
Chile,Robotics,2017,696
South Korea,Robotics,2026,37
Czechia,Robotics,2020,3283
Peru,AI Safety,2018,6
Jamaica,AI Safety,2024,2
Poland,AI Safety,2017,2292
Portugal,AI Safety,2017,290
Ireland,AI Safety,2023,1240
Quad,AI Safety,2025,15633
Ghana,AI Safety,2025,4
Turkey,AI Safety,2020,744
Pakistan,AI Safety,2025,194
Costa Rica,AI Safety,2025,1
ASEAN,AI Safety,2021,11965
Cyprus,AI Safety,2016,11
Cyprus,AI Safety,2023,140
Slovakia,AI Safety,2020,7
Sri Lanka,AI Safety,2023,34
Austria,AI Safety,2018,1038
Indonesia,AI Safety,2016,140
Malaysia,All,2022,66417
Rwanda,All,2020,1661
Namibia,All,2022,319
Papua New Guinea,All,2017,4
Luxembourg,All,2020,5108
Uzbekistan,All,2022,1636
Malta,All,2018,1887
Timor-Leste,All,2019,64
Equatorial Guinea,All,2020,10
United Arab Emirates,All,2020,55802
Taiwan,All,2022,83197
Lebanon,All,2019,4322
Laos,All,2016,155
Saint Kitts and Nevis,All,2024,88
Switzerland,All,2024,44027
Slovakia,All,2016,2937
North Macedonia,All,2019,1146
Singapore,All,2021,200738
Liechtenstein,All,2022,1049
Grenada,All,2018,65
Lithuania,All,2023,4684
Myanmar,All,2019,824
Afghanistan,All,2023,1119
Norway,All,2026,26
OECD,All,2016,3233817
Bhutan,All,2021,251
Ukraine,All,2023,8360
Ukraine,All,2025,1534
Senegal,All,2022,532
Cameroon,Computer Vision,2017,18
Cyprus,Computer Vision,2019,1934
Egypt,Computer Vision,2023,15835
Syria,Computer Vision,2022,312
Brazil,Computer Vision,2020,31696
Canada,Computer Vision,2026,39
Sri Lanka,Computer Vision,2021,1280
Lithuania,Computer Vision,2022,2107
North Macedonia,Computer Vision,2025,1
Libya,Computer Vision,2020,282
Cuba,Computer Vision,2022,57
Burundi,Computer Vision,2019,280
Nicaragua,Computer Vision,2017,2
United States,Computer Vision,2024,140976
Guyana,Computer Vision,2017,2
Turkey,Computer Vision,2020,30799
Europe,Computer Vision,2017,621667
North America and the Caribbean,Computer Vision,2026,226
Albania,Computer Vision,2016,17
Romania,Computer Vision,2025,536
Romania,Computer Vision,2026,2
Brunei,Computer Vision,2017,33
Quad,Computer Vision,2017,965859
Bosnia and Herzegovina,Computer Vision,2023,147
Nigeria,Computer Vision,2021,2873
Laos,Computer Vision,2025,4
Switzerland,Computer Vision,2021,50819
Switzerland,Computer Vision,2026,24
North Korea,Computer Vision,2022,16
Netherlands,Computer Vision,2026,12
Trinidad and Tobago,Computer Vision,2020,10
Nepal,Computer Vision,2021,1174
South Korea,Computer Vision,2018,73851
Taiwan,Computer Vision,2022,38559
Cuba,Large language models,2025,2
Brazil,Large language models,2025,373
Australia,Large language models,2023,34727
Estonia,Large language models,2017,17
Oceania,Large language models,2020,23788
Taiwan,Large language models,2016,555
Czechia,Large language models,2021,585
Tunisia,Large language models,2024,386
Russia,Large language models,2024,1015
Five Eyes,Large language models,2021,416744
United Kingdom,Large language models,2020,113888
Chile,Large language models,2022,148
Armenia,Large language models,2021,16
France,Large language models,2021,17137
Kuwait,Large language models,2025,35
Germany,Large language models,2022,33408
Turkey,Large language models,2023,2549
Albania,Large language models,2023,5
Qatar,Large language models,2016,67
Jordan,Large language models,2022,527
Philippines,Large language models,2020,208
Philippines,Large language models,2021,113
Iceland,Large language models,2024,153
Malaysia,Large language models,2017,22
NATO,Large language models,2022,325129
Kuwait,Natural Language Processing,2016,246
Sweden,Natural Language Processing,2018,5018
Morocco,Natural Language Processing,2024,706
Indonesia,Natural Language Processing,2025,385
Vietnam,Natural Language Processing,2020,2844
Timor-Leste,Natural Language Processing,2018,21
Togo,Natural Language Processing,2023,32
Colombia,Natural Language Processing,2024,434
China,Natural Language Processing,2021,160665
Georgia,Natural Language Processing,2018,19
Turkey,Natural Language Processing,2018,3303
Bosnia and Herzegovina,Natural Language Processing,2023,30
Costa Rica,Natural Language Processing,2023,17
Tajikistan,Natural Language Processing,2020,5
Brazil,Natural Language Processing,2016,3185
Bolivia,Natural Language Processing,2023,8
Netherlands,Natural Language Processing,2016,11270
Honduras,Natural Language Processing,2024,12
Nepal,Natural Language Processing,2017,27
Tanzania,Natural Language Processing,2020,50
Pakistan,Natural Language Processing,2017,2407
Kyrgyzstan,Natural Language Processing,2022,3
Bangladesh,Natural Language Processing,2018,2263
Bangladesh,Natural Language Processing,2021,4837
Libya,Natural Language Processing,2016,13
Mozambique,Natural Language Processing,2023,23
Five Eyes,Natural Language Processing,2023,292682
Czechia,Natural Language Processing,2022,1561
Czechia,Natural Language Processing,2023,2592
Ireland,Natural Language Processing,2018,6571
Ireland,Natural Language Processing,2020,4835
Cambodia,Natural Language Processing,2022,9
Jordan,Natural Language Processing,2017,1360
Australia,Natural Language Processing,2019,12894
North Korea,Robotics,2016,15
Serbia,Robotics,2023,310
Ukraine,Robotics,2021,791
Ukraine,Robotics,2023,874
Botswana,Robotics,2021,178
Mauritius,Robotics,2022,9
Russia,Robotics,2018,6375
Russia,Robotics,2020,6480
India,Robotics,2025,1771
Armenia,Robotics,2023,6
Mexico,Robotics,2022,2774
Sudan,Robotics,2016,4
Egypt,Robotics,2017,3136
Liechtenstein,Robotics,2020,1
Poland,Robotics,2016,4829
Brunei,Robotics,2019,220
Oman,Robotics,2016,34
Greece,Robotics,2017,4101
Algeria,Robotics,2020,1041
United Kingdom,Robotics,2024,17762
Qatar,AI Safety,2025,99
NATO,AI Safety,2022,91792
Tanzania,AI Safety,2025,4
Italy,AI Safety,2024,3125
Fiji,AI Safety,2019,1
India,AI Safety,2016,657
India,AI Safety,2024,6368
Kosovo,AI Safety,2024,29
Mongolia,AI Safety,2025,2
Malta,AI Safety,2016,26
Chile,AI Safety,2019,85
Chile,AI Safety,2023,217
Sweden,AI Safety,2024,1117
Europe,AI Safety,2024,28522
Zimbabwe,All,2022,213
Iraq,All,2023,25472
New Zealand,All,2021,18382
New Zealand,All,2026,18
Moldova,All,2020,62
Mongolia,All,2016,49
Mongolia,All,2024,248
Slovenia,All,2019,9095
Oceania,All,2021,322055
Finland,All,2018,34035
ASEAN,All,2024,149927
El Salvador,All,2020,196
San Marino,All,2024,6
Spain,All,2019,152231
Spain,All,2020,146521
Egypt,All,2021,47305
South Africa,All,2024,16585
Burkina Faso,All,2023,95
India,All,2025,52959
Switzerland,All,2016,133881
Ireland,All,2017,18655
Colombia,All,2021,12918
Grenada,All,2021,115
Poland,All,2025,6313
Norway,All,2020,47261
Jordan,All,2024,15526
Chad,All,2022,30
Ecuador,All,2021,4353
Greece,All,2021,44114
Australia,All,2018,224608
Peru,All,2023,4003
Bangladesh,All,2025,6156
Ghana,All,2019,2769
Five Eyes,All,2016,2368935
Bahrain,All,2023,2070
Austria,All,2026,8
Senegal,All,2024,262
Tanzania,Computer Vision,2025,39
Five Eyes,Computer Vision,2024,213747
Greece,Computer Vision,2021,9787
Mexico,Computer Vision,2020,8396
Cameroon,Computer Vision,2023,390
Kenya,Computer Vision,2016,178
Japan,Computer Vision,2023,30869
Botswana,Computer Vision,2023,181
Sweden,Computer Vision,2024,5730
Dominican Republic,Computer Vision,2022,12
Guatemala,Computer Vision,2024,51
Zambia,Computer Vision,2021,110
Portugal,Computer Vision,2021,8948
Portugal,Computer Vision,2023,7283
Yemen,Computer Vision,2020,1225
Eritrea,Computer Vision,2025,2
New Zealand,Computer Vision,2017,10540
Panama,Computer Vision,2021,96
Sudan,Computer Vision,2025,28
Republic of the Congo,Computer Vision,2016,5
Indonesia,Computer Vision,2019,10958
Global Partnership on Artificial Intelligence,Computer Vision,2019,1527526
Germany,Computer Vision,2019,140735
Germany,Computer Vision,2025,7331
Ecuador,Computer Vision,2021,1094
Spain,Computer Vision,2022,28304
Kazakhstan,Computer Vision,2022,924
Israel,Computer Vision,2022,15110
Netherlands,Computer Vision,2021,38666
Netherlands,Computer Vision,2022,21040
Benin,Computer Vision,2025,10
Haiti,Computer Vision,2023,1
Slovenia,Computer Vision,2017,2117
Ukraine,Computer Vision,2017,3975
South and Central America,Large language models,2021,1582
Bangladesh,Large language models,2017,7
Pakistan,Large language models,2021,1297
Africa,Large language models,2018,75
Comoros,Large language models,2024,3
Japan,Large language models,2023,17434
Japan,Large language models,2024,8821
Oman,Large language models,2021,34
Uruguay,Large language models,2024,37
Global Partnership on Artificial Intelligence,Large language models,2017,121333
Iraq,Large language models,2023,358
Uganda,Large language models,2020,1
Mauritius,Large language models,2025,11
Netherlands,Large language models,2025,1668
Portugal,Large language models,2017,84
Malta,Large language models,2020,49
Malta,Large language models,2021,162
Asia,Large language models,2016,22620
Asia,Large language models,2026,3
Saudi Arabia,Large language models,2016,2
Saudi Arabia,Large language models,2024,4322
France,Large language models,2019,7125
South Korea,Large language models,2020,11696
Croatia,Large language models,2021,117
Finland,Large language models,2023,3383
Venezuela,Natural Language Processing,2020,19
Somalia,Natural Language Processing,2019,65
Uruguay,Natural Language Processing,2018,22
Vietnam,Natural Language Processing,2019,2201
Colombia,Natural Language Processing,2022,259
Belarus,Natural Language Processing,2021,5
Cyprus,Natural Language Processing,2025,56
Georgia,Natural Language Processing,2019,33
Georgia,Natural Language Processing,2022,41
United States,Natural Language Processing,2024,77483
Egypt,Natural Language Processing,2020,3454
Japan,Natural Language Processing,2024,4780
Sudan,Natural Language Processing,2024,29
Panama,Natural Language Processing,2020,5
Panama,Natural Language Processing,2024,1
United Kingdom,Natural Language Processing,2022,48824
Argentina,Natural Language Processing,2024,181
Finland,Natural Language Processing,2016,4011
ASEAN,Natural Language Processing,2017,23621
ASEAN,Natural Language Processing,2026,10
Pakistan,Natural Language Processing,2020,6815
Algeria,Natural Language Processing,2023,600
Estonia,Natural Language Processing,2017,194
Latvia,Natural Language Processing,2019,123
Libya,Natural Language Processing,2021,140
South Africa,Natural Language Processing,2021,1169
Sri Lanka,Natural Language Processing,2024,351
Oceania,Natural Language Processing,2016,9688
Global Partnership on Artificial Intelligence,Natural Language Processing,2025,36895
Armenia,Natural Language Processing,2019,6
Senegal,Natural Language Processing,2021,1
Zambia,Natural Language Processing,2023,38
Australia,Natural Language Processing,2020,21831
Tunisia,Robotics,2024,441
Uruguay,Robotics,2025,3
Kosovo,Robotics,2024,5
France,Robotics,2026,12
Syria,Robotics,2023,77
Africa,Robotics,2022,7479
Ukraine,Robotics,2016,572
ASEAN,Robotics,2023,20419
Guatemala,Robotics,2025,2
Republic of the Congo,Robotics,2017,5
Italy,Robotics,2016,40485
NATO,Robotics,2024,116497
India,Robotics,2022,20105
Hungary,Robotics,2022,1525
Myanmar,Robotics,2020,258
Taiwan,Robotics,2026,4
Latvia,Robotics,2019,129
Sudan,Robotics,2019,14
Switzerland,Robotics,2023,13538
Moldova,Robotics,2019,5
Moldova,Robotics,2020,11
Rwanda,Robotics,2019,85
Bahrain,Robotics,2022,107
Tajikistan,Robotics,2021,7
Sweden,Robotics,2017,9728
Azerbaijan,Robotics,2020,3
Azerbaijan,Robotics,2025,15
Belgium,Robotics,2022,5566
Nepal,Robotics,2019,36
Cambodia,Robotics,2023,1
Estonia,Robotics,2019,609
Grenada,Robotics,2024,8
Kuwait,AI Safety,2021,108
Quad,AI Safety,2026,56
Africa,AI Safety,2024,2635
Saudi Arabia,AI Safety,2018,300
Zambia,AI Safety,2023,1
Netherlands,AI Safety,2021,3217
United States,AI Safety,2019,155322
Romania,AI Safety,2021,158
South Korea,AI Safety,2018,2067
Ecuador,AI Safety,2019,12
Sweden,AI Safety,2018,1204
Cambodia,AI Safety,2024,40
Philippines,All,2016,1646
Estonia,All,2020,5112
Iraq,All,2022,25705
Venezuela,All,2017,1222
Kenya,All,2018,613
Nigeria,All,2021,12827
Brunei,All,2020,608
Mozambique,All,2024,117
Saint Vincent and the Grenadines,All,2025,5
Mauritania,All,2020,39
Namibia,All,2024,333
Pakistan,All,2018,44051
Pakistan,All,2026,2
Guatemala,All,2022,52
United Arab Emirates,All,2025,7577
Dominica,All,2024,25
United Kingdom,All,2020,660554
Democratic Republic of the Congo,All,2024,534
ASEAN,All,2017,201113
ASEAN,All,2026,222
Spain,All,2017,124280
Benin,All,2022,248
Belarus,All,2023,269
Denmark,All,2026,72
Bosnia and Herzegovina,All,2018,2987
Burundi,All,2020,9
Turkmenistan,All,2018,14
North Macedonia,All,2024,778
Grenada,All,2023,161
Ethiopia,All,2022,14940
Chile,All,2018,6258
Vatican City,All,2018,25
Poland,All,2016,29469
Quad,All,2020,3051647
Uganda,All,2018,956
Greece,All,2020,47005
Global Partnership on Artificial Intelligence,All,2026,2824
Bahamas,All,2025,3
Bangladesh,All,2023,41206
Costa Rica,All,2019,1080
Costa Rica,All,2022,840
Ukraine,All,2018,10076
EU,Computer Vision,2026,204
Austria,Computer Vision,2019,16518
Cameroon,Computer Vision,2020,394
Kosovo,Computer Vision,2016,15
Egypt,Computer Vision,2024,8054
Ireland,Computer Vision,2017,3604
Ireland,Computer Vision,2022,4097
Namibia,Computer Vision,2024,34
Saudi Arabia,Computer Vision,2025,7573
Australia,Computer Vision,2026,125
Lithuania,Computer Vision,2024,618
Dominican Republic,Computer Vision,2018,2
Latvia,Computer Vision,2022,657
Bahrain,Computer Vision,2018,220
Morocco,Computer Vision,2016,2100
Yemen,Computer Vision,2016,105
Sudan,Computer Vision,2023,318
Senegal,Computer Vision,2023,128
Indonesia,Computer Vision,2024,5517
Equatorial Guinea,Computer Vision,2020,10
Nigeria,Computer Vision,2024,1358
Costa Rica,Computer Vision,2022,107
Iraq,Computer Vision,2023,6844
Kazakhstan,Computer Vision,2024,1091
Israel,Computer Vision,2026,2
Italy,Computer Vision,2020,54160
Chile,Computer Vision,2021,2189
Ukraine,Computer Vision,2026,1
Nepal,Computer Vision,2020,997
ASEAN,Large language models,2016,1774
Italy,Large language models,2016,711
Estonia,Large language models,2025,38
Morocco,Large language models,2020,165
Nigeria,Large language models,2017,1
North America and the Caribbean,Large language models,2022,250279
Austria,Large language models,2021,1872
Hungary,Large language models,2024,307
Cambodia,Large language models,2021,11
Thailand,Large language models,2019,187
Swaziland,Large language models,2024,11
Quad,Large language models,2018,247808
Turkey,Large language models,2024,2446
Jordan,Large language models,2025,263
South Korea,Natural Language Processing,2018,7220
Gabon,Natural Language Processing,2025,103
Morocco,Natural Language Processing,2017,1565
Luxembourg,Natural Language Processing,2017,230
Singapore,Natural Language Processing,2022,15087
Belarus,Natural Language Processing,2018,15
Croatia,Natural Language Processing,2023,450
United States,Natural Language Processing,2026,225
Egypt,Natural Language Processing,2023,2394
Bosnia and Herzegovina,Natural Language Processing,2024,3
Lithuania,Natural Language Processing,2017,474
Kazakhstan,Natural Language Processing,2018,127
Taiwan,Natural Language Processing,2018,3846
Thailand,Natural Language Processing,2022,630
Mongolia,Natural Language Processing,2019,5
Denmark,Natural Language Processing,2021,4922
Ecuador,Natural Language Processing,2024,112
Guinea,Natural Language Processing,2023,3
Kenya,Natural Language Processing,2022,447
North America and the Caribbean,Natural Language Processing,2022,177883
North America and the Caribbean,Natural Language Processing,2025,22081
Finland,Natural Language Processing,2018,4279
Yemen,Natural Language Processing,2016,125
Saudi Arabia,Natural Language Processing,2022,10384
Canada,Natural Language Processing,2020,25750
Nigeria,Natural Language Processing,2025,14
OECD,Natural Language Processing,2019,460154
Cuba,Natural Language Processing,2019,82
Jordan,Natural Language Processing,2024,1317
EU,Robotics,2019,185863
Argentina,Robotics,2016,706
Vietnam,Robotics,2018,2226
France,Robotics,2017,27505
Fiji,Robotics,2018,102
Singapore,Robotics,2026,26
Montenegro,Robotics,2018,22
OECD,Robotics,2018,505732
Honduras,Robotics,2025,3
Pakistan,Robotics,2020,2581
Turkey,Robotics,2023,5383
Netherlands,Robotics,2022,13246
Five Eyes,Robotics,2018,289407
Mexico,Robotics,2019,5092
Costa Rica,Robotics,2025,23
Nigeria,Robotics,2025,89
Switzerland,Robotics,2021,24371
Lithuania,Robotics,2016,199
Lithuania,Robotics,2018,332
Finland,Robotics,2026,1
Afghanistan,Robotics,2025,5
Uzbekistan,Robotics,2024,168
Zimbabwe,Robotics,2019,39
Peru,Robotics,2021,883
Israel,Robotics,2020,4291
Thailand,Robotics,2022,1477
Czechia,Robotics,2025,191
Paraguay,Robotics,2017,106
Kenya,Robotics,2023,127
Africa,AI Safety,2016,90
Turkey,AI Safety,2025,148
Australia,AI Safety,2019,10818
Australia,AI Safety,2024,4432
OECD,AI Safety,2023,114309
Switzerland,AI Safety,2019,3800
Cyprus,AI Safety,2018,76
United States,AI Safety,2022,59188
South Africa,AI Safety,2022,109
Serbia,AI Safety,2024,132
Hungary,AI Safety,2023,262
South and Central America,AI Safety,2020,1656
Lesotho,AI Safety,2024,9
Latvia,AI Safety,2025,3
Finland,AI Safety,2016,400
Algeria,AI Safety,2021,96
Azerbaijan,AI Safety,2023,3
Asia,All,2022,2894886
Japan,All,2017,146152
Japan,All,2020,189295
Luxembourg,All,2025,548
Malta,All,2020,2431
Paraguay,All,2018,162
Algeria,All,2024,8081
Mongolia,All,2022,603
Lebanon,All,2018,3443
Kazakhstan,All,2017,1706
Syria,All,2018,422
Democratic Republic of the Congo,All,2017,2
Mauritius,All,2019,260
Panama,All,2018,137
Egypt,All,2019,32904
Cambodia,All,2022,771
Colombia,All,2022,7720
Argentina,All,2016,5284
Tunisia,All,2016,8013
Bolivia,All,2017,25
Singapore,All,2017,128365
Liechtenstein,All,2023,799
Ethiopia,All,2024,7201
Mali,All,2023,62
Italy,All,2020,211982
Poland,All,2021,45997
Gabon,All,2021,4
Sweden,All,2017,47639
Jordan,All,2019,11877
Maldives,All,2017,4
Maldives,All,2019,196
Vietnam,All,2023,21296
Bangladesh,All,2016,6220
Bhutan,All,2022,620
Bhutan,All,2023,18
NATO,All,2021,3208371
Serbia,All,2017,9229
Nepal,All,2019,873
EU,Computer Vision,2024,112896
EU,Computer Vision,2025,25912
Singapore,Computer Vision,2022,56244
Tanzania,Computer Vision,2022,828
Austria,Computer Vision,2020,13350
Cambodia,Computer Vision,2024,4
Egypt,Computer Vision,2022,19423
Ireland,Computer Vision,2023,3967
Botswana,Computer Vision,2016,15
Montenegro,Computer Vision,2017,4
Mongolia,Computer Vision,2016,12
Libya,Computer Vision,2024,69
Saint Kitts and Nevis,Computer Vision,2023,17
Finland,Computer Vision,2019,14298
Bahrain,Computer Vision,2020,87
Asia,Computer Vision,2025,146999
Armenia,Computer Vision,2016,7
Russia,Computer Vision,2016,7314
Russia,Computer Vision,2024,2786
Peru,Computer Vision,2021,858
Czechia,Computer Vision,2021,5020
Somalia,Computer Vision,2025,51
Laos,Computer Vision,2016,155
Costa Rica,Computer Vision,2020,549
Oceania,Computer Vision,2017,108676
Georgia,Computer Vision,2023,35
Spain,Computer Vision,2025,2764
Croatia,Computer Vision,2023,1215
Thailand,Computer Vision,2022,4998
Thailand,Computer Vision,2025,675
ASEAN,Computer Vision,2026,71
Colombia,Computer Vision,2024,1171
Uruguay,Computer Vision,2022,149
Trinidad and Tobago,Computer Vision,2023,3
Zimbabwe,Computer Vision,2024,2
Taiwan,Computer Vision,2017,15917
Pakistan,Large language models,2018,26
Algeria,Large language models,2025,72
Australia,Large language models,2024,15565
Brunei,Large language models,2023,47
Russia,Large language models,2019,1190
Russia,Large language models,2022,1495
Democratic Republic of the Congo,Large language models,2023,12
Yemen,Large language models,2024,69
Iran,Large language models,2022,5598
Netherlands,Large language models,2020,9678
Chile,Large language models,2020,26
Chile,Large language models,2024,212
Portugal,Large language models,2025,349
Colombia,Large language models,2022,222
Colombia,Large language models,2024,217
Canada,Large language models,2017,5877
Canada,Large language models,2021,18057
Switzerland,Large language models,2025,1644
Saudi Arabia,Large language models,2019,549
Kenya,Large language models,2024,43
Zambia,Large language models,2025,1
Poland,Large language models,2025,485
Vietnam,Large language models,2023,1515
Indonesia,Large language models,2020,186
Ukraine,Large language models,2022,214
Slovenia,Large language models,2016,32
Ireland,Large language models,2021,956
Iceland,Large language models,2023,1177
Africa,Natural Language Processing,2016,4910
Burkina Faso,Natural Language Processing,2018,17
Belarus,Natural Language Processing,2016,14
Turkey,Natural Language Processing,2023,3775
Thailand,Natural Language Processing,2023,1185
Sudan,Natural Language Processing,2021,64
Mongolia,Natural Language Processing,2023,101
Syria,Natural Language Processing,2019,63
Syria,Natural Language Processing,2021,48
Kosovo,Natural Language Processing,2022,37
Ecuador,Natural Language Processing,2016,57
Chile,Natural Language Processing,2017,261
Mozambique,Natural Language Processing,2018,28
Uganda,Natural Language Processing,2025,11
Jordan,Natural Language Processing,2025,481
Portugal,Robotics,2023,2916
Uruguay,Robotics,2016,55
EU,Robotics,2018,192951
Canada,Robotics,2017,24280
North Macedonia,Robotics,2018,52
North Macedonia,Robotics,2020,46
Cyprus,Robotics,2017,815
OECD,Robotics,2016,454638
OECD,Robotics,2025,34687
Cameroon,Robotics,2017,84
Cameroon,Robotics,2022,38
Benin,Robotics,2024,1
Japan,Robotics,2025,2402
South and Central America,Robotics,2016,14574
NATO,Robotics,2016,376035
NATO,Robotics,2017,384641
NATO,Robotics,2026,187
Ethiopia,Robotics,2025,268
Nigeria,Robotics,2022,532
Germany,Robotics,2016,52782
Switzerland,Robotics,2016,31668
Egypt,Robotics,2021,2771
Liechtenstein,Robotics,2016,41
Liechtenstein,Robotics,2024,24
Belarus,Robotics,2024,25
Brazil,Robotics,2022,4105
Global Partnership on Artificial Intelligence,Robotics,2020,485394
Oman,Robotics,2019,312
Libya,Robotics,2021,47
Sweden,Robotics,2026,3
Iceland,Robotics,2023,54
Global Partnership on Artificial Intelligence,AI Safety,2026,101
China,AI Safety,2018,48195
Turkey,AI Safety,2016,566
Singapore,AI Safety,2023,6698
Brazil,AI Safety,2019,920
ASEAN,AI Safety,2017,1625
Czechia,AI Safety,2019,145
Cuba,AI Safety,2016,35
Cyprus,AI Safety,2021,120
Senegal,AI Safety,2024,36
Yemen,AI Safety,2025,4
United States,AI Safety,2018,150001
Malta,AI Safety,2023,17
Slovakia,AI Safety,2021,691
Belgium,AI Safety,2024,618
Romania,AI Safety,2022,52
Oceania,AI Safety,2025,2268
Brunei,AI Safety,2022,10
Bangladesh,AI Safety,2021,276
Finland,AI Safety,2018,2633
Colombia,AI Safety,2024,111
New Zealand,AI Safety,2021,105
Taiwan,AI Safety,2017,573
Czechia,All,2018,19232
Czechia,All,2026,3
Philippines,All,2018,4677
Cuba,All,2022,316
Japan,All,2019,199816
Rwanda,All,2025,345
Namibia,All,2019,8
Luxembourg,All,2016,3333
Pakistan,All,2022,87751
Paraguay,All,2016,306
Syria,All,2019,1525
Syria,All,2023,945
Finland,All,2021,47756
Panama,All,2020,218
San Marino,All,2020,35
Spain,All,2018,122442
Egypt,All,2025,8158
South Korea,All,2026,155
Argentina,All,2022,3967
Bosnia and Herzegovina,All,2021,1235
Burundi,All,2025,5
Turkey,All,2025,12736
Trinidad and Tobago,All,2021,217
North Korea,All,2016,22
Swaziland,All,2018,31
Mali,All,2019,10
Mali,All,2022,267
Tanzania,All,2024,586
Uruguay,All,2023,535
France,All,2024,53178
Ecuador,All,2018,3488
Global Partnership on Artificial Intelligence,All,2024,1490347
Russia,All,2021,41314
Russia,All,2025,3084
China,All,2024,913729
Ukraine,All,2026,1
Serbia,All,2016,6247
Nepal,All,2024,1393
EU,Computer Vision,2016,300598
Singapore,Computer Vision,2023,65665
Kenya,Computer Vision,2018,194
Egypt,Computer Vision,2017,5606
Mauritius,Computer Vision,2016,4
Montenegro,Computer Vision,2020,146
Swaziland,Computer Vision,2021,90
Cuba,Computer Vision,2017,621
Lebanon,Computer Vision,2019,822
Lebanon,Computer Vision,2025,339
Qatar,Computer Vision,2022,4986
El Salvador,Computer Vision,2023,33
Belgium,Computer Vision,2020,16291
Czechia,Computer Vision,2023,6119
Malta,Computer Vision,2018,352
Indonesia,Computer Vision,2016,4940
Brunei,Computer Vision,2016,8
Brunei,Computer Vision,2024,288
South and Central America,Computer Vision,2025,2285
Iraq,Computer Vision,2016,1286
Spain,Computer Vision,2016,40492
China,Computer Vision,2020,1072148
Netherlands,Computer Vision,2019,39938
Iran,Computer Vision,2026,5
Chile,Computer Vision,2024,838
Chile,Computer Vision,2025,264
Uruguay,Computer Vision,2023,120
Slovenia,Computer Vision,2021,2107
Ukraine,Computer Vision,2019,3912
Uzbekistan,Computer Vision,2020,260
South and Central America,Large language models,2019,679
South and Central America,Large language models,2020,1807
ASEAN,Large language models,2023,61640
Guyana,Large language models,2023,5
Kazakhstan,Large language models,2020,96
Russia,Large language models,2025,256
North America and the Caribbean,Large language models,2020,361016
North America and the Caribbean,Large language models,2024,129763
Peru,Large language models,2017,78
Egypt,Large language models,2021,1195
Norway,Large language models,2016,34
Five Eyes,Large language models,2026,1
Israel,Large language models,2025,612
Cyprus,Large language models,2023,325
Denmark,Large language models,2017,1208
Finland,Large language models,2020,1295
Sudan,Large language models,2025,3
South Korea,Natural Language Processing,2021,16432
Kuwait,Natural Language Processing,2021,175
Kuwait,Natural Language Processing,2025,46
Gabon,Natural Language Processing,2022,79
Ukraine,Natural Language Processing,2024,357
Zimbabwe,Natural Language Processing,2017,22
Chad,Natural Language Processing,2022,30
Germany,Natural Language Processing,2019,32184
China,Natural Language Processing,2019,164083
China,Natural Language Processing,2024,57884
Myanmar,Natural Language Processing,2016,258
Myanmar,Natural Language Processing,2023,26
United States,Natural Language Processing,2023,222399
Turkey,Natural Language Processing,2020,4846
Egypt,Natural Language Processing,2025,296
Iraq,Natural Language Processing,2016,180
Israel,Natural Language Processing,2025,546
Russia,Natural Language Processing,2017,2179
Brazil,Natural Language Processing,2018,5508
Ecuador,Natural Language Processing,2018,304
Ecuador,Natural Language Processing,2022,65
North Macedonia,Natural Language Processing,2018,130
Chile,Natural Language Processing,2023,527
Honduras,Natural Language Processing,2020,22
Greece,Natural Language Processing,2023,4240
Greece,Natural Language Processing,2025,538
Saudi Arabia,Natural Language Processing,2018,3699
Oman,Natural Language Processing,2017,247
Algeria,Natural Language Processing,2020,540
Algeria,Natural Language Processing,2025,32
Sri Lanka,Natural Language Processing,2022,441
Malta,Natural Language Processing,2022,87
Jordan,Natural Language Processing,2016,3276
Australia,Natural Language Processing,2018,11980
Uruguay,Robotics,2020,2
France,Robotics,2019,25397
Uganda,Robotics,2024,29
Singapore,Robotics,2023,12085
Ukraine,Robotics,2020,611
Mongolia,Robotics,2021,3
Trinidad and Tobago,Robotics,2024,3
Japan,Robotics,2024,9208
Honduras,Robotics,2023,77
Europe,Robotics,2019,253341
Russia,Robotics,2024,1473
Russia,Robotics,2025,328
Netherlands,Robotics,2016,11836
Austria,Robotics,2019,5260
Malta,Robotics,2018,181
Nigeria,Robotics,2020,541
Latvia,Robotics,2021,243
Switzerland,Robotics,2017,24913
Switzerland,Robotics,2024,5892
Finland,Robotics,2016,2674
Afghanistan,Robotics,2023,16
Croatia,Robotics,2017,1375
Croatia,Robotics,2019,1027
Uzbekistan,Robotics,2021,86
Bahrain,Robotics,2025,60
Quad,Robotics,2026,132
Côte d'Ivoire,Robotics,2019,3
Oceania,Robotics,2019,27656
Russia,AI Safety,2017,64
Bahrain,AI Safety,2023,4
Italy,AI Safety,2018,3354
Lebanon,AI Safety,2024,59
Morocco,AI Safety,2018,7
Morocco,AI Safety,2024,324
Argentina,AI Safety,2018,807
Tajikistan,AI Safety,2024,8
Malta,AI Safety,2022,40
Malta,AI Safety,2025,7
North Macedonia,AI Safety,2022,4
Serbia,AI Safety,2021,134
Oceania,AI Safety,2016,2705
Sweden,AI Safety,2026,1
Spain,AI Safety,2020,3683
Czechia,All,2022,20205
Estonia,All,2021,6412
Estonia,All,2024,2435
Venezuela,All,2022,479
Republic of the Congo,All,2021,43
Niger,All,2024,18
Latvia,All,2016,284
Namibia,All,2017,53
Kosovo,All,2019,115
Gambia,All,2023,62
Equatorial Guinea,All,2022,1
Yemen,All,2025,547
Montenegro,All,2016,191
Spain,All,2021,134045
Benin,All,2016,140
Europe,All,2025,174518
Brazil,All,2017,43047
Brazil,All,2022,39717
Kuwait,All,2016,910
Sudan,All,2020,911
Côte d'Ivoire,All,2018,56
India,All,2022,390905
Bosnia and Herzegovina,All,2019,1864
Tunisia,All,2024,6673
Jamaica,All,2018,7
Honduras,All,2016,6
Saint Lucia,All,2023,124
Grenada,All,2024,53
Ethiopia,All,2019,1093
Tanzania,All,2017,1169
Nicaragua,All,2023,338
Sweden,All,2022,57608
Myanmar,All,2017,600
Greece,All,2018,44132
Russia,All,2018,43516
Bahamas,All,2024,29
Ghana,All,2016,342
Bhutan,All,2016,2
NATO,All,2016,2899329
North America and the Caribbean,All,2020,2509059
Comoros,All,2024,94
Comoros,All,2025,1
Austria,All,2020,54809
Serbia,All,2026,1
Austria,Computer Vision,2018,13101
Denmark,Computer Vision,2024,3880
Cyprus,Computer Vision,2020,3889
Syria,Computer Vision,2018,11
Serbia,Computer Vision,2019,1805
Namibia,Computer Vision,2021,10
Namibia,Computer Vision,2025,1
Sierra Leone,Computer Vision,2020,7
Gabon,Computer Vision,2021,3
Gabon,Computer Vision,2022,486
Sri Lanka,Computer Vision,2016,290
Australia,Computer Vision,2023,60418
Libya,Computer Vision,2017,155
Portugal,Computer Vision,2020,9504
Uganda,Computer Vision,2018,380
Asia,Computer Vision,2018,1202118
Togo,Computer Vision,2020,20
Azerbaijan,Computer Vision,2017,60
Estonia,Computer Vision,2024,261
Kyrgyzstan,Computer Vision,2016,1
Poland,Computer Vision,2025,1303
New Zealand,Computer Vision,2022,5138
North America and the Caribbean,Computer Vision,2019,781866
Czechia,Computer Vision,2018,6281
Bosnia and Herzegovina,Computer Vision,2022,270
Laos,Computer Vision,2020,59
Venezuela,Computer Vision,2016,22
Uruguay,Computer Vision,2024,54
Zimbabwe,Computer Vision,2016,14
Nepal,Computer Vision,2023,946
Saint Lucia,Computer Vision,2025,124
Kosovo,Large language models,2024,2
Italy,Large language models,2020,8066
Sweden,Large language models,2019,1722
United Arab Emirates,Large language models,2020,1366
Tunisia,Large language models,2021,219
Nigeria,Large language models,2020,127
Nepal,Large language models,2022,312
Bosnia and Herzegovina,Large language models,2025,95
Costa Rica,Large language models,2024,3
Yemen,Large language models,2021,12
United Kingdom,Large language models,2025,6847
Chile,Large language models,2025,127
Cambodia,Large language models,2020,19
Slovakia,Large language models,2016,3
Switzerland,Large language models,2018,5078
Kenya,Large language models,2020,30
Germany,Large language models,2020,84590
Turkey,Large language models,2018,662
Poland,Large language models,2022,935
Poland,Large language models,2024,887
Syria,Large language models,2022,79
Qatar,Large language models,2024,284
Jordan,Large language models,2021,336
Spain,Large language models,2025,944
NATO,Large language models,2016,72986
Switzerland,Natural Language Processing,2017,5687
Vietnam,Natural Language Processing,2021,3069
Vietnam,Natural Language Processing,2022,1653
Colombia,Natural Language Processing,2025,477
Slovenia,Natural Language Processing,2018,987
Cyprus,Natural Language Processing,2022,472
United States,Natural Language Processing,2016,170205
Japan,Natural Language Processing,2022,7981
Costa Rica,Natural Language Processing,2019,19
Côte d'Ivoire,Natural Language Processing,2022,81
Ecuador,Natural Language Processing,2020,223
Vatican City,Natural Language Processing,2019,6
Peru,Natural Language Processing,2021,328
India,Natural Language Processing,2023,33226
Lebanon,Natural Language Processing,2019,608
Lebanon,Natural Language Processing,2025,30
Bahamas,Natural Language Processing,2022,1
Austria,Natural Language Processing,2017,1374
South Africa,Natural Language Processing,2023,1709
Paraguay,Natural Language Processing,2021,1
Global Partnership on Artificial Intelligence,Natural Language Processing,2017,355867
Spain,Natural Language Processing,2022,8032
Malta,Natural Language Processing,2019,353
Cambodia,Natural Language Processing,2021,43
Armenia,Natural Language Processing,2017,6
Jordan,Natural Language Processing,2021,2250
Tunisia,Robotics,2023,554
France,Robotics,2025,1522
Serbia,Robotics,2022,367
Ghana,Robotics,2018,128
Ukraine,Robotics,2018,712
Monaco,Robotics,2021,56
South Africa,Robotics,2020,1511
United States,Robotics,2020,189413
Five Eyes,Robotics,2019,298943
Austria,Robotics,2018,5304
Mexico,Robotics,2017,3343
Costa Rica,Robotics,2019,75
North America and the Caribbean,Robotics,2026,98
Finland,Robotics,2018,2944
Saudi Arabia,Robotics,2016,1967
El Salvador,Robotics,2019,22
Poland,Robotics,2020,4784
Sweden,Robotics,2020,13689
Peru,Robotics,2019,463
Belgium,Robotics,2017,6941
Kazakhstan,AI Safety,2018,7
China,AI Safety,2019,49621
Croatia,AI Safety,2019,46
Saint Lucia,AI Safety,2024,12
NATO,AI Safety,2020,203790
Australia,AI Safety,2026,21
Iraq,AI Safety,2024,284
Canada,AI Safety,2021,12311
Czechia,AI Safety,2023,389
Cuba,AI Safety,2017,55
Cuba,AI Safety,2021,48
France,AI Safety,2024,2440
Denmark,AI Safety,2022,763
Israel,AI Safety,2019,4223
Oceania,AI Safety,2017,5199
Nigeria,AI Safety,2020,18
Nigeria,AI Safety,2023,449
Colombia,AI Safety,2019,16
Slovenia,AI Safety,2018,97
New Zealand,AI Safety,2024,411
Philippines,All,2017,2840
Liberia,All,2022,79
Netherlands,All,2021,141033
EU,All,2018,1087059
Djibouti,All,2022,1
Moldova,All,2017,147
Latvia,All,2022,2014
Mauritania,All,2023,66
Pakistan,All,2016,16808
Georgia,All,2017,345
Georgia,All,2020,1181
Mongolia,All,2019,320
Mongolia,All,2023,282
Madagascar,All,2019,87
United Kingdom,All,2025,48158
Kazakhstan,All,2022,4336
ASEAN,All,2022,283849
Iceland,All,2018,4438
Benin,All,2023,155
Romania,All,2018,17686
Romania,All,2024,9390
Burundi,All,2018,87
Malawi,All,2020,55
Malawi,All,2022,536
Bolivia,All,2025,36
North Korea,All,2020,65
Honduras,All,2025,11
Swaziland,All,2019,83
Iran,All,2022,62773
Ethiopia,All,2016,224
Italy,All,2026,154
Norway,All,2016,20927
Hungary,All,2023,11899
Albania,All,2017,534
Global Partnership on Artificial Intelligence,All,2023,2804227
Croatia,All,2026,23
Botswana,All,2016,171
China,All,2017,1229198
China,All,2019,2022008
Malaysia,Computer Vision,2016,8636
Five Eyes,Computer Vision,2018,1044061
Bhutan,Computer Vision,2024,4
Mexico,Computer Vision,2016,2838
Cameroon,Computer Vision,2022,106
Cameroon,Computer Vision,2025,22
Argentina,Computer Vision,2021,883
Rwanda,Computer Vision,2022,402
Sweden,Computer Vision,2020,18051
India,Computer Vision,2022,142029
Lebanon,Computer Vision,2024,2861
Bahamas,Computer Vision,2025,3
Portugal,Computer Vision,2026,1
Iceland,Computer Vision,2024,145
Europe,Computer Vision,2023,380038
Morocco,Computer Vision,2019,3928
Morocco,Computer Vision,2020,5338
Armenia,Computer Vision,2017,21
Azerbaijan,Computer Vision,2022,71
Estonia,Computer Vision,2019,401
Pakistan,Computer Vision,2026,2
Dominica,Computer Vision,2023,13
Belarus,Computer Vision,2020,275
Senegal,Computer Vision,2022,110
Honduras,Computer Vision,2019,44
Brunei,Computer Vision,2023,708
Costa Rica,Computer Vision,2017,315
Venezuela,Computer Vision,2023,76
Spain,Computer Vision,2021,36035
Switzerland,Computer Vision,2024,13434
ASEAN,Computer Vision,2017,70847
Colombia,Computer Vision,2017,2302
Slovenia,Computer Vision,2018,2860
Slovenia,Computer Vision,2025,151
Guinea,Computer Vision,2023,25
Pakistan,Large language models,2019,108
Estonia,Large language models,2016,28
Sweden,Large language models,2025,989
Oman,Large language models,2025,51
Global Partnership on Artificial Intelligence,Large language models,2023,532952
Lebanon,Large language models,2022,98
OECD,Large language models,2025,55518
Cambodia,Large language models,2024,4
Saudi Arabia,Large language models,2017,188
Ecuador,Large language models,2023,240
South Korea,Large language models,2025,4380
EU,Large language models,2016,6968
EU,Large language models,2017,14663
Turkey,Large language models,2021,1092
Poland,Large language models,2018,59
Belgium,Large language models,2025,494
Indonesia,Large language models,2024,1285
Uzbekistan,Large language models,2021,33
Slovenia,Large language models,2020,231
Togo,Large language models,2023,32
Finland,Large language models,2024,1160
Burkina Faso,Natural Language Processing,2024,1
Switzerland,Natural Language Processing,2021,9090
Madagascar,Natural Language Processing,2022,6
Colombia,Natural Language Processing,2018,269
Georgia,Natural Language Processing,2016,135
Turkey,Natural Language Processing,2024,2984
Bosnia and Herzegovina,Natural Language Processing,2016,110
North Korea,Natural Language Processing,2022,17
Papua New Guinea,Natural Language Processing,2018,2
Trinidad and Tobago,Natural Language Processing,2016,11
Mongolia,Natural Language Processing,2024,33
Uzbekistan,Natural Language Processing,2025,67
Kenya,Natural Language Processing,2025,6
Norway,Natural Language Processing,2023,5222
Tanzania,Natural Language Processing,2024,42
Qatar,Natural Language Processing,2016,3437
Ethiopia,Natural Language Processing,2022,1009
Mauritius,Natural Language Processing,2024,26
Algeria,Natural Language Processing,2016,450
Algeria,Natural Language Processing,2021,954
Bangladesh,Natural Language Processing,2020,3754
Bangladesh,Natural Language Processing,2023,4835
OECD,Natural Language Processing,2023,396324
EU,Robotics,2016,184435
EU,Robotics,2024,53066
Indonesia,Robotics,2024,854
Argentina,Robotics,2025,45
North Korea,Robotics,2019,46
New Zealand,Robotics,2018,2779
Bolivia,Robotics,2022,9
Guatemala,Robotics,2022,4
Europe,Robotics,2024,74600
Netherlands,Robotics,2017,13004
Five Eyes,Robotics,2016,262930
India,Robotics,2016,13664
Austria,Robotics,2024,1669
Malta,Robotics,2020,71
Mozambique,Robotics,2021,23
Nigeria,Robotics,2019,356
Germany,Robotics,2021,44985
Qatar,Robotics,2024,356
Bosnia and Herzegovina,Robotics,2024,13
Afghanistan,Robotics,2020,42
Quad,Robotics,2018,266585
Greece,Robotics,2019,6080
Romania,Robotics,2025,254
Cambodia,Robotics,2022,15
Chile,Robotics,2024,403
Ecuador,Robotics,2019,482
Estonia,Robotics,2021,688
Jamaica,AI Safety,2022,12
EU,AI Safety,2020,50528
Luxembourg,AI Safety,2020,196
Japan,AI Safety,2024,1810
Poland,AI Safety,2019,326
Tanzania,AI Safety,2024,52
Norway,AI Safety,2016,449
Mauritius,AI Safety,2021,3
OECD,AI Safety,2018,202562
Pakistan,AI Safety,2016,32
Germany,AI Safety,2020,19586
Mexico,AI Safety,2019,405
ASEAN,AI Safety,2026,9
Argentina,AI Safety,2024,53
South Africa,AI Safety,2020,347
Cape Verde,AI Safety,2024,3
Israel,AI Safety,2018,4216
Israel,AI Safety,2026,3
Thailand,AI Safety,2020,8
Tunisia,AI Safety,2022,25
Indonesia,AI Safety,2024,252
Vietnam,AI Safety,2019,58
Vietnam,AI Safety,2022,54
Liberia,All,2025,45
Netherlands,All,2025,11606
Sri Lanka,All,2018,2319
Tonga,All,2020,15
Moldova,All,2021,32
Moldova,All,2025,19
Tajikistan,All,2021,80
Latvia,All,2021,1971
Algeria,All,2016,6283
Algeria,All,2022,11840
Yemen,All,2021,4747
Syria,All,2021,969
Azerbaijan,All,2022,381
Finland,All,2022,41543
Mauritius,All,2020,374
Montenegro,All,2020,545
Panama,All,2023,158
Europe,All,2016,1435425
Morocco,All,2023,15618
Angola,All,2025,60
Africa,All,2020,133011
North Macedonia,All,2016,646
Trinidad and Tobago,All,2024,162
Liechtenstein,All,2017,365
Chile,All,2026,1
Mali,All,2025,8
Sierra Leone,All,2021,16
Quad,All,2024,906454
Hungary,All,2022,14067
Albania,All,2025,105
Global Partnership on Artificial Intelligence,All,2025,361139
Australia,All,2026,367
Peru,All,2019,2159
Bangladesh,All,2018,15333
Africa,Computer Vision,2025,6373
NATO,Computer Vision,2026,490
Five Eyes,Computer Vision,2017,1030115
Kosovo,Computer Vision,2024,19
Denmark,Computer Vision,2021,11667
Montenegro,Computer Vision,2016,142
Brazil,Computer Vision,2017,15716
Slovakia,Computer Vision,2025,75
Sri Lanka,Computer Vision,2025,129
El Salvador,Computer Vision,2021,9
Finland,Computer Vision,2017,12376
Timor-Leste,Computer Vision,2023,11
Norway,Computer Vision,2016,8191
Norway,Computer Vision,2020,13103
Azerbaijan,Computer Vision,2020,3
New Zealand,Computer Vision,2023,3797
North America and the Caribbean,Computer Vision,2024,157032
Albania,Computer Vision,2021,4
Romania,Computer Vision,2016,3279
Bangladesh,Computer Vision,2017,3202
Liberia,Computer Vision,2022,42
Global Partnership on Artificial Intelligence,Computer Vision,2020,1696148
Global Partnership on Artificial Intelligence,Computer Vision,2025,96232
United Kingdom,Computer Vision,2018,176229
Germany,Computer Vision,2021,149773
Venezuela,Computer Vision,2022,57
Oman,Computer Vision,2020,701
Thailand,Computer Vision,2021,6355
Benin,Computer Vision,2018,7
South Korea,Computer Vision,2023,64192
South and Central America,Large language models,2023,3293
Kosovo,Large language models,2025,1
Italy,Large language models,2021,8018
Romania,Large language models,2022,956
Brazil,Large language models,2023,1878
Taiwan,Large language models,2022,3089
Sweden,Large language models,2020,1324
Sweden,Large language models,2022,5900
Kazakhstan,Large language models,2021,61
OECD,Large language models,2020,479414
Yemen,Large language models,2025,54
Canada,Large language models,2019,22641
Greece,Large language models,2022,1345
Barbados,Large language models,2025,3
Germany,Large language models,2024,18064
China,Large language models,2019,142539
China,Large language models,2026,2
Poland,Large language models,2016,2292
Indonesia,Large language models,2016,45
Qatar,Large language models,2025,229
Rwanda,Large language models,2024,11
Azerbaijan,Large language models,2025,10
Sudan,Large language models,2021,11
Ukraine,Natural Language Processing,2021,319
Uruguay,Natural Language Processing,2024,63
Croatia,Natural Language Processing,2021,445
Croatia,Natural Language Processing,2022,364
Slovakia,Natural Language Processing,2022,375
Belgium,Natural Language Processing,2020,2582
Dominican Republic,Natural Language Processing,2020,81
Panama,Natural Language Processing,2023,1
Bulgaria,Natural Language Processing,2020,536
United Kingdom,Natural Language Processing,2019,49499
Chile,Natural Language Processing,2022,584
Yemen,Natural Language Processing,2025,63
Qatar,Natural Language Processing,2022,1214
Saudi Arabia,Natural Language Processing,2026,1
ASEAN,Natural Language Processing,2025,2840
Mauritius,Natural Language Processing,2022,28
Lebanon,Natural Language Processing,2016,138
Bangladesh,Natural Language Processing,2017,1215
Estonia,Natural Language Processing,2019,1163
Latvia,Natural Language Processing,2018,165
South Africa,Natural Language Processing,2017,461
South Africa,Natural Language Processing,2022,1248
France,Natural Language Processing,2016,14488
Serbia,Natural Language Processing,2017,350
Iran,Natural Language Processing,2016,1044
Iceland,Natural Language Processing,2021,38
Five Eyes,Natural Language Processing,2020,354993
Jordan,Natural Language Processing,2019,3070
Burundi,Robotics,2019,16
Spain,Robotics,2016,29463
Argentina,Robotics,2020,459
Slovakia,Robotics,2020,1389
Serbia,Robotics,2021,441
Slovenia,Robotics,2019,880
Japan,Robotics,2021,24362
ASEAN,Robotics,2025,2920
Honduras,Robotics,2024,82
Pakistan,Robotics,2023,3232
Netherlands,Robotics,2023,8289
Five Eyes,Robotics,2021,233934
Hungary,Robotics,2019,1791
Lithuania,Robotics,2024,576
Rwanda,Robotics,2024,15
Brunei,Robotics,2020,121
Uzbekistan,Robotics,2019,3
Libya,Robotics,2020,73
Nepal,Robotics,2022,343
Panama,Robotics,2019,19
Ecuador,Robotics,2020,593
Kuwait,Robotics,2016,100
Czechia,Robotics,2022,2296
Peru,AI Safety,2021,12
Egypt,AI Safety,2025,209
Qatar,AI Safety,2023,420
Kuwait,AI Safety,2024,34
Poland,AI Safety,2023,815
Croatia,AI Safety,2022,1
NATO,AI Safety,2026,77
Singapore,AI Safety,2020,13128
North America and the Caribbean,AI Safety,2021,116444
Argentina,AI Safety,2019,24
Ukraine,AI Safety,2024,71
United Arab Emirates,AI Safety,2023,2291
Slovakia,AI Safety,2022,30
Belgium,AI Safety,2022,1112
Botswana,AI Safety,2022,20
Thailand,AI Safety,2021,10
Serbia,AI Safety,2020,133
Chile,AI Safety,2020,167
Sweden,AI Safety,2021,2408
Sri Lanka,AI Safety,2025,43
Bangladesh,AI Safety,2022,186
Algeria,AI Safety,2018,31
Canada,All,2019,276018
Cuba,All,2023,200
Sri Lanka,All,2017,2482
Malaysia,All,2017,35297
Malaysia,All,2019,50698
Kenya,All,2019,1200
Rwanda,All,2017,144
Pakistan,All,2024,43384
Libya,All,2019,651
Slovenia,All,2026,2
Bulgaria,All,2024,3139
Yemen,All,2022,5851
Yemen,All,2024,2513
Madagascar,All,2018,130
Lebanon,All,2017,2888
Kazakhstan,All,2025,1331
Oceania,All,2018,241210
Spain,All,2025,12575
South and Central America,All,2018,86464
Belarus,All,2019,414
Sudan,All,2021,1638
Sudan,All,2023,1140
Switzerland,All,2021,136452
Slovakia,All,2023,4766
Saudi Arabia,All,2020,103958
Argentina,All,2017,8125
Bolivia,All,2016,55
North Korea,All,2018,177
North Korea,All,2021,92
Ethiopia,All,2023,7765
Nicaragua,All,2022,75
Germany,All,2021,371138
Jordan,All,2018,12100
Jordan,All,2023,23334
Belgium,All,2017,43687
Belgium,All,2021,52606
Albania,All,2022,242
Global Partnership on Artificial Intelligence,All,2016,3277355
Global Partnership on Artificial Intelligence,All,2017,3628316
Russia,All,2017,26012
NATO,All,2023,2165150
Bahrain,All,2017,107
Nepal,All,2017,112
Nepal,All,2025,333
EU,Computer Vision,2023,243073
Argentina,Computer Vision,2017,1214
Argentina,Computer Vision,2023,568
Japan,Computer Vision,2021,53917
Fiji,Computer Vision,2020,95
Fiji,Computer Vision,2025,1
Serbia,Computer Vision,2025,118
Brazil,Computer Vision,2022,11221
Australia,Computer Vision,2018,98130
Algeria,Computer Vision,2018,3088
Latvia,Computer Vision,2023,164
El Salvador,Computer Vision,2024,5
Monaco,Computer Vision,2019,97
Mozambique,Computer Vision,2019,243
Norway,Computer Vision,2017,6431
Asia,Computer Vision,2020,1618553
Estonia,Computer Vision,2016,661
Pakistan,Computer Vision,2016,6010
Sudan,Computer Vision,2024,178
Brunei,Computer Vision,2018,29
Lesotho,Computer Vision,2023,3
Bosnia and Herzegovina,Computer Vision,2017,364
Bangladesh,Computer Vision,2021,17726
Liberia,Computer Vision,2019,31
United Kingdom,Computer Vision,2023,112316
Germany,Computer Vision,2023,92119
Kazakhstan,Computer Vision,2020,1070
Kazakhstan,Computer Vision,2023,1048
Italy,Computer Vision,2018,41242
ASEAN,Computer Vision,2022,100317
Benin,Computer Vision,2023,73
Nepal,Computer Vision,2017,10
Bulgaria,Large language models,2025,14
Mexico,Large language models,2016,105
Czechia,Large language models,2018,817
United Arab Emirates,Large language models,2023,10973
Côte d'Ivoire,Large language models,2025,2
Lebanon,Large language models,2021,123
Peru,Large language models,2020,85
Iran,Large language models,2017,26
Fiji,Large language models,2024,6
Slovakia,Large language models,2018,9
Canada,Large language models,2025,3430
France,Large language models,2016,734
France,Large language models,2017,1806
Barbados,Large language models,2024,2
Europe,Large language models,2016,16564
Cameroon,Large language models,2021,12
Botswana,Large language models,2024,10
Vietnam,Large language models,2016,36
Belgium,Large language models,2023,2003
Namibia,Large language models,2021,285
Slovenia,Large language models,2022,235
Denmark,Large language models,2022,7449
Liechtenstein,Large language models,2022,55
Spain,Large language models,2024,5223
Ghana,Natural Language Processing,2024,95
Afghanistan,Natural Language Processing,2020,26
Burkina Faso,Natural Language Processing,2023,5
Bahrain,Natural Language Processing,2019,34
Germany,Natural Language Processing,2025,3594
China,Natural Language Processing,2017,81761
Japan,Natural Language Processing,2020,17333
Taiwan,Natural Language Processing,2016,3275
Russia,Natural Language Processing,2016,4457
Dominican Republic,Natural Language Processing,2019,2
Bolivia,Natural Language Processing,2021,11
Bulgaria,Natural Language Processing,2019,855
Bulgaria,Natural Language Processing,2025,16
Uzbekistan,Natural Language Processing,2016,1
Mauritania,Natural Language Processing,2021,8
Peru,Natural Language Processing,2020,220
Portugal,Natural Language Processing,2021,2244
Saudi Arabia,Natural Language Processing,2016,1869
Lebanon,Natural Language Processing,2022,288
Algeria,Natural Language Processing,2018,690
Oceania,Natural Language Processing,2020,23385
Hungary,Natural Language Processing,2025,205
Iran,Natural Language Processing,2023,2275
Benin,Natural Language Processing,2017,1
Five Eyes,Natural Language Processing,2026,257
Bhutan,Natural Language Processing,2016,2
Bhutan,Natural Language Processing,2023,7
Spain,Natural Language Processing,2016,12288
Canada,Robotics,2024,7581
Argentina,Robotics,2017,1079
Senegal,Robotics,2019,4
North Macedonia,Robotics,2024,41
Syria,Robotics,2024,27
Benin,Robotics,2020,6
Sri Lanka,Robotics,2022,346
Kyrgyzstan,Robotics,2022,3
Japan,Robotics,2018,33736
ASEAN,Robotics,2026,26
South and Central America,Robotics,2025,959
Italy,Robotics,2020,41782
Netherlands,Robotics,2020,16973
Five Eyes,Robotics,2025,19314
Finland,Robotics,2021,5069
Bosnia and Herzegovina,Robotics,2022,76
Brazil,Robotics,2019,8857
Brazil,Robotics,2024,1678
Zimbabwe,Robotics,2023,4
Sweden,Robotics,2025,797
Tanzania,Robotics,2023,25
Azerbaijan,Robotics,2021,51
Cambodia,Robotics,2019,1
Estonia,Robotics,2025,74
Dominica,Robotics,2024,2
Kenya,Robotics,2021,123
EU,AI Safety,2019,49924
Egypt,AI Safety,2021,189
Qatar,AI Safety,2024,611
Russia,AI Safety,2021,357
Sudan,AI Safety,2025,3
Portugal,AI Safety,2020,303
Quad,AI Safety,2016,106351
Mexico,AI Safety,2016,51
Costa Rica,AI Safety,2021,4
North America and the Caribbean,AI Safety,2022,63757
Saudi Arabia,AI Safety,2021,1094
United States,AI Safety,2023,61549
Malta,AI Safety,2018,330
Belgium,AI Safety,2019,1238
Serbia,AI Safety,2016,2
South Korea,AI Safety,2023,3857
Bulgaria,AI Safety,2024,56
Europe,AI Safety,2017,86354
Spain,AI Safety,2016,987
Spain,AI Safety,2025,550
Azerbaijan,AI Safety,2024,40
Afghanistan,AI Safety,2024,148
Portugal,All,2017,29513
Portugal,All,2018,36040
Asia,All,2016,1583567
Venezuela,All,2020,640
EU,All,2020,1346434
Guyana,All,2025,4
Moldova,All,2016,102
Nigeria,All,2022,13974
Brunei,All,2018,266
Mozambique,All,2019,246
Saint Vincent and the Grenadines,All,2023,4
Latvia,All,2023,1479
Guatemala,All,2018,186
Andorra,All,2016,92
Kosovo,All,2023,896
Oman,All,2018,1052
Lebanon,All,2024,7585
Mexico,All,2022,15890
Brazil,All,2021,62249
Romania,All,2017,15802
India,All,2017,196587
Cambodia,All,2021,334
Denmark,All,2023,41983
Thailand,All,2017,8282
Trinidad and Tobago,All,2023,419
Poland,All,2017,28156
Quad,All,2017,2383413
Germany,All,2019,370698
Sweden,All,2026,63
Dominican Republic,All,2016,78
France,All,2025,11668
Hungary,All,2025,2611
Barbados,All,2018,4
Belgium,All,2016,45007
Peru,All,2021,3736
Israel,All,2018,63077
Israel,All,2025,3872
Botswana,All,2023,913
Comoros,All,2023,142
Tanzania,Computer Vision,2023,96
Egypt,Computer Vision,2016,4393
Egypt,Computer Vision,2018,8744
Botswana,Computer Vision,2020,20
Namibia,Computer Vision,2017,26
Montenegro,Computer Vision,2022,80
Ghana,Computer Vision,2022,2255
Sweden,Computer Vision,2025,1731
Lithuania,Computer Vision,2020,2328
Guatemala,Computer Vision,2018,129
Hungary,Computer Vision,2019,2586
Hungary,Computer Vision,2022,3802
Iceland,Computer Vision,2017,4723
Uganda,Computer Vision,2017,63
Burkina Faso,Computer Vision,2018,8
Europe,Computer Vision,2024,174541
Norway,Computer Vision,2024,4635
Kyrgyzstan,Computer Vision,2025,5
Albania,Computer Vision,2018,4
Republic of the Congo,Computer Vision,2024,56
Laos,Computer Vision,2024,8
Bangladesh,Computer Vision,2023,15843
Oceania,Computer Vision,2025,7728
Myanmar,Computer Vision,2023,113
Iraq,Computer Vision,2019,5862
Jamaica,Computer Vision,2021,1
Croatia,Computer Vision,2016,2338
Bulgaria,Computer Vision,2021,316
Bulgaria,Computer Vision,2022,549
Oman,Computer Vision,2022,1272
North Korea,Computer Vision,2023,5
Chile,Computer Vision,2018,1933
South Africa,Computer Vision,2024,2003
Uruguay,Computer Vision,2017,877
Ethiopia,Computer Vision,2025,715
Benin,Computer Vision,2021,117
Mexico,Large language models,2022,665
Bangladesh,Large language models,2019,522
Bangladesh,Large language models,2022,1696
Pakistan,Large language models,2022,1419
Algeria,Large language models,2023,123
Mongolia,Large language models,2023,20
Lebanon,Large language models,2024,358
Nepal,Large language models,2025,7
Austria,Large language models,2022,1036
North Macedonia,Large language models,2022,11
North Macedonia,Large language models,2024,26
Iran,Large language models,2021,1064
Asia,Large language models,2018,78008
Armenia,Large language models,2025,1
China,Large language models,2018,53423
Cameroon,Large language models,2022,8
Vietnam,Large language models,2017,87
Finland,Large language models,2016,44
Spain,Large language models,2016,1266
Kuwait,Natural Language Processing,2022,148
Cameroon,Natural Language Processing,2021,89
Africa,Natural Language Processing,2018,7208
Uruguay,Natural Language Processing,2019,35
Uruguay,Natural Language Processing,2020,99
Zimbabwe,Natural Language Processing,2023,7
Zimbabwe,Natural Language Processing,2024,7
Slovenia,Natural Language Processing,2016,744
Slovenia,Natural Language Processing,2026,1
Croatia,Natural Language Processing,2017,638
Slovakia,Natural Language Processing,2016,255
Turkey,Natural Language Processing,2025,715
Egypt,Natural Language Processing,2022,2389
Iraq,Natural Language Processing,2025,109
Kazakhstan,Natural Language Processing,2020,385
Thailand,Natural Language Processing,2024,845
Denmark,Natural Language Processing,2019,2556
Denmark,Natural Language Processing,2023,6677
Saudi Arabia,Natural Language Processing,2023,10263
Algeria,Natural Language Processing,2019,945
Estonia,Natural Language Processing,2021,597
South Africa,Natural Language Processing,2016,683
Jamaica,Natural Language Processing,2020,6
Serbia,Natural Language Processing,2023,346
Czechia,Natural Language Processing,2025,298
Uganda,Natural Language Processing,2019,2
Malta,Natural Language Processing,2024,227
Australia,Natural Language Processing,2025,2652
EU,Robotics,2022,132661
Slovakia,Robotics,2021,1188
Serbia,Robotics,2020,483
Cyprus,Robotics,2020,923
Cyprus,Robotics,2021,2005
Botswana,Robotics,2019,5
Slovenia,Robotics,2021,1076
Republic of the Congo,Robotics,2025,3
United States,Robotics,2017,188694
Kazakhstan,Robotics,2019,906
Kazakhstan,Robotics,2020,1136
Albania,Robotics,2019,4
Switzerland,Robotics,2025,1486
Belarus,Robotics,2019,32
Poland,Robotics,2019,4180
Croatia,Robotics,2022,1001
Croatia,Robotics,2025,92
Tajikistan,Robotics,2018,2
Libya,Robotics,2023,194
Peru,Robotics,2022,667
Asia,Robotics,2017,220217
Kuwait,Robotics,2017,196
Luxembourg,AI Safety,2025,38
Jordan,AI Safety,2025,213
Kazakhstan,AI Safety,2017,44
Asia,AI Safety,2023,60816
Portugal,AI Safety,2022,703
Italy,AI Safety,2019,3328
Mauritius,AI Safety,2024,1
Australia,AI Safety,2016,2227
Lebanon,AI Safety,2019,224
Czechia,AI Safety,2025,28
Iran,AI Safety,2024,658
United Arab Emirates,AI Safety,2020,1823
North Macedonia,AI Safety,2023,165
Belgium,AI Safety,2016,220
Hungary,AI Safety,2020,86
South Korea,AI Safety,2025,1401
Chile,AI Safety,2024,49
South and Central America,AI Safety,2021,1794
Nigeria,AI Safety,2017,18
Nigeria,AI Safety,2024,642
Tunisia,AI Safety,2016,13
Finland,AI Safety,2022,425
Colombia,AI Safety,2016,1
Colombia,AI Safety,2025,21
Slovenia,AI Safety,2025,26
New Zealand,AI Safety,2020,112
Czechia,All,2020,22783
Republic of the Congo,All,2025,17
Japan,All,2024,54716
Kenya,All,2024,1890
Nigeria,All,2019,9179
Paraguay,All,2024,81
Qatar,All,2020,23796
Kosovo,All,2016,201
Gambia,All,2024,23
Oman,All,2023,8468
Guinea,All,2022,10
Guinea-Bissau,All,2018,41
Kyrgyzstan,All,2023,288
Romania,All,2022,17186
Kuwait,All,2020,3981
Colombia,All,2024,5580
Saudi Arabia,All,2017,32747
Swaziland,All,2023,132
Chile,All,2020,13274
Mali,All,2020,37
Sierra Leone,All,2024,32
Nicaragua,All,2016,10
Quad,All,2019,2911930
France,All,2016,164015
Uganda,All,2020,1347
Greece,All,2022,35002
Vietnam,All,2021,35776
Vietnam,All,2024,12034
Five Eyes,All,2019,3035747
Botswana,All,2021,1769
Costa Rica,All,2024,295
Tanzania,Computer Vision,2017,1020
Tanzania,Computer Vision,2020,460
Tanzania,Computer Vision,2021,410
Greece,Computer Vision,2020,13095
Cambodia,Computer Vision,2025,71
Rwanda,Computer Vision,2020,388
Malawi,Computer Vision,2023,138
Syria,Computer Vision,2016,63
Brazil,Computer Vision,2024,4115
Mongolia,Computer Vision,2019,128
Guatemala,Computer Vision,2021,16
Hungary,Computer Vision,2016,1083
Bahamas,Computer Vision,2021,3
Latvia,Computer Vision,2021,76
El Salvador,Computer Vision,2018,3
United States,Computer Vision,2025,32294
Mauritania,Computer Vision,2022,3
Europe,Computer Vision,2016,496240
Norway,Computer Vision,2022,11379
Morocco,Computer Vision,2022,3755
Dominica,Computer Vision,2025,7
Russia,Computer Vision,2021,12718
Honduras,Computer Vision,2020,120
Liberia,Computer Vision,2025,38
Iraq,Computer Vision,2021,10173
Jamaica,Computer Vision,2022,22
Iran,Computer Vision,2024,6066
Chile,Computer Vision,2022,1547
Kiribati,Computer Vision,2024,17
Ethiopia,Computer Vision,2016,61
Ethiopia,Computer Vision,2021,3405
Ethiopia,Computer Vision,2022,5585
Mexico,Large language models,2017,67
Serbia,Large language models,2020,25
Australia,Large language models,2025,4446
Oceania,Large language models,2021,28919
Kazakhstan,Large language models,2023,162
Argentina,Large language models,2023,120
Czechia,Large language models,2024,642
Uganda,Large language models,2024,34
Peru,Large language models,2024,36
United Kingdom,Large language models,2021,54061
Ecuador,Large language models,2018,8
Greece,Large language models,2017,13
Barbados,Large language models,2018,1
Turkey,Large language models,2020,241
Vietnam,Large language models,2025,272
Belgium,Large language models,2022,4381
Belarus,Large language models,2021,78
Afghanistan,Natural Language Processing,2023,71
Burkina Faso,Natural Language Processing,2021,3
Switzerland,Natural Language Processing,2018,7756
Mexico,Natural Language Processing,2025,246
Singapore,Natural Language Processing,2017,15597
Swaziland,Natural Language Processing,2024,13
Philippines,Natural Language Processing,2020,553
Philippines,Natural Language Processing,2023,914
Botswana,Natural Language Processing,2017,3
Botswana,Natural Language Processing,2024,163
Cyprus,Natural Language Processing,2016,314
Bosnia and Herzegovina,Natural Language Processing,2020,56
Japan,Natural Language Processing,2025,895
Belgium,Natural Language Processing,2016,5934
Iraq,Natural Language Processing,2020,876
Israel,Natural Language Processing,2016,7656
Kazakhstan,Natural Language Processing,2016,87
Sudan,Natural Language Processing,2022,16
Syria,Natural Language Processing,2018,27
Uzbekistan,Natural Language Processing,2022,251
North America and the Caribbean,Natural Language Processing,2021,256484
Moldova,Natural Language Processing,2020,1
New Zealand,Natural Language Processing,2021,1222
Brunei,Natural Language Processing,2016,7
Canada,Natural Language Processing,2018,29692
Oman,Natural Language Processing,2023,187
Tunisia,Natural Language Processing,2017,1049
Tunisia,Natural Language Processing,2020,1089
Sri Lanka,Natural Language Processing,2020,912
Jamaica,Natural Language Processing,2017,13
Quad,Natural Language Processing,2024,102460
Oceania,Natural Language Processing,2024,9877
Benin,Natural Language Processing,2019,4
Malaysia,Natural Language Processing,2024,1920
Iceland,Natural Language Processing,2019,25
Malta,Natural Language Processing,2016,410
Malta,Natural Language Processing,2023,112
Cambodia,Natural Language Processing,2020,4
Uruguay,Robotics,2023,73
Australia,Robotics,2018,22669
Lebanon,Robotics,2016,418
Lebanon,Robotics,2025,69
New Zealand,Robotics,2022,2193
Monaco,Robotics,2017,17
Mauritius,Robotics,2025,1
Turkey,Robotics,2019,6906
Italy,Robotics,2018,42794
Italy,Robotics,2025,3516
Armenia,Robotics,2020,55
Ireland,Robotics,2017,3175
Ireland,Robotics,2025,246
Mexico,Robotics,2024,1251
Ethiopia,Robotics,2023,194
China,Robotics,2019,169274
Taiwan,Robotics,2021,8647
Germany,Robotics,2020,47375
Switzerland,Robotics,2020,19230
Switzerland,Robotics,2026,10
North America and the Caribbean,Robotics,2022,152764
Finland,Robotics,2023,2612
Brazil,Robotics,2018,7622
Jordan,Robotics,2019,407
Malaysia,Robotics,2025,641
Israel,Robotics,2017,4133
Thailand,Robotics,2023,1617
Kenya,Robotics,2019,1
Iceland,Robotics,2016,109
Barbados,AI Safety,2022,7
Jordan,AI Safety,2023,1065
Asia,AI Safety,2020,88753
Portugal,AI Safety,2021,644
Croatia,AI Safety,2016,17
Bahrain,AI Safety,2020,3
Bahrain,AI Safety,2025,11
Africa,AI Safety,2020,955
Greece,AI Safety,2020,1379
Germany,AI Safety,2022,13469
Switzerland,AI Safety,2018,6656
Saudi Arabia,AI Safety,2019,920
Saudi Arabia,AI Safety,2023,491
Yemen,AI Safety,2024,32
Iran,AI Safety,2017,117
Iran,AI Safety,2021,340
North Macedonia,AI Safety,2017,1
Ecuador,AI Safety,2025,4
Five Eyes,AI Safety,2019,179179
Armenia,AI Safety,2023,4
Spain,AI Safety,2024,1498
United Kingdom,AI Safety,2021,19189
Czechia,All,2019,21459
Czechia,All,2021,19494
Zimbabwe,All,2018,145
Togo,All,2021,105
Asia,All,2025,402713
Sri Lanka,All,2019,4016
EU,All,2024,472540
EU,All,2026,718
Zambia,All,2018,68
Indonesia,All,2021,46785
Guyana,All,2020,6
Guyana,All,2024,50
Nigeria,All,2020,11369
Brunei,All,2017,673
Mauritania,All,2021,22
Uzbekistan,All,2019,442
Algeria,All,2020,14641
Mongolia,All,2018,40
Taiwan,All,2024,33812
Kazakhstan,All,2016,1010
Romania,All,2019,18460
Côte d'Ivoire,All,2025,22
Switzerland,All,2018,145554
Thailand,All,2019,12356
Bolivia,All,2023,357
North Korea,All,2024,35
Grenada,All,2017,1
Ethiopia,All,2021,9204
Mali,All,2016,59
Sierra Leone,All,2025,3
Belize,All,2024,12
Poland,All,2018,31478
Lithuania,All,2024,3486
Myanmar,All,2018,1128
Myanmar,All,2020,2011
Norway,All,2025,3650
OECD,All,2020,4507589
Albania,All,2018,87
Albania,All,2021,661
Cyprus,All,2025,1221
Israel,All,2020,82456
Bahamas,All,2018,104
Croatia,All,2022,6105
Croatia,All,2023,6070
Singapore,Computer Vision,2026,67
Cambodia,Computer Vision,2019,9
Ireland,Computer Vision,2020,4180
Côte d'Ivoire,Computer Vision,2022,127
Mauritius,Computer Vision,2022,188
Syria,Computer Vision,2017,21
Ghana,Computer Vision,2018,369
Canada,Computer Vision,2023,55487
Angola,Computer Vision,2025,27
Sweden,Computer Vision,2017,13635
Slovakia,Computer Vision,2024,482
Australia,Computer Vision,2017,98618
Latvia,Computer Vision,2020,204
Turkey,Computer Vision,2022,20588
Iceland,Computer Vision,2019,4797
Iceland,Computer Vision,2021,630
Togo,Computer Vision,2025,9
Luxembourg,Computer Vision,2022,917
Estonia,Computer Vision,2022,757
Panama,Computer Vision,2020,85
Senegal,Computer Vision,2020,512
Peru,Computer Vision,2025,132
Albania,Computer Vision,2022,98
Honduras,Computer Vision,2022,60
Barbados,Computer Vision,2024,58
Czechia,Computer Vision,2022,5097
Oceania,Computer Vision,2023,63597
Jamaica,Computer Vision,2024,2
Jordan,Computer Vision,2020,2357
Zimbabwe,Computer Vision,2019,11
Burkina Faso,Large language models,2025,14
New Zealand,Large language models,2022,3318
Ethiopia,Large language models,2021,92
Russia,Large language models,2018,196
Iraq,Large language models,2022,187
Iraq,Large language models,2025,122
Five Eyes,Large language models,2020,416639
Colombia,Large language models,2017,293
Canada,Large language models,2023,39756
Kuwait,Large language models,2020,8
Gabon,Large language models,2025,103
United States,Large language models,2022,235299
China,Large language models,2017,38882
Poland,Large language models,2020,341
Vietnam,Large language models,2022,1517
Syria,Large language models,2025,7
Belgium,Large language models,2024,1803
Indonesia,Large language models,2023,1634
Ukraine,Large language models,2020,14
Jordan,Large language models,2019,98
Angola,Large language models,2023,81
NATO,Large language models,2023,438025
Morocco,Natural Language Processing,2022,1421
Georgia,Natural Language Processing,2021,32
Bosnia and Herzegovina,Natural Language Processing,2021,21
Belgium,Natural Language Processing,2022,3482
Kazakhstan,Natural Language Processing,2021,497
Europe,Natural Language Processing,2016,140258
Argentina,Natural Language Processing,2022,706
Netherlands,Natural Language Processing,2025,1845
Norway,Natural Language Processing,2016,3322
Portugal,Natural Language Processing,2020,1646
Canada,Natural Language Processing,2024,9408
Quad,Natural Language Processing,2019,338650
Paraguay,Natural Language Processing,2022,2
France,Natural Language Processing,2017,15532
Malaysia,Natural Language Processing,2018,2869
Senegal,Natural Language Processing,2019,29
Poland,Natural Language Processing,2019,2573
Jamaica,Robotics,2024,2
Denmark,Robotics,2021,5446
Ghana,Robotics,2017,13
Singapore,Robotics,2021,13407
Montenegro,Robotics,2019,3
Mongolia,Robotics,2019,4
Mongolia,Robotics,2020,104
Luxembourg,Robotics,2019,408
Trinidad and Tobago,Robotics,2021,10
ASEAN,Robotics,2017,21482
United States,Robotics,2016,185468
Armenia,Robotics,2024,1
Namibia,Robotics,2020,31
Kazakhstan,Robotics,2017,507
Kazakhstan,Robotics,2022,862
China,Robotics,2023,188944
Lithuania,Robotics,2021,712
Belarus,Robotics,2016,49
Poland,Robotics,2025,496
United Arab Emirates,Robotics,2024,2665
Barbados,Robotics,2019,1
Barbados,Robotics,2023,3
Norway,Robotics,2019,4793
Panama,Robotics,2020,46
Asia,Robotics,2019,293426
South Korea,Robotics,2019,28766
Egypt,AI Safety,2017,37
Poland,AI Safety,2018,340
Poland,AI Safety,2024,422
China,AI Safety,2026,142
Quad,AI Safety,2018,164381
Quad,AI Safety,2022,68513
NATO,AI Safety,2025,19786
Italy,AI Safety,2020,5634
Greece,AI Safety,2022,954
Greece,AI Safety,2024,849
Bosnia and Herzegovina,AI Safety,2024,3
OECD,AI Safety,2016,135318
North America and the Caribbean,AI Safety,2017,218325
Iceland,AI Safety,2021,8
Israel,AI Safety,2020,3353
Israel,AI Safety,2023,2119
Belgium,AI Safety,2018,948
Romania,AI Safety,2019,2222
Thailand,AI Safety,2024,149
Oceania,AI Safety,2021,12345
Sweden,AI Safety,2025,819
Estonia,AI Safety,2019,81
Cameroon,AI Safety,2024,4
Bangladesh,AI Safety,2024,633
Portugal,All,2016,37142
Netherlands,All,2020,134775
Sri Lanka,All,2025,616
Japan,All,2026,91
Mauritania,All,2022,13
Paraguay,All,2025,16
Lebanon,All,2020,8233
Syria,All,2017,122
Mauritius,All,2017,247
Mauritius,All,2025,65
Iceland,All,2025,158
Benin,All,2018,335
Benin,All,2021,280
Samoa,All,2023,30
Kyrgyzstan,All,2021,375
Burkina Faso,All,2020,76
Kuwait,All,2018,1699
Kuwait,All,2022,3871
Belarus,All,2018,3774
Morocco,All,2018,17634
Morocco,All,2019,12055
Cambodia,All,2018,230
Saudi Arabia,All,2024,81858
Argentina,All,2023,3184
Malawi,All,2018,8
Italy,All,2017,140291
Italy,All,2019,165205
Poland,All,2022,35949
Gabon,All,2023,137
Myanmar,All,2021,858
Hungary,All,2016,5725
Uganda,All,2022,1200
Global Partnership on Artificial Intelligence,All,2021,4075985
Costa Rica,All,2023,465
Malaysia,Computer Vision,2023,15849
Mexico,Computer Vision,2019,5206
Cyprus,Computer Vision,2016,1589
Tunisia,Computer Vision,2024,1742
Mauritius,Computer Vision,2019,34
Sierra Leone,Computer Vision,2019,63
Sweden,Computer Vision,2019,22813
Slovakia,Computer Vision,2020,1196
Mongolia,Computer Vision,2017,3
Australia,Computer Vision,2020,144971
Lebanon,Computer Vision,2017,404
Guatemala,Computer Vision,2020,61
Paraguay,Computer Vision,2022,29
Monaco,Computer Vision,2024,19
Turkey,Computer Vision,2016,25617
France,Computer Vision,2016,67156
Afghanistan,Computer Vision,2021,37
Eritrea,Computer Vision,2024,34
Pakistan,Computer Vision,2018,19070
Russia,Computer Vision,2020,11538
Malta,Computer Vision,2017,751
Indonesia,Computer Vision,2023,11554
Nigeria,Computer Vision,2025,359
OECD,Computer Vision,2024,353555
Global Partnership on Artificial Intelligence,Computer Vision,2026,651
China,Computer Vision,2018,823646
China,Computer Vision,2023,757239
China,Computer Vision,2026,1138
Croatia,Computer Vision,2017,2210
Kazakhstan,Computer Vision,2025,247
Thailand,Computer Vision,2016,2415
Netherlands,Computer Vision,2018,30246
Iran,Computer Vision,2016,9026
Iran,Computer Vision,2023,12548
Papua New Guinea,Computer Vision,2023,11
ASEAN,Computer Vision,2024,45781
Benin,Computer Vision,2022,69
Zimbabwe,Computer Vision,2022,58
Moldova,Computer Vision,2021,14
Bangladesh,Large language models,2024,1510
ASEAN,Large language models,2022,35904
Serbia,Large language models,2018,11
Oceania,Large language models,2025,4665
Morocco,Large language models,2025,170
OECD,Large language models,2026,1
United Kingdom,Large language models,2017,26018
Thailand,Large language models,2023,803
Greece,Large language models,2018,145
Quad,Large language models,2016,64024
EU,Large language models,2025,14189
Belgium,Large language models,2016,50
Uzbekistan,Large language models,2025,56
Qatar,Large language models,2019,226
Philippines,Large language models,2023,438
Malaysia,Large language models,2018,142
Malaysia,Large language models,2022,2210
India,Large language models,2016,654
Singapore,Natural Language Processing,2021,22929
Germany,Natural Language Processing,2016,25449
China,Natural Language Processing,2016,62455
Slovakia,Natural Language Processing,2024,100
United States,Natural Language Processing,2018,346199
Israel,Natural Language Processing,2021,11276
Romania,Natural Language Processing,2019,1656
Romania,Natural Language Processing,2023,1087
Taiwan,Natural Language Processing,2024,2840
Europe,Natural Language Processing,2017,139747
Namibia,Natural Language Processing,2020,3
Netherlands,Natural Language Processing,2023,11325
Norway,Natural Language Processing,2020,4227
Greece,Natural Language Processing,2020,3127
Yemen,Natural Language Processing,2017,343
Qatar,Natural Language Processing,2019,2607
ASEAN,Natural Language Processing,2018,29498
Oman,Natural Language Processing,2016,220
Oman,Natural Language Processing,2019,65
Nigeria,Natural Language Processing,2016,108
Italy,Natural Language Processing,2019,14784
Sri Lanka,Natural Language Processing,2016,387
France,Natural Language Processing,2026,1
Serbia,Natural Language Processing,2019,224
Global Partnership on Artificial Intelligence,Natural Language Processing,2016,322102
Czechia,Natural Language Processing,2018,3987
Uganda,Natural Language Processing,2020,16
Spain,Natural Language Processing,2018,11577
Armenia,Natural Language Processing,2025,9
Poland,Natural Language Processing,2018,1952
Tunisia,Robotics,2020,1198
Kosovo,Robotics,2017,22
Laos,Robotics,2024,3
Vietnam,Robotics,2025,142
Australia,Robotics,2022,13480
Fiji,Robotics,2017,198
Senegal,Robotics,2022,2
North Macedonia,Robotics,2017,67
Lebanon,Robotics,2024,193
Botswana,Robotics,2024,49
Europe,Robotics,2016,246063
Europe,Robotics,2018,263665
Iraq,Robotics,2017,757
Turkey,Robotics,2016,6344
Turkey,Robotics,2022,7217
Hungary,Robotics,2021,1683
Taiwan,Robotics,2019,7196
Latvia,Robotics,2025,20
North America and the Caribbean,Robotics,2019,232740
Afghanistan,Robotics,2022,163
United Arab Emirates,Robotics,2018,3401
Oman,Robotics,2020,98
Sweden,Robotics,2021,10186
Romania,Robotics,2020,2840
Georgia,Robotics,2020,9
Nepal,Robotics,2020,23
Asia,Robotics,2020,328696
Czechia,Robotics,2019,2775
Kenya,Robotics,2017,31
